WORDCOUNTS,WEIGHT
the,754
of,599
and,355
in,331
a,198
to,182
were,111
or,104
sites,98
wine,97
as,87
with,87
is,83
at,78
these,77
that,73
for,72
was,72
on,63
are,61
be,60
from,59
this,53
it,51
by,50
lagars,50
had,49
one,46
an,45
moquegua,45
have,44
valley,39
facilities,38
m,37
only,37
site,36
more,36
bodega,36
into,33
colonial,33
been,30
bodegas,29
brandy,29
but,28
than,27
residential,27
also,27
plan,26
haciendas,25
lower,24
other,24
de,24
rooms,24
fermentation,24
some,23
lagar,23
area,23
could,22
hacienda,22
not,22
their,21
upper,21
structures,21
two,21
crushing,21
where,20
specialized,20
they,19
layout,19
there,19
its,19
most,18
both,18
mean,17
industry,17
structural,17
which,17
three,17
construction,17
roman,17
room,16
large,16
may,16
peru,16
well,16
used,16
southern,16
industrial,16
wall,16
interior,15
spanish,15
exterior,15
new,15
production,14
side,14
l,14
during,14
can,14
cm,14
journal,13
university,13
four,13
grape,13
has,13
identified,13
spain,13
early,13
middle,13
press,13
between,13
all,12
wooden,12
such,12
small,12
activities,12
no,12
many,12
must,12
plans,12
per,11
late,11
few,11
generally,11
adobe,11
primarily,11
tinaja,11
while,11
although,11
use,10
grapes,10
x,10
century,10
important,10
because,10
field,10
winery,10
above,10
areas,10
range,10
typically,10
tinajas,10
distinctive,10
them,10
through,10
tanks,10
modern,9
sq,9
excavations,9
storage,9
viticulture,9
floor,9
after,9
part,9
processing,9
functionally,9
channel,9
number,9
tank,9
structure,9
slightly,9
archaeology,9
set,9
each,9
particularly,9
given,9
difficult,8
total,8
either,8
found,8
i,8
those,8
organization,8
river,8
location,8
block,8
project,8
below,8
facility,8
portion,8
another,8
region,8
archaeological,8
would,8
usually,8
earthenware,8
size,8
manufacturing,8
distillery,8
physical,8
c,8
liquid,8
stone,7
history,7
linear,7
corner,7
relatively,7
wineries,7
rather,7
kilns,7
having,7
apparatus,7
around,7
world,7
about,7
sectors,7
end,7
less,7
see,7
locumbilla,7
situated,7
made,7
features,7
layouts,7
figure,7
different,7
unknown,7
historical,7
economy,7
agricultural,7
prudence,7
evidence,7
remains,7
enclosed,7
hills,7
surveys,7
functional,6
complex,6
distillation,6
metal,6
j,6
functions,6
along,6
six,6
animal,6
y,6
mortar,6
productive,6
jars,6
rice,6
flow,6
opening,6
directly,6
crushed,6
r,6
plastered,6
t,6
settlement,6
seeds,6
arrangement,6
economic,6
located,6
time,6
adjacent,6
present,6
containers,6
perhaps,6
haldenby,6
architectural,6
allowed,6
la,6
space,6
centuries,6
series,6
juice,6
presence,6
associated,6
terms,6
transport,6
multiple,6
vats,6
measured,6
consisted,6
much,6
recent,6
common,5
excavation,5
long,5
estate,5
might,5
date,5
similarities,5
data,5
gravity,5
central,5
thus,5
throughout,5
fig,5
compared,5
arranged,5
general,5
walls,5
coastal,5
parts,5
plaster,5
presumed,5
surface,5
vineyards,5
irrigation,5
buried,5
near,5
colonies,5
basis,5
example,5
cane,5
peruvian,5
involved,5
visible,5
estates,5
standing,5
atop,5
technology,5
under,5
noted,5
walled,5
smith,5
ground,5
en,5
wood,5
degree,5
desert,5
open,5
earlier,5
especially,5
garcia,5
beam,5
table,5
sometimes,5
itself,5
ash,5
any,5
viticultural,5
measurements,5
complexes,5
constructed,5
here,5
did,5
type,5
spatial,5
volcanic,5
making,5
despite,5
smaller,5
entire,5
margins,4
if,4
presses,4
trench,4
being,4
taken,4
secondary,4
within,4
system,4
quantities,4
measuring,4
west,4
far,4
since,4
items,4
old,4
underlying,4
canal,4
moving,4
rossiter,4
cobbles,4
lay,4
ancient,4
greater,4
called,4
typical,4
out,4
requirements,4
str,4
adobes,4
wide,4
nine,4
apparent,4
related,4
floors,4
stones,4
least,4
suggest,4
stage,4
components,4
f,4
led,4
variety,4
various,4
still,4
lack,4
calcination,4
blocks,4
classical,4
john,4
pattern,4
model,4
width,4
regions,4
times,4
pompeii,4
courtyard,4
roofs,4
outside,4
parallel,4
probably,4
geography,4
carried,4
fairly,4
provide,4
length,4
respect,4
types,4
variable,4
rarely,4
incorporated,4
equipment,4
over,4
down,4
rural,4
coast,4
foundations,4
simply,4
ventilation,4
illinois,4
north,4
oriented,3
edge,3
way,3
later,3
represent,3
e,3
introduction,3
patio,3
center,3
kinds,3
likely,3
studies,3
former,3
western,3
laid,3
holding,3
first,3
archaeologists,3
disturbance,3
seems,3
containing,3
s,3
advantage,3
reasons,3
products,3
expansion,3
last,3
somewhat,3
segregated,3
capacity,3
arequipa,3
primary,3
greg,3
condition,3
third,3
mechanical,3
ica,3
industries,3
square,3
process,3
jesuit,3
sandy,3
category,3
plus,3
profile,3
orientation,3
providing,3
vine,3
came,3
access,3
centers,3
initial,3
osmore,3
suffered,3
revealed,3
inferred,3
brought,3
doors,3
viceroyalty,3
employed,3
interpreted,3
p,3
sense,3
lowest,3
buildings,3
quite,3
several,3
concerns,3
research,3
portions,3
survived,3
critical,3
second,3
architecture,3
distilling,3
short,3
overall,3
openings,3
steps,3
nearly,3
dubosc,3
etc,3
single,3
arrangements,3
hilly,3
unwin,3
included,3
williams,3
bordering,3
volume,3
luis,3
others,3
available,3
flat,3
lime,3
shows,3
consideration,3
storing,3
documents,3
larger,3
fragments,3
patterns,3
covered,3
unit,3
secular,3
deep,3
poles,3
distance,3
valleys,3
original,3
success,3
deposits,3
including,3
residues,3
virtually,3
described,3
sunken,3
platform,3
trade,3
maintenance,3
so,3
function,3
stages,3
lie,3
abundant,3
article,3
barrels,3
northern,3
alambique,3
destruction,3
pottery,3
attention,3
european,3
five,3
support,3
vertical,3
ruhl,3
fewer,3
referred,3
deposit,3
began,3
often,3
extremely,3
when,3
mud,3
considered,3
aerial,3
following,3
cushner,3
known,3
rear,3
readily,3
brick,3
half,3
destroyed,3
phd,3
enterprise,3
distribution,3
adaptation,3
extent,3
her,3
imperial,3
almost,3
spaces,3
vessels,3
element,3
distilleries,3
occasionally,3
role,3
lies,3
roofed,3
kiln,3
varied,3
come,3
chile,3
until,3
sat,3
approximately,3
davies,3
roughly,3
needs,3
supported,3
villalobos,3
point,3
technological,3
final,2
now,2
separated,2
determine,2
identify,2
rounded,2
pressing,2
before,2
exceptions,2
nonetheless,2
hillsides,2
diversity,2
du,2
sources,2
emerged,2
nature,2
eruption,2
accommodate,2
suggesting,2
together,2
tubing,2
great,2
differences,2
imported,2
pressed,2
sometime,2
basin,2
huaynaputina,2
take,2
subsequent,2
damage,2
state,2
keith,2
classified,2
political,2
investigations,2
el,2
east,2
america,2
agriculture,2
flatlands,2
stepped,2
prior,2
recommended,2
activity,2
irrigated,2
variations,2
owners,2
sobre,2
economies,2
framework,2
iron,2
madrid,2
estimating,2
component,2
categorized,2
millennium,2
base,2
characteristic,2
sample,2
expected,2
cases,2
elements,2
david,2
ceramics,2
torata,2
served,2
drawn,2
even,2
consequently,2
boom,2
depths,2
van,2
drained,2
operation,2
opposed,2
york,2
town,2
whose,2
fermenting,2
fermented,2
peacock,2
represented,2
environments,2
vs,2
importance,2
b,2
certain,2
del,2
contributions,2
signatures,2
study,2
distant,2
animals,2
clay,2
firing,2
means,2
solutions,2
microfilms,2
facilitated,2
cement,2
established,2
elsewhere,2
just,2
n,2
frequently,2
quarters,2
observations,2
age,2
additional,2
peninsula,2
consequence,2
highest,2
whereas,2
liquids,2
estudios,2
pass,2
arable,2
term,2
further,2
circular,2
navascues,2
intensity,2
meet,2
scale,2
otherwise,2
placed,2
shape,2
aging,2
line,2
rocks,2
received,2
steep,2
edn,2
gave,2
older,2
intermediate,2
place,2
broad,2
rows,2
et,2
showing,2
artifact,2
olive,2
good,2
enclosures,2
running,2
spatially,2
holes,2
screw,2
longman,2
order,2
mediterranean,2
bank,2
heat,2
characteristics,2
workshops,2
highly,2
depression,2
beck,2
distinguished,2
impossible,2
yielded,2
proper,2
confluence,2
preliminary,2
streambed,2
triangular,2
south,2
approximate,2
reduced,2
conforming,2
comparative,2
dressed,2
falca,2
scarcity,2
interpretation,2
makes,2
windows,2
ne,2
beams,2
semisubterranean,2
rectangular,2
ferment,2
rome,2
considers,2
fire,2
toward,2
similarly,2
towns,2
rock,2
addition,2
ceramic,2
scholars,2
occurrence,2
striking,2
pulp,2
header,2
fernandez,2
identical,2
roof,2
removal,2
simple,2
do,2
existing,2
empire,2
michael,2
doorways,2
afio,2
fieldwork,2
tiny,2
elevation,2
imagine,2
exhibit,2
ignored,2
examples,2
staging,2
accompanying,2
seen,2
enormous,2
largely,2
survey,2
exhibited,2
rare,2
dating,2
low,2
directed,2
matilla,2
perpendicular,2
feature,2
dominated,2
held,2
summer,2
high,2
preservation,2
latter,2
siting,2
castilla,2
special,2
elaborate,2
mining,2
constructing,2
narrow,2
ann,2
shallow,2
department,2
we,2
relative,2
opposite,2
widely,2
brown,2
separate,2
rarity,2
depth,2
consists,2
corrals,2
excrement,2
inside,2
andean,2
dimensions,2
who,2
un,2
pens,2
introductory,2
diagnostic,2
surprising,2
fields,2
unusual,2
thick,2
photographs,2
heavy,2
then,2
colonists,2
adjoining,2
extensive,2
tiered,2
donna,2
slope,2
amphorae,2
masonry,2
principle,2
lying,2
seem,2
volcano,2
foundation,2
obviously,2
very,2
goods,2
cultivation,2
past,2
believed,2
correlate,2
ruins,2
alembic,2
ones,2
references,2
map,2
lengths,2
sunk,2
consisting,2
produce,2
sillar,2
vineyard,2
suggests,2
emphasis,2
flatland,2
revista,2
easy,2
giving,2
investment,2
oil,2
obtain,2
copper,2
discussion,2
courtyards,2
iberian,2
strung,2
devoted,2
sediments,2
locations,2
difference,2
lands,2
average,2
conditions,2
herds,2
national,2
temperature,2
should,2
include,2
salt,2
integrated,2
land,2
need,2
manufacture,2
product,2
tributaries,2
enclosure,2
removed,2
km,2
themselves,2
gainesville,2
exclusively,2
corral,2
documentary,2
among,2
comparable,2
livestock,2
building,2
broader,2
major,2
nicholas,1
carved,1
winds,1
does,1
brushing,1
shovel,1
books,1
currently,1
frequent,1
horizontal,1
sterile,1
gatlin,1
representing,1
indicated,1
italy,1
yards,1
stood,1
tilting,1
northernmost,1
gravityflow,1
cells,1
environmental,1
hogarth,1
inexpensive,1
fingers,1
lemps,1
trans,1
red,1
resided,1
branches,1
miguel,1
durante,1
weinhold,1
mountains,1
totally,1
string,1
originate,1
distributed,1
connecticut,1
comparability,1
expect,1
vinegar,1
group,1
settlements,1
needed,1
american,1
significant,1
ample,1
effective,1
reassessment,1
diversification,1
referring,1
formed,1
imperialism,1
asserted,1
ways,1
shipping,1
vino,1
walker,1
classifiable,1
flows,1
supervised,1
considerations,1
descriptive,1
protection,1
undertaken,1
cycles,1
cargo,1
necessarily,1
organic,1
unlike,1
occurred,1
defrance,1
calcining,1
stretches,1
ethnoarchaeological,1
assisted,1
steeply,1
subcomplexes,1
finely,1
lenses,1
humanities,1
sequential,1
distilled,1
materials,1
landowners,1
my,1
apertures,1
fluctuations,1
said,1
incomplete,1
offar,1
else,1
tipografia,1
permit,1
stuart,1
vinos,1
pressings,1
hence,1
risz,1
certainly,1
connection,1
interests,1
inconceivable,1
asl,1
originally,1
give,1
rested,1
concentrated,1
motor,1
terrain,1
breezily,1
neil,1
scarcities,1
bourbons,1
company,1
comparatively,1
shaped,1
europe,1
interred,1
capitalist,1
tradition,1
packed,1
broken,1
conceptualized,1
desire,1
producing,1
chabert,1
fruits,1
studied,1
able,1
transferred,1
atlantic,1
transporting,1
scheme,1
procedure,1
court,1
odoriferous,1
religion,1
real,1
characterizing,1
deemed,1
efficiently,1
basins,1
consist,1
emphasized,1
greatly,1
precisely,1
henry,1
raised,1
immanuel,1
oriins,1
heating,1
coordinated,1
interno,1
additives,1
corporation,1
visibility,1
gravitational,1
papers,1
british,1
growing,1
case,1
pl,1
con,1
takes,1
depending,1
vifiedo,1
existence,1
resulted,1
moisture,1
abutting,1
downhill,1
forward,1
eastern,1
tie,1
historians,1
paved,1
propensity,1
mass,1
hobhouse,1
draw,1
right,1
evince,1
design,1
rodriguez,1
vol,1
placement,1
opened,1
probing,1
cooperation,1
sixteenth,1
facilitating,1
soils,1
sale,1
move,1
obvious,1
fine,1
dioxide,1
interdisciplinary,1
supply,1
except,1
andre,1
uses,1
conservacidn,1
paving,1
timothy,1
establishment,1
indicating,1
uncertain,1
overlooking,1
desirable,1
considerably,1
surged,1
enter,1
ritual,1
permissive,1
minimum,1
engage,1
reliably,1
corresponding,1
funded,1
exposed,1
implements,1
human,1
watanabe,1
includes,1
accessible,1
mailcode,1
typological,1
review,1
actual,1
explained,1
development,1
accommodation,1
professor,1
diurnal,1
illustrates,1
economia,1
due,1
against,1
stains,1
integral,1
interest,1
concentrations,1
occupancy,1
mailing,1
uniformity,1
maya,1
cf,1
jr,1
atypically,1
seeming,1
barrier,1
manager,1
accelerating,1
tabulated,1
kind,1
attracting,1
unity,1
mixed,1
bustling,1
drainage,1
distinct,1
flourishing,1
better,1
etnologia,1
quadripartite,1
clearing,1
ediciones,1
back,1
body,1
echos,1
channels,1
puerca,1
left,1
continuous,1
reoccupation,1
publications,1
find,1
locales,1
weight,1
tim,1
quoins,1
tentatively,1
traditions,1
potosi,1
vignobles,1
bottomlands,1
hardly,1
pila,1
acknowledge,1
paralleling,1
geogrdficos,1
poorly,1
urged,1
mechanism,1
higher,1
aim,1
failed,1
permits,1
civilization,1
poor,1
reconstructed,1
recognized,1
adequate,1
reflects,1
air,1
without,1
identification,1
operations,1
testimony,1
hammel,1
thirsty,1
principally,1
emanates,1
main,1
absent,1
arising,1
impetus,1
across,1
centered,1
stuccoed,1
edward,1
illustration,1
sort,1
premodern,1
landscape,1
levels,1
responded,1
remote,1
una,1
tumilaca,1
paz,1
heard,1
associate,1
flexible,1
eight,1
se,1
variant,1
principe,1
shrift,1
nos,1
uzillo,1
tree,1
danger,1
illustrations,1
burro,1
white,1
limitation,1
consequences,1
scattered,1
factors,1
front,1
periodic,1
amassing,1
changes,1
conformed,1
blij,1
marks,1
consider,1
possibly,1
bespeak,1
retained,1
image,1
organized,1
lima,1
hoops,1
clearly,1
receptacle,1
ofadobe,1
amid,1
imperceptible,1
fired,1
monde,1
elevated,1
numbers,1
exteriors,1
record,1
afios,1
invariably,1
accessibility,1
w,1
cannibalizing,1
situations,1
commonly,1
origins,1
refer,1
efficient,1
followed,1
steeper,1
comparisons,1
cost,1
imprecise,1
ofanthropological,1
exploitation,1
dominant,1
photos,1
lucero,1
strategy,1
chincha,1
ceased,1
drawing,1
cut,1
appear,1
commodity,1
royal,1
problem,1
storerooms,1
casks,1
prehistoric,1
based,1
referenced,1
lead,1
identifying,1
appearance,1
accommodated,1
entered,1
faunal,1
discrete,1
elicit,1
treatments,1
relating,1
abutted,1
effort,1
seven,1
conspicuous,1
changed,1
deal,1
outcrops,1
international,1
ocean,1
rudolf,1
events,1
siuc,1
zone,1
diet,1
luxury,1
captured,1
fragile,1
pavements,1
culture,1
markets,1
libreria,1
academic,1
gaul,1
occupation,1
traits,1
cultural,1
equal,1
focused,1
precaution,1
historicalarchaeology,1
tools,1
appears,1
recently,1
population,1
produced,1
seismically,1
younger,1
industria,1
contiguous,1
however,1
procedures,1
universidad,1
explored,1
taught,1
availability,1
acknowledgments,1
james,1
huge,1
impression,1
briefly,1
silver,1
trough,1
replacements,1
daggett,1
unworthy,1
romans,1
work,1
hydraulic,1
bounded,1
schuster,1
start,1
ideal,1
andes,1
writers,1
lords,1
floodplain,1
adjuncts,1
significantly,1
heavily,1
huaracane,1
occupants,1
crude,1
su,1
appreciable,1
tributary,1
knowledge,1
confined,1
vitis,1
indigenous,1
patterning,1
homeland,1
cleanliness,1
description,1
barren,1
literature,1
overview,1
anllo,1
boletin,1
inferences,1
partly,1
constitute,1
reportedly,1
dietler,1
figures,1
actually,1
stanislawski,1
device,1
transported,1
timbers,1
lifeways,1
iberoamerican,1
reflect,1
folklore,1
gently,1
tchernia,1
own,1
wheat,1
hillside,1
approach,1
frivolity,1
earth,1
change,1
social,1
accused,1
los,1
penning,1
cabasa,1
tops,1
squatters,1
fulfilled,1
dan,1
carries,1
constituent,1
distances,1
tom,1
reliable,1
involve,1
riverbed,1
alcoholic,1
indicators,1
next,1
fuentes,1
hole,1
specifically,1
family,1
intervals,1
accomplished,1
wider,1
smithsonian,1
revealing,1
temporary,1
intruding,1
funnels,1
peak,1
roofing,1
texas,1
diversified,1
viola,1
mythological,1
up,1
inability,1
progress,1
majority,1
cleaning,1
inaccessible,1
filling,1
describes,1
mouths,1
florida,1
recycle,1
grateful,1
provided,1
swings,1
flour,1
pot,1
moved,1
aggregate,1
sporadic,1
gordon,1
reducing,1
schematic,1
mapping,1
wilhelmina,1
subsequently,1
inspection,1
chronological,1
span,1
flourished,1
will,1
mejoramiento,1
tarapacd,1
power,1
spoilage,1
insects,1
matter,1
absence,1
andina,1
practices,1
aperture,1
bringing,1
correlating,1
separation,1
willynilly,1
indeed,1
labeled,1
contiguity,1
grills,1
vols,1
viticultura,1
jashemski,1
interiors,1
appreciate,1
brief,1
pasturage,1
prevailing,1
community,1
riverstones,1
necessary,1
illustrating,1
expanded,1
surviving,1
indicates,1
wines,1
domination,1
daytime,1
earthquakes,1
shipped,1
roads,1
abuts,1
aligned,1
positive,1
spectacular,1
relationship,1
juxtaposition,1
guide,1
cheap,1
foot,1
pacific,1
housing,1
reference,1
hugh,1
oasis,1
suited,1
represents,1
experienced,1
alain,1
requiring,1
thought,1
soon,1
counterparts,1
message,1
continuity,1
columbus,1
restricted,1
erhard,1
remnant,1
us,1
boundary,1
salient,1
lowland,1
home,1
falls,1
coverings,1
light,1
entryways,1
barrel,1
performed,1
sharply,1
alien,1
pisco,1
damaged,1
reports,1
phoenix,1
begins,1
lined,1
bar,1
knocking,1
inheritance,1
sector,1
published,1
huetz,1
regardless,1
recycled,1
cantilevered,1
endured,1
colonia,1
disposition,1
solomon,1
unreliable,1
heritage,1
eighteenthcentury,1
carolyn,1
habsburgs,1
popularity,1
fell,1
again,1
locating,1
ecological,1
put,1
incline,1
misfortunes,1
added,1
water,1
gentle,1
humidity,1
crops,1
muhioz,1
fact,1
traceable,1
longer,1
pearlware,1
fundamental,1
totals,1
hyams,1
instituto,1
appeared,1
lc,1
reform,1
kendall,1
lacks,1
primness,1
layer,1
jeslis,1
banks,1
everything,1
diameter,1
distributions,1
vivat,1
pennsylvania,1
mcmillan,1
discussed,1
serious,1
gypsum,1
forms,1
never,1
flecks,1
conclusions,1
behind,1
routledge,1
tier,1
allanheld,1
drinking,1
remarkable,1
centre,1
topped,1
road,1
sergio,1
purposes,1
forth,1
informally,1
material,1
paired,1
alfalfa,1
indication,1
santi,1
eds,1
frequency,1
expedited,1
sell,1
widespread,1
gives,1
encountered,1
mill,1
outgrowth,1
calculation,1
local,1
mills,1
simon,1
greatest,1
arch,1
investigated,1
elevations,1
divided,1
background,1
rivercourse,1
hemisphere,1
contours,1
active,1
endowment,1
maximized,1
onto,1
passes,1
distinctly,1
fomento,1
retains,1
sufficiently,1
juxtapositions,1
expand,1
encouraged,1
findings,1
varying,1
thriving,1
enduring,1
confidence,1
angle,1
sold,1
rivers,1
arqueolegica,1
romana,1
numerous,1
endhelped,1
pack,1
recovery,1
radiocarbon,1
funes,1
dismissed,1
complicated,1
cultura,1
perimeter,1
significance,1
clear,1
veranda,1
sherd,1
junta,1
receptacles,1
express,1
piquera,1
modernization,1
points,1
peter,1
amounts,1
counter,1
individual,1
chair,1
characterized,1
like,1
geographically,1
plant,1
housed,1
mexico,1
farms,1
distinction,1
interpretable,1
kept,1
households,1
excavated,1
segment,1
coiled,1
domed,1
margin,1
valued,1
facing,1
internal,1
systems,1
ribbon,1
insula,1
geographers,1
wise,1
displayed,1
espaniol,1
enjoyed,1
corners,1
cneu,1
story,1
moqueguan,1
streams,1
versus,1
occupied,1
positioning,1
atlas,1
sugar,1
footings,1
unrelated,1
argus,1
concerted,1
johnson,1
increasing,1
ranging,1
exclusiveways,1
seasons,1
yields,1
straight,1
topography,1
christian,1
ministerio,1
islamic,1
glave,1
today,1
publishing,1
note,1
vin,1
tentative,1
mercado,1
she,1
subdivided,1
continued,1
phillip,1
testing,1
rough,1
flowed,1
reasonable,1
begin,1
lines,1
botijas,1
bestpreserved,1
becomes,1
lost,1
tin,1
directions,1
screws,1
fils,1
tuerca,1
yale,1
rim,1
effectively,1
visual,1
remaining,1
hillas,1
empires,1
indicate,1
life,1
herman,1
unimportance,1
escuela,1
olives,1
analysis,1
existed,1
comercio,1
supporting,1
instances,1
sevilla,1
spouts,1
eugene,1
susan,1
espanioles,1
door,1
pompeiian,1
sara,1
ensure,1
quantitatively,1
nacional,1
differentiated,1
empty,1
anthropological,1
abandonment,1
curious,1
deposited,1
breach,1
sloping,1
mentioned,1
conjunction,1
geographic,1
ever,1
economically,1
reinforced,1
corralled,1
plasters,1
masses,1
entry,1
ha,1
charles,1
carbondale,1
besides,1
text,1
nueva,1
chapels,1
rocky,1
useful,1
sustained,1
forty,1
dimension,1
natural,1
mutually,1
cauldron,1
control,1
shipment,1
katz,1
monthly,1
interrupted,1
share,1
expanding,1
inclined,1
downslope,1
extraction,1
jorge,1
sizes,1
flowing,1
capitulo,1
best,1
ubiquitous,1
vines,1
southernmost,1
constructions,1
current,1
domestic,1
movable,1
circulate,1
harvest,1
alternatively,1
er,1
boasted,1
wealthier,1
gas,1
hundred,1
associations,1
cities,1
differed,1
las,1
stamped,1
placing,1
uppermost,1
quoted,1
works,1
living,1
february,1
pica,1
evident,1
concrete,1
liters,1
incorporate,1
william,1
suffering,1
lintels,1
what,1
carefully,1
investigation,1
conservatism,1
combined,1
whether,1
form,1
supports,1
particular,1
nearby,1
diaz,1
calculations,1
axis,1
heavier,1
periphery,1
perch,1
extract,1
require,1
yield,1
influenced,1
don,1
views,1
urban,1
boiled,1
categories,1
remodeled,1
popular,1
unfermented,1
little,1
clayey,1
transplanted,1
tratado,1
level,1
quebradas,1
furniture,1
protected,1
reported,1
conclude,1
uniform,1
slopes,1
introduced,1
facings,1
variability,1
turns,1
techniques,1
step,1
measure,1
strewn,1
harvesting,1
screen,1
pests,1
using,1
mention,1
exploit,1
dickenson,1
hilltop,1
headwaters,1
neglect,1
categorization,1
lutgardo,1
jan,1
resource,1
our,1
rowman,1
comprehended,1
ends,1
timehonored,1
promoted,1
survival,1
commercial,1
differentiation,1
unable,1
years,1
reveals,1
sufficed,1
precise,1
obliterated,1
finally,1
mode,1
harm,1
wish,1
parallels,1
course,1
immorality,1
cooper,1
define,1
d,1
consumption,1
goggin,1
altiplano,1
glass,1
regular,1
earthen,1
off,1
sacramental,1
association,1
conde,1
sides,1
pamplona,1
bacchus,1
am,1
offered,1
observation,1
specific,1
potential,1
carbon,1
pioneering,1
assumed,1
fourth,1
titicaca,1
achaeological,1
lake,1
geographical,1
informants,1
parenthesis,1
create,1
dark,1
vitor,1
maximum,1
interaction,1
abandoned,1
desierto,1
focus,1
organizational,1
terracotta,1
operational,1
panes,1
southeastern,1
ca,1
built,1
pillars,1
manufactured,1
grants,1
