WORDCOUNTS,WEIGHT
the,50
of,42
and,23
a,14
in,10
for,7
to,7
archaeology,6
new,6
isbn,6
university,5
development,5
at,4
museum,4
ancient,4
by,4
t,4
peabody,4
s,4
i,4
maya,4
books,4
field,4
an,4
on,4
site,3
been,3
send,3
or,3
from,3
street,3
europe,3
w,3
line,3
boston,3
press,3
historic,3
order,3
who,2
inhabited,2
study,2
available,2
illustrations,2
analysis,2
interpretation,2
centuries,2
drawings,2
objects,2
before,2
indian,2
age,2
first,2
hopi,2
archaeologists,2
published,2
puuc,2
j,2
pages,2
color,2
p,2
tunica,2
iron,2
edition,2
scholarly,2
ceramics,2
your,2
has,2
money,2
work,2
x,2
through,2
most,2
its,2
collection,2
harvard,2
check,2
this,2
archaeological,2
revised,2
box,2
journal,2
keam,2
cultural,2
periods,1
european,1
f,1
civilization,1
seasons,1
now,1
explosion,1
fa,1
pment,1
york,1
today,1
rizes,1
vvul,1
architecture,1
george,1
provide,1
l,1
five,1
keference,1
maps,1
sylvanus,1
it,1
yucatan,1
hill,1
russelil,1
andean,1
fascinating,1
nearly,1
subsistence,1
e,1
edwin,1
garden,1
expanded,1
folded,1
contribution,1
publisher,1
hemans,1
sheets,1
antiquity,1
spanning,1
volumes,1
payment,1
ma,1
lea,1
illus,1
shell,1
reference,1
viracocha,1
completely,1
examined,1
pp,1
east,1
earliest,1
ms,1
fifth,1
god,1
shadowy,1
western,1
river,1
index,1
was,1
excavation,1
compiled,1
history,1
presents,1
processing,1
title,1
commonwealth,1
complete,1
culture,1
equ,1
air,1
traces,1
northeastern,1
al,1
iture,1
lal,1
ism,1
veritable,1
peoples,1
these,1
four,1
demarest,1
two,1
recovered,1
n,1
inc,1
please,1
that,1
tries,1
brunton,1
text,1
more,1
name,1
archaen,1
jeffrey,1
frederick,1
mysterious,1
providing,1
commonweaith,1
over,1
christ,1
hed,1
morley,1
ndex,1
towns,1
epilogue,1
each,1
country,1
nature,1
analytical,1
barber,1
are,1
specialized,1
prehistoric,1
ceramic,1
other,1
exploration,1
avenue,1
incorporating,1
discount,1
hands,1
midden,1
photo,1
mapping,1
wade,1
post,1
time,1
museu,1
munsell,1
hascherkeller,1
arthur,1
pollock,1
survey,1
pattern,1
half,1
rural,1
last,1
patterns,1
catalogue,1
fourth,1
v,1
robert,1
remarkable,1
summ,1
adventures,1
originsand,1
aven,1
economy,1
context,1
weighing,1
list,1
making,1
forestry,1
forthcoming,1
native,1
adaptation,1
u,1
brilliant,1
cu,1
thoroughly,1
casting,1
payable,1
imperial,1
years,1
directly,1
understanding,1
data,1
indexwill,1
gatherers,1
completed,1
outline,1
ic,1
measuring,1
west,1
formal,1
sharer,1
shellfish,1
rankin,1
photographic,1
rhin,1
subject,1
description,1
pocket,1
augers,1
findings,1
rm,1
significant,1
counj,1
reconstructs,1
station,1
inventory,1
wells,1
beginnings,1
archaeologyincent,1
brainerd,1
central,1
chapters,1
our,1
national,1
collapse,1
office,1
formation,1
eventual,1
commercial,1
stanford,1
trade,1
since,1
charts,1
have,1
tables,1
prehisto,1
comprehensive,1
mcchesney,1
publication,1
g,1
author,1
peter,1
brain,1
architectural,1
land,1
excavations,1
zip,1
high,1
treasure,1
mexico,1
off,1
after,1
standard,1
settlement,1
marshalltown,1
ological,1
thomas,1
association,1
items,1
orderfrom,1
merrimack,1
perspective,1
soil,1
state,1
km,1
research,1
massachusetts,1
publications,1
be,1
january,1
hunters,1
early,1
progres,1
st,1
northern,1
results,1
describes,1
figures,1
destruction,1
employer,1
evidence,1
prepublication,1
louisiana,1
richly,1
