WORDCOUNTS,WEIGHT
the,622
and,518
of,427
in,199
a,137
to,125
black,88
white,86
this,83
isbn,82
on,80
index,73
that,61
from,55
cloth,47
press,46
university,45
by,44
volume,43
paper,43
for,42
new,37
as,34
archaeological,33
at,32
with,32
no,28
archaeology,28
an,27
is,26
cultural,24
their,23
site,21
was,21
research,21
he,20
it,19
first,19
are,18
during,18
period,18
between,18
color,17
were,17
editors,17
analysis,17
prehistoric,16
these,16
material,16
maya,16
evidence,16
have,15
american,14
excavations,14
authors,14
into,13
survey,13
data,13
florida,13
ancient,13
also,13
native,13
region,13
including,13
which,13
society,13
editor,13
presents,12
price,12
his,12
people,12
settlement,12
provides,12
arizona,12
late,11
sites,11
regional,11
la,11
book,11
includes,10
publications,10
how,10
contributions,10
its,10
culture,10
both,10
historical,10
art,10
ac,10
early,10
they,9
within,9
human,9
work,9
european,9
social,9
more,9
present,9
years,9
range,9
use,9
not,9
be,9
argues,9
e,8
stone,8
studies,8
history,8
other,8
great,8
xiii,8
chapters,8
development,8
de,8
public,8
explore,8
change,8
results,8
south,8
communities,8
museum,8
or,8
been,8
detailed,8
tomb,8
exploration,8
local,8
among,8
hopi,7
archaeologists,7
long,7
political,7
changes,7
age,7
based,7
out,7
near,7
used,7
place,7
field,7
about,7
time,7
books,7
perspectives,7
who,7
natural,7
cultures,7
alabama,7
through,7
little,7
center,6
large,6
complex,6
essays,6
excavation,6
roman,6
production,6
all,6
j,6
explores,6
xx,6
investigations,6
context,6
papers,6
resources,6
southern,6
century,6
egypt,6
pueblo,6
than,6
xi,6
xix,6
part,6
issues,6
published,6
spanish,6
maine,6
economic,6
kluwer,6
but,6
two,6
many,6
john,6
understanding,6
theoretical,6
david,6
pottery,6
she,6
why,6
series,6
spatial,6
urban,6
publishers,6
salt,6
land,6
remains,6
north,6
recent,6
major,6
environmental,5
english,5
salado,5
address,5
s,5
some,5
x,5
collection,5
contributors,5
may,5
coastal,5
ix,5
study,5
had,5
resource,5
ceramics,5
well,5
r,5
overview,5
middle,5
regions,5
world,5
complete,5
reports,5
addition,5
xii,5
diverse,5
channel,5
routledge,5
lake,5
castles,5
skeletal,5
california,5
trade,5
historic,5
general,5
earlier,5
oxbow,5
systems,5
james,5
life,5
united,5
sciences,5
cover,5
colonization,5
cemetery,5
works,5
them,5
given,5
role,5
using,5
national,5
much,5
broader,5
way,4
later,4
groups,4
introduction,4
one,4
h,4
drawings,4
mesa,4
europe,4
case,4
america,4
zuni,4
walnut,4
central,4
relationships,4
since,4
journal,4
civilization,4
landscape,4
population,4
monuments,4
river,4
mira,4
upper,4
alta,4
beyond,4
providing,4
management,4
drawing,4
view,4
uses,4
found,4
tools,4
record,4
xiv,4
aspects,4
line,4
gender,4
contains,4
xviii,4
villages,4
when,4
finds,4
periods,4
architecture,4
synthesis,4
interactions,4
southeast,4
guide,4
technology,4
jeffrey,4
power,4
academy,4
rock,4
shows,4
viii,4
model,4
original,4
made,4
maritime,4
identity,4
questions,4
examination,4
three,4
points,4
architectural,4
features,4
exchange,4
evolutionary,4
contact,4
xvi,4
story,4
bonito,4
twelve,4
volumes,4
examine,4
construction,4
frontier,4
antiquities,4
changing,4
peoples,4
over,4
chacoan,4
has,4
identities,4
what,4
information,4
presented,4
transition,4
cambridge,4
bronze,4
states,4
indices,4
traditional,4
gis,3
common,3
medieval,3
foraging,3
settlements,3
each,3
themes,3
different,3
neolithic,3
implications,3
xxi,3
differences,3
written,3
robert,3
british,3
computing,3
eastern,3
east,3
draws,3
addresses,3
chapter,3
politics,3
international,3
reissue,3
appendices,3
ritual,3
framework,3
such,3
author,3
expeditions,3
relations,3
publishes,3
repatriation,3
times,3
memoir,3
fort,3
town,3
played,3
basic,3
process,3
produced,3
illustrations,3
discoveries,3
developments,3
prehistory,3
organization,3
most,3
underwater,3
textile,3
lithic,3
origins,3
necropolis,3
societies,3
future,3
medicine,3
basin,3
faunal,3
p,3
carolina,3
occupation,3
xvii,3
wide,3
acheulian,3
artifacts,3
island,3
bc,3
description,3
ten,3
demonstrates,3
contrast,3
around,3
several,3
coast,3
describes,3
isabela,3
will,3
f,3
led,3
movement,3
makes,3
chronology,3
silk,3
department,3
only,3
picture,3
catalog,3
mark,3
ceramic,3
grave,3
state,3
arthur,3
patterns,3
behind,3
took,3
remarkable,3
renaissance,3
project,3
number,3
discussion,3
examples,3
farming,3
findings,3
ideas,3
evolution,3
previous,3
students,3
vii,3
jose,3
symposium,3
plant,3
filled,3
accurate,3
thomas,3
relation,3
can,3
northern,3
occupied,3
greek,3
pharaohs,3
examines,3
roadology,3
relationship,3
africa,3
coth,3
types,3
school,3
environment,3
amarna,3
objects,3
physical,3
text,3
set,3
der,3
colorado,3
argue,3
current,3
past,3
rural,3
theory,3
distribution,3
adaptation,3
her,3
while,3
preserved,3
city,3
became,3
egyptian,3
colonial,3
numerous,3
include,3
specialists,3
leiden,3
area,3
archaic,3
summary,3
charles,3
west,3
c,3
interaction,3
roles,3
final,2
contacts,2
now,2
edge,2
imported,2
iowa,2
gesher,2
village,2
entries,2
penobscot,2
formed,2
specialist,2
acceptance,2
policy,2
western,2
before,2
pots,2
arguing,2
women,2
experience,2
lower,2
canyon,2
t,2
explaining,2
originally,2
historians,2
advanced,2
england,2
nature,2
editions,2
gary,2
shaped,2
benot,2
rich,2
jerald,2
religion,2
styles,2
review,2
mogollon,2
china,2
surveys,2
cruxent,2
wattis,2
seminar,2
documenting,2
issue,2
occasional,2
projectile,2
key,2
king,2
agriculture,2
draw,2
account,2
illustrate,2
characterize,2
folio,2
richard,2
doth,2
todd,2
chaco,2
interior,2
everglades,2
adams,2
conducted,2
encyclopedia,2
palaeolithic,2
mesopotamian,2
etruscan,2
response,2
houses,2
nesactium,2
served,2
left,2
details,2
influence,2
phases,2
hellenistic,2
americans,2
without,2
rather,2
l,2
across,2
sw,2
subsistence,2
remote,2
approaches,2
duff,2
after,2
eight,2
sarah,2
landscapes,2
importance,2
b,2
moore,2
derek,2
accounts,2
old,2
montours,2
consider,2
established,2
encourages,2
section,2
observations,2
w,2
four,2
max,2
shed,2
m,2
important,2
nebraska,2
location,2
appearance,2
begun,2
search,2
midden,2
mapping,2
changed,2
shared,2
events,2
pioneer,2
evaluate,2
academic,2
topics,2
because,2
scale,2
monograph,2
shamanism,2
pollen,2
pleistocene,2
dumbarton,2
topical,2
technical,2
syria,2
kalambo,2
basis,2
reprint,2
tool,2
teotihuacan,2
discusses,2
indigenous,2
punta,2
woodland,2
describe,2
constitute,2
records,2
oaks,2
forces,2
focuses,2
urn,2
memoirs,2
approach,2
excavated,2
caused,2
buildings,2
small,2
eleven,2
altered,2
industry,2
disaster,2
texas,2
up,2
roots,2
activities,2
chronological,2
critical,2
materials,2
various,2
doctoral,2
comparative,2
consists,2
amara,2
classic,2
community,2
make,2
folded,2
ofarchaeology,2
religious,2
competition,2
perles,2
interpretation,2
reference,2
under,2
included,2
falls,2
light,2
ethnographic,2
bar,2
xuch,2
rise,2
heritage,2
challenge,2
comparison,2
others,2
spear,2
turner,2
areas,2
documents,2
larger,2
classical,2
contemporary,2
fragments,2
forms,2
ages,2
v,2
yucatecan,2
geography,2
where,2
istria,2
strategies,2
colony,2
wood,2
multidisciplinary,2
private,2
coherent,2
indiana,2
discovery,2
accompanying,2
collections,2
enormous,2
conditions,2
maria,2
full,2
fold,2
massacre,2
theories,2
dating,2
significance,2
clear,2
discovered,2
comprehensive,2
peter,2
issn,2
held,2
mexico,2
documentation,2
preservation,2
problems,2
often,2
craft,2
interpretations,2
cognitive,2
analyze,2
greece,2
figures,2
farm,2
homolovi,2
space,2
crete,2
ycacos,2
maps,2
arrow,2
labyrinthos,2
foreword,2
yale,2
began,2
visual,2
lives,2
contribution,2
plains,2
antiquity,2
nuragic,2
duos,2
fields,2
centuries,2
aboriginal,2
articles,2
combines,2
interpretive,2
conservation,2
photographs,2
earliest,2
considered,2
stephen,2
dissertation,2
sections,2
contained,2
eventually,2
associated,2
following,2
xxiv,2
mann,2
complexity,2
complexes,2
griffin,2
offers,2
drew,2
wider,2
report,2
living,2
better,2
william,2
economy,2
form,2
references,2
particular,2
covers,2
agricultural,2
attitudes,2
artifactual,2
map,2
prestige,2
studying,2
hundreds,2
fourteen,2
des,2
cluster,2
multiple,2
ohio,2
african,2
infamous,2
arguments,2
summarizes,2
indians,2
understandings,2
tell,2
protohistoric,2
register,2
integrated,2
d,2
colleagues,2
thousand,2
modeling,2
paleoindian,2
era,2
valley,2
documentary,2
utah,2
roe,2
should,2
meeting,2
meryt,2
built,2
gold,2
sa,1
woven,1
sabino,1
miller,1
maarten,1
intricate,1
dale,1
decentralized,1
twestern,1
compares,1
appropriation,1
significant,1
pearson,1
page,1
helaine,1
concerned,1
rev,1
substances,1
generated,1
kristina,1
pittsburgh,1
created,1
investigaciones,1
career,1
market,1
extreme,1
resulted,1
tou,1
determine,1
arranges,1
adoption,1
succession,1
ofhunting,1
utility,1
nagpra,1
group,1
needed,1
backdrops,1
engineered,1
replaced,1
conveys,1
properly,1
designed,1
maize,1
join,1
diversification,1
likely,1
live,1
library,1
underground,1
tlis,1
summaries,1
ways,1
completely,1
actions,1
paradigms,1
compilation,1
modern,1
park,1
xxxi,1
realities,1
protection,1
position,1
raw,1
ian,1
organic,1
unlike,1
biographical,1
dig,1
finely,1
bp,1
plantations,1
flaws,1
variety,1
attuned,1
source,1
chief,1
descriptions,1
du,1
rome,1
ingenio,1
fires,1
test,1
cutting,1
passion,1
gap,1
fluvial,1
unearthed,1
australia,1
puuc,1
fundstelle,1
sources,1
civilizations,1
labor,1
extraordinary,1
exclusive,1
ii,1
taken,1
attempt,1
humans,1
improvised,1
emerged,1
shipwrecks,1
stretch,1
seems,1
historiography,1
definition,1
georgia,1
names,1
principles,1
assembling,1
textiles,1
broken,1
inarchaeological,1
sobering,1
accompanied,1
reasons,1
timing,1
origin,1
narrative,1
atlantic,1
personages,1
molecular,1
concludes,1
uncovered,1
take,1
i,1
reinterpret,1
introduces,1
integrate,1
jill,1
ofsouthern,1
vegetation,1
last,1
julie,1
date,1
manipulating,1
concepts,1
those,1
complicated,1
nina,1
visibility,1
worldwide,1
el,1
takes,1
armin,1
existence,1
correlated,1
clarence,1
styx,1
geochemical,1
owing,1
holly,1
histoire,1
matthew,1
bones,1
iv,1
firm,1
discuss,1
geophysical,1
fenimore,1
design,1
jack,1
sensitivities,1
egyptians,1
vol,1
placement,1
holocene,1
determined,1
outlying,1
salzgitterlebenstedt,1
authentic,1
activity,1
condition,1
prehispanic,1
facilitating,1
explorers,1
alter,1
october,1
interest,1
assembledge,1
perfectly,1
brent,1
barry,1
occurring,1
variations,1
point,1
processes,1
whites,1
household,1
gila,1
establishes,1
rainforests,1
along,1
photographic,1
himself,1
economies,1
forged,1
graeme,1
recreated,1
wm,1
manmade,1
albin,1
sand,1
evaluating,1
diversity,1
tons,1
tribute,1
regarding,1
thus,1
andrew,1
phase,1
iron,1
typological,1
publication,1
dailymail,1
conservators,1
marghine,1
harcourt,1
southampton,1
southwestern,1
historically,1
dynamics,1
ethical,1
seventy,1
tanzania,1
sample,1
illustrates,1
against,1
analyzing,1
premises,1
unpublished,1
molded,1
scarce,1
forword,1
noel,1
janet,1
santa,1
relatively,1
elementary,1
emerges,1
employing,1
media,1
topic,1
extensively,1
prycejones,1
sustain,1
bostwick,1
drainage,1
individual,1
distinct,1
elements,1
nor,1
items,1
dean,1
destroyed,1
immigrants,1
consejo,1
neuropsychological,1
rejecting,1
desmond,1
perspective,1
document,1
casas,1
archaeoastronomy,1
concerning,1
egyptologist,1
tutankhamun,1
back,1
subjects,1
channels,1
africans,1
bight,1
feibel,1
witnessed,1
converging,1
verde,1
find,1
cazadorasrecolectoras,1
revised,1
geological,1
archaeologist,1
grammatical,1
preserving,1
constructs,1
conducting,1
palaeoenvironmental,1
kentucky,1
xavier,1
generation,1
nuanced,1
handful,1
coal,1
stanley,1
contaminate,1
formats,1
finishes,1
decisionmaking,1
celebrating,1
parks,1
glen,1
newer,1
mouldings,1
interpolation,1
failed,1
mechanisms,1
rights,1
cameron,1
opposed,1
poor,1
intervisibility,1
authority,1
colour,1
reconstructed,1
sardinia,1
philadelphia,1
evaluates,1
german,1
bog,1
supernatural,1
heroes,1
ofamericanistarchaeology,1
statements,1
sensing,1
developed,1
adds,1
ella,1
lie,1
megalithic,1
influential,1
en,1
prehispanicamerica,1
longest,1
hansen,1
presentation,1
notion,1
poses,1
environments,1
analyzes,1
dealt,1
archiv,1
determining,1
proportion,1
legal,1
meritt,1
toanasazi,1
michel,1
certain,1
derived,1
parts,1
plots,1
ongoing,1
compromises,1
creek,1
offering,1
ofarchaeological,1
productive,1
von,1
paleolithic,1
factors,1
addressing,1
guides,1
support,1
understand,1
tower,1
solutions,1
acquisition,1
consultation,1
ensure,1
les,1
statistical,1
benefits,1
specialization,1
intensive,1
nativeplants,1
targeted,1
potomac,1
comers,1
edition,1
former,1
traces,1
rejournal,1
frequently,1
facsimile,1
stonehenge,1
textbook,1
multicultural,1
cientificas,1
recovered,1
additional,1
confuse,1
surface,1
overseer,1
cotton,1
notions,1
peninsula,1
undertaken,1
plates,1
mongrafije,1
requires,1
sanford,1
islanders,1
archeological,1
peabody,1
explain,1
care,1
helped,1
export,1
strategy,1
adapting,1
oversized,1
stands,1
myths,1
ofancient,1
qualities,1
osteological,1
friends,1
pantheon,1
royal,1
expressed,1
result,1
closely,1
incomplete,1
whom,1
shamanistic,1
introduce,1
herr,1
concentration,1
arrival,1
professionals,1
could,1
holds,1
rule,1
called,1
freilandstation,1
hallucinogenic,1
puebloan,1
arizonaarchaeological,1
effort,1
centers,1
lived,1
users,1
baudez,1
fishing,1
facilitate,1
mythical,1
zone,1
agatha,1
commoners,1
initial,1
synthesize,1
quaterary,1
density,1
further,1
handbook,1
xxxiii,1
oklahoma,1
standardized,1
informed,1
focused,1
bands,1
war,1
thearchaeology,1
reviews,1
stressing,1
neither,1
symbols,1
wealth,1
yorston,1
produce,1
networks,1
gods,1
nuraghes,1
vegetal,1
rooster,1
eliminate,1
criteria,1
gillian,1
tucatecanlanguage,1
shape,1
colonies,1
julia,1
relief,1
journals,1
brine,1
residents,1
sculpture,1
appeals,1
los,1
optimizing,1
childs,1
descendant,1
occupants,1
junko,1
uncover,1
californiaacademy,1
explains,1
training,1
apparent,1
edn,1
palaeoethnobotany,1
clearer,1
italy,1
homeland,1
tenure,1
sociedades,1
whole,1
literature,1
uc,1
tale,1
discussions,1
kiva,1
ghana,1
provenienced,1
densely,1
aztec,1
rituals,1
et,1
sculptural,1
mathematical,1
away,1
estuary,1
haven,1
preparing,1
lagestion,1
fieldwork,1
few,1
reconstructing,1
manage,1
artifact,1
funkhauser,1
horizon,1
predictive,1
own,1
trends,1
graduate,1
sprang,1
thrived,1
subtle,1
overbuilt,1
good,1
shoshone,1
responses,1
computer,1
least,1
themohicans,1
sense,1
recursos,1
suggest,1
indicators,1
mani,1
trading,1
box,1
nasca,1
inspector,1
moder,1
croatian,1
interacting,1
assemble,1
midst,1
event,1
involved,1
quantification,1
berg,1
castle,1
mitchell,1
concept,1
vince,1
consensus,1
workshops,1
thearchaeologicalapplications,1
smithsonian,1
replace,1
microterritory,1
scattering,1
oral,1
executed,1
comfort,1
civic,1
dramatic,1
met,1
essentially,1
distinguished,1
ancestors,1
latest,1
ancientmaya,1
dedicated,1
annual,1
progress,1
st,1
wife,1
proper,1
paid,1
und,1
peculiar,1
provided,1
moved,1
akrotiri,1
gavin,1
gordon,1
geographical,1
alejandro,1
nations,1
survived,1
barbara,1
tombs,1
republican,1
pertaining,1
vore,1
san,1
second,1
habitats,1
pantheisme,1
arrangement,1
biocultural,1
reduced,1
foragers,1
territorial,1
identified,1
britain,1
short,1
dodd,1
service,1
located,1
expansion,1
yucatan,1
limited,1
manipulate,1
anniversary,1
oscar,1
prevailing,1
tropical,1
grande,1
still,1
above,1
befbre,1
garden,1
relying,1
sponsored,1
initially,1
rites,1
settings,1
iran,1
innovation,1
subculture,1
single,1
illuminating,1
biological,1
corpus,1
urukmesopotamia,1
uppsala,1
edited,1
yet,1
curators,1
gntemporary,1
examined,1
opportunities,1
revealed,1
treaty,1
coverage,1
represents,1
mission,1
precolumbian,1
obtain,1
continuity,1
columbus,1
historia,1
us,1
boundary,1
recruited,1
lowland,1
une,1
informal,1
guatemala,1
lord,1
dna,1
floridaarchaeology,1
bwlh,1
indian,1
chihuahuan,1
largest,1
industrial,1
illustrated,1
boiling,1
unusually,1
situates,1
frameworks,1
reevaluations,1
considers,1
treballs,1
routes,1
mound,1
carol,1
starting,1
funerary,1
goals,1
lewis,1
museums,1
french,1
decoration,1
technique,1
chance,1
rejects,1
put,1
lucy,1
nevada,1
towards,1
projects,1
designing,1
water,1
nazca,1
analytical,1
depopulated,1
salzgitter,1
fact,1
cecelia,1
paiute,1
limit,1
overwhelming,1
conduct,1
stimulus,1
instituto,1
beliefs,1
confederacy,1
abstract,1
slumland,1
attempting,1
grog,1
archaeopress,1
geometrical,1
reasoning,1
catalogued,1
lasley,1
variation,1
outpost,1
fashion,1
pattern,1
thwarting,1
theancient,1
simple,1
honor,1
men,1
readers,1
antropologia,1
forgery,1
steinbearbeitung,1
andancient,1
zambia,1
isabelle,1
existing,1
richards,1
accepted,1
establish,1
less,1
until,1
analyses,1
eisenbrauns,1
containers,1
iberia,1
decorse,1
focusing,1
captions,1
perhaps,1
eclectic,1
mitochondria,1
insufficient,1
ignoring,1
ing,1
assemblage,1
gives,1
manuals,1
encountered,1
remarkably,1
day,1
valleys,1
degree,1
habitat,1
sir,1
thousands,1
nutrition,1
meaningful,1
kathleen,1
donn,1
rio,1
considering,1
treated,1
craig,1
organisms,1
disagree,1
recording,1
enhanced,1
previously,1
alane,1
deserts,1
mortuary,1
elite,1
identification,1
complexities,1
europeans,1
team,1
thriving,1
entirely,1
enduring,1
expression,1
food,1
reconstructs,1
looting,1
plantation,1
rivers,1
francis,1
perception,1
contends,1
autobiographical,1
vocabulary,1
sequence,1
willey,1
trend,1
actual,1
real,1
gwinn,1
chosen,1
sees,1
connected,1
sponsor,1
weaving,1
globalarchaeology,1
anthology,1
anasazi,1
low,1
navajo,1
explorations,1
compositions,1
elmina,1
originated,1
modem,1
grew,1
se,1
monkey,1
profession,1
health,1
mead,1
arroyo,1
patricia,1
defense,1
christopher,1
isendahl,1
anne,1
collaboration,1
creolization,1
tim,1
spread,1
so,1
high,1
collected,1
mountain,1
pompeii,1
improved,1
abundant,1
intrinsic,1
disasters,1
scandinavia,1
finite,1
agriculturalists,1
migrants,1
graves,1
conclusions,1
especially,1
maison,1
taino,1
ofdonald,1
mesas,1
become,1
respectively,1
ann,1
accordingly,1
expectations,1
henry,1
claiming,1
seeking,1
probably,1
ethnohistory,1
reassess,1
spain,1
institution,1
relative,1
joint,1
coluring,1
ron,1
controversial,1
vertebrate,1
andreas,1
attention,1
petroglyphs,1
justice,1
restituted,1
uncritical,1
separate,1
grandes,1
tennessee,1
genesis,1
carried,1
seasons,1
yields,1
tests,1
marilyn,1
christian,1
modification,1
slender,1
me,1
grammar,1
note,1
richest,1
wisdom,1
continued,1
seventeen,1
george,1
provide,1
science,1
broadened,1
crucial,1
ecological,1
vision,1
plays,1
practical,1
testing,1
practitioners,1
americanist,1
program,1
pieces,1
lines,1
bibliographic,1
recognizes,1
gillings,1
becomes,1
means,1
concluding,1
seen,1
transformed,1
akadine,1
velopment,1
millennia,1
markers,1
sequences,1
transformation,1
legitimacy,1
covering,1
littoral,1
settled,1
methods,1
unusual,1
christie,1
existed,1
mortality,1
confronts,1
clovis,1
stratified,1
education,1
thenative,1
kiyohide,1
creatures,1
hutchinson,1
exists,1
rim,1
widest,1
canada,1
heather,1
gathered,1
memorialized,1
grounded,1
investigate,1
xxix,1
digital,1
detail,1
centralamerica,1
nacional,1
anthropological,1
abandonment,1
variable,1
any,1
thinking,1
historian,1
reprints,1
reviewing,1
acheulean,1
colonists,1
calendrical,1
incorporated,1
frenchman,1
apprehension,1
must,1
founded,1
ofmaryland,1
ethnoarchaeology,1
demonstrate,1
extensive,1
geographic,1
concordance,1
continues,1
theme,1
bioarchaeological,1
known,1
starbuck,1
donna,1
offered,1
treats,1
vacant,1
entry,1
supported,1
reconnaissance,1
besides,1
temple,1
organizational,1
sustained,1
colonialism,1
minerals,1
quickly,1
lekson,1
mittelpalolithische,1
stadt,1
intellectual,1
control,1
introducing,1
ingrid,1
descent,1
literary,1
migration,1
reversal,1
specialized,1
hohokam,1
share,1
novel,1
genese,1
ratio,1
sell,1
global,1
extraction,1
setting,1
tattersall,1
lagoon,1
best,1
contextual,1
straightforward,1
print,1
appendix,1
volcano,1
milanich,1
bulk,1
universal,1
returns,1
vase,1
post,1
then,1
ideological,1
sudan,1
particularly,1
spaniards,1
forgers,1
adverse,1
rely,1
very,1
xxii,1
towne,1
reflected,1
cities,1
differed,1
pictures,1
las,1
placing,1
edwardian,1
advances,1
dejournal,1
catalogue,1
animal,1
systematik,1
according,1
johnson,1
kivas,1
fuller,1
notable,1
unique,1
volcanic,1
belizean,1
meticulous,1
selected,1
doings,1
making,1
plants,1
corps,1
krocek,1
knapping,1
leaving,1
surveying,1
ancientnasca,1
densities,1
foundations,1
explored,1
video,1
bolles,1
almost,1
emphasis,1
virginia,1
ascertain,1
universe,1
size,1
grand,1
garbage,1
popular,1
spaces,1
vessels,1
conference,1
martha,1
neglected,1
arabic,1
excellently,1
reported,1
measurements,1
practices,1
fossil,1
exploring,1
dental,1
concentrating,1
die,1
techniques,1
intended,1
adapted,1
measure,1
conventional,1
recounts,1
kingdom,1
bloomfield,1
focus,1
reconstruct,1
superior,1
divided,1
treasury,1
allows,1
representation,1
au,1
gain,1
surfacing,1
remarks,1
our,1
come,1
named,1
eric,1
villains,1
formation,1
devoted,1
models,1
ceren,1
turkey,1
locations,1
croatia,1
biennial,1
interested,1
initiated,1
donald,1
charts,1
contract,1
institutional,1
macrofossils,1
chemical,1
catherine,1
accept,1
mode,1
harm,1
corrective,1
carolingiens,1
joined,1
actively,1
americas,1
although,1
upon,1
enabling,1
consumption,1
need,1
green,1
constructed,1
manufacture,1
goggin,1
glass,1
integration,1
attributes,1
france,1
clues,1
katalozi,1
shift,1
definitive,1
canons,1
siege,1
evelyn,1
observation,1
potential,1
amplatude,1
valuable,1
tribes,1
pathways,1
scholarship,1
commodity,1
deposits,1
debate,1
bargain,1
develop,1
corn,1
gulf,1
belize,1
technological,1
celestial,1
xxv,1
beings,1
cross,1
profiles,1
building,1
close,1
occur,1
costly,1
deeper,1
thorough,1
