WORDCOUNTS,WEIGHT
the,152
of,97
and,61
to,39
a,38
in,33
that,28
by,18
for,14
were,14
be,13
are,12
not,11
on,11
is,10
with,10
from,10
scott,10
as,9
was,9
some,9
fox,8
it,7
who,7
could,7
firearms,7
indians,7
this,7
archaeological,7
field,7
can,7
at,6
about,6
only,6
maps,6
historical,6
which,6
their,5
these,5
those,5
number,5
cartridges,5
use,5
have,5
specific,5
custer,5
but,4
reconnaissance,4
over,4
had,4
there,4
cartridge,4
used,4
an,4
one,4
especially,4
battle,3
weapon,3
if,3
they,3
into,3
insights,3
two,3
text,3
terrain,3
all,3
found,3
plan,3
survey,3
where,3
problem,3
fight,3
work,3
little,3
its,3
reconstruct,3
until,3
fieldwork,3
clear,3
since,3
documentation,3
individual,3
after,3
cases,3
graves,3
single,3
up,3
given,3
we,3
bighorn,2
seventh,2
page,2
metal,2
limits,2
no,2
materials,2
camp,2
ejected,2
identified,2
been,2
groups,2
located,2
limited,2
model,2
detailed,2
publisher,2
remaining,2
star,2
designed,2
dead,2
examine,2
under,2
university,2
river,2
or,2
springfield,2
morning,2
springfields,2
corpses,2
indian,2
most,2
recovered,2
disposition,2
june,2
more,2
also,2
command,2
book,2
fell,2
military,2
figure,2
season,2
s,2
other,2
opposing,2
conservative,2
report,2
out,2
munitions,2
i,2
subsequent,2
what,2
burial,2
accounts,2
rounds,2
granite,2
day,2
findspots,2
another,2
made,2
son,2
careful,2
reader,2
fired,2
quantity,2
press,2
controlled,2
authors,2
detectors,2
actual,2
evan,2
such,2
rifle,2
soldiers,2
issued,2
involving,2
grass,2
area,2
remains,2
few,2
problems,2
removed,2
research,2
estimate,2
even,2
journal,2
oklahoma,2
should,2
troopers,2
how,2
inspection,1
final,1
will,1
inset,1
does,1
therefore,1
now,1
battlefield,1
led,1
san,1
assigned,1
furnished,1
second,1
approximate,1
done,1
fortunate,1
gouged,1
plotted,1
reno,1
various,1
common,1
montana,1
george,1
vicissitudes,1
indicated,1
meticulously,1
skilled,1
shortcoming,1
five,1
dug,1
aimed,1
arising,1
relieved,1
developed,1
dibecle,1
created,1
remain,1
comparative,1
site,1
pieces,1
hill,1
endpaper,1
glean,1
tried,1
others,1
brief,1
reinterred,1
process,1
academy,1
sensitive,1
prove,1
alone,1
still,1
colt,1
utility,1
folded,1
visual,1
lasted,1
markers,1
contribution,1
start,1
minutes,1
b,1
se,1
stripped,1
atop,1
leave,1
spot,1
comprised,1
articles,1
pages,1
studies,1
study,1
often,1
illustrations,1
identify,1
white,1
uncertainties,1
ma,1
scattered,1
factors,1
foot,1
loaded,1
confines,1
addressing,1
yet,1
shortage,1
firing,1
reference,1
means,1
completely,1
itself,1
coverage,1
marcus,1
makes,1
read,1
fights,1
winchester,1
victorious,1
rises,1
hostiles,1
methods,1
troop,1
distributional,1
ne,1
devices,1
position,1
hilly,1
index,1
cemetery,1
rode,1
contained,1
included,1
commonwealth,1
flagging,1
then,1
monument,1
clearly,1
constant,1
before,1
fruitful,1
just,1
same,1
numbers,1
variety,1
unambiguous,1
al,1
reviewed,1
conjunction,1
belonging,1
already,1
carbine,1
four,1
different,1
detachment,1
jammed,1
volunteers,1
being,1
first,1
catalogue,1
surface,1
follow,1
indicate,1
stones,1
followed,1
volume,1
long,1
drew,1
set,1
hardware,1
flash,1
rate,1
cover,1
mark,1
detector,1
excavation,1
trained,1
cavalry,1
might,1
address,1
technique,1
trying,1
worked,1
shipment,1
each,1
thinks,1
addition,1
country,1
tiny,1
paper,1
efforts,1
detritus,1
parties,1
memorial,1
repeaters,1
shows,1
turned,1
path,1
tops,1
location,1
copy,1
bearing,1
best,1
argue,1
half,1
great,1
exclusion,1
heavy,1
indeed,1
total,1
mapping,1
forces,1
analyses,1
effort,1
searched,1
unfired,1
grave,1
able,1
reliability,1
linked,1
very,1
state,1
while,1
take,1
examining,1
warmly,1
harmon,1
seldom,1
casualties,1
lodge,1
revolvers,1
predicted,1
assessment,1
vegetation,1
last,1
survivors,1
mind,1
enough,1
took,1
alert,1
stand,1
precisely,1
represent,1
remainder,1
learn,1
equally,1
ground,1
trooper,1
according,1
handy,1
covered,1
battlefields,1
applaud,1
within,1
aspects,1
bore,1
accepted,1
context,1
them,1
muster,1
relevant,1
inventory,1
meticulous,1
see,1
cannot,1
making,1
nowhere,1
models,1
issue,1
troops,1
survivor,1
record,1
cavalrymen,1
captions,1
important,1
passed,1
perhaps,1
isbn,1
project,1
directions,1
east,1
earlier,1
fully,1
getting,1
near,1
directly,1
combatants,1
engagements,1
because,1
warriors,1
strikes,1
exhumed,1
approximations,1
torn,1
sites,1
design,1
huge,1
generally,1
knife,1
opened,1
occupying,1
basis,1
marked,1
hundreds,1
concentrating,1
queries,1
artifacts,1
travel,1
certain,1
douglas,1
bullets,1
boston,1
richard,1
width,1
upon,1
bear,1
must,1
helps,1
locate,1
sides,1
wrestle,1
west,1
brought,1
disparate,1
reported,1
point,1
calibre,1
supervision,1
x,1
breech,1
desperate,1
collecting,1
vexing,1
quickly,1
related,1
along,1
easy,1
revealed,1
himself,1
positions,1
intended,1
reburial,1
repeating,1
year,1
looting,1
congruence,1
operated,1
manufacturing,1
demonstrates,1
people,1
us,1
officers,1
crew,1
learned,1
bits,1
regarding,1
assign,1
recovery,1
flag,1
precision,1
pair,1
relates,1
examination,1
documented,1
come,1
review,1
question,1
dating,1
systematic,1
shown,1
students,1
annihilation,1
locations,1
years,1
consult,1
own,1
attributed,1
national,1
precise,1
recovering,1
finally,1
battalion,1
urge,1
becoming,1
expended,1
firearm,1
interpret,1
misfires,1
large,1
course,1
general,1
grown,1
plains,1
normally,1
plotting,1
successful,1
d,1
so,1
manufacture,1
type,1
reconstructed,1
dick,1
archaeology,1
unauthorized,1
enquiries,1
sharp,1
black,1
bank,1
spots,1
latter,1
forensic,1
imagination,1
dispose,1
spent,1
represents,1
irregularities,1
doubtless,1
several,1
siege,1
back,1
erected,1
rifles,1
machines,1
six,1
impressions,1
clarify,1
reburied,1
notorious,1
combination,1
fire,1
quit,1
assessing,1
afternoon,1
left,1
weapons,1
shallow,1
third,1
carbines,1
find,1
always,1
when,1
mutilated,1
application,1
entire,1
present,1
resistance,1
proper,1
much,1
using,1
figures,1
than,1
hasty,1
sun,1
north,1
relative,1
stone,1
value,1
evidence,1
virtue,1
preliminary,1
nonmetallic,1
activities,1
overrun,1
corpse,1
separate,1
mechanism,1
likely,1
