WORDCOUNTS,WEIGHT
the,434
of,259
and,204
a,131
in,130
to,109
st,53
fort,52
was,46
site,39
joseph,39
with,37
that,36
we,34
this,32
from,32
m,31
at,29
michigan,29
by,29
were,26
river,26
for,25
archaeological,24
on,24
survey,22
french,22
is,21
university,20
as,20
an,19
feature,18
colonial,18
be,18
western,16
system,16
water,16
our,16
area,16
excavation,15
geophysical,15
these,15
features,15
associated,15
magnetic,14
cultural,14
or,14
two,14
drainage,13
remains,13
stone,12
are,12
other,12
trade,12
figure,12
one,11
great,11
i,11
location,11
artifacts,11
about,11
press,11
de,10
century,10
more,10
also,10
it,9
english,9
conducted,9
near,9
used,9
field,9
soil,9
post,9
landfill,9
map,9
history,8
along,8
than,8
his,8
us,8
early,8
pipes,7
some,7
most,7
surface,7
its,7
et,7
below,7
small,7
materials,7
identified,7
ground,7
architectural,7
archaeology,7
when,7
peyser,7
cm,7
have,7
although,7
north,7
anomalies,6
undisturbed,6
fur,6
lakes,6
old,6
journal,6
susceptibility,6
house,6
had,6
plowzone,6
during,6
results,6
nassaney,6
units,6
but,6
hearth,6
structures,6
areas,6
larger,6
new,6
michael,6
local,6
region,6
conditions,6
which,6
high,6
table,6
each,6
ft,6
animal,6
william,6
lynch,6
large,5
american,5
there,5
investigations,5
sq,5
bones,5
excavations,5
their,5
instrument,5
search,5
cremin,5
well,5
employed,5
several,5
research,5
fireplace,5
stones,5
material,5
including,5
subsurface,5
can,5
european,5
construction,5
not,5
centuries,5
objects,5
over,5
has,5
historical,5
editor,5
illinois,5
include,5
quimby,4
center,4
du,4
long,4
military,4
all,4
spaced,4
within,4
stratigraphy,4
throughout,4
highly,4
clay,4
drained,4
no,4
sw,4
support,4
established,4
four,4
recovered,4
important,4
p,4
initial,4
meter,4
line,4
work,4
personal,4
showing,4
project,4
artifact,4
excavated,4
using,4
he,4
structural,4
under,4
end,4
where,4
encountered,4
understanding,4
made,4
lake,4
significant,4
times,4
would,4
period,4
after,4
anomaly,4
depth,4
collections,4
frontier,4
any,4
natural,4
size,4
both,4
sediments,4
locations,4
land,4
d,4
evidence,4
potential,4
between,4
c,4
deposits,4
building,4
major,4
row,4
edge,3
e,3
extends,3
h,3
organic,3
into,3
lower,3
archaeologists,3
interests,3
j,3
company,3
s,3
together,3
located,3
amplitude,3
state,3
context,3
papers,3
ad,3
america,3
alluvium,3
soils,3
data,3
beneath,3
exposed,3
constructed,3
such,3
magnetometer,3
unpublished,3
left,3
instruments,3
may,3
cesium,3
across,3
unit,3
b,3
orientation,3
submerged,3
cost,3
view,3
based,3
concentration,3
downstream,3
installation,3
late,3
rectangular,3
produced,3
sites,3
charred,3
r,3
part,3
penetrating,3
ten,3
records,3
presence,3
fire,3
provided,3
dam,3
activities,3
economic,3
nearly,3
museum,3
experienced,3
serve,3
mission,3
indian,3
department,3
volume,3
niles,3
many,3
efforts,3
time,3
diameter,3
channel,3
perhaps,3
frequency,3
locate,3
clear,3
three,3
like,3
structure,3
probably,3
la,3
been,3
sol,3
vertical,3
plastic,3
who,3
effectively,3
dans,3
jesuits,3
analysis,3
school,3
then,3
following,3
series,3
demonstrate,3
stratigraphic,3
did,3
report,3
pit,3
spatial,3
information,3
almost,3
level,3
through,3
city,3
despite,3
became,3
role,3
indians,3
until,3
contributed,3
canadian,3
glass,3
france,3
charles,3
documentary,3
immediately,3
observed,3
final,2
currently,2
horizontal,2
indicated,2
furs,2
gradiometer,2
determine,2
debris,2
complex,2
screening,2
beeson,2
ma,2
charlevoix,2
studies,2
undertaken,2
presents,2
total,2
ofanthropology,2
before,2
properties,2
predominantly,2
fitted,2
first,2
consistent,2
sterile,2
worlring,2
exaggerated,2
could,2
link,2
magnetometry,2
subsequent,2
help,2
raised,2
robert,2
political,2
discrete,2
daniel,2
salle,2
british,2
evaluation,2
eastern,2
east,2
activity,2
richard,2
vital,2
mullins,2
conductive,2
x,2
berrien,2
correlation,2
eroded,2
electromagnetic,2
relationships,2
connected,2
professor,2
interest,2
gun,2
relations,2
underlying,2
six,2
single,2
mackinac,2
general,2
paralleling,2
employ,2
operation,2
handwrought,2
played,2
identification,2
collected,2
grid,2
levels,2
process,2
flexible,2
signatures,2
white,2
resistivity,2
soon,2
ensure,2
possibly,2
les,2
organization,2
occupational,2
proved,2
w,2
upper,2
frozen,2
geophysique,2
groundwater,2
metal,2
testify,2
arrived,2
gregory,2
came,2
route,2
found,2
zone,2
assisted,2
base,2
buried,2
appears,2
drain,2
silver,2
because,2
shape,2
network,2
future,2
revealed,2
residents,2
occupants,2
description,2
place,2
surrounding,2
lrnow,2
horizon,2
weeks,2
traders,2
change,2
successful,2
le,2
settlement,2
draining,2
alluvial,2
yielded,2
fully,2
up,2
promising,2
lyxch,2
subsequently,2
chronological,2
south,2
will,2
second,2
detected,2
letters,2
eluded,2
limited,2
community,2
collapsed,2
southern,2
strategic,2
southeast,2
engineering,2
communications,2
light,2
transects,2
culture,2
al,2
wisconsin,2
only,2
social,2
lewis,2
diesel,2
added,2
smith,2
conduct,2
appeared,2
antonio,2
john,2
never,2
present,2
bouzillage,2
model,2
flooded,2
less,2
native,2
assemblage,2
day,2
another,2
matrix,2
previously,2
samples,2
europeans,2
dewind,2
began,2
trend,2
previous,2
dating,2
significance,2
jose,2
brass,2
pin,2
radar,2
mexico,2
dry,2
relation,2
ann,2
dewatering,2
nails,2
pipe,2
george,2
predict,2
sensitive,2
deposit,2
establish,2
returned,2
life,2
methods,2
burned,2
risers,2
historian,2
known,2
regime,2
setting,2
ste,2
best,2
down,2
hydrology,2
believed,2
soundings,2
induction,2
techniques,2
much,2
palisade,2
shown,2
commercial,2
years,2
lales,2
joined,2
approximately,2
smaller,2
values,2
valley,2
surveys,2
among,2
showed,2
difficult,1
surroundings,1
moccasin,1
go,1
margins,1
forceful,1
mostly,1
o,1
oriented,1
estimated,1
if,1
enter,1
names,1
michilimackinac,1
designated,1
separated,1
represent,1
affected,1
extend,1
pressurized,1
college,1
ultimate,1
introduction,1
per,1
mag,1
connect,1
forcing,1
contemporaneous,1
group,1
settlements,1
partially,1
mounted,1
integrity,1
systematically,1
barracks,1
identify,1
designed,1
hulse,1
maize,1
formed,1
live,1
continent,1
easily,1
park,1
install,1
decade,1
geometric,1
cranbrook,1
laid,1
pump,1
underlain,1
colovioll,1
sauck,1
swmichigan,1
frequented,1
client,1
laura,1
negative,1
being,1
minted,1
either,1
prominently,1
withdrawn,1
sources,1
exist,1
commission,1
baked,1
patrice,1
posed,1
flags,1
handle,1
ii,1
meters,1
culturally,1
address,1
season,1
attempt,1
antiquarians,1
assist,1
worked,1
england,1
nature,1
brock,1
available,1
daub,1
tubing,1
desire,1
monitor,1
studied,1
thanks,1
mapper,1
mississippi,1
worlqers,1
inland,1
jill,1
depress,1
last,1
those,1
prohibiting,1
principal,1
waselkov,1
profitable,1
behind,1
contents,1
documenting,1
existence,1
suspect,1
resulted,1
recorded,1
courtesy,1
albeit,1
money,1
iv,1
immediate,1
mesh,1
figs,1
account,1
capable,1
reaching,1
establishing,1
anomale,1
world,1
insight,1
investigator,1
magazine,1
fine,1
apart,1
breech,1
resources,1
environmental,1
anticipated,1
representing,1
promises,1
conductivity,1
unrecorded,1
loam,1
conclusively,1
sand,1
collection,1
framework,1
expertise,1
regarding,1
phase,1
review,1
dependence,1
ourfield,1
southwestern,1
curated,1
past,1
surrounded,1
due,1
resembling,1
against,1
silty,1
helen,1
magic,1
g,1
intact,1
eo,1
relatively,1
basal,1
mailing,1
rites,1
interpret,1
walter,1
application,1
dozen,1
type,1
sample,1
midcontinental,1
inserted,1
historymagazine,1
items,1
bay,1
oxidized,1
document,1
miamis,1
pierre,1
highest,1
ekberg,1
completing,1
allowing,1
club,1
bone,1
waterlogged,1
sensors,1
storage,1
explore,1
y,1
drawn,1
archaeologist,1
terrace,1
look,1
vice,1
jovrxoll,1
truck,1
insurgent,1
acknowledge,1
taling,1
ton,1
evenly,1
narragansett,1
melburn,1
higher,1
interesting,1
margry,1
recognized,1
americans,1
costs,1
exact,1
l,1
tite,1
main,1
entrepots,1
junction,1
crest,1
subsistence,1
pinpoint,1
precluded,1
represented,1
gallons,1
granted,1
supplement,1
eight,1
similar,1
certain,1
special,1
archaeometry,1
enabled,1
lay,1
upstream,1
discoveries,1
front,1
means,1
lives,1
solutions,1
changes,1
northamerica,1
prehistory,1
tanning,1
severity,1
intensive,1
dated,1
clearly,1
driven,1
proposed,1
completion,1
shore,1
vitality,1
frequently,1
observations,1
profile,1
benefited,1
presumed,1
squarecut,1
vapor,1
stewart,1
shorter,1
smudge,1
connecting,1
rental,1
followed,1
problems,1
lilqely,1
permanent,1
silt,1
hardware,1
coincide,1
decades,1
appear,1
hot,1
nebraska,1
greater,1
opening,1
result,1
closely,1
distribution,1
lock,1
lead,1
identifying,1
allow,1
diligently,1
public,1
entering,1
nt,1
ambitions,1
carol,1
seven,1
ocean,1
relate,1
pioneer,1
configuration,1
workable,1
fuel,1
im,1
extracting,1
density,1
covjournal,1
occupation,1
oklahoma,1
engraved,1
war,1
brandao,1
refine,1
geophysicalprospection,1
circular,1
recently,1
applied,1
sensor,1
excellent,1
scale,1
rubber,1
placed,1
amassed,1
required,1
facilities,1
professionals,1
acknowledgments,1
coin,1
aspects,1
findspots,1
colonies,1
imprisoned,1
minute,1
destinations,1
inferred,1
permitted,1
detract,1
cavelier,1
heart,1
fired,1
brought,1
attacked,1
magnetique,1
ioseph,1
centerfor,1
interpreters,1
apparent,1
confined,1
related,1
electrical,1
journals,1
eccles,1
caxton,1
woodland,1
metallic,1
plow,1
island,1
northwest,1
des,1
participated,1
outposts,1
away,1
archeologist,1
complemented,1
craftsmen,1
cone,1
interpreted,1
rendered,1
lqilled,1
genealogical,1
boulders,1
bistatic,1
good,1
lettersfrom,1
solution,1
construct,1
peterson,1
buildings,1
suggest,1
stage,1
straight,1
dunning,1
dictionary,1
indicators,1
trading,1
politically,1
order,1
contrast,1
cope,1
standpoint,1
diagnostic,1
bank,1
involved,1
specifically,1
around,1
heat,1
intervals,1
iris,1
spanish,1
few,1
republics,1
erected,1
adversely,1
significantly,1
mi,1
dramatic,1
distinguished,1
boundaries,1
methodological,1
generally,1
moist,1
pays,1
correspondence,1
roots,1
lansing,1
preliminary,1
finds,1
francais,1
reducing,1
schematic,1
society,1
portion,1
mhz,1
rory,1
ranlqs,1
led,1
arrangement,1
matter,1
variety,1
various,1
summarize,1
logistical,1
populations,1
dodsley,1
hide,1
tinlder,1
brian,1
garrison,1
vols,1
ageophysical,1
brief,1
renee,1
exception,1
prove,1
make,1
expanded,1
interactions,1
initially,1
settings,1
religious,1
ofthe,1
commandant,1
guide,1
retrieved,1
once,1
pacific,1
yet,1
wmu,1
array,1
repair,1
technology,1
official,1
genevieve,1
specimens,1
processing,1
included,1
assistance,1
memoires,1
same,1
teaching,1
wenner,1
performed,1
floor,1
tanner,1
kettle,1
flints,1
erage,1
toronto,1
timbers,1
voyages,1
useful,1
routes,1
members,1
starting,1
commandants,1
successfully,1
amateurs,1
idle,1
temporarily,1
inundated,1
power,1
think,1
mighty,1
toward,1
again,1
academy,1
locating,1
put,1
addition,1
financial,1
complementary,1
sauk,1
rectanglllar,1
shows,1
lack,1
coinage,1
tanlq,1
riverine,1
carbonized,1
plan,1
thurman,1
documents,1
layer,1
daily,1
associates,1
sedimentology,1
gray,1
scrap,1
terry,1
conclusions,1
enough,1
kit,1
adjacent,1
learn,1
covered,1
innovative,1
road,1
continuing,1
armed,1
creole,1
royal,1
ao,1
distance,1
style,1
acquire,1
number,1
going,1
boat,1
elevation,1
remove,1
conductedfieldwork,1
original,1
banlq,1
demonstrated,1
analyzed,1
collecting,1
situated,1
investigated,1
supplies,1
specializing,1
effectiveness,1
background,1
assemblages,1
discovery,1
completed,1
upon,1
eighteenth,1
bluff,1
bail,1
etablissements,1
enhanced,1
looking,1
sufficiently,1
recover,1
attributed,1
entirely,1
use,1
unfortunately,1
determining,1
largely,1
operated,1
gnd,1
parcel,1
decouvertes,1
sequence,1
coloxioll,1
resulting,1
laboratory,1
fer,1
cavalier,1
mile,1
instalsing,1
specimen,1
installed,1
low,1
perimeter,1
open,1
historic,1
authors,1
cunningham,1
hampered,1
raided,1
accounted,1
soldiers,1
peter,1
chink,1
allowed,1
caribbean,1
flood,1
oxidizing,1
jail,1
function,1
plant,1
cache,1
collaborator,1
indisputable,1
devise,1
filled,1
shortly,1
probable,1
retrieving,1
geonics,1
black,1
commercially,1
martin,1
monopolar,1
curtailing,1
exchange,1
especially,1
facing,1
written,1
systems,1
feet,1
sight,1
contact,1
shallow,1
wreck,1
dense,1
ethnohistory,1
southwest,1
relative,1
atlas,1
flintlock,1
ago,1
musket,1
normal,1
species,1
translator,1
challamel,1
standard,1
increasing,1
inedits,1
consists,1
unstable,1
dual,1
today,1
looted,1
publishing,1
window,1
fairly,1
continued,1
provide,1
crucial,1
weddle,1
maps,1
fortmichilimackinac,1
pieces,1
themichiganacademy,1
lines,1
logan,1
exists,1
success,1
interfere,1
detailed,1
digital,1
remaining,1
canada,1
length,1
rectangles,1
expectations,1
fall,1
composed,1
erie,1
types,1
saturated,1
face,1
ecofacts,1
articles,1
unusual,1
figured,1
generator,1
investigate,1
perplexities,1
acquired,1
anthropological,1
contained,1
variable,1
deposited,1
heavy,1
jouaust,1
archaeologies,1
conjunction,1
grand,1
biography,1
extending,1
extensive,1
extension,1
borgne,1
nated,1
precise,1
numismatic,1
reconnaissance,1
carl,1
symbol,1
rocky,1
here,1
eerdmans,1
detector,1
civilians,1
control,1
illuminate,1
anthropology,1
cutlery,1
cultures,1
descriptions,1
lying,1
extraction,1
exploration,1
capital,1
expense,1
wall,1
current,1
allied,1
eventually,1
iii,1
newman,1
acadian,1
very,1
goods,1
profhe,1
director,1
hostilities,1
pour,1
assessment,1
february,1
beginning,1
cal,1
hose,1
lrnown,1
economy,1
exposing,1
strained,1
discharge,1
selected,1
form,1
making,1
rebellion,1
proprietes,1
nearby,1
noticeable,1
ruin,1
leaving,1
problem,1
adaptation,1
extent,1
consisting,1
her,1
while,1
commander,1
collector,1
institute,1
lalqes,1
produce,1
servir,1
ideal,1
threat,1
hundreds,1
specializes,1
middle,1
outline,1
owner,1
transport,1
multiple,1
pits,1
uniform,1
gerard,1
commonly,1
plans,1
mccrary,1
step,1
rigid,1
territory,1
sheets,1
exceeded,1
extended,1
commodities,1
contribute,1
bloomfield,1
copper,1
families,1
magnetiques,1
crew,1
firms,1
goals,1
voyage,1
lasalle,1
eric,1
wild,1
spring,1
antenna,1
cambridge,1
detection,1
initiated,1
donald,1
numerous,1
sud,1
frame,1
newsletter,1
burnt,1
documentation,1
texas,1
dendrochronology,1
physical,1
sur,1
effects,1
piece,1
prosperity,1
colleagues,1
defined,1
increased,1
bartington,1
roughly,1
summary,1
anonymous,1
flooding,1
restored,1
specific,1
trente,1
removed,1
penetrated,1
themselves,1
myers,1
consisted,1
collars,1
deposition,1
maximum,1
substantial,1
stream,1
entire,1
gulf,1
trigger,1
mcclelland,1
recent,1
rude,1
operational,1
tract,1
rubble,1
deeper,1
continuously,1
