WORDCOUNTS,WEIGHT
the,627
of,408
and,357
in,223
a,133
sites,113
to,97
that,86
hinds,85
were,80
on,75
are,65
blue,57
from,55
type,54
texas,54
tool,53
for,52
projectile,50
with,50
areas,48
site,45
these,43
is,43
ranch,43
hills,42
survey,41
pecos,40
late,39
at,37
cave,37
by,37
an,36
archaic,36
points,35
university,34
formal,34
procurement,33
lower,32
was,32
used,30
as,30
two,29
plant,28
activities,27
tools,26
upland,25
val,25
verde,25
artifacts,24
isolates,24
plants,24
area,24
prehistoric,22
only,22
unifaces,22
between,22
be,22
it,21
no,21
or,21
present,21
not,21
most,20
been,20
types,20
artifact,19
rock,19
they,18
archeological,18
sotol,18
rockshelters,17
has,17
than,17
this,17
period,17
one,16
austin,16
canyon,16
m,16
associated,16
occurrences,16
both,16
total,15
their,15
density,15
suggest,15
also,15
burned,15
each,15
common,14
baker,14
number,14
middle,14
occur,14
represent,13
similar,13
flakes,13
which,13
archaeological,13
table,13
major,13
animals,12
modified,12
data,12
more,12
have,12
bp,11
j,11
recorded,11
excavations,11
proportion,11
study,11
had,11
but,11
region,11
amistad,11
analysis,11
stone,10
limestone,10
composition,10
resources,10
along,10
diversity,10
bs,10
leaves,10
vaughn,10
dn,10
pf,10
fb,10
ch,10
shafer,10
use,10
abundant,10
bulletin,10
archaeology,10
pt,10
paleoindian,10
up,10
fu,10
prickly,10
mf,10
if,9
other,9
hunting,9
papers,9
unpublished,9
journal,9
l,9
subsistence,9
n,9
salvage,9
during,9
deer,9
project,9
would,9
environment,9
contained,9
phd,9
while,9
early,9
observed,9
bifacial,8
into,8
before,8
s,8
within,8
point,8
sp,8
american,8
w,8
r,8
field,8
economic,8
processing,8
same,8
holloway,8
digging,8
adzes,8
report,8
game,8
bryant,8
lechuguilla,8
pear,8
among,8
college,7
conducted,7
occurred,7
throughout,7
g,7
distribution,7
show,7
recovered,7
coprolites,7
when,7
periods,7
south,7
indicates,7
technology,7
frequency,7
local,7
shelter,7
low,7
figure,7
remains,7
over,7
did,7
animal,7
xeric,7
suggests,7
contain,7
slopes,7
national,7
rockshelter,7
edge,6
uplands,6
mouth,6
there,6
some,6
except,6
immediate,6
david,6
may,6
river,6
statistical,6
lithic,6
outcrops,6
occupation,6
residential,6
work,6
presented,6
small,6
presence,6
research,6
society,6
populations,6
harry,6
make,6
southern,6
shows,6
where,6
remained,6
made,6
station,6
features,6
systems,6
middens,6
series,6
past,6
information,6
difference,6
evidence,6
association,6
c,6
should,6
studies,5
organic,5
cutting,5
location,5
those,5
reservoir,5
southwestern,5
since,5
sample,5
process,5
gathering,5
category,5
parkington,5
parida,5
denticulate,5
hafted,5
appears,5
sticks,5
pollen,5
near,5
douglas,5
transported,5
least,5
second,5
percentage,5
quarries,5
department,5
many,5
fragments,5
less,5
assemblages,5
deposits,5
significant,5
examination,5
i,5
adjacent,5
can,5
louisiana,5
chert,5
sandveld,5
science,5
aboriginal,5
anthropological,5
comparison,5
particular,5
variability,5
isolated,5
camps,5
although,5
d,5
final,4
cactus,4
yucca,4
test,4
all,4
available,4
differences,4
vegetation,4
robert,4
activity,4
richard,4
bone,4
aborigines,4
sw,4
b,4
special,4
redundancy,4
miscellaneous,4
arid,4
changes,4
prehistory,4
additional,4
cotton,4
faunal,4
search,4
record,4
either,4
settlement,4
absence,4
above,4
examined,4
memorial,4
occupations,4
isolate,4
wood,4
ethnology,4
conejo,4
mexico,4
discarded,4
comparing,4
ann,4
probably,4
southwest,4
uniface,4
abundance,4
africa,4
processed,4
often,4
semiarid,4
what,4
interval,4
fauna,4
supported,4
removed,4
km,4
adovasio,4
counts,4
barros,3
corms,3
e,3
trim,3
introduction,3
large,3
ma,3
h,3
western,3
lenses,3
source,3
joe,3
t,3
suggesting,3
daily,3
juniper,3
bonfire,3
knife,3
central,3
such,3
bison,3
leaf,3
jr,3
kind,3
rank,3
severed,3
canyons,3
apparently,3
higher,3
his,3
eight,3
selected,3
butcher,3
impact,3
four,3
exploited,3
mescal,3
followed,3
strategy,3
greater,3
raw,3
p,3
international,3
cores,3
produced,3
fish,3
well,3
county,3
lorrain,3
taxa,3
arenosa,3
attributed,3
around,3
components,3
alluvial,3
annual,3
results,3
fiber,3
partially,3
san,3
variety,3
service,3
brief,3
hester,3
surveyed,3
about,3
collect,3
museum,3
included,3
lord,3
increasingly,3
mark,3
new,3
end,3
bh,3
michael,3
necessary,3
histogram,3
distance,3
range,3
mazel,3
laboratory,3
high,3
distinction,3
mountain,3
k,3
become,3
residue,3
figures,3
species,3
continued,3
antiquity,3
united,3
stratified,3
any,3
extensive,3
epidermal,3
soil,3
temporal,3
binford,3
different,3
rarely,3
collectors,3
coprolite,3
dibble,3
art,3
prewitt,3
through,3
content,3
press,3
african,3
varied,3
shown,3
average,3
states,3
assumed,3
valley,3
df,3
abandoned,3
increase,3
frequent,2
does,2
o,2
limits,2
stylistic,2
functional,2
cells,2
northeast,2
debris,2
he,2
fate,2
live,2
park,2
excavation,2
my,2
accumulation,2
meters,2
hatched,2
garth,2
broken,2
date,2
miles,2
surveys,2
case,2
botanical,2
eastern,2
primary,2
bases,2
design,2
possible,2
illustrate,2
west,2
owners,2
collection,2
consumed,2
due,2
elton,2
base,2
occurs,2
tucson,2
highest,2
allowing,2
compared,2
left,2
even,2
transactions,2
word,2
flake,2
rather,2
how,2
contour,2
rats,2
mile,2
makes,2
lacking,2
ascending,2
marks,2
established,2
observations,2
upper,2
age,2
surface,2
important,2
mussel,2
cut,2
erosion,2
diet,2
academic,2
cultural,2
focused,2
province,2
viewed,2
cannot,2
scale,2
publications,2
required,2
bow,2
stations,2
because,2
having,2
scatters,2
part,2
overview,2
place,2
records,2
occupied,2
surrounding,2
nodules,2
formations,2
archeology,2
change,2
below,2
microfilms,2
quite,2
mi,2
mesic,2
paleoecology,2
reflected,2
preliminary,2
shrublands,2
chronological,2
will,2
f,2
therefore,2
tasks,2
various,2
located,2
exception,2
reduce,2
macrobotanical,2
persimmon,2
collapsed,2
single,2
keeley,2
interpretation,2
requiring,2
me,2
complete,2
culture,2
chihuahuan,2
illustrated,2
hearth,2
bar,2
regional,2
toward,2
procured,2
hearths,2
towards,2
water,2
lack,2
stevens,2
eagle,2
decreases,2
john,2
distal,2
pattern,2
took,2
ground,2
turpin,2
clusters,2
material,2
style,2
dots,2
saunders,2
collecting,2
trimmed,2
residues,2
iso,2
hunted,2
previous,2
three,2
so,2
function,2
mammals,2
earlier,2
fred,2
provides,2
methods,2
feet,2
james,2
story,2
northern,2
cape,2
relative,2
stick,2
pottery,2
widely,2
carried,2
triangles,2
today,2
fairly,2
provide,2
employment,2
fewer,2
discard,2
primarily,2
spp,2
examine,2
kill,2
zeekoe,2
exists,2
chadderdon,2
methodist,2
jelks,2
must,2
quaternary,2
berkeley,2
alexander,2
robey,2
foundation,2
particularly,2
collins,2
very,2
william,2
economy,2
accounts,2
larson,2
finished,2
transport,2
conclude,2
dee,2
republic,2
world,2
mention,2
formation,2
sediments,2
recording,2
locations,2
decrease,2
temperature,2
actively,2
approximately,2
include,2
fractures,2
specific,2
dancey,2
bell,2
butchering,2
given,2
ends,2
whenever,2
north,2
successive,2
surroundings,1
amphibians,1
smoke,1
currently,1
mostly,1
rate,1
nodule,1
prefer,1
solveig,1
horizontal,1
concerned,1
indicated,1
mardeth,1
pittsburgh,1
faced,1
affected,1
resulted,1
determine,1
red,1
rhine,1
mountains,1
manuscript,1
necessitates,1
ranches,1
group,1
center,1
needed,1
effective,1
tend,1
formed,1
likely,1
confines,1
sickle,1
squirrels,1
comparisons,1
necessarily,1
stan,1
pauite,1
misinterpreting,1
nonetheless,1
contact,1
negative,1
being,1
first,1
archaeologists,1
seminole,1
sources,1
chenopodium,1
supposedly,1
topographic,1
localities,1
production,1
neolithic,1
handle,1
repertoire,1
taken,1
concentrated,1
season,1
reptiles,1
worked,1
nature,1
containing,1
utah,1
delineation,1
shaped,1
buildup,1
archaeologically,1
reasons,1
alvia,1
chevelon,1
producing,1
thanks,1
court,1
beds,1
take,1
nt,1
devils,1
feature,1
consist,1
mr,1
principal,1
decreased,1
somewhat,1
visibility,1
context,1
contents,1
debitage,1
system,1
erosional,1
evaluation,1
side,1
basketry,1
linear,1
weathered,1
sought,1
shafts,1
u,1
agriculture,1
jack,1
account,1
holocene,1
occupying,1
logical,1
cooperation,1
condition,1
paucity,1
alter,1
october,1
occupy,1
zooarchaeology,1
ovens,1
occurring,1
combination,1
far,1
choppers,1
selecting,1
paleoenvironment,1
economies,1
ofcalifornia,1
inventory,1
framework,1
ranked,1
exist,1
repeatedly,1
implements,1
human,1
walapai,1
apex,1
review,1
differential,1
reused,1
blades,1
curated,1
interior,1
against,1
tables,1
intact,1
interest,1
characteristic,1
janet,1
concentrations,1
extensively,1
tape,1
moorehead,1
cases,1
items,1
old,1
response,1
hatchet,1
lechugilla,1
six,1
served,1
dates,1
third,1
estimate,1
thin,1
spin,1
find,1
kelly,1
archaeologist,1
memoir,1
negating,1
lookout,1
netting,1
stratum,1
guard,1
commanding,1
unused,1
industries,1
conou,1
employ,1
morehead,1
manipulated,1
commissioners,1
ocs,1
whose,1
without,1
identification,1
aeo,1
scrapers,1
obtained,1
paths,1
landscape,1
bifaces,1
survives,1
determining,1
risk,1
probability,1
after,1
se,1
certain,1
waterholes,1
contributions,1
scattered,1
factors,1
consistency,1
support,1
means,1
facilitated,1
discouraged,1
geosciences,1
organized,1
dated,1
clearly,1
section,1
just,1
dominate,1
mary,1
differs,1
frequently,1
orientation,1
resource,1
beyond,1
terminology,1
permanent,1
dominant,1
suggested,1
view,1
appear,1
whereas,1
character,1
uses,1
archival,1
based,1
identifying,1
path,1
plateau,1
nancy,1
could,1
acknowledgments,1
resharpened,1
seven,1
conspicuous,1
out,1
noncurated,1
coontail,1
facilitate,1
schuetz,1
calk,1
streambanks,1
initial,1
ethnohistorical,1
glacial,1
pastoralist,1
further,1
spotted,1
fourth,1
neighboring,1
though,1
caves,1
cuts,1
stock,1
inches,1
excellent,1
younger,1
however,1
expedient,1
explain,1
aridity,1
cretaceous,1
wide,1
method,1
flaked,1
wayne,1
vegetal,1
sparse,1
basis,1
distinguish,1
paleoenvironmental,1
inferred,1
received,1
preferred,1
nine,1
future,1
unless,1
denticulates,1
significantly,1
purpose,1
tributary,1
macrofossil,1
knowledge,1
apparent,1
layered,1
indigenous,1
its,1
revealed,1
description,1
woodland,1
loss,1
categories,1
trimming,1
sta,1
beavers,1
intermediate,1
postulated,1
broad,1
climatic,1
contains,1
truncated,1
perishable,1
winter,1
irving,1
rodents,1
away,1
reconstructing,1
memoirs,1
isabel,1
lithics,1
count,1
siteless,1
regions,1
aa,1
legacy,1
caused,1
working,1
ocss,1
drier,1
plainsanthropologist,1
order,1
sharp,1
involved,1
encompasses,1
several,1
spanish,1
meekel,1
characteristics,1
few,1
wider,1
smithsonian,1
grow,1
industry,1
observe,1
nomads,1
sharpen,1
geomorphic,1
shaded,1
climate,1
distinguished,1
coast,1
always,1
briuer,1
visible,1
progress,1
dependent,1
maxwell,1
ta,1
loci,1
proper,1
using,1
structured,1
rn,1
provided,1
ee,1
pinyon,1
massive,1
geographical,1
subsequently,1
span,1
inset,1
led,1
lookouts,1
situation,1
biocultural,1
reduced,1
practices,1
ken,1
gradual,1
limited,1
edges,1
diagnostic,1
nearly,1
april,1
intensively,1
grande,1
expanded,1
adze,1
jackrabbits,1
mcconaughy,1
inhabited,1
tends,1
selection,1
vicinity,1
biological,1
scarcity,1
retrieved,1
buddy,1
communities,1
paleohydrological,1
yet,1
patton,1
coverage,1
represents,1
adequate,1
serve,1
taut,1
mobile,1
neither,1
specimens,1
breakage,1
ethnographic,1
ofarchaic,1
encampments,1
al,1
experiment,1
largest,1
reports,1
reliance,1
noted,1
sheen,1
maintained,1
boundariesamong,1
skeletons,1
useful,1
volume,1
sam,1
inhabitants,1
lewis,1
texasisaunders,1
others,1
locating,1
dessamae,1
ringtails,1
fact,1
riverine,1
occurrence,1
foods,1
disturbed,1
scar,1
together,1
break,1
antonio,1
gray,1
contemporary,1
identical,1
diameter,1
distributions,1
fashion,1
man,1
removal,1
anthropologist,1
enough,1
hand,1
retooled,1
do,1
monographs,1
conserving,1
ashei,1
model,1
intersite,1
woodshavings,1
strategies,1
native,1
jeremiah,1
eds,1
flint,1
ignoring,1
shifts,1
ecology,1
convenient,1
raccoons,1
years,1
vegetational,1
demonstrated,1
matrix,1
analyzed,1
mice,1
reveals,1
extended,1
rio,1
disease,1
survive,1
upon,1
values,1
skunks,1
desert,1
snakes,1
drills,1
including,1
previously,1
sixth,1
campsite,1
looking,1
scudder,1
foxes,1
samples,1
mosaic,1
grassland,1
tx,1
food,1
angle,1
rivers,1
francis,1
conditions,1
shortcomings,1
products,1
submitted,1
trend,1
rare,1
variables,1
recovery,1
radiocarbon,1
full,1
california,1
dating,1
described,1
versions,1
open,1
clear,1
andrews,1
maurice,1
taxonomic,1
dominated,1
maintenance,1
held,1
individual,1
symposium,1
times,1
plains,1
allowed,1
smithfield,1
chipping,1
like,1
sandals,1
summer,1
him,1
collected,1
dry,1
ted,1
preservation,1
thomas,1
usgs,1
why,1
patterns,1
strongly,1
random,1
outside,1
article,1
parallel,1
constructing,1
relation,1
excluded,1
butchered,1
availability,1
hunters,1
artichoke,1
white,1
dominance,1
locales,1
saw,1
we,1
institution,1
leroy,1
tendency,1
atlas,1
kristin,1
adaptive,1
concluded,1
division,1
hunt,1
covered,1
detach,1
assigned,1
resharpenable,1
perry,1
note,1
bulk,1
washed,1
ecological,1
five,1
chop,1
maps,1
claimed,1
hill,1
arrow,1
lecheguilla,1
ascribing,1
inside,1
quarrying,1
investigators,1
who,1
lost,1
health,1
deposit,1
detailed,1
began,1
millennia,1
lawrence,1
paleofauna,1
indicate,1
life,1
class,1
cottontails,1
exclude,1
construction,1
walnuts,1
fall,1
frontier,1
investigate,1
conservation,1
freshwater,1
sampson,1
stratigraphic,1
seacow,1
flagging,1
then,1
gatherer,1
bean,1
muskrats,1
conclusion,1
mentioned,1
simplify,1
wear,1
flora,1
known,1
physical,1
charles,1
text,1
associtable,1
ni,1
control,1
rainfall,1
readily,1
anthropology,1
zekooe,1
worth,1
downslope,1
appendix,1
mantle,1
intrusion,1
visiting,1
searched,1
ar,1
constant,1
associations,1
living,1
aiewt,1
advances,1
beginning,1
incised,1
glenna,1
completion,1
proceedings,1
carefully,1
spatial,1
stockton,1
stability,1
cooking,1
form,1
texasarcheological,1
supports,1
excursions,1
agricultural,1
calculations,1
theory,1
temporally,1
angela,1
problem,1
adaptation,1
ethnography,1
figs,1
repetitive,1
periphery,1
argued,1
require,1
property,1
almost,1
missed,1
ideal,1
replacement,1
zopilote,1
size,1
marking,1
little,1
level,1
hornfels,1
preserved,1
multiple,1
edwards,1
marmaduke,1
attached,1
sea,1
city,1
became,1
techniques,1
step,1
controls,1
reconstruct,1
catfish,1
duration,1
qualitative,1
allows,1
pole,1
frances,1
lists,1
argues,1
ignored,1
finding,1
numerous,1
materials,1
fibers,1
ended,1
salt,1
define,1
pictographs,1
need,1
manufacture,1
smaller,1
involving,1
france,1
effects,1
defined,1
fthe,1
recalling,1
shift,1
increased,1
sides,1
mae,1
summary,1
flooding,1
needs,1
potential,1
apart,1
ated,1
coahuila,1
discontinuous,1
gordon,1
palynologists,1
lake,1
yearround,1
agrees,1
damp,1
views,1
deposition,1
maximum,1
traditional,1
images,1
much,1
herders,1
profiles,1
virtue,1
humphreys,1
showed,1
close,1
