WORDCOUNTS,WEIGHT
the,200
of,159
and,85
a,81
in,75
to,60
is,41
with,30
by,27
this,27
as,26
that,26
it,23
on,21
from,19
its,17
an,15
their,14
have,14
for,13
these,12
archaeology,12
or,11
but,11
has,11
which,11
be,11
was,10
more,10
were,10
would,10
not,9
he,9
they,9
one,9
rather,8
been,8
through,8
area,8
early,8
than,8
are,7
new,7
there,7
part,7
no,6
his,6
how,6
political,6
what,6
own,6
archaeological,6
recent,6
at,5
now,5
without,5
american,5
us,5
western,5
only,5
also,5
other,5
areas,5
empire,5
cultural,5
papers,5
perhaps,5
maya,5
account,5
some,5
very,5
ideas,5
building,5
civilization,4
common,4
soviet,4
might,4
represented,4
just,4
about,4
two,4
social,4
each,4
all,4
many,4
paper,4
state,4
those,4
though,4
well,4
work,4
contacts,4
largely,4
historical,4
we,4
i,4
often,4
world,4
inka,3
iran,3
whose,3
subject,3
approaches,3
university,3
objects,3
anthropological,3
age,3
show,3
set,3
important,3
history,3
anthropology,3
asia,3
moving,3
different,3
shows,3
societies,3
pattern,3
hand,3
do,3
within,3
them,3
relevant,3
theory,3
view,3
urban,3
both,3
role,3
whole,3
come,3
such,3
so,3
contrast,3
remains,3
shift,3
several,3
back,3
between,3
c,3
kinship,3
philip,3
can,3
up,3
archaeologist,3
present,3
separate,3
may,2
will,2
originally,2
various,2
scientific,2
links,2
foreign,2
groups,2
across,2
does,2
rapid,2
institutions,2
community,2
contributions,2
translation,2
detailed,2
still,2
itself,2
becoming,2
complex,2
why,2
study,2
united,2
communities,2
indus,2
yet,2
thought,2
understand,2
established,2
ancient,2
image,2
emergence,2
then,2
culture,2
viewpoints,2
iranian,2
too,2
themes,2
most,2
simply,2
begins,2
first,2
archaeologists,2
follow,2
indicate,2
paleolithic,2
problem,2
volume,2
earle,2
here,2
ii,2
taken,2
decades,2
binford,2
into,2
advanced,2
nature,2
cultures,2
lack,2
plateau,2
down,2
healthy,2
universal,2
time,2
centers,2
particularly,2
larger,2
far,2
contemporary,2
redistribute,2
iron,2
considerable,2
nevertheless,2
past,2
external,2
last,2
forms,2
accurately,2
further,2
following,2
precisely,2
influences,2
equally,2
current,2
none,2
advantages,2
where,2
behind,2
indirect,2
context,2
less,2
sound,2
scale,2
seem,2
contrasting,2
lowlands,2
inscriptions,2
chalcolithic,2
while,2
america,2
polities,2
changed,2
influenced,2
local,2
basis,2
artifacts,2
art,2
drawn,2
chang,2
made,2
range,2
information,2
circumstances,2
fine,2
future,2
point,2
understanding,2
city,2
knowledge,2
yellen,2
data,2
mosaic,2
warfare,2
arthur,2
discussions,2
indians,2
using,2
people,2
willey,2
tribute,2
structures,2
contrasts,2
throughout,2
clusters,2
evidence,2
subsequent,2
years,2
since,2
against,2
approach,2
good,2
change,2
americas,2
hard,2
period,2
belongs,2
buildings,2
structuralism,2
latter,2
specific,2
pluralism,2
response,2
evolutionary,2
temporary,2
research,2
themselves,2
third,2
way,2
when,2
even,2
little,2
journal,2
much,2
apparently,2
connections,2
architecture,1
model,1
summed,1
disparagingly,1
genesis,1
chronological,1
postparadigm,1
given,1
democracy,1
handle,1
landscapes,1
baluchistan,1
underlies,1
san,1
currently,1
readable,1
second,1
units,1
reconstruction,1
fairservis,1
struggle,1
me,1
doubts,1
ceremonial,1
implications,1
characterize,1
outsider,1
territorial,1
punch,1
surveys,1
fraction,1
multistory,1
programmatic,1
george,1
avoiding,1
fertile,1
if,1
later,1
bring,1
crucial,1
usually,1
economic,1
castigates,1
five,1
mark,1
names,1
separated,1
notable,1
although,1
impressive,1
remain,1
commitment,1
site,1
copies,1
go,1
represent,1
released,1
explicit,1
andean,1
florescence,1
alternations,1
process,1
implies,1
concern,1
dimensions,1
outlaws,1
who,1
unique,1
commended,1
transformed,1
goes,1
opportunity,1
introduction,1
gem,1
intervention,1
corpora,1
manuscript,1
currency,1
earlier,1
r,1
expeditionary,1
contribution,1
interplay,1
torial,1
similar,1
remaining,1
grew,1
certain,1
group,1
modes,1
large,1
southern,1
mesoamerica,1
direct,1
unfamiliar,1
replaced,1
posted,1
rupture,1
religious,1
makes,1
digest,1
enigmatic,1
susiana,1
commend,1
spectacular,1
mobility,1
judicious,1
analysis,1
form,1
quite,1
lungshan,1
omits,1
artistic,1
join,1
control,1
flux,1
archaeometric,1
frontier,1
magnification,1
usefully,1
supposed,1
edited,1
centres,1
elaboration,1
interpretation,1
centuries,1
bakhtiari,1
references,1
commending,1
arid,1
inconsistent,1
recognise,1
easily,1
studies,1
read,1
perceptions,1
commends,1
results,1
subordinated,1
relationships,1
case,1
modern,1
parts,1
monolithic,1
continuity,1
ashmolean,1
speculative,1
wheeled,1
civilizations,1
restricted,1
seistan,1
position,1
amidst,1
justified,1
introducton,1
seems,1
familiar,1
intensive,1
technical,1
india,1
fail,1
variable,1
planned,1
subset,1
clearly,1
thinking,1
light,1
constant,1
complete,1
proposed,1
material,1
arrived,1
paleopathologists,1
same,1
archetypal,1
postulates,1
horreae,1
dialectical,1
mary,1
comes,1
ed,1
conclusion,1
relativism,1
topical,1
chief,1
exemplification,1
reviewed,1
conjunction,1
w,1
upper,1
practices,1
industrial,1
hints,1
existence,1
zagros,1
advertising,1
struck,1
proclivities,1
prehistoric,1
being,1
exploited,1
she,1
textile,1
regional,1
mythologies,1
intermontane,1
fugitive,1
kohl,1
exposition,1
picture,1
disciplinary,1
destabilizing,1
bronze,1
favors,1
useful,1
temporal,1
lee,1
enclaves,1
modest,1
expertise,1
textual,1
every,1
three,1
drugs,1
repeatedly,1
lewis,1
preceding,1
name,1
puts,1
letters,1
production,1
human,1
paul,1
interests,1
index,1
book,1
essays,1
dominant,1
challenge,1
technique,1
power,1
trigger,1
school,1
give,1
factory,1
think,1
opinion,1
secondary,1
equivalent,1
know,1
mantaro,1
darwinian,1
spend,1
dynastic,1
attempt,1
audience,1
over,1
synthesizes,1
conceived,1
similarly,1
methodology,1
put,1
intellectual,1
capitalist,1
colonization,1
principle,1
iconography,1
bureaucracy,1
analogies,1
towards,1
successively,1
huge,1
had,1
worldsystems,1
interrupted,1
hype,1
construct,1
closely,1
root,1
heirlooms,1
dramatically,1
protests,1
handling,1
pastoral,1
confident,1
deal,1
heavier,1
allan,1
consideration,1
retaining,1
wide,1
gone,1
capital,1
excavating,1
arising,1
best,1
could,1
antithetic,1
kegan,1
appearance,1
breaking,1
suggesting,1
together,1
inherent,1
display,1
reasons,1
demolishes,1
diagnosed,1
reminiscent,1
differences,1
p,1
redistributive,1
hallucinogenic,1
forces,1
situating,1
origin,1
pretty,1
inevitably,1
achievement,1
exploiting,1
out,1
stereotype,1
typologies,1
described,1
grey,1
warning,1
any,1
antonio,1
closer,1
farming,1
demographic,1
lineage,1
religion,1
chlorite,1
benefit,1
rightly,1
doubt,1
survey,1
kingdom,1
configuration,1
help,1
convert,1
enlarged,1
equivalents,1
faculty,1
agree,1
serious,1
consciousness,1
expound,1
chiefdom,1
marxist,1
question,1
pastoralist,1
faithful,1
evident,1
academic,1
traversed,1
latest,1
beginning,1
concepts,1
terence,1
seduced,1
knows,1
chinese,1
working,1
sympathetically,1
thousands,1
focused,1
sociological,1
discipline,1
reading,1
somewhat,1
economy,1
reviews,1
literature,1
continuing,1
vs,1
aspects,1
sharpened,1
appears,1
terms,1
population,1
autonomous,1
accumulated,1
panglossian,1
undermined,1
answer,1
cannot,1
kingdoms,1
accounts,1
received,1
side,1
empty,1
oxus,1
appearing,1
classic,1
exotic,1
harappan,1
placed,1
metaphor,1
agricultural,1
suspect,1
throws,1
shamanism,1
unlike,1
egyptologists,1
badly,1
invitation,1
your,1
isbn,1
ideological,1
required,1
andre,1
novelty,1
levant,1
distribution,1
scattered,1
routledge,1
style,1
method,1
gives,1
shifts,1
really,1
territoriality,1
saying,1
vehicle,1
outlines,1
irrigation,1
valleys,1
complementary,1
stray,1
agenda,1
reminds,1
sites,1
abuse,1
original,1
classical,1
fight,1
colonies,1
another,1
having,1
storage,1
participation,1
development,1
long,1
suggests,1
emphasis,1
centuriation,1
marked,1
incorporated,1
outlying,1
revealed,1
activity,1
diverse,1
situated,1
used,1
vast,1
size,1
discussion,1
nomotheticdeductive,1
rulers,1
bc,1
disease,1
reflection,1
gradation,1
establishing,1
examples,1
solely,1
cambridge,1
imports,1
distinction,1
discovery,1
capable,1
fitting,1
john,1
writers,1
limitations,1
glitzy,1
heart,1
sides,1
consequently,1
concept,1
formal,1
region,1
scaled,1
nomads,1
reported,1
horse,1
say,1
compelling,1
demarest,1
explains,1
despite,1
stuff,1
representative,1
resources,1
mesopotamian,1
household,1
increase,1
see,1
colonize,1
faithfully,1
became,1
bowls,1
anticipated,1
along,1
comment,1
homeland,1
elite,1
crafts,1
medium,1
wonder,1
description,1
uncovered,1
ritual,1
disciplines,1
must,1
assumptions,1
formula,1
controlling,1
bears,1
significant,1
conkey,1
use,1
food,1
realm,1
romanists,1
collection,1
olympian,1
causes,1
partly,1
consult,1
surplus,1
framework,1
harvard,1
tackles,1
goals,1
questions,1
coming,1
heighten,1
polity,1
central,1
ends,1
styles,1
tradeoff,1
thus,1
accommodate,1
andrew,1
includes,1
huntergatherers,1
outposts,1
full,1
buying,1
sees,1
previous,1
review,1
complemented,1
intercultural,1
necessarily,1
scientism,1
uruk,1
complicated,1
urbanism,1
merchants,1
achieving,1
models,1
involves,1
proceeded,1
fieldwork,1
preparation,1
versions,1
cosmopolitan,1
unable,1
clear,1
known,1
horizon,1
hundreds,1
representing,1
my,1
enthusiastic,1
margaret,1
charts,1
tackled,1
importance,1
authors,1
stress,1
hierarchy,1
opens,1
brand,1
regions,1
de,1
related,1
grant,1
beyond,1
bibliography,1
points,1
millennium,1
aided,1
peter,1
interest,1
explanation,1
logic,1
growing,1
characteristic,1
tone,1
forgotten,1
creating,1
leave,1
offer,1
excavated,1
mixed,1
least,1
instead,1
mesopotamia,1
grown,1
include,1
architectural,1
consumer,1
sense,1
incompleteness,1
powerful,1
correlated,1
characterized,1
dense,1
price,1
like,1
flood,1
need,1
constituent,1
general,1
correct,1
realization,1
unnecessarily,1
smaller,1
parallels,1
suggest,1
high,1
debts,1
housed,1
thoughtful,1
integration,1
abrupt,1
semitic,1
trading,1
accompanies,1
stresses,1
piece,1
lie,1
administrative,1
clues,1
kind,1
practiced,1
interacting,1
anyone,1
after,1
diaspora,1
mediterranean,1
attributing,1
emphasizes,1
tangible,1
sir,1
settlement,1
inscription,1
ca,1
maintaining,1
old,1
increased,1
late,1
classification,1
demand,1
small,1
tim,1
pages,1
summary,1
perspective,1
comparison,1
needs,1
introverted,1
profitably,1
graves,1
sufficient,1
especially,1
territories,1
convincing,1
wider,1
republics,1
highly,1
body,1
archaeometry,1
humanistic,1
materialism,1
wares,1
gilman,1
pressures,1
painted,1
convey,1
denser,1
statements,1
compared,1
gordon,1
respectively,1
lifestyles,1
cohen,1
single,1
clarity,1
effect,1
purely,1
widely,1
symbol,1
availability,1
cognitive,1
characterizes,1
texts,1
views,1
substantial,1
probably,1
uniformity,1
element,1
valley,1
field,1
entire,1
persuaded,1
greece,1
dependent,1
interaction,1
carmel,1
astonishing,1
turkmenia,1
focus,1
critique,1
coexistence,1
strong,1
offers,1
intelligent,1
looms,1
roots,1
north,1
famous,1
breathless,1
should,1
quarter,1
finds,1
informed,1
relic,1
indianization,1
built,1
shifted,1
showed,1
encompassing,1
decay,1
marxism,1
fogg,1
valuable,1
close,1
massive,1
logistics,1
dispossessed,1
geographical,1
stereotypes,1
major,1
occur,1
antidote,1
incentive,1
looking,1
cclk,1
neolithic,1
let,1
battles,1
input,1
