WORDCOUNTS,WEIGHT
the,310
of,230
and,139
a,106
to,95
in,84
is,64
are,51
that,42
be,40
color,37
at,34
for,34
by,33
on,31
with,29
soil,29
from,28
it,26
retouch,26
not,25
this,25
as,24
types,22
were,22
one,21
sopa,21
have,21
was,20
or,19
an,19
these,18
blade,17
which,17
categories,15
saa,15
will,14
they,14
those,14
has,14
retouched,14
use,13
i,13
servia,13
some,13
made,13
blades,13
field,13
been,12
geometric,12
cm,12
there,12
charts,12
archaeology,12
using,12
w,11
archaeologists,11
membership,11
all,11
material,11
its,11
archaeological,11
than,11
arrowheads,10
edge,10
used,10
both,10
chart,10
we,10
recording,10
blank,10
professional,10
without,9
piece,9
their,9
but,9
two,9
members,9
raw,9
other,9
method,9
may,8
no,8
site,8
pieces,8
k,8
flake,8
excavation,8
any,8
only,8
dr,8
more,8
assessments,8
j,8
very,8
where,8
london,8
small,8
news,8
can,8
if,7
l,7
short,7
about,7
might,7
found,7
survey,7
artifacts,7
serrated,7
excavations,7
need,7
fine,7
obsidian,7
early,7
levels,6
who,6
similar,6
b,6
bifacial,6
my,6
s,6
mn,6
munsell,6
part,6
chert,6
study,6
margins,5
note,5
various,5
transverse,5
figure,5
contributions,5
means,5
arrowhead,5
microliths,5
sickle,5
university,5
total,5
must,5
most,5
had,5
first,5
bronze,5
long,5
three,5
many,5
england,5
time,5
tiny,5
well,5
outline,5
tanged,5
would,5
average,5
research,5
c,5
preliminary,5
society,5
societies,5
given,4
o,4
above,4
considerably,4
introduction,4
methods,4
notched,4
into,4
cit,4
descriptions,4
flints,4
consistent,4
either,4
neolithic,4
m,4
colors,4
ridley,4
seems,4
standards,4
out,4
chroma,4
what,4
serrating,4
form,4
list,4
notch,4
number,4
information,4
size,4
quartzite,4
sequence,4
national,4
profession,4
cambridge,4
since,4
op,4
so,4
tatar,4
least,4
eba,4
adams,4
when,4
archaeologist,4
journal,4
because,4
much,4
among,4
value,4
should,4
greek,4
periods,3
now,3
he,3
likely,3
common,3
way,3
sometimes,3
en,3
cressida,3
sensitive,3
excavators,3
make,3
group,3
analysis,3
formed,3
itself,3
table,3
consistency,3
segment,3
museum,3
later,3
committee,3
description,3
paper,3
light,3
proved,3
same,3
impact,3
already,3
age,3
four,3
cutting,3
experience,3
extensive,3
ethics,3
lateral,3
blindness,3
over,3
appear,3
truncated,3
different,3
prehistoric,3
available,3
secondary,3
broken,3
half,3
seven,3
larger,3
new,3
ln,3
disorders,3
shapes,3
further,3
do,3
beginning,3
american,3
within,3
tools,3
papers,3
them,3
whether,3
particular,3
otherwise,3
occasional,3
projectile,3
perhaps,3
announcements,3
task,3
institute,3
shape,3
produce,3
recommended,3
soils,3
r,3
urged,3
little,3
pecos,3
techniques,3
rhomiopoulou,3
archaeologylvol,3
phase,3
individuals,3
unrecognizable,3
described,3
such,3
surface,3
functions,3
macedonia,3
points,3
individual,3
although,3
standard,3
cases,3
settlement,3
late,3
classification,3
problems,3
compared,3
effective,3
annual,3
working,3
conference,3
am,3
triangular,3
phases,2
does,2
mostly,2
applications,2
me,2
matter,2
difficult,2
act,2
rather,2
science,2
ba,2
economic,2
five,2
main,2
groups,2
program,2
morphology,2
support,2
unit,2
address,2
exception,2
becomes,2
dimensions,2
attempt,2
our,2
incoming,2
executive,2
benjamin,2
miami,2
join,2
melos,2
hon,2
core,2
mrs,2
drawings,2
remains,2
experienced,2
microcomputers,2
susan,2
drill,2
matters,2
us,2
organization,2
river,2
necessary,2
botany,2
then,2
before,2
complete,2
represented,2
send,2
watson,2
variety,2
committees,2
mentioned,2
natural,2
too,2
manual,2
establish,2
department,2
detect,2
e,2
n,2
robert,2
published,2
fill,2
volume,2
chips,2
inexperienced,2
also,2
flakes,2
established,2
founding,2
important,2
view,2
action,2
taking,2
experiments,2
unstratified,2
based,2
shows,2
longer,2
deal,2
seem,2
believe,2
indicate,2
microlith,2
p,2
together,2
end,2
real,2
historical,2
cores,2
removal,2
typological,2
assessment,2
better,2
handbook,2
sighted,2
centre,2
according,2
bulbar,2
system,2
cannot,2
british,2
moisture,2
procedures,2
right,2
aspects,2
plane,2
sites,2
another,2
original,2
felt,2
apparently,2
data,2
certain,2
own,2
surfaces,2
presented,2
occasionally,2
maritime,2
measuring,2
clear,2
code,2
force,2
county,2
x,2
apparent,2
reports,2
describe,2
remarks,2
broader,2
haliakmon,2
recovery,2
like,2
member,2
systematic,2
years,2
count,2
flaking,2
author,2
recognizable,2
interest,2
tool,2
varieties,2
august,2
documentation,2
include,2
divisions,2
normally,2
describing,2
d,2
range,2
below,2
burin,2
smaller,2
sample,2
z,2
kind,2
defined,2
forming,2
after,2
last,2
bank,2
margin,2
geologists,2
between,2
often,2
industry,2
editors,2
britain,2
st,2
greece,2
utah,2
figures,2
occupied,2
egs,2
stone,2
general,2
meeting,2
showed,2
obtained,2
behalf,2
verulamium,2
misshapen,1
distribution,1
final,1
dealing,1
activation,1
carried,1
things,1
f,1
directors,1
sejournal,1
enough,1
converge,1
order,1
tests,1
related,1
colour,1
cation,1
currently,1
situation,1
change,1
york,1
silica,1
owes,1
whose,1
typologie,1
diagrams,1
applicant,1
plotted,1
next,1
attempts,1
due,1
replied,1
fairly,1
hostility,1
george,1
his,1
segments,1
square,1
katerina,1
sessions,1
usually,1
performance,1
employed,1
you,1
imported,1
practical,1
service,1
how,1
overall,1
result,1
concern,1
behave,1
through,1
environmental,1
computing,1
months,1
exist,1
dimension,1
fair,1
lts,1
concerns,1
precautions,1
process,1
present,1
referred,1
monuments,1
poor,1
gift,1
whatever,1
get,1
percussion,1
detailed,1
still,1
examined,1
arm,1
blanks,1
contemplating,1
rescue,1
notably,1
polls,1
effectively,1
proportion,1
changed,1
mile,1
eight,1
idiosyncratic,1
reservations,1
trench,1
covering,1
length,1
discover,1
hester,1
groupings,1
hold,1
tends,1
bsa,1
directorate,1
special,1
wishing,1
vicinity,1
black,1
biological,1
quite,1
unknown,1
northamptonshire,1
hole,1
feel,1
frank,1
future,1
surprising,1
cheap,1
oxford,1
extremes,1
supposed,1
ing,1
specialist,1
copa,1
h,1
od,1
reason,1
modified,1
eighteen,1
examine,1
studies,1
recommendation,1
gsa,1
serve,1
cumbersome,1
redeposited,1
affect,1
want,1
wanted,1
biased,1
trapezes,1
prehistory,1
generously,1
water,1
locally,1
trace,1
tintometer,1
addressed,1
inconsistencies,1
favorable,1
dissertation,1
school,1
ancient,1
immediate,1
reflects,1
presents,1
processing,1
scopes,1
yellow,1
falls,1
bit,1
motel,1
section,1
readers,1
just,1
sievel,1
following,1
opens,1
rectangular,1
mary,1
englewood,1
jaws,1
nw,1
du,1
largest,1
outspoken,1
show,1
noted,1
being,1
she,1
shorter,1
characteristics,1
powerful,1
encouragement,1
follow,1
asca,1
sistent,1
hertfordshire,1
appeared,1
fund,1
showing,1
abundant,1
definite,1
mound,1
requires,1
undoubtedly,1
june,1
commonly,1
name,1
successfully,1
recall,1
welland,1
begin,1
here,1
paul,1
athens,1
rinehart,1
column,1
set,1
verify,1
helped,1
fitzwilliam,1
anagnostopoulos,1
manuapls,1
taken,1
provisional,1
quickly,1
know,1
faced,1
toward,1
others,1
ian,1
drawing,1
angles,1
aim,1
wiltshire,1
bdoth,1
assistant,1
personal,1
similarly,1
dc,1
put,1
vorda,1
each,1
union,1
towards,1
readily,1
scientists,1
greater,1
anthropology,1
fulfill,1
treasurer,1
expressed,1
uses,1
gregory,1
usefulness,1
definition,1
registration,1
combatting,1
lack,1
whom,1
sizes,1
idea,1
baltimore,1
andrew,1
location,1
allow,1
bearing,1
dollars,1
conduct,1
blamed,1
did,1
best,1
twenty,1
could,1
belong,1
downstream,1
remedy,1
acknowledgments,1
includes,1
chipped,1
called,1
intended,1
off,1
sure,1
attempting,1
rarely,1
report,1
recommendations,1
inevitably,1
advice,1
trapezoidal,1
come,1
follows,1
users,1
bifacially,1
verbal,1
loaf,1
displays,1
journals,1
obviously,1
adhere,1
thanks,1
john,1
contribute,1
pass,1
proliferation,1
distal,1
dispute,1
hardy,1
state,1
tired,1
while,1
porportion,1
accommodations,1
primary,1
jennifer,1
take,1
considerable,1
distinctive,1
possibility,1
man,1
flotation,1
past,1
conclusion,1
dates,1
quarter,1
fragments,1
success,1
february,1
legislation,1
abruptretouched,1
turned,1
conclusions,1
written,1
box,1
hand,1
believed,1
archaeologyl,1
reasons,1
paris,1
occupation,1
removals,1
cultural,1
unlikely,1
technical,1
mainly,1
microlithic,1
waterloo,1
continuing,1
competitors,1
march,1
investigation,1
questionnaire,1
circles,1
appears,1
inflammatory,1
contents,1
majority,1
recently,1
produced,1
selected,1
heavily,1
see,1
making,1
case,1
council,1
philip,1
side,1
scale,1
duties,1
quote,1
monograph,1
eg,1
handled,1
series,1
record,1
existence,1
hoped,1
indicates,1
assumed,1
map,1
edges,1
graduated,1
shall,1
recorded,1
flint,1
problem,1
afanual,1
distance,1
jewish,1
waters,1
earlier,1
getting,1
active,1
particularly,1
explicitly,1
spectrum,1
agriculture,1
recommend,1
day,1
studying,1
meetings,1
knaps,1
president,1
failure,1
remove,1
submit,1
noticed,1
entity,1
vol,1
involved,1
keeping,1
conries,1
observations,1
quantities,1
differ,1
agreed,1
missed,1
cambridgeshire,1
expenence,1
possible,1
analyzed,1
classes,1
up,1
king,1
line,1
contain,1
simple,1
decides,1
divided,1
admits,1
reply,1
slight,1
coherent,1
mailed,1
publish,1
submission,1
establishing,1
martha,1
work,1
steep,1
completed,1
northampton,1
entirety,1
carry,1
professionals,1
obvious,1
refused,1
sides,1
materials,1
altered,1
invited,1
prompted,1
combination,1
reported,1
belisarius,1
say,1
deposits,1
extends,1
purpose,1
pryor,1
burins,1
hubbard,1
chip,1
increase,1
merge,1
play,1
press,1
markedly,1
goes,1
along,1
patterning,1
samples,1
equivalent,1
hertford,1
tried,1
scars,1
though,1
intentionally,1
ncolithic,1
measurement,1
investigated,1
grants,1
minute,1
unfortunately,1
lobbying,1
older,1
fail,1
refined,1
francis,1
indebted,1
worse,1
partly,1
dorsal,1
gloss,1
dever,1
officers,1
enforce,1
definitions,1
unnoticed,1
writing,1
institutional,1
successful,1
middle,1
bitter,1
etfects,1
neutron,1
central,1
engaged,1
precision,1
et,1
seio,1
fulfil,1
debris,1
check,1
chosen,1
full,1
review,1
professionalism,1
exactly,1
sponsored,1
enthusiasm,1
permission,1
disorder,1
theoretical,1
elongated,1
grant,1
sediments,1
chaired,1
distinguish,1
accrediting,1
classify,1
difficulties,1
artifact,1
efficiently,1
low,1
fact,1
received,1
quality,1
messrs,1
universally,1
professor,1
ohio,1
cedars,1
historic,1
travelling,1
applied,1
tables,1
conditions,1
butt,1
stress,1
discussed,1
harpenden,1
classifiphases,1
unpublished,1
publication,1
de,1
g,1
stratification,1
perpendicular,1
rapidly,1
symposium,1
aided,1
newsletter,1
amounts,1
good,1
relatively,1
submerged,1
large,1
course,1
move,1
worked,1
approximately,1
stratigraphic,1
times,1
chippedstone,1
allowed,1
upon,1
varytimithes,1
enabling,1
mda,1
period,1
function,1
association,1
buildings,1
type,1
alison,1
suggest,1
attribution,1
cedures,1
extensively,1
involving,1
dubious,1
sent,1
doing,1
held,1
contamination,1
filled,1
kept,1
sciences,1
estimates,1
tape,1
measure,1
measured,1
presidential,1
typology,1
items,1
ct,1
t,1
pages,1
promotion,1
booth,1
several,1
needs,1
refer,1
concerning,1
separately,1
charles,1
comparing,1
tixier,1
amount,1
caliper,1
subjects,1
contract,1
intensities,1
bluff,1
prominent,1
systems,1
removed,1
bowed,1
mailing,1
mphil,1
removing,1
etlclencles,1
addition,1
six,1
notation,1
certainly,1
single,1
become,1
arrived,1
metiers,1
representing,1
narrow,1
wiser,1
drills,1
contact,1
continuous,1
accreditation,1
effect,1
impossible,1
truly,1
detecting,1
affecting,1
whatsoever,1
amant,1
availability,1
maghreb,1
always,1
cincinnati,1
forms,1
texts,1
views,1
spent,1
inability,1
even,1
grouped,1
arizona,1
supplementary,1
communication,1
hodder,1
southwest,1
editor,1
tucson,1
results,1
why,1
staff,1
ends,1
biology,1
resist,1
patterns,1
appropriate,1
statement,1
pottery,1
cliffs,1
restated,1
provided,1
predominates,1
asked,1
adequatell,1
dam,1
rectangle,1
opposite,1
concluded,1
activities,1
ethically,1
major,1
perception,1
examines,1
poorly,1
perform,1
elizabeth,1
visit,1
mechanism,1
