WORDCOUNTS,WEIGHT
the,953
of,656
and,548
in,311
a,279
to,269
is,132
survey,128
as,118
from,104
that,103
with,91
on,82
this,78
at,75
are,68
an,67
by,65
for,62
be,57
was,53
have,52
material,50
we,50
or,48
area,45
been,42
it,41
roman,40
landscape,40
settlement,39
were,39
university,36
unit,36
cyprus,35
m,35
its,35
late,34
these,34
which,34
has,33
politiko,32
such,31
archaeological,31
between,31
our,30
there,29
within,29
than,29
archaeology,29
sites,28
field,28
scsp,28
more,28
site,27
phorades,27
human,26
pottery,26
much,25
research,24
medieval,23
data,23
units,23
slag,23
agricultural,23
one,22
smelting,22
social,21
can,21
each,21
copper,21
north,21
into,20
age,20
had,20
sydney,20
early,20
all,19
vegetation,19
some,19
across,19
density,19
but,19
regional,19
different,19
geomorphological,18
river,18
most,18
surface,18
small,18
mining,18
analysis,18
not,18
large,16
church,16
their,16
cultural,16
south,16
only,16
areas,16
would,16
period,16
modern,15
well,15
during,15
also,15
figure,15
given,14
they,14
use,14
activity,14
kouphos,14
department,14
et,14
artifact,14
al,14
two,14
knapp,14
relationship,14
fields,14
natural,14
panayia,14
information,14
interest,13
journal,13
just,13
new,13
fragments,13
patterns,13
bronze,13
over,13
very,13
malounda,12
other,12
sample,12
no,12
strategy,12
tile,12
spatial,12
distribution,12
those,11
found,11
block,11
artifacts,11
part,11
several,11
alluvial,11
knoll,11
soil,11
major,11
production,10
j,10
posis,10
date,10
eastern,10
west,10
resources,10
gossan,10
could,10
out,10
because,10
used,10
east,10
same,10
towards,10
pattern,10
where,10
michael,10
project,10
number,10
understanding,10
ottoman,10
collected,10
northern,10
sherds,10
control,10
sampling,10
iron,10
past,10
both,10
level,10
ac,10
kokkinorotsos,10
remains,10
valley,10
village,9
interests,9
along,9
thus,9
century,9
even,9
rather,9
factors,9
changes,9
w,9
exploitation,9
ancient,9
further,9
though,9
khrysopandanassa,9
about,9
provide,9
then,9
particularly,9
particular,9
universe,9
include,9
although,9
land,9
evidence,9
immediately,9
among,9
settlements,8
methodology,8
ore,8
history,8
furnace,8
context,8
less,8
far,8
terrace,8
may,8
special,8
first,8
suggest,8
mediterranean,8
bank,8
presence,8
preliminary,8
activities,8
periods,8
identified,8
economic,8
us,8
geobotanical,8
sia,8
present,8
necessary,8
region,8
laboratory,8
so,8
features,8
workshop,8
investigation,8
posi,8
entire,8
through,8
press,8
techniques,8
specific,8
if,7
environmental,7
associated,7
complex,7
approaches,7
certainly,7
season,7
s,7
quantities,7
possible,7
above,7
central,7
since,7
individual,7
his,7
clearly,7
erosion,7
riser,7
directly,7
broad,7
people,7
figures,7
structures,7
change,7
around,7
will,7
community,7
coverage,7
time,7
including,7
processes,7
pieces,7
environment,7
what,7
cypriot,7
size,7
must,7
models,7
c,7
built,7
bernard,6
center,6
likely,6
total,6
test,6
long,6
ii,6
subsequent,6
tamassos,6
side,6
plains,6
eroded,6
collection,6
exposed,6
throughout,6
accuracy,6
terraces,6
expected,6
concentrations,6
wares,6
main,6
examined,6
study,6
white,6
n,6
upper,6
recovered,6
beyond,6
greater,6
representative,6
scale,6
work,6
least,6
appropriate,6
moved,6
metallurgical,6
transects,6
industrial,6
many,6
larger,6
reductionist,6
considerable,6
surrounding,6
perhaps,6
degree,6
archaeometallurgical,6
another,6
deposits,6
significant,6
spread,6
high,6
methods,6
species,6
five,6
kassianidou,6
demonstrate,6
few,6
report,6
extent,6
suggests,6
mitsero,6
lies,6
years,6
cambridge,6
integrated,6
dense,6
defined,6
focus,6
observed,6
broader,6
now,5
way,5
indicated,5
areal,5
prehistoric,5
sq,5
case,5
primary,5
development,5
fine,5
due,5
distinct,5
landscapes,5
means,5
statistical,5
numbers,5
resource,5
important,5
based,5
d,5
arable,5
r,5
place,5
results,5
using,5
chronological,5
therefore,5
located,5
southern,5
communities,5
stream,5
analytical,5
end,5
intensity,5
fieldwork,5
top,5
full,5
dating,5
low,5
similar,5
clear,5
mines,5
standard,5
support,5
detailed,5
antiquity,5
types,5
itself,5
any,5
slope,5
set,5
anthropology,5
examining,5
terms,5
tuybres,5
ian,5
vasiliki,5
constructed,5
materials,5
km,5
interdisciplinary,5
ca,5
common,4
later,4
created,4
e,4
position,4
excavation,4
aredhiou,4
experience,4
either,4
taken,4
might,4
attempt,4
seems,4
experiments,4
dramatically,4
great,4
differences,4
analyses,4
lichens,4
i,4
slip,4
botanical,4
recorded,4
apart,4
variations,4
surplus,4
andel,4
analyzing,4
relatively,4
excavations,4
american,4
amount,4
walls,4
van,4
higher,4
l,4
after,4
understand,4
gradually,4
requires,4
view,4
academic,4
wide,4
steep,4
nearest,4
t,4
order,4
involved,4
teams,4
sufficient,4
villages,4
gridded,4
when,4
up,4
rest,4
society,4
vanderbilt,4
ridge,4
various,4
glasgow,4
limited,4
still,4
surveyed,4
single,4
stones,4
yet,4
light,4
professor,4
culture,4
patterning,4
fact,4
classical,4
contemporary,4
diameter,4
channel,4
relevant,4
heavily,4
investigated,4
discussion,4
examples,4
made,4
upon,4
scatter,4
increase,4
samples,4
varying,4
confidence,4
rare,4
tiles,4
times,4
plant,4
stages,4
counted,4
earlier,4
especially,4
probably,4
ground,4
relative,4
ofmediterranean,4
space,4
carried,4
assigned,4
circle,4
ecological,4
usually,4
maps,4
widespread,4
centuries,4
akaki,4
photographs,4
contained,4
physical,4
cultures,4
klinger,4
current,4
aerial,4
combined,4
them,4
map,4
theory,4
while,4
institute,4
little,4
ohio,4
role,4
variability,4
definitions,4
conditions,4
define,4
cognitive,4
johnson,4
sedimentary,4
should,4
rubble,4
horizontal,3
imported,3
affected,3
red,3
per,3
tend,3
schools,3
studies,3
steve,3
before,3
diversity,3
being,3
else,3
give,3
attempts,3
nature,3
sedimentation,3
accompanied,3
producing,3
farther,3
renfrew,3
help,3
state,3
visibility,3
system,3
british,3
plain,3
discuss,3
taking,3
point,3
camilli,3
considerably,3
goal,3
phase,3
review,3
g,3
colluvial,3
sediment,3
base,3
needed,3
elements,3
old,3
clustering,3
back,3
compared,3
storage,3
spite,3
influence,3
aim,3
opposed,3
without,3
macquarie,3
sensing,3
basic,3
levels,3
remote,3
associate,3
certain,3
direct,3
creek,3
produced,3
ammerman,3
prehistory,3
consider,3
intensive,3
slowly,3
dated,3
elsewhere,3
show,3
exploited,3
pithos,3
generally,3
undertaken,3
problems,3
result,3
closely,3
concentration,3
scotland,3
zone,3
initial,3
bore,3
appears,3
fluvial,3
record,3
absolute,3
checkdams,3
method,3
bc,3
significantly,3
brought,3
example,3
geology,3
whole,3
literature,3
island,3
issues,3
rise,3
systematic,3
horizon,3
regions,3
oriental,3
working,3
mantzourani,3
diagnostic,3
components,3
dramatic,3
boundaries,3
methodological,3
absence,3
overall,3
metalliferous,3
lisa,3
once,3
hellenistic,3
fieldwalking,3
exposure,3
jay,3
surrey,3
others,3
projects,3
shows,3
lack,3
striking,3
strabo,3
lc,3
discussed,3
adjacent,3
road,3
sias,3
see,3
going,3
day,3
identifiable,3
seeding,3
elevation,3
local,3
meaningful,3
churches,3
range,3
questions,3
transect,3
amounts,3
difficult,3
architectural,3
like,3
function,3
excavated,3
construct,3
aegean,3
editors,3
narrow,3
wells,3
heap,3
seasons,3
modification,3
continued,3
dimensions,3
team,3
indicate,3
examine,3
quite,3
thanks,3
susan,3
quantitative,3
series,3
incised,3
changing,3
satellite,3
cover,3
international,3
unknown,3
regard,3
noller,3
rural,3
places,3
stability,3
form,3
haddon,3
nearby,3
adaptation,3
produce,3
contain,3
topographical,3
slopes,3
step,3
reconstruct,3
isolated,3
goals,3
soils,3
prepared,3
come,3
thymus,3
protohistoric,3
ores,3
stratification,3
piece,3
observation,3
deposition,3
maximum,3
develop,3
recent,3
close,3
final,2
gis,2
o,2
generated,2
designated,2
functional,2
represent,2
berkeley,2
resulted,2
college,2
determine,2
conducted,2
designed,2
sla,2
klirou,2
specialist,2
sets,2
h,2
considerations,2
necessarily,2
laid,2
stretches,2
moving,2
something,2
descriptions,2
meaningless,2
contexts,2
limestone,2
northward,2
consistent,2
untiedt,2
australia,2
every,2
actual,2
neil,2
definition,2
containing,2
individuals,2
btk,2
assess,2
reasons,2
dominantly,2
check,2
roasting,2
pillow,2
raised,2
situ,2
stea,2
principal,2
robert,2
investigations,2
decreased,2
p,2
erosional,2
design,2
holocene,2
solely,2
combination,2
timothy,2
purposive,2
fragment,2
engage,2
plowed,2
localized,2
controlled,2
historical,2
relationships,2
targeting,2
component,2
representations,2
computerized,2
articulating,2
regarded,2
mixed,2
application,2
meyer,2
turn,2
drainage,2
interim,2
perspective,2
document,2
response,2
channels,2
difficulty,2
left,2
third,2
geological,2
general,2
nuanced,2
compromise,2
whose,2
essential,2
reflects,2
identification,2
geochronological,2
generations,2
how,2
explicit,2
process,2
completely,2
active,2
opportunity,2
contour,2
importance,2
parts,2
ongoing,2
scattered,2
northwards,2
clay,2
modified,2
possibly,2
foothills,2
objects,2
proved,2
section,2
director,2
impact,2
too,2
four,2
commonly,2
lithic,2
steeper,2
charcoal,2
raw,2
expressed,2
uses,2
gregory,2
problem,2
anthropogenic,2
location,2
allow,2
bearing,2
mapping,2
deal,2
her,2
evaluate,2
ranking,2
equally,2
focused,2
earliest,2
thearchaeology,2
population,2
moore,2
cannot,2
applied,2
fish,2
required,2
expressions,2
influenced,2
aspects,2
improve,2
failure,2
almost,2
none,2
basis,2
lr,2
scatters,2
tributary,2
lavas,2
knowledge,2
revealed,2
gully,2
overview,2
database,2
lower,2
runs,2
showing,2
stanford,2
own,2
chemistry,2
approach,2
siteless,2
depositional,2
running,2
treads,2
indicator,2
below,2
stage,2
tested,2
contrast,2
specifically,2
characteristics,2
majority,2
paper,2
f,2
critical,2
he,2
second,2
investigating,2
holds,2
variety,2
practices,2
fieldwalker,2
indeed,2
nearly,2
ware,2
direction,2
vicinity,2
reference,2
represents,2
read,2
older,2
thought,2
frankel,2
technology,2
under,2
remnant,2
rims,2
processing,2
ams,2
complete,2
shifting,2
kowalewski,2
kardulias,2
wright,2
donnelly,2
noted,2
strata,2
longer,2
geomorphology,2
resolution,2
paul,2
technique,2
mark,2
chance,2
flat,2
rock,2
treatment,2
fundamental,2
riverine,2
broken,2
nathan,2
john,2
variation,2
never,2
outside,2
geography,2
increases,2
covered,2
shown,2
layers,2
coarse,2
establish,2
sw,2
focusing,2
assemblage,2
worldarchaeology,2
bulletin,2
interpreting,2
original,2
aggregation,2
analyzed,2
considering,2
background,2
comprise,2
assemblages,2
discovery,2
elite,2
characteristically,2
numerous,2
resulting,2
recovery,2
radiocarbon,2
imagery,2
theories,2
theoretical,2
kilometer,2
open,2
significance,2
discovered,2
reality,2
obtained,2
lie,2
configurations,2
abundant,2
exchange,2
artificial,2
finite,2
become,2
relation,2
contact,2
accordingly,2
effect,2
urwin,2
structure,2
greek,2
examines,2
cake,2
dealing,2
european,2
abundance,2
today,2
perspectives,2
bureau,2
science,2
igneous,2
program,2
troodos,2
who,2
seen,2
began,2
bt,2
sequences,2
evolution,2
settled,2
often,2
tapped,2
stratified,2
unusual,2
problematic,2
sound,2
stable,2
detail,2
sections,2
assistant,2
deposited,2
cakes,2
circumstances,2
extensive,2
geographic,2
hypothesized,2
detect,2
known,2
wider,2
quaternary,2
locke,2
defining,2
excess,2
enters,2
readily,2
connection,2
did,2
half,2
basins,2
ideological,2
er,2
expresses,2
byzantine,2
essentially,2
iv,2
type,2
masters,2
following,2
according,2
notable,2
proceedings,2
circles,2
making,2
sarcopoterium,2
artifactual,2
densities,2
always,2
priscilla,2
abruptly,2
installations,2
viru,2
observations,2
vessels,2
socioeconomic,2
recognition,2
city,2
assumptions,2
situated,2
measure,2
trigger,2
phenomenon,2
question,2
hammers,2
until,2
sediments,2
recording,2
generate,2
average,2
need,2
geochronology,2
measured,2
association,2
classification,2
archaic,2
sulfide,2
potential,2
certainty,2
probabilistic,2
knolls,2
substantial,2
technological,2
building,2
successive,2
showed,2
bury,2
resolve,1
carved,1
ateoman,1
directors,1
does,1
zero,1
done,1
stereo,1
limits,1
calibrated,1
stuart,1
concerned,1
intricacies,1
entities,1
keller,1
gentler,1
extend,1
regolith,1
tou,1
monumenta,1
trans,1
intriguing,1
northeast,1
diabase,1
sulfides,1
curved,1
extends,1
mountains,1
introduction,1
appear,1
notably,1
contradicts,1
defenses,1
debris,1
mouth,1
stripped,1
group,1
interrelationships,1
prediction,1
putative,1
identify,1
prime,1
formed,1
live,1
library,1
strictly,1
peaks,1
situation,1
thickest,1
contend,1
easily,1
impetuses,1
ly,1
candidate,1
favor,1
diffuse,1
reasonably,1
trace,1
fixed,1
committee,1
gamble,1
organic,1
occurred,1
melt,1
isthmia,1
interpretative,1
southwards,1
detected,1
chief,1
contextualizes,1
leads,1
metallic,1
expanse,1
round,1
came,1
highlighted,1
olive,1
stressed,1
sources,1
hence,1
creation,1
derives,1
crews,1
hellenic,1
konigreich,1
deterministic,1
implications,1
ounda,1
oantlednst,1
address,1
terrain,1
expectation,1
worked,1
kent,1
stretch,1
advanced,1
asia,1
intricately,1
strip,1
practicality,1
best,1
comparatively,1
immense,1
gorge,1
groups,1
archaeologically,1
available,1
tradition,1
crops,1
subscribes,1
daily,1
scy,1
rebuilt,1
undertake,1
confusion,1
thank,1
gradual,1
kliroumanastirka,1
repeatability,1
timing,1
origin,1
follows,1
link,1
hundred,1
reveal,1
procedure,1
beds,1
carnegie,1
glazed,1
real,1
achieved,1
integrate,1
shennan,1
wall,1
devised,1
last,1
consist,1
mind,1
fullest,1
greatly,1
gullies,1
concepts,1
deriving,1
corroborate,1
ruined,1
relations,1
byzantium,1
lecturer,1
digital,1
similarities,1
slagged,1
invasions,1
occasional,1
existence,1
sophisticated,1
accords,1
key,1
albeit,1
task,1
u,1
conditioned,1
incorporate,1
agriculture,1
jack,1
zur,1
indirectly,1
uneven,1
prior,1
methodologies,1
determined,1
condition,1
geared,1
shared,1
characterize,1
reaching,1
adopting,1
functions,1
move,1
advantageous,1
obvious,1
whatever,1
mental,1
surrounded,1
except,1
x,1
keos,1
quantity,1
overlooking,1
confidences,1
basilica,1
hummocks,1
ofpopulations,1
mesoamerican,1
undergone,1
paphos,1
nriver,1
framework,1
wherever,1
karen,1
regarding,1
includes,1
dotted,1
difficulties,1
dynamics,1
definitional,1
quality,1
antikes,1
lining,1
overlooks,1
earthquakes,1
hierarchy,1
forbearance,1
reflection,1
ability,1
trench,1
viewing,1
decided,1
adopted,1
picrolite,1
commonest,1
mailing,1
varies,1
cyprological,1
funded,1
alison,1
sinclair,1
manager,1
extensively,1
manuring,1
undiscovered,1
cases,1
halo,1
oftheamerican,1
evident,1
david,1
refer,1
concerning,1
encompass,1
body,1
highest,1
young,1
served,1
suitable,1
attests,1
egypt,1
continuous,1
estimate,1
thin,1
find,1
undertaking,1
arab,1
accelerator,1
y,1
archaeologist,1
grouped,1
look,1
critique,1
festivals,1
tentatively,1
apparently,1
deeply,1
simplistic,1
twoway,1
ausgrabungen,1
commanding,1
shall,1
react,1
archaeometallurgy,1
phases,1
koutis,1
oxford,1
via,1
profoundly,1
adequate,1
pendant,1
mexico,1
overly,1
rman,1
operations,1
act,1
statements,1
subjected,1
purely,1
drainages,1
growth,1
grid,1
impetus,1
developed,1
stop,1
sort,1
weighted,1
na,1
institution,1
preparing,1
coastal,1
notion,1
undistinguished,1
goes,1
vicente,1
dealt,1
malloura,1
probability,1
proportion,1
sectors,1
ns,1
b,1
derived,1
ix,1
sanctuary,1
vindicate,1
scales,1
lay,1
irreducibility,1
upstream,1
orientation,1
productive,1
von,1
melos,1
expressing,1
firmer,1
characterizes,1
multivariate,1
reason,1
arid,1
dimensioning,1
bedrock,1
albert,1
discernible,1
developments,1
finer,1
calcic,1
biased,1
tensions,1
established,1
sant,1
image,1
branch,1
former,1
placed,1
traces,1
vouppes,1
bruce,1
sheer,1
downs,1
restricted,1
argued,1
bulldozing,1
profile,1
solid,1
batha,1
eberhard,1
commented,1
hypothetical,1
groundwater,1
peru,1
followed,1
cost,1
allen,1
puts,1
shifted,1
chronosequences,1
stig,1
dominant,1
helped,1
photos,1
mawr,1
coincide,1
suggested,1
dropped,1
hot,1
regulatory,1
commanded,1
reflections,1
iberian,1
unproductive,1
ranges,1
microclimate,1
paloma,1
cosmogenic,1
alluviated,1
lichenometry,1
acceptable,1
lead,1
whom,1
adit,1
societies,1
six,1
histories,1
northwesterly,1
carrying,1
acknowledgments,1
basin,1
color,1
traditionally,1
typical,1
item,1
relating,1
moraines,1
centers,1
conventionally,1
outcrops,1
relational,1
events,1
acquiring,1
embedded,1
sparse,1
traced,1
understood,1
equal,1
bp,1
buried,1
leonard,1
tools,1
slagheap,1
reinforce,1
suffered,1
excellent,1
publications,1
monograph,1
wealth,1
ignorance,1
ofamerican,1
floristic,1
tension,1
procedures,1
unravel,1
approached,1
levant,1
enough,1
yoffee,1
stratifying,1
sacrifice,1
creates,1
near,1
isotope,1
impression,1
criteria,1
receive,1
unequivocally,1
shape,1
hierarchies,1
uispp,1
flannery,1
sorensen,1
kg,1
network,1
interface,1
julia,1
relief,1
seminal,1
liable,1
received,1
already,1
fluctuate,1
los,1
nine,1
framed,1
concept,1
juval,1
unless,1
tapered,1
london,1
norm,1
proportions,1
apparent,1
calls,1
related,1
coded,1
demetris,1
mapped,1
description,1
criticized,1
parameters,1
predominantly,1
egalitarian,1
surrounds,1
describe,1
discussions,1
northwest,1
chronotypes,1
constitute,1
southernargolid,1
densely,1
seasonally,1
obtrusive,1
call,1
bishop,1
personal,1
proliferation,1
away,1
ofquaternary,1
elegant,1
complemented,1
floors,1
formations,1
stationary,1
reconstructing,1
archaeologists,1
predictive,1
runnels,1
heinemann,1
ali,1
ecodynamics,1
ucla,1
lithics,1
sampled,1
mavrovounos,1
redistributed,1
agriculturally,1
subtle,1
keswani,1
good,1
permit,1
creating,1
tolerant,1
normally,1
composite,1
caused,1
describing,1
presented,1
cataloguing,1
indicators,1
zangger,1
wandsnider,1
cope,1
orient,1
knightmerz,1
fatigue,1
recoverability,1
initiating,1
workshops,1
eleven,1
paleoseismology,1
accomplished,1
migration,1
constructively,1
concerns,1
smithsonian,1
highly,1
industry,1
psychological,1
supposedly,1
australian,1
geomorphic,1
roofing,1
climate,1
portions,1
usual,1
tended,1
engages,1
coloration,1
fully,1
annual,1
articulation,1
dependent,1
describes,1
gould,1
distinguishing,1
value,1
grateful,1
provided,1
finds,1
dam,1
pot,1
gordon,1
eileen,1
schematic,1
skourou,1
seemed,1
stratify,1
span,1
portugali,1
interestareas,1
inset,1
mcglade,1
san,1
noteworthy,1
approximate,1
fortunate,1
minor,1
matter,1
transverse,1
attributable,1
logistical,1
lesser,1
cosmological,1
populations,1
meters,1
correlating,1
indicative,1
doctoral,1
lamaca,1
labeled,1
excessive,1
notoriously,1
computing,1
fruit,1
islands,1
drops,1
exception,1
constraints,1
object,1
april,1
intensively,1
pile,1
reconstruction,1
wagstaff,1
slower,1
presently,1
surviving,1
indicates,1
ice,1
sponsored,1
unprecedented,1
initially,1
outer,1
movement,1
departments,1
settings,1
seemingly,1
hitherto,1
religious,1
tends,1
southeast,1
roberto,1
tuan,1
ubiquity,1
communications,1
criticism,1
frankish,1
geomorphologic,1
interpretation,1
hydrological,1
vs,1
double,1
makes,1
added,1
counterparts,1
kylie,1
ring,1
predecessor,1
evolved,1
quantify,1
chronology,1
challenged,1
ne,1
cylindrical,1
differentiate,1
index,1
management,1
atmacquarie,1
included,1
falls,1
adjusted,1
abandon,1
refine,1
dialectical,1
nw,1
locality,1
robust,1
insights,1
illustrated,1
confirmed,1
increasingly,1
lae,1
bar,1
truncated,1
considers,1
harper,1
spatially,1
chose,1
subjective,1
representation,1
manastirka,1
eugenia,1
icm,1
actually,1
members,1
critiques,1
name,1
comfortable,1
ingold,1
clive,1
toward,1
again,1
renewed,1
academy,1
approaching,1
pointed,1
ask,1
concretion,1
tiny,1
paleobotanical,1
water,1
gentle,1
descends,1
food,1
densty,1
efforts,1
locational,1
outskirts,1
aggradational,1
aufzypern,1
consideration,1
stories,1
forming,1
conduct,1
minnesota,1
walked,1
pastoralism,1
reusability,1
appeared,1
disturbed,1
layer,1
als,1
enable,1
together,1
really,1
roofed,1
nucleated,1
everything,1
identical,1
distributions,1
succeeding,1
snail,1
worn,1
maker,1
eleni,1
conclusions,1
took,1
do,1
continuing,1
validity,1
empire,1
accepted,1
photographers,1
answer,1
disparity,1
heaps,1
belief,1
bare,1
drafts,1
distance,1
chalcolithic,1
free,1
northerly,1
encountered,1
valleys,1
remained,1
entity,1
status,1
private,1
technologies,1
greatest,1
casual,1
hillsides,1
completed,1
chronologies,1
sides,1
formal,1
affinity,1
enhanced,1
ethnology,1
previously,1
exploitations,1
sufficiently,1
recover,1
identity,1
findings,1
imbued,1
controlling,1
expression,1
combining,1
secondarily,1
lustrous,1
complement,1
redistribution,1
virtually,1
refers,1
factor,1
sequence,1
aside,1
submitted,1
willey,1
trend,1
styles,1
engaged,1
nothing,1
continue,1
merit,1
capitatus,1
chosen,1
purposeful,1
california,1
described,1
nuclear,1
trade,1
compositions,1
citykingdom,1
metalworkers,1
sherd,1
three,1
wylie,1
publication,1
episkopio,1
maintenance,1
kii,1
defense,1
sliding,1
started,1
summer,1
objectivism,1
played,1
distinction,1
interpretable,1
administrative,1
accurate,1
probable,1
households,1
preservation,1
commercially,1
provides,1
geoforum,1
morphou,1
latter,1
preponderance,1
behind,1
gravel,1
internal,1
floral,1
parallel,1
spreads,1
topic,1
insists,1
bronzeage,1
geographers,1
clude,1
topics,1
bryn,1
influences,1
obscure,1
attendant,1
assigning,1
lowered,1
dumping,1
joanna,1
greece,1
differ,1
ofarchaeological,1
locales,1
equivalent,1
pipe,1
streams,1
slab,1
reverses,1
destruction,1
temporality,1
andreas,1
sole,1
concluded,1
widely,1
applies,1
decision,1
clusters,1
tennessee,1
observational,1
increasing,1
roasted,1
ranging,1
consists,1
extractive,1
vassos,1
discussing,1
dolores,1
scrutinized,1
richest,1
fairly,1
george,1
bulk,1
crucial,1
observe,1
hectare,1
naturally,1
groves,1
bound,1
rough,1
reasonable,1
begin,1
inside,1
lines,1
attitude,1
exists,1
remotely,1
primarily,1
geobotany,1
institutions,1
referred,1
lost,1
sensitive,1
transformed,1
warmest,1
leventis,1
odhiyitria,1
overlap,1
originated,1
recognize,1
shells,1
volumes,1
class,1
easternmost,1
proximity,1
construction,1
fall,1
surprising,1
dedications,1
rive,1
supporting,1
extremely,1
garrigue,1
face,1
gonzalez,1
unchanging,1
floor,1
investigate,1
influencing,1
seat,1
thick,1
rises,1
considered,1
affect,1
matters,1
stephen,1
school,1
valuing,1
abandonment,1
stratigraphic,1
metallurgy,1
constant,1
believed,1
dispersed,1
exploitable,1
enclosed,1
conclusion,1
catenas,1
complexity,1
conjunction,1
areakm,1
adjoining,1
sparser,1
pace,1
comes,1
beitrag,1
satisfactory,1
southward,1
spots,1
reconnaissance,1
occurrences,1
augmenting,1
alternative,1
der,1
why,1
hospitality,1
quickly,1
evokes,1
intellectual,1
wmo,1
fault,1
finance,1
cm,1
chapman,1
pends,1
specialized,1
steven,1
lying,1
downslope,1
worthwhile,1
setting,1
seem,1
believe,1
referees,1
incorporating,1
leaders,1
reductionism,1
equivocal,1
minimized,1
terraced,1
foundation,1
iii,1
refractories,1
dikes,1
sc,1
lichen,1
linked,1
malcolm,1
peak,1
benefit,1
sorted,1
jennifer,1
pit,1
geoarchaeologists,1
uppermost,1
consciousness,1
fellow,1
klaus,1
unbreachable,1
edge,1
merely,1
phd,1
beginning,1
surpluses,1
correlate,1
tuyeres,1
avoidance,1
fuller,1
carefully,1
discharge,1
unique,1
whether,1
cooking,1
toumba,1
quadrats,1
cause,1
character,1
bend,1
forestry,1
thirty,1
proven,1
attitudes,1
mere,1
portion,1
transactions,1
alice,1
leaving,1
studying,1
require,1
yield,1
nick,1
agreed,1
kalokhorio,1
emphasis,1
incorporated,1
hundreds,1
prevent,1
categories,1
cluster,1
conference,1
bodies,1
intention,1
preserved,1
multiple,1
thereby,1
conclude,1
despite,1
rod,1
confirm,1
became,1
athens,1
giving,1
plans,1
extended,1
strewn,1
programs,1
surroundings,1
divided,1
hesperia,1
qualitative,1
paucity,1
world,1
cycladic,1
ein,1
archaeobotany,1
turkish,1
webb,1
named,1
diagram,1
vincent,1
determinism,1
idealism,1
ultimately,1
ulrich,1
argument,1
editor,1
reveals,1
zones,1
baugeschichte,1
fractious,1
institutional,1
opens,1
national,1
inflated,1
accept,1
kus,1
prolonged,1
instead,1
richard,1
chomazoudhia,1
socially,1
scoured,1
product,1
smaller,1
stratton,1
photograph,1
derive,1
seeks,1
attempted,1
off,1
philosophy,1
grapple,1
landforms,1
repeat,1
shift,1
increased,1
nuclide,1
anonymous,1
comparison,1
tuyre,1
needs,1
drift,1
obtrusiveness,1
archaeologica,1
themselves,1
denser,1
elites,1
hills,1
pedro,1
acconia,1
geographical,1
antiken,1
incompatibility,1
debate,1
create,1
loeb,1
import,1
element,1
severely,1
lemba,1
surveys,1
interaction,1
abandoned,1
traditional,1
gulf,1
bradley,1
counts,1
strong,1
resampling,1
seek,1
ends,1
famous,1
profiles,1
meeting,1
termed,1
dug,1
row,1
symbiotic,1
