WORDCOUNTS,WEIGHT
the,231
of,149
and,99
in,90
to,81
a,70
is,57
i,45
are,41
this,36
that,35
as,32
figure,31
it,29
one,25
information,24
or,23
be,23
with,22
for,22
from,20
by,20
type,20
have,19
on,19
at,17
map,17
area,17
if,16
not,16
areas,16
graphic,16
lines,15
different,15
r,15
an,15
can,15
has,14
archaeological,14
other,12
each,12
maps,11
these,11
them,11
which,11
good,11
journal,11
should,11
but,10
more,10
all,10
clarity,10
data,10
so,10
will,9
been,9
contour,9
they,9
artwork,9
its,9
n,9
s,9
there,9
some,9
lettering,9
when,9
no,8
about,8
water,8
real,8
patterns,8
where,8
what,8
because,8
such,8
land,8
o,7
often,7
means,7
was,7
my,7
how,7
within,7
primary,7
well,7
line,7
art,7
reader,7
use,7
field,7
between,7
even,7
much,7
does,6
make,6
visual,6
importance,6
b,6
sets,6
objects,6
same,6
set,6
any,6
particularly,6
out,6
typography,6
very,6
better,6
those,6
cannot,6
making,6
problem,6
another,6
typographic,6
made,6
jfa,6
lake,6
three,6
rm,6
drawn,6
l,5
usually,5
clearly,5
too,5
every,5
m,5
important,5
over,5
could,5
do,5
material,5
u,5
size,5
examples,5
whole,5
screen,5
pattern,5
years,5
distinction,5
c,5
mapmaker,5
we,5
leroy,5
poor,4
done,4
stippling,4
e,4
their,4
artist,4
illustrations,4
properly,4
easily,4
must,4
others,4
many,4
best,4
confusion,4
time,4
were,4
coordinates,4
feature,4
v,4
see,4
applied,4
handled,4
levels,4
task,4
almost,4
point,4
part,4
chart,4
using,4
easier,4
t,4
would,4
masses,4
distinctions,4
screens,4
effective,4
always,4
y,4
label,4
details,4
than,4
avoid,4
difficult,3
situation,3
graphics,3
matter,3
common,3
sometimes,3
grid,3
illustration,3
basic,3
presentation,3
success,3
designer,3
keep,3
formlessness,3
rules,3
drawings,3
us,3
had,3
light,3
edge,3
four,3
two,3
lower,3
useful,3
skill,3
labeling,3
seems,3
words,3
great,3
appeared,3
help,3
lead,3
enough,3
earlier,3
intuitions,3
sites,3
used,3
work,3
own,3
level,3
obvious,3
floodplain,3
uniform,3
example,3
internal,3
rendered,3
since,3
charts,3
least,3
like,3
possible,3
archaeology,3
defined,3
off,3
subordinated,3
shapes,3
labels,3
amount,3
parallel,3
site,3
boundaries,3
create,3
separate,3
book,2
pertains,2
san,2
page,2
without,2
horizontal,2
way,2
avoiding,2
letters,2
yaxha,2
labeled,2
contrast,2
rule,2
relative,2
developed,2
recognizable,2
created,2
piece,2
nearly,2
differentiating,2
render,2
disregard,2
study,2
suffers,2
roads,2
judged,2
put,2
integrity,2
alcorn,2
k,2
cave,2
instantly,2
bad,2
matters,2
organization,2
cartesian,2
familiar,2
into,2
creek,2
duncan,2
subset,2
then,2
bajada,2
director,2
sharply,2
letterand,2
invariably,2
comes,2
mentioned,2
w,2
most,2
begins,2
being,2
archaeologists,2
polar,2
specific,2
requires,2
production,2
helps,2
technique,2
drafting,2
drawing,2
natural,2
pineda,2
ask,2
principle,2
elements,2
paper,2
standards,2
setting,2
confused,2
belong,2
advantage,2
graphing,2
printed,2
choice,2
gray,2
basin,2
plan,2
ir,2
take,2
edward,2
display,2
sahara,2
may,2
subordinate,2
stand,2
adjacent,2
geography,2
let,2
manner,2
reduced,2
form,2
less,2
system,2
eye,2
ford,2
linear,2
central,2
key,2
distance,2
style,2
while,2
compete,2
elevation,2
degree,2
oo,2
keeping,2
placement,2
categories,2
leave,2
object,2
contours,2
careful,2
unless,2
brought,2
edwards,2
through,2
stipple,2
along,2
territory,2
angle,2
proper,2
distinguishable,2
issues,2
allows,2
submitted,2
ends,2
come,2
ina,2
chosen,2
review,2
tell,2
differentiation,2
quality,2
clear,2
jose,2
approach,2
g,2
author,2
points,2
subtle,2
ability,2
try,2
course,2
offer,2
david,2
effectively,2
creating,2
threatens,2
presenting,2
problems,2
concerns,2
article,2
six,2
successful,2
convey,2
forms,2
azimuth,2
d,2
terrace,2
look,2
looked,2
world,2
darker,2
inoffensive,2
ingredients,2
poorly,2
buildings,2
florence,1
pamaghia,1
frequent,1
pantographic,1
consists,1
fleming,1
suggestion,1
relying,1
tinting,1
he,1
underlies,1
positioning,1
produces,1
ofquantitative,1
finesse,1
corrects,1
me,1
io,1
canals,1
absorbing,1
minor,1
ilaa,1
hills,1
mosques,1
note,1
irregular,1
helaine,1
technician,1
various,1
visually,1
continued,1
act,1
forego,1
rather,1
his,1
scientific,1
lesser,1
inadequacy,1
develops,1
interested,1
parallels,1
absent,1
medium,1
mortgomry,1
practical,1
fields,1
overall,1
compensate,1
palenque,1
presents,1
pieces,1
sort,1
represent,1
organizing,1
play,1
wall,1
career,1
edges,1
order,1
islands,1
purposes,1
fault,1
dec,1
wash,1
chichen,1
becomes,1
get,1
arta,1
knew,1
etc,1
validated,1
kept,1
converted,1
ce,1
seen,1
aa,1
still,1
chore,1
introduction,1
brilliantly,1
vol,1
proportion,1
excavate,1
eight,1
similar,1
lumpy,1
certain,1
becoming,1
puzzle,1
generally,1
quantitative,1
american,1
complex,1
distort,1
neat,1
articles,1
atlases,1
studies,1
drastically,1
kinds,1
kaminaljuyu,1
remain,1
misuse,1
tend,1
percentage,1
designed,1
topoxte,1
michael,1
hope,1
practicing,1
heavily,1
violate,1
control,1
chamber,1
namely,1
factors,1
cr,1
shipyards,1
distinguishing,1
ing,1
yet,1
ways,1
h,1
ixtepeque,1
typeface,1
intuitively,1
bumps,1
modified,1
intelligently,1
category,1
club,1
utterly,1
represents,1
makes,1
unraveling,1
unusual,1
read,1
parentheses,1
maintaining,1
sint,1
press,1
thought,1
modern,1
gpci,1
serve,1
ring,1
currie,1
cement,1
vv,1
array,1
short,1
latter,1
marks,1
formless,1
yourself,1
restricted,1
remedied,1
cjilotepeque,1
aya,1
structure,1
detail,1
bespeak,1
desktop,1
geometric,1
differentiate,1
gua,1
workmanship,1
overlaps,1
unlike,1
graphs,1
share,1
seriously,1
included,1
vibrations,1
mildly,1
total,1
liked,1
intelligible,1
takes,1
quarries,1
before,1
actually,1
bridweil,1
differentiated,1
orders,1
dropped,1
dominate,1
formalized,1
overriding,1
house,1
conclusion,1
floor,1
lapping,1
shore,1
lighter,1
upper,1
university,1
already,1
rom,1
formidable,1
aimless,1
show,1
omeymcopperhead,1
intelligibility,1
overpowering,1
commonly,1
simply,1
montgomery,1
geographic,1
theory,1
dibujo,1
recovered,1
aesthetic,1
numerical,1
zf,1
mattersuch,1
classical,1
ecyt,1
tshelter,1
doggedly,1
either,1
country,1
poston,1
flores,1
skilled,1
observation,1
physical,1
botched,1
failing,1
lightly,1
sources,1
delicately,1
tulum,1
long,1
lietaininr,1
erval,1
writing,1
fortifications,1
text,1
symbol,1
successfully,1
instance,1
tour,1
overreliance,1
nera,1
idea,1
human,1
lu,1
athens,1
prospecting,1
established,1
obey,1
dominant,1
regulations,1
ii,1
butte,1
chaos,1
taken,1
zimms,1
imposing,1
trained,1
admirable,1
pylos,1
appear,1
decode,1
reporting,1
iome,1
afsof,1
worked,1
mapmakers,1
iran,1
warrants,1
sure,1
advanced,1
overwhelm,1
greater,1
quexil,1
j,1
thoughtprovoker,1
nature,1
cedar,1
expressed,1
loukas,1
limited,1
tra,1
definition,1
artists,1
thus,1
handling,1
lying,1
shows,1
monticulos,1
principles,1
premise,1
large,1
heavy,1
gone,1
everyone,1
did,1
ft,1
feet,1
ld,1
drown,1
together,1
found,1
begun,1
ageneric,1
called,1
ought,1
abstract,1
surprisingly,1
right,1
p,1
domestic,1
cmalxis,1
imaginable,1
herat,1
eventually,1
seven,1
arises,1
conspicuous,1
might,1
mayapan,1
deal,1
ixiu,1
able,1
job,1
churches,1
ocean,1
school,1
rely,1
composition,1
spend,1
selections,1
houses,1
sr,1
gas,1
separating,1
historical,1
considerable,1
alignment,1
pictures,1
dearly,1
past,1
oc,1
creator,1
gi,1
mass,1
pitfalls,1
fragments,1
cc,1
discriminated,1
match,1
transit,1
evident,1
mind,1
density,1
hand,1
emphasized,1
universal,1
primitive,1
shipwreck,1
william,1
rr,1
though,1
boxes,1
according,1
impinge,1
ambiguous,1
executing,1
vary,1
road,1
surveys,1
dd,1
relationships,1
pursued,1
belongs,1
lometers,1
carefully,1
execution,1
salpeten,1
el,1
establish,1
legend,1
whether,1
volcanic,1
offield,1
defining,1
terms,1
symbols,1
sentence,1
po,1
accounts,1
wherein,1
nowhere,1
documenting,1
issue,1
particular,1
stobi,1
scale,1
character,1
noticeable,1
lacks,1
agricultural,1
areeaa,1
pains,1
perhaps,1
breathing,1
interval,1
unnecessary,1
exceeds,1
taught,1
rubbed,1
halftones,1
comprehension,1
reminder,1
ink,1
petra,1
capacity,1
gives,1
content,1
age,1
encountered,1
revisions,1
dots,1
sir,1
mmnu,1
criteria,1
kilometer,1
organize,1
thoroughly,1
judgement,1
typographical,1
crowd,1
safsa,1
hierarchies,1
belgrkde,1
having,1
demonstrated,1
learn,1
entirety,1
graceful,1
understanding,1
scanning,1
artifacts,1
topographical,1
periodicals,1
terribly,1
highlighting,1
weight,1
rocks,1
overuse,1
received,1
tonality,1
alter,1
bodies,1
demarcated,1
harvard,1
occasionally,1
bear,1
decipher,1
fine,1
onto,1
concept,1
decent,1
significantly,1
thereby,1
apolpena,1
story,1
unencumbered,1
crude,1
joquitoo,1
breech,1
far,1
sea,1
prospeccion,1
distinctly,1
selecting,1
apparent,1
itzatika,1
rod,1
confirm,1
silverman,1
became,1
compares,1
easy,1
publishers,1
excav,1
ac,1
wrought,1
giving,1
tints,1
experience,1
subject,1
top,1
tried,1
comprehend,1
findings,1
empirical,1
violates,1
entirely,1
ordering,1
year,1
books,1
rverso,1
q,1
contribute,1
consistently,1
during,1
cenote,1
needed,1
evaluating,1
porta,1
assume,1
literally,1
decoding,1
oak,1
automatically,1
assimilating,1
isolated,1
dense,1
exist,1
labor,1
relies,1
questions,1
refresher,1
bits,1
waves,1
list,1
actual,1
varied,1
styles,1
aghcola,1
coherent,1
nothing,1
aids,1
tones,1
accessible,1
throughout,1
osofia,1
fruits,1
breathtaking,1
akhitagual,1
sees,1
configure,1
surrounding,1
notice,1
express,1
surely,1
establishing,1
minimize,1
systematic,1
symbolic,1
shown,1
shelter,1
fieldarchaeologylvol,1
showing,1
ae,1
difficulties,1
artifact,1
known,1
reject,1
chayal,1
galataki,1
discovered,1
placing,1
count,1
lakes,1
kashmir,1
magic,1
software,1
discern,1
kabul,1
impinging,1
finally,1
bi,1
bli,1
aware,1
depicting,1
neighbors,1
photography,1
medieval,1
urge,1
bir,1
recognizing,1
base,1
characteristic,1
whenever,1
decided,1
instead,1
dz,1
cleveland,1
carelessly,1
br,1
immediately,1
cerro,1
correct,1
afford,1
characterized,1
boundary,1
define,1
difficulty,1
cf,1
need,1
spread,1
parts,1
trees,1
features,1
monotonous,1
dendrochronology,1
serves,1
next,1
you,1
effects,1
box,1
z,1
brain,1
forced,1
clues,1
kind,1
le,1
screening,1
unpublishable,1
accurate,1
sacnab,1
after,1
turn,1
dangerous,1
excavation,1
quite,1
inserted,1
martin,1
wander,1
distinct,1
repeat,1
involved,1
speak,1
joqu,1
around,1
late,1
macanche,1
ships,1
small,1
times,1
wadsworth,1
person,1
characteristics,1
sufficient,1
mineral,1
graphmaker,1
profound,1
fig,1
limit,1
xilometer,1
mailing,1
patience,1
disaster,1
third,1
ulive,1
km,1
become,1
bolder,1
massachusetts,1
facing,1
overcome,1
consisted,1
mainly,1
precisely,1
effect,1
mixing,1
preconceptions,1
coast,1
chalchuapa,1
conceptual,1
th,1
compare,1
find,1
saharar,1
managed,1
early,1
formulate,1
visible,1
up,1
st,1
also,1
entire,1
os,1
little,1
purpose,1
communication,1
present,1
consistent,1
results,1
images,1
barnes,1
improperly,1
ay,1
among,1
cohesive,1
digest,1
paakgiastasn,1
fall,1
zones,1
stone,1
cross,1
castro,1
professional,1
general,1
building,1
redraw,1
provided,1
finds,1
ee,1
practice,1
under,1
greek,1
am,1
organized,1
ma,1
rest,1
close,1
reducing,1
geographical,1
intuition,1
sobsidian,1
behalf,1
heightened,1
looking,1
hierarchy,1
walls,1
vibrating,1
tayasal,1
