WORDCOUNTS,WEIGHT
the,81
of,59
and,50
in,24
a,22
by,19
i,16
university,15
to,12
an,12
for,11
at,10
from,10
boston,10
r,9
on,9
or,8
volume,8
archaeological,8
b,7
field,7
is,6
studies,6
ii,6
prehistoric,6
p,6
archaeology,6
c,6
edited,5
mounds,5
that,5
available,5
museum,4
school,4
t,4
published,4
j,4
are,4
book,4
subscription,4
part,4
editorial,4
human,4
kommos,4
office,4
arkansas,4
d,4
be,4
l,3
edward,3
site,3
study,3
minoan,3
as,3
illustrations,3
with,3
index,3
excavation,3
other,3
was,3
olduvai,3
s,3
found,3
late,3
burial,3
eastern,3
cloth,3
art,3
bibliography,3
tombs,3
data,3
winter,3
students,3
editor,3
this,3
archaic,3
david,3
houses,3
massachusetts,3
james,3
journal,3
south,2
ecological,2
curtis,2
e,2
who,2
morgantina,2
center,2
their,2
one,2
stone,2
ma,2
h,2
interpretation,2
monuments,2
included,2
commonwealth,2
mary,2
claire,2
w,2
these,2
unusually,2
lithic,2
isbn,2
postage,2
address,2
natural,2
all,2
paper,2
marvin,2
rich,2
ar,2
international,2
jeter,2
past,2
introduces,2
robert,2
reviews,2
tools,2
ceramics,2
making,2
ford,2
manuscripts,2
lyons,2
number,2
information,2
new,2
abstracts,2
richard,2
range,2
region,2
hillside,2
x,2
arkansaw,2
mortuary,2
african,2
its,2
during,2
maria,2
hilltop,2
origins,2
g,2
peter,2
change,2
bookstores,2
interpret,2
editors,2
texas,2
coast,2
v,2
world,2
details,2
quarterly,2
geographical,2
major,2
ini,1
crow,1
van,1
f,1
telephone,1
crete,1
trustees,1
steps,1
belgium,1
cittadella,1
than,1
he,1
currently,1
rate,1
o,1
investigating,1
york,1
town,1
m,1
pres,1
snaring,1
bie,1
africa,1
archaeo,1
inclu,1
practices,1
his,1
if,1
camp,1
hardcover,1
pigeon,1
schmidt,1
email,1
wrote,1
rights,1
maps,1
created,1
ibz,1
widely,1
mastercard,1
interprets,1
landscape,1
atfine,1
classic,1
becker,1
nearly,1
renee,1
intriguing,1
institutions,1
postexcavation,1
oscar,1
christine,1
now,1
ce,1
analyzes,1
detailed,1
cutns,1
introduction,1
risk,1
iiiiiiiiiiiiiiiiiiiiiiiiii,1
manuscript,1
americas,1
unmatched,1
they,1
american,1
direct,1
hester,1
volumes,1
why,1
sanctuary,1
es,1
methods,1
prepared,1
lk,1
analysis,1
white,1
designed,1
united,1
paleolithic,1
rs,1
antiquities,1
managing,1
shell,1
auspices,1
approaches,1
examine,1
typeset,1
caspar,1
bedore,1
heather,1
joseph,1
under,1
chronology,1
karankawa,1
recruited,1
management,1
organic,1
anthropological,1
marshall,1
shaw,1
presents,1
organized,1
exciting,1
extinction,1
tells,1
sr,1
director,1
pots,1
following,1
teaching,1
n,1
nineteenth,1
bruce,1
ed,1
al,1
ijjiiiii,1
ournal,1
must,1
contains,1
athens,1
reports,1
extensive,1
toronto,1
first,1
additional,1
oi,1
only,1
known,1
www,1
dr,1
physical,1
roderick,1
please,1
catalog,1
testament,1
mound,1
disappearing,1
zeitz,1
members,1
funerary,1
more,1
sciences,1
archeological,1
sourcing,1
lu,1
paul,1
quaternary,1
heritage,1
founding,1
carolyn,1
photos,1
request,1
give,1
fink,1
important,1
social,1
view,1
over,1
preserve,1
chance,1
history,1
into,1
syndrome,1
england,1
halt,1
had,1
steven,1
hohokam,1
iiiii,1
lead,1
mclntosh,1
exploration,1
board,1
copy,1
mcgill,1
sections,1
tradition,1
iiiiiif,1
jeanne,1
could,1
rl,1
appendix,1
ph,1
printed,1
plundering,1
puritan,1
current,1
effort,1
behavioral,1
grave,1
regional,1
classical,1
government,1
grasshopper,1
any,1
fellows,1
hundred,1
located,1
concludes,1
powell,1
launched,1
tx,1
survey,1
pulmonary,1
examining,1
program,1
ogy,1
elia,1
chiefdom,1
february,1
honor,1
circulation,1
zooarchaeological,1
outside,1
chodistaas,1
further,1
illustrata,1
henry,1
those,1
reserved,1
journalists,1
iii,1
cultural,1
hantavirus,1
saqw,1
scholarly,1
technical,1
investigation,1
accepted,1
them,1
whether,1
ad,1
michael,1
tell,1
council,1
iiiiti,1
lane,1
side,1
harrold,1
publications,1
royal,1
andean,1
zedefio,1
wilkinson,1
perhaps,1
metropolitan,1
books,1
halftones,1
wiseman,1
historians,1
wide,1
style,1
preparing,1
structure,1
guidelines,1
sobolik,1
directly,1
instructional,1
advisory,1
wesolowsky,1
biographies,1
ecology,1
require,1
addresses,1
multidisciplinary,1
well,1
interpreting,1
periodical,1
harbortown,1
account,1
lechtman,1
disappearance,1
basis,1
understanding,1
line,1
nordic,1
revealed,1
kathleen,1
literature,1
discussion,1
work,1
middle,1
subscriptions,1
neandertal,1
indiana,1
contexts,1
iearnknim,1
background,1
both,1
avery,1
marc,1
residue,1
upon,1
presented,1
maritime,1
polynesian,1
fine,1
interrelated,1
community,1
interdisciplinary,1
patricia,1
through,1
slopes,1
kra,1
technologies,1
dee,1
greatest,1
courses,1
reduction,1
press,1
became,1
polychrome,1
role,1
dirty,1
journals,1
skeletal,1
tjeerd,1
ritual,1
northern,1
artifacts,1
repertory,1
citation,1
francis,1
copper,1
mousterian,1
indians,1
using,1
people,1
canyon,1
ricardo,1
arsenic,1
regarding,1
ontario,1
bc,1
bayman,1
individuals,1
call,1
includes,1
throughout,1
which,1
chosen,1
full,1
iiii,1
cemeteries,1
hampshire,1
theories,1
dating,1
southwestern,1
until,1
it,1
project,1
sicily,1
platform,1
stanford,1
archaeologists,1
interested,1
explorations,1
seventy,1
cambridge,1
runnels,1
british,1
have,1
tables,1
publication,1
write,1
de,1
issn,1
contributors,1
general,1
individual,1
burley,1
times,1
ibr,1
include,1
architectural,1
ri,1
excavations,1
collaboration,1
ef,1
would,1
period,1
discover,1
tom,1
salado,1
features,1
states,1
century,1
visa,1
you,1
box,1
learning,1
submissions,1
ornament,1
earlier,1
mediterranean,1
dillehay,1
settlement,1
wendy,1
thomas,1
lucas,1
involved,1
old,1
wellington,1
reconstructions,1
perspective,1
aig,1
special,1
offered,1
especially,1
specific,1
preucel,1
palaeoclimates,1
smithsonian,1
br,1
eighth,1
web,1
colorful,1
authentic,1
research,1
themselves,1
rila,1
princeto,1
single,1
anderson,1
vancouver,1
ofer,1
can,1
engages,1
like,1
norman,1
consumption,1
archaeologist,1
universty,1
also,1
sept,1
greece,1
story,1
present,1
copyright,1
re,1
nieves,1
focus,1
paid,1
correspondence,1
kuhn,1
among,1
institution,1
flintknapping,1
famous,1
florida,1
kristin,1
example,1
bonafide,1
should,1
evidence,1
pottery,1
sent,1
built,1
greek,1
rates,1
massive,1
hunt,1
