WORDCOUNTS,WEIGHT
the,933
of,537
and,471
in,348
a,229
to,222
at,130
that,129
is,128
have,104
pollen,99
on,96
bronze,93
by,91
from,77
early,72
are,70
neolithic,68
for,66
been,65
age,62
with,59
crete,57
bc,56
it,55
as,52
was,51
tersana,49
were,47
or,47
sea,47
than,45
not,43
level,42
late,40
this,40
akrotiri,40
olive,38
middle,38
be,38
an,37
west,35
trees,35
i,34
these,33
limnes,33
may,32
during,32
more,32
present,31
final,30
m,30
about,30
such,29
but,29
settlement,27
climate,27
khania,27
no,26
most,26
core,26
there,25
period,24
their,23
university,23
sites,23
we,23
coast,23
environmental,22
increase,22
cm,22
would,21
increased,21
vegetation,20
coastal,20
also,20
which,20
along,19
could,19
archaeology,19
area,19
minoan,19
seems,18
zone,18
woodland,18
mediterranean,18
decline,18
can,18
between,18
lower,17
since,17
dates,17
journal,17
local,17
probably,17
evidence,17
modern,16
peninsula,16
has,16
new,16
j,15
other,15
date,15
british,15
some,15
suggest,15
quarry,15
likely,15
less,15
aegean,15
when,15
environment,15
cultivation,15
although,15
e,14
suggesting,14
dryland,14
u,14
garigue,14
site,14
because,14
field,14
around,14
southern,14
water,14
changes,14
maquis,14
roman,14
school,14
n,14
plants,14
sediments,14
they,13
settlements,13
landscape,13
cores,13
its,13
small,13
annual,13
nw,13
two,13
similar,13
archaeological,13
today,13
athens,13
palace,13
natural,13
steppe,13
ca,13
one,12
into,12
all,12
occasional,12
above,12
data,12
time,12
shrubs,12
plant,12
greece,12
rapp,12
central,11
b,11
tree,11
w,11
p,11
change,11
aghios,11
only,11
cultivated,11
especially,11
greek,11
figure,11
size,11
average,11
km,11
now,10
if,10
grasses,10
history,10
those,10
cretan,10
l,10
prehistoric,10
well,10
part,10
identified,10
indicates,10
radiocarbon,10
like,10
high,10
earlier,10
iii,10
number,10
suggests,10
both,10
little,10
ac,10
salt,10
bp,9
ii,9
development,9
higher,9
dry,9
found,9
cultural,9
caves,9
island,9
et,9
grass,9
wetland,9
many,9
end,9
open,9
must,9
over,9
very,9
while,9
until,9
years,9
taken,8
olea,8
indicating,8
human,8
throughout,8
levels,8
aquatic,8
cave,8
surface,8
submerged,8
least,8
south,8
partially,8
culture,8
tilia,8
mosaic,8
times,8
oak,8
european,8
indicate,8
earliest,8
did,8
growing,8
through,8
therefore,8
decrease,8
land,8
sinkholes,8
does,7
rate,7
represent,7
use,7
reedbeds,7
western,7
being,7
first,7
press,7
survey,7
linear,7
eastern,7
old,7
van,7
hansen,7
rackham,7
r,7
regional,7
limestones,7
periods,7
economic,7
tzedhakis,7
fragments,7
enough,7
elevations,7
lake,7
significant,7
three,7
so,7
herding,7
relative,7
pottery,7
species,7
indeterminables,7
olives,7
freshwater,7
sherds,7
seasonal,7
distribution,7
include,7
deposition,7
difficult,6
undershrubs,6
later,6
deciduous,6
large,6
studies,6
basin,6
gramineae,6
sq,6
agriculture,6
holocene,6
possible,6
activity,6
herbs,6
de,6
aquatics,6
absent,6
factors,6
warren,6
sum,6
proposed,6
exploitation,6
charcoal,6
had,6
quarried,6
percentages,6
pleistocene,6
knossos,6
marsh,6
used,6
aeolianite,6
climatic,6
precipitation,6
browsing,6
habitations,6
several,6
depression,6
still,6
communities,6
then,6
rise,6
d,6
minnesota,6
pattern,6
where,6
notch,6
range,6
low,6
amounts,6
general,6
mountain,6
quarrying,6
table,6
jennifer,6
making,6
agricultural,6
map,6
diagram,6
locations,6
c,6
deposits,6
zones,6
center,5
stone,5
different,5
s,5
last,5
system,5
community,5
lw,5
sediment,5
excavations,5
walls,5
reeds,5
animals,5
arid,5
byzantine,5
result,5
population,5
prompted,5
galini,5
noted,5
documented,5
surrounding,5
georgioupolis,5
showing,5
either,5
caused,5
presence,5
f,5
georgios,5
located,5
pastoralists,5
brackish,5
ancient,5
same,5
al,5
aghia,5
paul,5
longer,5
areas,5
classical,5
increases,5
mesozoic,5
material,5
perhaps,5
moody,5
region,5
top,5
abundant,5
cliffs,5
separate,5
known,5
seem,5
basins,5
oliver,5
beginning,5
observations,5
john,5
come,5
unknowns,5
much,5
north,5
separated,4
red,4
mainland,4
pasture,4
total,4
t,4
reach,4
height,4
crops,4
andel,4
ericaceae,4
moisture,4
east,4
burning,4
combination,4
except,4
bottom,4
eroded,4
exist,4
ofarchaeology,4
mm,4
characteristic,4
relatively,4
american,4
fig,4
ha,4
suitable,4
even,4
civilization,4
rather,4
growth,4
developed,4
tectonic,4
aeolianites,4
environments,4
supplement,4
se,4
parts,4
study,4
locally,4
emergence,4
venetian,4
too,4
important,4
allow,4
appearance,4
out,4
record,4
near,4
products,4
place,4
structures,4
reflect,4
runnels,4
hard,4
below,4
drier,4
indicators,4
grow,4
peak,4
kalathas,4
evergreen,4
situation,4
international,4
cooler,4
percentage,4
pastures,4
hellenistic,4
temperate,4
diagrams,4
quarries,4
department,4
fill,4
do,4
v,4
another,4
stavros,4
clear,4
hallager,4
features,4
become,4
occupied,4
bottema,4
continued,4
types,4
seen,4
antiquity,4
why,4
associated,4
practice,4
series,4
mentioned,4
ever,4
belli,4
significantly,4
woodcutting,4
according,4
unlikely,4
proceedings,4
them,4
covers,4
require,4
produce,4
almost,4
contain,4
preserved,4
became,4
territory,4
reconstruct,4
our,4
spring,4
cambridge,4
temperature,4
temperatures,4
should,4
o,3
calibrated,3
common,3
medieval,3
indicated,3
created,3
affected,3
mountains,3
complex,3
formed,3
second,3
postdate,3
h,3
completely,3
occurred,3
before,3
fires,3
fluctuations,3
upland,3
overlie,3
forlag,3
together,3
accompanied,3
disappearance,3
sinkhole,3
renfrew,3
take,3
styles,3
help,3
feature,3
wet,3
opposite,3
reconstruction,3
plain,3
primary,3
quantities,3
wetter,3
exposed,3
calculated,3
g,3
mailing,3
clay,3
bay,3
characterized,3
marathi,3
once,3
poor,3
transhumance,3
reflects,3
lera,3
sw,3
subsistence,3
prehistory,3
dated,3
numbers,3
impact,3
pastoral,3
four,3
dominant,3
suggested,3
came,3
based,3
centers,3
initial,3
meter,3
further,3
appears,3
recently,3
possibility,3
indigenous,3
year,3
plow,3
palynology,3
contains,3
winter,3
following,3
deltion,3
soil,3
few,3
research,3
survived,3
archaiologikon,3
maroukian,3
gradual,3
overall,3
consists,3
ice,3
simultaneous,3
under,3
chronology,3
included,3
lowland,3
ed,3
strata,3
sometimes,3
addition,3
projects,3
occurrence,3
pressure,3
larger,3
substantially,3
doubt,3
covered,3
judith,3
deep,3
oil,3
mycenaean,3
including,3
samples,3
largely,3
laboratory,3
geomorphologie,3
dating,3
trade,3
symposium,3
probable,3
outside,3
shallow,3
obsidian,3
platyvola,3
slightly,3
grain,3
george,3
science,3
cereal,3
often,3
analysis,3
stratified,3
heather,3
sloping,3
changing,3
extensive,3
social,3
rainfall,3
paper,3
lagoon,3
historical,3
past,3
hydrology,3
places,3
lambraki,3
kastelli,3
loannis,3
occasionally,3
far,3
marked,3
role,3
techniques,3
hesperia,3
wild,3
observed,3
contributed,3
texas,3
ll,3
remains,3
supported,3
myrtos,3
recent,3
livestock,3
frequent,2
winds,2
currently,2
mostly,2
inoa,2
estimated,2
way,2
groups,2
resulted,2
cistus,2
introduction,2
per,2
group,2
led,2
tend,2
true,2
di,2
salinity,2
easily,2
considerations,2
temple,2
du,2
limestone,2
saltwater,2
every,2
preceding,2
production,2
hood,2
waterworn,2
rapid,2
permanently,2
retreat,2
england,2
nature,2
fauna,2
secondary,2
conditions,2
keritis,2
farmers,2
accumulated,2
closer,2
fresh,2
julie,2
greatly,2
raised,2
sociopolitical,2
physical,2
grubbed,2
somewhat,2
within,2
kamares,2
curtis,2
bulbous,2
existence,2
geologic,2
piped,2
iv,2
cleared,2
deal,2
account,2
silt,2
studi,2
move,2
occurring,2
taking,2
x,2
tablets,2
nea,2
correlation,2
sand,2
reassessments,2
lentaka,2
phaistos,2
thus,2
andrew,2
phase,2
iron,2
strasser,2
surrounded,2
mixed,2
jr,2
sinclair,2
barrier,2
extensively,2
tectonism,2
progressive,2
individual,2
nor,2
herbaceous,2
six,2
allowing,2
continuous,2
third,2
publications,2
corpus,2
refugia,2
impressions,2
his,2
how,2
examined,2
proportion,2
zeitschriftfiir,2
landscapes,2
importance,2
certain,2
ceramics,2
contributions,2
winters,2
sandy,2
white,2
periodic,2
support,2
redeposited,2
possibly,2
foothills,2
organization,2
weather,2
cyclades,2
gradually,2
k,2
upper,2
commonly,2
exploited,2
indications,2
goats,2
mix,2
lu,2
ian,2
cut,2
appear,2
greater,2
underrepresented,2
carrying,2
avlaki,2
begun,2
erosion,2
faunal,2
typical,2
strongly,2
configuration,2
glacial,2
occupation,2
hinterland,2
halstead,2
projection,2
cannot,2
scale,2
sedge,2
wide,2
influenced,2
annals,2
rebourd,2
improve,2
participation,2
paleosols,2
protected,2
baylor,2
related,2
vitis,2
salicornia,2
broad,2
records,2
densely,2
oaks,2
lukermann,2
proliferation,2
away,2
gently,2
own,2
compositae,2
sampled,2
approach,2
good,2
wilkie,2
wi,2
reliable,2
next,2
contrast,2
quite,2
marly,2
event,2
involved,2
frosts,2
dried,2
fully,2
visible,2
world,2
notes,2
concomitant,2
society,2
epirus,2
chronological,2
shoreline,2
units,2
reduced,2
minor,2
absence,2
materials,2
judy,2
hollows,2
prevailing,2
intensively,2
stratigraphy,2
fossil,2
wind,2
single,2
bintliff,2
marshes,2
represents,2
makes,2
rain,2
technology,2
cliff,2
us,2
disappears,2
ostrya,2
largest,2
increasingly,2
bar,2
picture,2
published,2
ceramic,2
academy,2
experienced,2
husbandry,2
fact,2
striking,2
rugged,2
seasonality,2
nucleated,2
sedimentology,2
sklokas,2
honor,2
forms,2
ground,2
lasithi,2
exceeds,2
reflected,2
ecology,2
kasp,2
turkey,2
made,2
explanation,2
sides,2
extrapolated,2
contacts,2
recover,2
entirely,2
emphasize,2
assume,2
maria,2
variables,2
littoralis,2
full,2
taxon,2
improvements,2
mt,2
lakes,2
sed,2
coring,2
played,2
filled,2
excavated,2
glynn,2
latter,2
ap,2
exchange,2
archaeometry,2
exaggeration,2
craft,2
narrow,2
stand,2
roumata,2
aschenbrenner,2
uplifted,2
sauceboat,2
geography,2
propose,2
investigations,2
la,2
cereals,2
depth,2
spiny,2
topography,2
flooded,2
fringed,2
note,2
she,2
ecole,2
ecological,2
five,2
fewer,2
primarily,2
millennia,2
existed,2
united,2
debla,2
holmes,2
months,2
forest,2
elymus,2
contained,2
deposited,2
eventually,2
any,2
mcdonald,2
dispersed,2
slope,2
grazing,2
shapes,2
terrestrial,2
preserves,2
triad,2
colonization,2
each,2
specialized,2
abandonment,2
ratio,2
setting,2
branches,2
best,2
down,2
half,2
report,2
fens,2
particularly,2
section,2
tracts,2
elsewhere,2
distinctive,2
rural,2
just,2
type,2
animal,2
william,2
what,2
investigation,2
combined,2
rose,2
form,2
peninsulas,2
fodder,2
personal,2
kalami,2
city,2
lies,2
families,2
isolated,2
tall,2
think,2
varied,2
contrasts,2
numerous,2
prickly,2
spectra,2
grown,2
kai,2
subsidence,2
regime,2
states,2
prosperity,2
photograph,2
off,2
association,2
lj,2
christi,2
archaic,2
practiced,2
mounting,2
territories,2
klein,2
fluctuated,2
aeluropus,2
vary,2
meat,2
damp,2
norman,2
soudha,2
valley,2
given,2
abandoned,2
herders,2
built,2
dawkins,2
major,2
fir,1
argolid,1
oleander,1
ending,1
order,1
barbara,1
fernand,1
astrdms,1
countryside,1
personally,1
submerging,1
universal,1
horizontal,1
anatolian,1
concerned,1
generated,1
extrapolating,1
blasts,1
names,1
imported,1
sealings,1
wettest,1
extreme,1
shrines,1
paolo,1
introductions,1
college,1
heights,1
mccoy,1
bushes,1
melian,1
enclosing,1
stands,1
evans,1
distributed,1
debris,1
canopy,1
forcing,1
contemporaneous,1
aceramic,1
conducted,1
he,1
garigueto,1
dairy,1
correspondance,1
food,1
picked,1
maize,1
merged,1
greig,1
live,1
koiladha,1
rodwell,1
composites,1
drawings,1
stunted,1
costis,1
satisfied,1
cement,1
former,1
grove,1
hair,1
pollinated,1
ravine,1
cavernes,1
cycles,1
character,1
necessarily,1
offshore,1
burn,1
unlike,1
laid,1
halflife,1
assisted,1
source,1
hillsides,1
princeton,1
storminess,1
wellwater,1
lww,1
predominantly,1
frags,1
peaked,1
said,1
anthropogenic,1
inadvertently,1
innovation,1
permit,1
beneficial,1
epetiris,1
isthmus,1
problems,1
sources,1
modest,1
specifically,1
swedish,1
expands,1
certainly,1
topographic,1
slaughtered,1
localities,1
originally,1
meters,1
amari,1
microfossils,1
encouraged,1
humans,1
tubuliflorae,1
rig,1
chenopods,1
fragmentary,1
youngest,1
gary,1
containing,1
engaged,1
displacement,1
gorge,1
attractive,1
route,1
paraskevi,1
tradition,1
packed,1
madares,1
belong,1
broadly,1
sedimentation,1
blown,1
warm,1
highland,1
klasikon,1
great,1
thank,1
whatever,1
timing,1
ne,1
analyses,1
rich,1
colloque,1
sometime,1
archive,1
farther,1
hundred,1
reveal,1
palatial,1
locality,1
assays,1
acheron,1
inland,1
lowlanders,1
elm,1
state,1
emphasized,1
thessaloniki,1
remainder,1
cistern,1
ambiguous,1
ash,1
revise,1
declines,1
surveys,1
kako,1
behind,1
canea,1
daniel,1
livelihood,1
lecturer,1
context,1
coniferous,1
uu,1
cherry,1
case,1
davaras,1
plains,1
zeitschrift,1
recorded,1
autonomous,1
key,1
constraint,1
masked,1
neil,1
draw,1
killed,1
stepped,1
figs,1
vol,1
opened,1
prior,1
capable,1
constraints,1
paucity,1
facilitating,1
soils,1
slight,1
nuario,1
tsiveriotis,1
april,1
nerolak,1
edn,1
vathyrevma,1
fine,1
variations,1
point,1
savlaki,1
schists,1
legume,1
ljll,1
undoubtedly,1
interact,1
kadmos,1
minimum,1
tis,1
plenty,1
prevented,1
tied,1
altitudes,1
caprine,1
corresponding,1
frangaise,1
li,1
build,1
della,1
terra,1
neogene,1
donnies,1
mnemeia,1
domesticated,1
comments,1
review,1
collapse,1
percolation,1
submergence,1
accuracy,1
nn,1
component,1
spectrum,1
pockets,1
tw,1
depressions,1
critoises,1
against,1
tables,1
hierarchy,1
unpublished,1
proliferated,1
scarce,1
millennium,1
interest,1
gerontology,1
kritikon,1
rains,1
lactuca,1
occurs,1
fitch,1
participating,1
cf,1
spoudon,1
faulted,1
alison,1
topic,1
mild,1
manuring,1
manuscript,1
z,1
kind,1
ware,1
lin,1
better,1
underlying,1
evident,1
keep,1
coppices,1
causing,1
architectural,1
body,1
starved,1
houses,1
dolines,1
young,1
recalls,1
wholly,1
uncorrected,1
left,1
estimate,1
storage,1
geological,1
communication,1
spite,1
caverns,1
stratum,1
coasts,1
climates,1
trickles,1
pronounced,1
drapanokephalo,1
though,1
unsafe,1
poorly,1
shrubby,1
resist,1
melena,1
cobbles,1
phases,1
seventh,1
henri,1
sytze,1
treuil,1
rivages,1
sample,1
colin,1
alleged,1
recognized,1
york,1
town,1
pullen,1
wirr,1
phragmites,1
aimed,1
main,1
interpretation,1
stressing,1
vegetables,1
influential,1
square,1
dominanted,1
process,1
incidence,1
approaches,1
nap,1
represented,1
ahio,1
contour,1
lag,1
lasted,1
onouphrious,1
domestication,1
leave,1
marls,1
fluvial,1
distant,1
reappears,1
kiladha,1
shell,1
methuen,1
ulw,1
ij,1
understand,1
category,1
settled,1
escape,1
maintaining,1
uliwi,1
franfaise,1
consider,1
stirrup,1
bespeak,1
objects,1
improvement,1
sorts,1
river,1
established,1
discouraged,1
sirocco,1
specialization,1
intensive,1
grains,1
yellow,1
teaches,1
internationale,1
clearly,1
collpase,1
mournies,1
dominate,1
traces,1
house,1
shore,1
argued,1
xerophytic,1
exposure,1
frag,1
emmer,1
phytologist,1
solid,1
benefited,1
cousins,1
etaireias,1
show,1
flats,1
riverside,1
underwater,1
delta,1
additional,1
franchthi,1
dello,1
groundwater,1
beyond,1
isolation,1
followed,1
steeper,1
ki,1
consequence,1
requires,1
painted,1
vibrocorer,1
puts,1
amount,1
poplar,1
mioan,1
helped,1
warmer,1
providing,1
textured,1
view,1
vine,1
organic,1
invading,1
disappeared,1
cultivating,1
tuberous,1
irrigation,1
vanna,1
whereas,1
ranges,1
closely,1
advance,1
solutional,1
location,1
harbor,1
wares,1
rl,1
oleanders,1
hudson,1
farmsteads,1
perennially,1
relating,1
seven,1
lived,1
conspicuous,1
conventionally,1
served,1
format,1
livelli,1
events,1
primacy,1
specialize,1
emerge,1
attained,1
mmn,1
archeologica,1
prompt,1
shall,1
equal,1
aromatic,1
war,1
mesophytic,1
produced,1
intensity,1
younger,1
otherwise,1
hare,1
wj,1
absolute,1
required,1
plai,1
levant,1
acknowledgments,1
creates,1
eustatic,1
criteria,1
aspects,1
syria,1
thera,1
hierarchies,1
directly,1
hog,1
none,1
accounting,1
artifacts,1
overlying,1
dog,1
travaux,1
received,1
steep,1
nearest,1
sept,1
prominent,1
brought,1
tardo,1
kha,1
stato,1
discusses,1
knowledge,1
tombs,1
confined,1
fred,1
minos,1
paleoenvironments,1
rm,1
northern,1
loss,1
q,1
describe,1
older,1
hellinique,1
inferences,1
partly,1
people,1
mn,1
seasonally,1
firedependent,1
cluster,1
fringing,1
statistics,1
kommos,1
somewhere,1
rene,1
formations,1
overseas,1
il,1
systematic,1
xviii,1
participate,1
matt,1
project,1
stanford,1
copais,1
trends,1
hidden,1
clearance,1
manipulation,1
regions,1
thrived,1
geranium,1
subtle,1
depositional,1
rendue,1
creating,1
running,1
solution,1
computer,1
saline,1
sense,1
grafted,1
controversial,1
cold,1
lowest,1
distances,1
gisela,1
microfilms,1
encroached,1
exclude,1
poligrafico,1
emerging,1
long,1
mallia,1
anaya,1
encompassing,1
habitation,1
initiating,1
sufficient,1
separately,1
highly,1
longergrowing,1
temporary,1
industry,1
stanley,1
mi,1
subsided,1
observe,1
alluvial,1
usual,1
lentisk,1
diversified,1
seeds,1
tended,1
impossible,1
yielded,1
philip,1
customary,1
salinization,1
generally,1
orthodox,1
progress,1
majority,1
elenes,1
inaccessible,1
results,1
colloquium,1
maintained,1
roots,1
windblown,1
value,1
grateful,1
preliminary,1
finds,1
macdonald,1
am,1
rest,1
geographical,1
scuola,1
seemed,1
infrequency,1
nations,1
settlers,1
span,1
flourished,1
will,1
critical,1
bedrock,1
usable,1
interglacial,1
arrangement,1
insects,1
saw,1
unimpeachable,1
architecture,1
agrimi,1
polygons,1
midde,1
catchment,1
interference,1
runoff,1
calendric,1
culturally,1
revival,1
ia,1
metalliferous,1
expansion,1
limited,1
return,1
yields,1
nearly,1
drops,1
sheridan,1
etc,1
reduce,1
inhibiting,1
willem,1
garden,1
expanded,1
torrential,1
standing,1
cyperaceae,1
macrobotanical,1
earthquakes,1
collapsed,1
happens,1
aldine,1
interesting,1
ceilings,1
echo,1
calcareous,1
inhabited,1
tends,1
resilient,1
damper,1
scarcity,1
worked,1
robin,1
vathirevma,1
springs,1
lowering,1
rock,1
reference,1
vs,1
tp,1
doe,1
ericaceous,1
marginal,1
happened,1
tablet,1
qc,1
tilted,1
continuity,1
nancy,1
vanishes,1
palaces,1
brigitta,1
luj,1
index,1
hornbeam,1
processing,1
acting,1
light,1
complete,1
professor,1
keeping,1
aux,1
performed,1
lll,1
boeotia,1
floor,1
llww,1
interbedded,1
exodus,1
odds,1
illustrated,1
unusually,1
acrdn,1
exploit,1
myrtle,1
hallmark,1
faster,1
geomorphology,1
angular,1
sloutraki,1
inhabitants,1
members,1
fire,1
successfully,1
tour,1
precocious,1
book,1
nonmodern,1
participated,1
decoration,1
fell,1
again,1
fin,1
others,1
crucial,1
loutraki,1
flat,1
hydrological,1
almonds,1
contaminating,1
karstified,1
zeist,1
lack,1
turner,1
remarks,1
supplementary,1
scholars,1
stimulus,1
tolerate,1
floyd,1
advantage,1
athanasia,1
clarendon,1
environs,1
creeping,1
fishtank,1
attempting,1
claudio,1
pirazzoli,1
layer,1
caballero,1
surfaces,1
legs,1
grows,1
minneapolis,1
vagnetti,1
aghoi,1
duluth,1
distributions,1
patchwork,1
succeeding,1
seldom,1
noncultivated,1
aquifer,1
instituto,1
removal,1
sebastian,1
channel,1
never,1
procurement,1
ages,1
conclusions,1
hand,1
determinism,1
adjacent,1
morphotectonic,1
subside,1
iwiw,1
model,1
nicolas,1
gorges,1
en,1
reversion,1
developing,1
fish,1
coarse,1
karl,1
indiana,1
evaporative,1
geoff,1
foot,1
tell,1
strategies,1
wave,1
ul,1
sill,1
consultant,1
native,1
reconstructing,1
eds,1
macmillan,1
sewage,1
gives,1
after,1
eminently,1
fonctions,1
bulletin,1
atheniensia,1
dormant,1
herbivores,1
simon,1
paleogeomorphic,1
analyzed,1
discussion,1
survive,1
examples,1
resources,1
upon,1
accompanying,1
farming,1
maritime,1
active,1
unknownots,1
boatslip,1
dordogne,1
alga,1
distinctly,1
enormous,1
manufactured,1
recovery,1
atene,1
unpredictable,1
unconsolidated,1
judge,1
gifford,1
regionalized,1
tjeerd,1
rmm,1
findings,1
confidence,1
secondarily,1
assumption,1
sequence,1
resulting,1
bed,1
evolution,1
assign,1
trend,1
karst,1
rare,1
thessaly,1
schoenus,1
continue,1
corylus,1
stay,1
check,1
previous,1
connected,1
theories,1
occidentale,1
roberts,1
clearing,1
listvros,1
significance,1
pruning,1
prehistoriques,1
reality,1
jose,1
authors,1
grew,1
appreciably,1
rmalaxaridge,1
essay,1
messenia,1
co,1
august,1
held,1
christopher,1
ljwllil,1
allowed,1
kalathorevma,1
overlain,1
lagoonal,1
micinei,1
mount,1
risen,1
collected,1
distinction,1
static,1
obtained,1
mammals,1
kept,1
standard,1
hania,1
thomas,1
browse,1
accords,1
vrokastro,1
inscribed,1
agriculturalists,1
margin,1
doline,1
sanctuary,1
special,1
petromarula,1
gravel,1
souleves,1
liw,1
article,1
systems,1
parallel,1
spileologie,1
viscosa,1
ann,1
mainly,1
beachrock,1
melons,1
marine,1
shorelines,1
james,1
rhodhovani,1
looks,1
displacements,1
ate,1
dividing,1
cruel,1
wells,1
campanula,1
versus,1
hind,1
uwl,1
theophanidhes,1
organics,1
kritis,1
tenuous,1
anatolia,1
dytikis,1
competed,1
widely,1
carbonizatti,1
increasing,1
revolution,1
dogs,1
nisi,1
metallurgy,1
regrowth,1
oxford,1
modification,1
untenable,1
palaikastro,1
flower,1
perspectives,1
africa,1
minoici,1
equals,1
subdivided,1
provide,1
mixture,1
bulk,1
kh,1
washed,1
naturally,1
impressive,1
maps,1
dissolved,1
suggestive,1
program,1
obscuring,1
hill,1
reasonable,1
capacities,1
saterlund,1
bare,1
sgravel,1
becomes,1
bch,1
who,1
sensitive,1
muddle,1
concluding,1
detailed,1
watrous,1
began,1
circumstance,1
overlap,1
clays,1
figurine,1
severgreen,1
responsible,1
pond,1
dans,1
construction,1
cease,1
diagnostic,1
tapped,1
fall,1
opuscula,1
populace,1
antiquities,1
supporting,1
moister,1
fields,1
paleoethnobotanical,1
obstacle,1
face,1
mirror,1
oceanis,1
susan,1
joseph,1
thick,1
stable,1
micenei,1
quantitative,1
sections,1
wooded,1
broodbank,1
shaw,1
share,1
evenly,1
preventing,1
believed,1
agiofarango,1
comes,1
oats,1
tempting,1
irrigating,1
complexes,1
demonstrate,1
maiden,1
thiessen,1
continues,1
pace,1
summit,1
fourni,1
les,1
favors,1
constructed,1
broom,1
ralph,1
callitriche,1
grottes,1
pea,1
nuova,1
rocky,1
alps,1
endangered,1
alternative,1
geoarchaeology,1
proistorikon,1
column,1
auger,1
equation,1
comparative,1
coincides,1
landuse,1
drowned,1
thistles,1
rushes,1
familiar,1
vothanos,1
postglacial,1
fault,1
trypa,1
tomb,1
sheep,1
par,1
ofnw,1
expanding,1
avaki,1
refinements,1
extrapolate,1
exploration,1
believe,1
neolithiques,1
unknown,1
straightforward,1
appendix,1
vines,1
compte,1
amounted,1
current,1
scenario,1
mimoires,1
hinted,1
reliability,1
dryness,1
disperse,1
wilkinson,1
benefit,1
nerokampos,1
essentially,1
uppermost,1
hamlets,1
advances,1
destroyed,1
hint,1
annuals,1
phd,1
stature,1
text,1
drop,1
jars,1
jean,1
explanations,1
etched,1
exposing,1
cypriot,1
stability,1
rising,1
supports,1
independently,1
kamili,1
nearby,1
colder,1
maintain,1
calculations,1
theory,1
interval,1
ceased,1
inscriptions,1
tending,1
oogonia,1
qt,1
predate,1
athina,1
thames,1
create,1
institute,1
prismatic,1
divide,1
installations,1
serie,1
information,1
phenomena,1
emphasis,1
lends,1
urban,1
chronometric,1
art,1
des,1
popular,1
neck,1
sparganium,1
fern,1
northwestern,1
aggradation,1
peace,1
conclude,1
berit,1
introduced,1
beach,1
interaction,1
zamani,1
huber,1
content,1
confirm,1
productivity,1
composed,1
intended,1
administration,1
adapted,1
botany,1
tenable,1
stunt,1
cycladic,1
gennett,1
uiu,1
writing,1
comprised,1
turkish,1
prig,1
subsumed,1
eric,1
ature,1
question,1
pine,1
formation,1
moderate,1
nuclear,1
ultimately,1
vasiliki,1
generate,1
thymus,1
contract,1
vance,1
macrofossils,1
chemical,1
recovering,1
accept,1
discovery,1
reversed,1
approachable,1
joined,1
approximately,1
operational,1
rossa,1
faure,1
integrated,1
define,1
notches,1
need,1
sur,1
underlines,1
effects,1
defined,1
shells,1
tanks,1
moved,1
specific,1
mesara,1
removed,1
ceiling,1
distinctions,1
drying,1
graze,1
bottoms,1
palynologists,1
supply,1
hills,1
nucleation,1
correlate,1
nomos,1
reached,1
agrees,1
views,1
substantial,1
exclusively,1
predictable,1
element,1
entire,1
farmland,1
lingered,1
traditional,1
gulf,1
focus,1
immediately,1
strong,1
mint,1
permanent,1
sedimentary,1
archaiotiton,1
peloponnese,1
epoches,1
building,1
scanty,1
theodoroi,1
voukoulies,1
paleobotany,1
yannis,1
draft,1
occur,1
perception,1
