WORDCOUNTS,WEIGHT
the,278
of,237
and,202
in,94
a,69
this,62
isbn,55
to,49
black,44
white,44
university,37
index,36
cloth,36
on,33
press,31
from,29
paper,27
new,27
archaeology,26
an,22
at,21
is,21
for,21
volume,20
with,19
archaeological,19
no,14
as,14
book,14
ancient,13
prehistoric,13
by,12
that,12
study,11
history,10
illustrated,10
excavations,10
world,10
studies,9
presents,9
are,9
vol,9
author,9
price,9
it,8
pottery,8
roman,8
report,8
thera,8
its,8
tables,8
editor,8
editors,8
arizona,8
prehistory,7
first,7
classical,7
institute,7
art,7
human,7
research,7
other,7
about,6
oxford,6
their,6
monograph,6
over,6
color,6
papers,6
guide,6
work,6
data,6
years,6
d,6
mexico,6
been,5
detailed,5
analysis,5
was,5
materials,5
byzantine,5
late,5
thames,5
account,5
bibliography,5
through,5
hudson,5
were,5
project,5
between,5
american,4
methods,4
essays,4
or,4
indices,4
contains,4
reports,4
palace,4
also,4
great,4
how,4
survey,4
historical,4
state,4
neolithic,4
cultural,4
strategies,4
material,4
be,4
has,4
information,4
development,4
r,4
artifacts,4
anthropological,4
during,4
which,4
california,4
dating,4
archaeologists,4
have,4
peter,4
medieval,4
held,4
area,4
ann,4
publications,4
early,4
results,4
evidence,4
century,3
basil,3
michigan,3
ecological,3
techniques,3
who,3
large,3
complex,3
life,3
construction,3
mammal,3
approaches,3
discoveries,3
hellenistic,3
centuries,3
reference,3
modern,3
photographs,3
chronology,3
undertaken,3
western,3
excavation,3
contributions,3
culture,3
practice,3
series,3
al,3
but,3
age,3
most,3
department,3
social,3
central,3
into,3
anthropology,3
j,3
leading,3
foundation,3
iii,3
time,3
reveal,3
past,3
academic,3
blackwell,3
turkey,3
agricultural,3
seasonal,3
maya,3
changing,3
sites,3
understanding,3
international,3
made,3
los,3
range,3
city,3
yale,3
egyptian,3
northern,3
significant,3
describes,3
chapters,3
includes,3
circus,3
such,3
disposal,3
approach,3
architectural,3
field,3
general,3
small,3
concerns,3
archaeologica,3
site,3
figures,3
cemetery,3
examines,3
model,2
may,2
european,2
san,2
done,2
town,2
buildings,2
important,2
george,2
his,2
scientific,2
keller,2
gender,2
investigation,2
wing,2
h,2
contribution,2
they,2
village,2
b,2
se,2
antiquity,2
achievements,2
sanctuary,2
cave,2
illustrations,2
evolution,2
food,2
brought,2
continent,2
ways,2
interpretation,2
canada,2
environment,2
ram,2
technology,2
african,2
us,2
river,2
committee,2
demeter,2
school,2
included,2
morphou,2
behavior,2
associated,2
islam,2
lamps,2
traces,2
source,2
evaluate,2
w,2
glossary,2
two,2
architecture,2
bar,2
lithic,2
picture,2
bluffline,2
shops,2
three,2
more,2
questions,2
alternative,2
athens,2
set,2
puebloan,2
use,2
terrain,2
all,2
draws,2
raw,2
uses,2
advance,2
almshouse,2
based,2
exploration,2
societies,2
europe,2
wide,2
ivory,2
creek,2
alexander,2
et,2
appearance,2
tulsa,2
argue,2
throughout,2
analyses,2
gulf,2
entries,2
bronze,2
cities,2
arabian,2
i,2
cavea,2
wall,2
living,2
circulation,2
burial,2
handbook,2
robert,2
caves,2
what,2
halafian,2
economy,2
oregon,2
combined,2
context,2
them,2
ethnographic,2
nunnery,2
can,2
textbook,2
pleistocene,2
public,2
near,2
primary,2
well,2
original,2
some,2
urban,2
middle,2
comprises,2
circumstances,2
west,2
four,2
interdisciplinary,2
given,2
lovaniensia,2
knowledge,2
tombs,2
these,2
related,2
scandal,2
samples,2
intended,2
disciplines,2
literature,2
faunas,2
contribute,2
collection,2
issues,2
beginnings,2
people,2
harvard,2
aztec,2
archaeomagnetic,2
our,2
examination,2
radiocarbon,2
personal,2
figurine,2
devoted,2
tell,2
ulrich,2
since,2
ucla,2
historic,2
t,2
comprehensive,2
arkansas,2
ecosystem,2
wagoner,2
issn,2
computer,2
acta,2
painting,2
sardis,2
conducted,2
uxbridge,2
so,2
extensively,2
preservation,2
theoretical,2
settlement,2
old,2
perspective,2
yugoslavia,2
specific,2
systems,2
aegean,2
county,2
iron,2
massachusetts,2
contact,2
chicago,2
describing,2
structure,2
fully,2
sciences,2
journal,2
much,2
period,2
ground,2
belize,2
among,2
north,2
stone,2
chronicles,2
governor,2
quarter,2
finds,2
function,2
variety,2
florence,1
phases,1
final,1
chronological,1
south,1
overlay,1
marshall,1
will,1
threatened,1
f,1
portion,1
civilization,1
regional,1
brian,1
dawn,1
confined,1
kluwer,1
twelve,1
james,1
he,1
states,1
enhancing,1
descriptive,1
second,1
situation,1
revisionist,1
dual,1
whose,1
graphics,1
ceremonial,1
german,1
today,1
kore,1
publishing,1
africa,1
practices,1
innocent,1
volcanism,1
sealed,1
emilio,1
provide,1
serves,1
landscape,1
concerned,1
employ,1
nw,1
addressing,1
sessions,1
identified,1
reassesses,1
rio,1
italy,1
concern,1
main,1
groups,1
stairways,1
acrocorinth,1
pittsburgh,1
vision,1
synthesis,1
practical,1
maps,1
created,1
comparative,1
grappled,1
expansion,1
deepen,1
yucatan,1
profusely,1
albion,1
joan,1
basic,1
influential,1
taphonomy,1
iowa,1
cardiovascular,1
topics,1
explicit,1
college,1
tou,1
monumenta,1
coastal,1
presentation,1
sampled,1
ireland,1
bulletin,1
rise,1
brings,1
ofafrican,1
warner,1
geology,1
peninsula,1
christine,1
etc,1
completely,1
warship,1
unpillaged,1
phoenician,1
transformed,1
analyzes,1
translation,1
deposit,1
still,1
el,1
dealt,1
archaeometallurgy,1
determining,1
households,1
explaining,1
economists,1
visual,1
woods,1
eight,1
trash,1
landscapes,1
transformation,1
premises,1
domestication,1
athlit,1
plains,1
southern,1
countries,1
balanced,1
engendering,1
handsome,1
surveyed,1
volumes,1
ography,1
religious,1
changes,1
special,1
successor,1
myth,1
bef,1
mobility,1
superb,1
design,1
burials,1
fall,1
pines,1
united,1
kingdoms,1
origins,1
once,1
beautiful,1
paleolithic,1
niches,1
edited,1
types,1
fields,1
corinth,1
thought,1
osteological,1
monuments,1
lives,1
drawings,1
arts,1
bear,1
girikihaciyan,1
case,1
residence,1
interspersed,1
monumental,1
rigorous,1
contingency,1
array,1
east,1
literary,1
spanning,1
many,1
grasslands,1
trace,1
radiographic,1
detail,1
objects,1
key,1
antler,1
lavishly,1
cover,1
dated,1
eventually,1
mirrored,1
ideals,1
latin,1
light,1
selevac,1
complete,1
santorini,1
same,1
sharply,1
civilizations,1
mary,1
bruce,1
revision,1
publishers,1
exemplified,1
located,1
upper,1
peoples,1
industrial,1
women,1
dieter,1
receive,1
manual,1
demonstrate,1
congress,1
extensive,1
theory,1
underwater,1
celebrates,1
accumulation,1
soil,1
symbolic,1
albuquerque,1
cyril,1
vietnam,1
aymara,1
way,1
shows,1
authenticity,1
peru,1
shed,1
treats,1
aims,1
physical,1
lee,1
sources,1
paperback,1
trenches,1
every,1
buffalo,1
eruption,1
text,1
name,1
constitute,1
ecofacts,1
discussions,1
here,1
ruin,1
heritage,1
viewed,1
endeavors,1
colorado,1
ii,1
power,1
metal,1
escapes,1
restoration,1
military,1
suggested,1
geography,1
might,1
address,1
ian,1
biomedical,1
season,1
attempt,1
view,1
presented,1
colonization,1
masonry,1
pharaonic,1
adequate,1
each,1
raish,1
projects,1
olga,1
revealed,1
museum,1
character,1
nature,1
analytical,1
cultures,1
skills,1
cultivated,1
different,1
aspect,1
adaptation,1
expanding,1
bordering,1
edward,1
geoffrey,1
pharaoh,1
identifying,1
s,1
interested,1
sampling,1
explores,1
could,1
ulster,1
comparisons,1
together,1
found,1
compile,1
rural,1
areas,1
homogeneous,1
farmers,1
livingston,1
forces,1
rich,1
lived,1
grave,1
particularly,1
out,1
larger,1
examinations,1
displays,1
summaries,1
link,1
envisioning,1
farming,1
full,1
goods,1
uncovered,1
figurines,1
religion,1
contemporary,1
dugan,1
ago,1
before,1
inception,1
styles,1
siidungarn,1
man,1
mobiliary,1
initial,1
essentially,1
synthesize,1
mass,1
calder,1
fresh,1
im,1
representative,1
edition,1
liz,1
ruler,1
theodosian,1
julie,1
scientificanalysis,1
aerial,1
density,1
erupt,1
across,1
bilingual,1
sbn,1
cyprus,1
just,1
present,1
performances,1
principal,1
william,1
healthy,1
informed,1
reliefs,1
scholarly,1
focused,1
focus,1
market,1
carthage,1
relationships,1
within,1
curtiss,1
developing,1
proceedings,1
purposes,1
daniel,1
empire,1
rethinking,1
tools,1
arrays,1
volcanic,1
kevin,1
catalogs,1
sq,1
toumba,1
heavily,1
inquiry,1
british,1
references,1
coast,1
plans,1
taphonomic,1
dance,1
tim,1
patty,1
cardiopulmonary,1
wealth,1
chris,1
placed,1
colony,1
focusing,1
osteologists,1
common,1
manuscripts,1
noted,1
westview,1
native,1
belief,1
eastern,1
wetland,1
books,1
mathematics,1
problem,1
knossos,1
historians,1
king,1
assemblage,1
huchim,1
misrepresented,1
continuum,1
earlier,1
january,1
bones,1
wood,1
encountered,1
interrelationships,1
america,1
notation,1
hall,1
dorie,1
ecology,1
thoroughly,1
exposition,1
landscaping,1
shape,1
yield,1
syria,1
deal,1
notorious,1
guidebook,1
local,1
egyptians,1
dimensionality,1
restoring,1
italian,1
esthetic,1
subsistence,1
distinguish,1
flatland,1
example,1
greatest,1
identification,1
journals,1
used,1
securely,1
size,1
hondo,1
bc,1
felt,1
popular,1
reissue,1
bahn,1
scope,1
establishing,1
examples,1
conference,1
effectiveness,1
karnak,1
both,1
abstracts,1
socioeconomic,1
heinemann,1
researchers,1
boston,1
discovery,1
upon,1
investigator,1
john,1
maritime,1
professionals,1
helps,1
amply,1
entire,1
reader,1
interrelated,1
quadrangle,1
writings,1
provocative,1
formal,1
region,1
mental,1
point,1
mycenaean,1
part,1
slopes,1
introduced,1
enormous,1
coffin,1
pajarito,1
household,1
garland,1
mortuary,1
genetic,1
environmental,1
indigenous,1
along,1
variability,1
pyramids,1
irish,1
identity,1
akademiai,1
against,1
subject,1
transition,1
rendering,1
mummified,1
economies,1
forged,1
kathleen,1
steven,1
combining,1
lang,1
overview,1
ironworking,1
herrera,1
hundred,1
consistently,1
organization,1
database,1
operated,1
ethnoarchaeology,1
barrera,1
probes,1
challenges,1
framework,1
refuse,1
elisha,1
ricardo,1
pulmonary,1
coming,1
processes,1
rare,1
recovery,1
jan,1
documentary,1
services,1
huntergatherers,1
ofegypt,1
lifeways,1
focuses,1
publish,1
collapse,1
ofancientamerindian,1
millenium,1
office,1
surrounding,1
transoceanic,1
uxmal,1
theories,1
southwestern,1
students,1
prominent,1
fieldwork,1
explained,1
platform,1
water,1
appendices,1
wolsky,1
portrayals,1
memoirs,1
discovered,1
earth,1
margaret,1
revisited,1
donald,1
jenks,1
kingdom,1
hidden,1
applied,1
protohistoric,1
modem,1
jose,1
fraud,1
september,1
magic,1
national,1
annotated,1
g,1
group,1
hungary,1
lectures,1
rome,1
change,1
published,1
contributors,1
contrasting,1
settings,1
least,1
americas,1
known,1
include,1
theamericas,1
osteology,1
dendrochronology,1
revised,1
consumption,1
canadian,1
sweep,1
spread,1
jr,1
quad,1
manufacture,1
ramesses,1
geometry,1
theoretically,1
alphabet,1
chronologies,1
features,1
engels,1
ofrefuse,1
grew,1
m,1
involving,1
southeastern,1
anthropologically,1
one,1
effects,1
obtained,1
z,1
course,1
interprets,1
clues,1
geographical,1
seeks,1
forming,1
accurate,1
anyone,1
philosophy,1
supplement,1
mediterranean,1
after,1
kersting,1
provides,1
martin,1
remains,1
francisco,1
involved,1
around,1
forensic,1
illuminates,1
looks,1
hypostyle,1
bay,1
ih,1
several,1
agriculturalists,1
davenport,1
habitation,1
concept,1
flora,1
characteristics,1
recognition,1
concerning,1
especially,1
charles,1
problems,1
tutankhamun,1
leblanc,1
strive,1
body,1
biologically,1
consumer,1
often,1
columbia,1
six,1
topic,1
mi,1
inclusion,1
craft,1
invaluable,1
spectacular,1
funerary,1
suitable,1
c,1
egypt,1
texas,1
carlos,1
csanaid,1
third,1
britain,1
effect,1
adjacent,1
yielded,1
debate,1
biological,1
texts,1
when,1
conspiracy,1
fame,1
probably,1
wish,1
method,1
anthony,1
valley,1
pueblo,1
greece,1
surveys,1
designed,1
those,1
raised,1
monographiae,1
images,1
need,1
uk,1
oklahoma,1
production,1
than,1
destruction,1
pedestrian,1
specialists,1
joint,1
patterns,1
appropriate,1
alberta,1
professional,1
investigate,1
building,1
controversial,1
provided,1
paul,1
preliminary,1
achaemenid,1
propose,1
acted,1
attention,1
pieter,1
influence,1
theaegean,1
widely,1
activities,1
embraces,1
readership,1
emily,1
folkens,1
stephens,1
society,1
jeffrey,1
diseased,1
thorough,1
