WORDCOUNTS,WEIGHT
the,687
of,566
and,349
in,224
a,197
to,147
for,130
assemblages,124
or,121
with,96
high,83
activities,82
is,78
are,74
area,74
this,72
by,72
analysis,65
be,61
that,60
assemblage,60
sites,52
prehistoric,51
from,51
on,51
scores,51
cluster,51
have,51
were,49
areas,47
clusters,47
as,47
more,46
at,45
stratum,43
these,41
data,38
cape,38
was,37
rare,36
lithic,36
each,36
o,34
archeological,34
site,32
flakes,32
frequency,32
it,31
e,31
different,31
use,30
sample,30
b,29
structural,29
number,29
l,28
not,28
within,27
than,27
their,27
d,26
they,25
other,25
relatively,24
survey,23
x,23
about,23
been,23
manufacturing,23
one,22
estimates,22
used,22
outer,22
which,22
an,22
land,22
all,21
most,21
percentages,21
field,21
suggest,21
two,21
might,20
ia,20
between,20
c,20
trim,19
occurred,19
expected,19
artifacts,19
technology,19
variables,19
national,19
i,18
n,18
units,18
recurrent,18
material,18
discovered,18
can,18
sampling,18
investigation,18
among,18
s,17
distribution,17
characteristics,17
percentage,17
cod,17
occupations,17
wo,16
activity,16
similar,16
because,16
during,16
seashore,16
only,16
indicate,16
kinds,15
bifaces,15
m,15
r,15
strata,15
types,15
if,14
test,14
ii,14
j,14
no,14
shell,14
raw,14
variety,14
less,14
would,14
ib,14
relative,14
using,14
per,13
large,13
those,13
study,13
additional,13
wide,13
reflect,13
small,13
new,13
range,13
nauset,13
associated,13
has,13
contents,12
human,12
shatter,12
out,12
will,12
also,12
score,12
archaeology,12
pits,12
northeast,11
settlements,11
clam,11
first,11
differences,11
some,11
resources,11
such,11
mean,11
greater,11
probably,11
settlement,11
css,11
blocks,11
pattern,11
ic,11
examination,11
them,11
suggests,11
both,11
groups,10
general,10
flake,10
unit,10
artifact,10
second,10
interpretation,10
many,10
time,10
three,10
note,10
any,10
spatial,10
common,9
seems,9
behavior,9
journal,9
york,9
based,9
midden,9
p,9
tested,9
several,9
f,9
rock,9
occurrence,9
upon,9
low,9
archaeological,9
outside,9
structure,9
figure,9
table,9
variable,9
type,9
presented,9
association,9
group,8
formed,8
likely,8
h,8
cit,8
t,8
season,8
shellfish,8
intensive,8
suggested,8
occupation,8
its,8
inferences,8
grams,8
few,8
boundaries,8
when,8
archaeologylvol,8
patterns,8
atlantic,8
op,8
decortification,8
results,8
average,8
felsite,8
should,8
park,7
total,7
consistent,7
primary,7
design,7
possible,7
frequencies,7
codlmcmanamon,7
amount,7
contour,7
probability,7
parts,7
record,7
late,7
ceramics,7
part,7
research,7
materials,7
reconstruction,7
included,7
variation,7
length,7
must,7
known,7
particular,7
size,7
through,7
techniques,7
quartz,7
much,7
north,7
loso,6
very,6
sand,6
includes,6
bay,6
cultural,6
result,6
density,6
contains,6
least,6
periods,6
single,6
boundary,6
rejuvenation,6
do,6
food,6
maps,6
far,6
historical,6
pit,6
reported,6
locations,6
although,6
defined,6
remains,6
substantial,6
represent,5
into,5
great,5
there,5
information,5
above,5
since,5
drawn,5
even,5
represented,5
tidal,5
section,5
had,5
could,5
further,5
method,5
well,5
year,5
occupied,5
detailed,5
below,5
stage,5
order,5
around,5
annual,5
preliminary,5
chronological,5
short,5
limited,5
intensively,5
management,5
homogeneous,5
water,5
shows,5
striking,5
distributions,5
necessary,5
made,5
values,5
individual,5
period,5
interpretations,5
provide,5
quantitative,5
here,5
natural,5
cm,5
paper,5
past,5
whether,5
quartile,5
emphasis,5
contain,5
investigated,5
precision,5
difference,5
stratification,5
summary,5
comparison,5
amant,5
shovel,4
estimated,4
episodes,4
resulted,4
stone,4
my,4
permit,4
estimation,4
representing,4
acres,4
accuracy,4
highest,4
estimate,4
coastal,4
examined,4
derived,4
sso,4
resource,4
exploitation,4
important,4
allow,4
behavioral,4
ocean,4
cores,4
though,4
near,4
distinguish,4
inferred,4
intense,4
middle,4
statistics,4
fieldwork,4
next,4
long,4
massachusetts,4
portion,4
service,4
euclidian,4
make,4
indicates,4
regional,4
discussed,4
present,4
bmas,4
preparation,4
insufficient,4
distance,4
another,4
width,4
top,4
allowed,4
stages,4
accurate,4
standard,4
decort,4
we,4
carried,4
tests,4
discard,4
strongly,4
often,4
contained,4
over,4
seem,4
half,4
current,4
seasonal,4
recurrently,4
almost,4
quartzite,4
spring,4
magnitudes,4
dense,4
piece,4
derive,4
specific,4
coefficient,4
technological,4
final,3
later,3
dug,3
inset,3
separated,3
acre,3
needed,3
he,3
source,3
cutting,3
concentrated,3
nature,3
thanks,3
remainder,3
henry,3
similarities,3
system,3
side,3
recorded,3
point,3
along,3
collection,3
relationships,3
points,3
distinct,3
clustering,3
left,3
compare,3
storage,3
pilgrim,3
cobbles,3
without,3
his,3
importance,3
settled,3
prehistory,3
consider,3
statistical,3
northeastern,3
w,3
beyond,3
comparisons,3
problems,3
appear,3
location,3
subsampling,3
initial,3
base,3
effective,3
absolute,3
directly,3
having,3
work,3
apparent,3
project,3
lithics,3
useful,3
smithsonian,3
distinguishing,3
avoid,3
society,3
tasks,3
lso,3
edges,3
evenly,3
collect,3
complete,3
social,3
rather,3
others,3
flat,3
analytical,3
fact,3
lack,3
head,3
perhaps,3
original,3
understanding,3
meaningful,3
extended,3
deposits,3
including,3
band,3
so,3
dendrogram,3
discarded,3
random,3
division,3
independent,3
usually,3
reasonable,3
vertical,3
collections,3
effectively,3
thick,3
considered,3
freshwater,3
sections,3
magnitude,3
then,3
scraping,3
cover,3
archeologists,3
report,3
infer,3
combined,3
supports,3
problem,3
matrix,3
finished,3
boston,3
dorsal,3
challenges,3
goals,3
camps,3
numerous,3
include,3
salt,3
consumption,3
potential,3
km,3
strong,3
meeting,3
done,2
horizontal,2
indicated,2
generated,2
affected,2
environmental,2
determine,2
introduction,2
distributed,2
american,2
tend,2
designed,2
ma,2
rounded,2
easily,2
chunky,2
lower,2
accumulation,2
being,2
sources,2
culturally,2
england,2
definition,2
available,2
simple,2
link,2
closer,2
overall,2
procedure,2
subsequent,2
help,2
inadvertently,2
vegetation,2
state,2
miles,2
principal,2
case,2
eastern,2
america,2
except,2
correlation,2
occur,2
plowed,2
throughout,2
typological,2
immediate,2
run,2
pilot,2
interest,2
regarded,2
century,2
kind,2
old,2
six,2
arranged,2
third,2
integer,2
interesting,2
avoids,2
deviations,2
essential,2
main,2
behaviorally,2
square,2
process,2
refine,2
environments,2
after,2
certain,2
special,2
factors,2
plus,2
biased,2
linked,2
frequently,2
upper,2
four,2
show,2
shorter,2
permanent,2
strategy,2
concentration,2
found,2
chipped,2
effort,2
dunes,2
planes,2
subsurface,2
term,2
intervening,2
equal,2
tools,2
produced,2
intensity,2
cannot,2
outstanding,2
none,2
nearest,2
future,2
scars,2
q,2
describe,2
refined,2
records,2
seasonally,2
structures,2
sampled,2
either,2
excavated,2
distances,2
coupled,2
pond,2
arbitrary,2
portions,2
up,2
reflected,2
appropriate,2
inform,2
rarity,2
partially,2
absence,2
various,2
logistical,2
identified,2
poor,2
stratigraphy,2
direction,2
represents,2
serve,2
times,2
us,2
processing,2
performed,2
outlined,2
subdivisions,2
indian,2
inference,2
cortex,2
et,2
ought,2
inconsistency,2
surfaces,2
substantially,2
considerable,2
removal,2
reasons,2
model,2
where,2
answer,2
fewer,2
day,2
greatest,2
discussion,2
discovery,2
parameter,2
increase,2
confidence,2
hypotheses,2
francis,2
involves,2
described,2
platform,2
clear,2
maintenance,2
formulas,2
amounts,2
david,2
characterized,2
function,2
features,2
collected,2
counted,2
earlier,2
abundant,2
provides,2
procurement,2
article,2
k,2
methods,2
shallow,2
examine,2
institution,2
covered,2
limiting,2
chosen,2
five,2
testing,2
program,2
support,2
referred,2
who,2
circumstance,2
thinning,2
existed,2
surprising,2
stratified,2
subdivided,2
face,2
middens,2
differentiated,2
mentioned,2
homogeneity,2
precise,2
occurrences,2
anthropology,2
particularly,2
grey,2
associations,2
phd,2
unlikely,2
explanations,2
terms,2
ones,2
making,2
quadrats,2
adaptation,2
too,2
measure,2
indians,2
exploit,2
crew,2
eroding,2
varied,2
unifaces,2
question,2
models,2
generate,2
histograms,2
completed,2
detached,2
redlpurple,2
cobble,2
need,2
smaller,2
haphazard,2
meat,2
roughly,2
create,2
entire,2
given,2
duration,2
counts,2
observed,2
major,2
frequent,1
difficult,1
mingled,1
does,1
forested,1
smoke,1
transportation,1
mostly,1
accomplish,1
oriented,1
nonlithic,1
edge,1
fraction,1
multiple,1
created,1
lsso,1
extreme,1
wa,1
heights,1
pierce,1
red,1
alone,1
screened,1
extends,1
debris,1
contemporaneous,1
center,1
discover,1
complex,1
systematically,1
identify,1
picked,1
informative,1
completely,1
expenditure,1
inconsistent,1
mit,1
compilation,1
modern,1
candidate,1
unnamed,1
ms,1
considerations,1
decade,1
tied,1
position,1
western,1
necessarily,1
history,1
presents,1
before,1
descriptions,1
flaws,1
permitted,1
negative,1
predominantly,1
sterile,1
outwash,1
certainly,1
production,1
discovers,1
interests,1
crews,1
implications,1
meters,1
prehlstorlc,1
permanently,1
worked,1
tolerated,1
advanced,1
containing,1
hitchcock,1
affirmed,1
delineation,1
shaped,1
operationally,1
suggesting,1
aereage,1
acreage,1
analyses,1
purple,1
oyster,1
admittedly,1
wore,1
beds,1
scheduled,1
xx,1
designated,1
southernmost,1
fresh,1
patterned,1
improved,1
consist,1
newell,1
political,1
investigations,1
reading,1
somewhat,1
revise,1
deserve,1
context,1
papers,1
sq,1
nodes,1
preventing,1
sawing,1
east,1
key,1
advice,1
bones,1
objectives,1
mesh,1
discrepancies,1
recommended,1
determined,1
condition,1
hir,1
ceramlcs,1
sss,1
fzakes,1
fine,1
west,1
apart,1
calthe,1
beneath,1
eroded,1
strengthens,1
ross,1
nvestlgatlon,1
inventory,1
diversity,1
framework,1
funded,1
exist,1
regarding,1
central,1
goal,1
thus,1
phase,1
betseen,1
fracture,1
review,1
differential,1
wellfleet,1
pockets,1
calculated,1
due,1
unpublished,1
g,1
author,1
forgotten,1
characteristic,1
ability,1
occupancy,1
thinned,1
occurs,1
moffett,1
application,1
plymouth,1
dozen,1
manufacturlng,1
z,1
duff,1
cases,1
ct,1
quadrupeds,1
feasible,1
perspective,1
intensities,1
encompass,1
columbia,1
served,1
allowing,1
suitable,1
dates,1
compared,1
blunted,1
twice,1
misleading,1
publications,1
y,1
grouped,1
master,1
poorly,1
biface,1
divergence,1
terrn,1
reconstructed,1
aborigines,1
reflects,1
finish,1
predicted,1
exact,1
underway,1
cse,1
statements,1
chuck,1
grid,1
aimed,1
generations,1
developed,1
how,1
remain,1
bulb,1
appreciation,1
levels,1
subsistence,1
opportunity,1
filios,1
mcmanamon,1
proportion,1
leave,1
direct,1
balanced,1
population,1
oogo,1
creek,1
lacking,1
white,1
productive,1
overlooked,1
plog,1
troublesome,1
jlake,1
means,1
reason,1
modified,1
understand,1
mlnc,1
possibly,1
dichotomy,1
river,1
established,1
aritfacts,1
specify,1
elsewhere,1
weather,1
objectivity,1
traces,1
exploratory,1
listed,1
age,1
commonly,1
flats,1
horizontally,1
recovered,1
assemblagess,1
surface,1
submerged,1
jurisdiction,1
requires,1
terminology,1
hardware,1
contrary,1
providing,1
cut,1
contention,1
hours,1
expressed,1
rce,1
standards,1
closely,1
artifactsll,1
underrepresented,1
chris,1
harbor,1
nonrandom,1
public,1
traditionally,1
inappropriate,1
combinations,1
carol,1
seven,1
centers,1
lived,1
deal,1
curiosity,1
relate,1
glacial,1
calculable,1
pre,1
evaluate,1
standardized,1
supervisors,1
buried,1
mainly,1
block,1
burial,1
recently,1
priorities,1
meet,1
applied,1
exhaustion,1
placed,1
procedures,1
perform,1
required,1
acknowledgements,1
sparse,1
impression,1
aspects,1
improve,1
distinguishes,1
jim,1
multipurpose,1
marsh,1
line,1
requlrlng,1
thun,1
planning,1
received,1
tool,1
nine,1
irregularly,1
invisible,1
concept,1
unless,1
modular,1
purpose,1
knowledge,1
confined,1
recurrentl,1
description,1
directness,1
loss,1
hemenway,1
consistently,1
intermediate,1
place,1
culated,1
constitute,1
figures,1
densely,1
andior,1
focuses,1
halfway,1
away,1
systematic,1
manage,1
smallest,1
interpreted,1
headlpilgrinz,1
hidden,1
approach,1
good,1
change,1
published,1
successful,1
caused,1
hard,1
cold,1
buildings,1
shaping,1
preponderant,1
reliable,1
quite,1
event,1
involved,1
patiently,1
specificity,1
separately,1
rr,1
accomplished,1
wider,1
concerns,1
allotted,1
refinement,1
distinguished,1
herb,1
diversified,1
differing,1
mixing,1
impossible,1
maine,1
always,1
ington,1
majority,1
projections,1
proper,1
dropping,1
world,1
value,1
provided,1
moved,1
valuable,1
enjoy,1
reducing,1
invest,1
concomitant,1
seemed,1
deleting,1
hlstorlc,1
critical,1
pilgrims,1
led,1
matter,1
scientific,1
strictures,1
separation,1
distorted,1
quantified,1
hollows,1
rejuvenated,1
still,1
bert,1
bill,1
comments,1
initially,1
southern,1
roads,1
selection,1
loos,1
codlmcmanarnon,1
springs,1
hydrological,1
od,1
vs,1
under,1
lab,1
chronology,1
igat,1
index,1
swamp,1
breakage,1
light,1
arva,1
culture,1
congruent,1
same,1
patterning,1
reports,1
vermont,1
typed,1
architectural,1
llso,1
maintained,1
bordering,1
concentrate,1
quantifiable,1
george,1
party,1
resolution,1
gain,1
law,1
technique,1
rejuvenate,1
fell,1
toward,1
pointed,1
deserves,1
varies,1
hearths,1
relected,1
wetlands,1
generously,1
efforts,1
locational,1
longer,1
consideration,1
irene,1
meadow,1
plan,1
agree,1
eastham,1
euroamericans,1
break,1
larger,1
diverse,1
end,1
diameter,1
seldom,1
firecracked,1
terry,1
puzzling,1
readers,1
enough,1
adjacent,1
ground,1
continuing,1
existing,1
execution,1
pito,1
jx,1
nance,1
see,1
heaps,1
jj,1
gives,1
boissevain,1
shifts,1
insensitive,1
recreational,1
degree,1
insured,1
entity,1
demonstrated,1
redman,1
credit,1
analyzed,1
collecting,1
exploring,1
considering,1
effectiveness,1
background,1
comprise,1
explanation,1
espe,1
desert,1
extrapolated,1
region,1
manufactured,1
clustered,1
streams,1
samples,1
assemblagearea,1
varying,1
empirical,1
entirely,1
significant,1
ponds,1
doug,1
dropped,1
rivers,1
factor,1
affects,1
moraines,1
aside,1
prominently,1
resulting,1
questions,1
assign,1
actual,1
hour,1
individuals,1
check,1
ln,1
reconnoitering,1
shelter,1
netherlands,1
hamps,1
versions,1
ventral,1
directed,1
publication,1
perpendicular,1
definitely,1
plains,1
like,1
spread,1
drilling,1
filled,1
unsettled,1
preservation,1
adequately,1
rogge,1
approximately,1
repeated,1
especially,1
comparing,1
internal,1
systems,1
computed,1
effect,1
provincetown,1
excluded,1
james,1
percent,1
activites,1
consecutive,1
hartford,1
department,1
differ,1
begs,1
adaptations,1
grain,1
saw,1
prerequisites,1
tendency,1
destruction,1
opposite,1
attention,1
chert,1
unversity,1
widely,1
species,1
decision,1
separate,1
ranging,1
seasons,1
indication,1
relationship,1
imply,1
abundance,1
involving,1
angular,1
crucial,1
sx,1
practical,1
refines,1
pieces,1
rough,1
begin,1
select,1
randomly,1
huntergatherer,1
bulletin,1
predict,1
dissimilarity,1
began,1
contribution,1
remaining,1
rapidly,1
wampanoag,1
covering,1
why,1
construction,1
fall,1
adalie,1
hope,1
fields,1
exists,1
instances,1
ities,1
conservation,1
meant,1
concord,1
anthropological,1
environment,1
suggestions,1
heavy,1
following,1
discarding,1
rea,1
series,1
accordance,1
aeolian,1
university,1
simply,1
constituted,1
hypothesized,1
soil,1
temporal,1
supported,1
chores,1
haphazardly,1
equipment,1
marthaws,1
spatially,1
set,1
integrative,1
quickly,1
know,1
control,1
cleavage,1
deleted,1
commission,1
stratigraphic,1
did,1
collapsing,1
restrictive,1
explicated,1
proportional,1
exploiting,1
collectors,1
reliability,1
rely,1
written,1
visits,1
generalized,1
differed,1
guinea,1
closest,1
advances,1
risky,1
better,1
places,1
hardemphasis,1
elena,1
clarity,1
william,1
drop,1
thickly,1
proceedings,1
dissimilarities,1
unique,1
implicit,1
selected,1
form,1
ion,1
imposed,1
map,1
axis,1
theory,1
interval,1
wiseman,1
densities,1
exploltatlon,1
while,1
attaining,1
extract,1
humus,1
studying,1
cloth,1
explored,1
noticed,1
oo,1
influenced,1
skillfully,1
vineyard,1
imprecisely,1
spaces,1
personal,1
conference,1
neck,1
felsites,1
careful,1
bifa,1
despite,1
content,1
ashes,1
undertaken,1
became,1
ac,1
intended,1
returning,1
step,1
underestimate,1
aims,1
definitions,1
aspect,1
pair,1
our,1
proceeds,1
charlie,1
diagram,1
devoted,1
moderate,1
until,1
breaks,1
drafts,1
unable,1
argues,1
structrual,1
disposal,1
similarity,1
internally,1
course,1
contributed,1
diligence,1
joined,1
tot,1
instead,1
define,1
enabling,1
gross,1
regular,1
caco,1
superintendent,1
increased,1
classification,1
archaic,1
mae,1
needs,1
deer,1
observation,1
oyste,1
schiffer,1
distinctions,1
thoreau,1
recognized,1
uncertainty,1
nan,1
views,1
exclusively,1
develop,1
corn,1
abandoned,1
traditional,1
conventions,1
palaeohistoria,1
miivs,1
indicating,1
ca,1
showed,1
sanrple,1
dogss,1
