WORDCOUNTS,WEIGHT
the,260
of,217
and,165
in,90
a,87
to,57
on,54
is,42
for,34
plains,34
site,33
cache,33
from,33
are,33
mckean,29
this,29
tool,28
with,27
be,26
at,23
that,23
caches,23
material,22
as,21
c,21
polish,20
items,20
wyoming,19
was,18
raw,17
one,16
university,16
or,16
frison,16
stone,16
analysis,15
archaeology,15
other,15
implement,14
can,14
by,13
tools,13
caching,13
microwear,12
figure,12
nw,12
but,12
these,12
type,12
use,12
were,12
cached,12
research,12
an,12
edge,11
has,11
such,11
lithic,10
strategies,10
edges,9
kornfeld,9
all,9
location,9
item,9
storage,9
suggests,9
include,9
journal,9
may,8
foraging,8
subsistence,8
large,8
their,8
about,8
types,8
organization,8
two,8
only,8
also,8
nature,8
akoshima,8
current,8
montana,8
settlement,8
technological,8
d,8
been,7
modification,7
most,7
wear,7
marcel,7
new,7
while,7
middle,7
resources,7
personal,7
g,7
archaic,7
stored,7
george,6
e,6
lawrence,6
study,6
flake,6
ms,6
source,6
recovered,6
cv,6
production,6
j,6
occasional,6
cultural,6
burial,6
papers,6
stores,6
dorsal,6
which,6
chipped,6
formation,6
mm,6
archaeological,6
relatively,6
north,6
suggest,5
press,5
m,5
l,5
specimen,5
b,5
not,5
marginal,5
technology,5
northeastern,5
known,5
providing,5
paper,5
different,5
retouching,5
i,5
binford,5
because,5
mckeanlmiddle,5
some,5
r,5
part,5
locations,5
lateral,5
features,5
high,5
piece,5
least,5
six,5
rounding,5
we,5
tabular,4
whose,4
fraley,4
cloverly,4
logistical,4
morrison,4
it,4
pieces,4
reher,4
prehistoric,4
creek,4
produced,4
fig,4
h,4
modified,4
meant,4
manufacturing,4
variety,4
characteristics,4
either,4
sources,4
more,4
implications,4
evidence,4
strategy,4
worked,4
including,4
report,4
anthropologist,4
procurement,4
necessary,4
degree,4
produce,4
used,4
trajectory,4
manufactured,4
department,4
its,4
artifacts,4
food,4
during,4
needed,4
variation,4
implements,4
gear,4
materials,4
no,4
period,4
several,4
systems,4
eus,4
debate,4
archaeologist,4
communication,4
f,3
way,3
regular,3
science,3
if,3
scrapers,3
dale,3
make,3
similar,3
scraper,3
case,3
considered,3
darlington,3
into,3
heavy,3
light,3
k,3
n,3
traces,3
w,3
blank,3
extensive,3
lower,3
being,3
japanese,3
social,3
specimens,3
bright,3
many,3
prior,3
seven,3
end,3
state,3
ofanthropology,3
eu,3
number,3
generalized,3
utilized,3
eckerle,3
within,3
system,3
nunamiut,3
core,3
facilities,3
flint,3
distribution,3
james,3
great,3
information,3
possible,3
data,3
size,3
inferred,3
laramie,3
both,3
assemblages,3
richard,3
region,3
through,3
wedel,3
angle,3
human,3
angles,3
shown,3
curated,3
component,3
cambridge,3
william,3
have,3
dozen,3
sometimes,3
like,3
working,3
mulloy,3
area,3
few,3
between,3
km,3
vary,3
even,3
present,3
kaoru,3
southeastern,3
quartzite,3
time,3
function,3
final,2
ridge,2
carried,2
now,2
transportation,2
partially,2
interests,2
manipulated,2
surface,2
society,2
various,2
common,2
independent,2
rather,2
newcomer,2
academic,2
ecological,2
hide,2
how,2
functional,2
unmodified,2
five,2
others,2
bifaces,2
resulted,2
process,2
above,2
curation,2
vaughan,2
siltstone,2
flexible,2
they,2
conducted,2
parts,2
special,2
prepared,2
mobility,2
face,2
studies,2
christiansen,2
experimentally,2
dodge,2
sociocultural,2
restricted,2
anthropology,2
ne,2
river,2
had,2
contained,2
house,2
manufacture,2
weak,2
without,2
bureau,2
commonly,2
employable,2
spatially,2
projectile,2
random,2
his,2
lewis,2
here,2
comparison,2
suggested,2
eds,2
over,2
utilization,2
seems,2
analytical,2
s,2
copy,2
medicine,2
accompanied,2
includes,2
conference,2
access,2
unilaterally,2
goods,2
distal,2
cq,2
discussed,2
thompson,2
bar,2
wagensen,2
big,2
texas,2
well,2
limited,2
those,2
occupation,2
contact,2
political,2
american,2
landscape,2
experimental,2
based,2
context,2
them,2
particular,2
contents,2
form,2
larson,2
opportunistic,2
wood,2
america,2
consists,2
sites,2
none,2
original,2
facially,2
phenomena,2
contain,2
finished,2
kits,2
presented,2
occasionally,2
occurring,2
reported,2
role,2
along,2
techniques,2
largely,2
behavior,2
inferences,2
isolated,2
store,2
multicomponent,2
timber,2
northeast,2
southwestern,2
described,2
dakota,2
washington,2
ventral,2
unilateral,2
similarity,2
three,2
hidden,2
elk,2
unpublished,2
change,2
characteristic,2
kokogaku,2
knudson,2
field,2
length,2
need,2
mexico,2
recycled,2
kind,2
silicified,2
perspective,2
patterns,2
needs,2
specific,2
amount,2
although,2
components,2
paleoindian,2
investigations,2
presence,2
excavations,2
bone,2
ann,2
charles,2
generally,2
substantial,2
would,2
northwestern,2
given,2
adaptations,2
northern,2
results,2
among,2
occupied,2
than,2
recent,2
observed,2
flakes,2
preliminary,2
game,2
major,2
occur,2
marvin,2
bundles,2
separate,2
model,1
south,1
crow,1
european,1
biface,1
will,1
seventh,1
morphology,1
moor,1
shale,1
opposed,1
relying,1
gibson,1
tasks,1
carolyn,1
gerald,1
san,1
involved,1
units,1
o,1
struggle,1
me,1
exhibit,1
child,1
reflects,1
publishing,1
magnifications,1
limits,1
matter,1
indicators,1
porcellanite,1
mixture,1
polished,1
later,1
linda,1
indicative,1
groups,1
developed,1
interpretation,1
created,1
remain,1
remnants,1
support,1
bulb,1
rough,1
socalled,1
separated,1
represent,1
basic,1
unit,1
curtis,1
extreme,1
transported,1
borrowing,1
fewer,1
leslie,1
livelihood,1
tb,1
exception,1
bedrock,1
incidence,1
etc,1
distalf,1
thickest,1
seen,1
adopted,1
view,1
introduction,1
blanks,1
palaeolithic,1
indicates,1
millennia,1
earlier,1
keyhole,1
debris,1
village,1
procured,1
importance,1
group,1
spot,1
terms,1
ridges,1
touched,1
international,1
life,1
selection,1
preservation,1
responsible,1
conventional,1
vicinity,1
distant,1
designed,1
lambert,1
burials,1
plant,1
grade,1
arbor,1
implies,1
offlint,1
once,1
patches,1
contributing,1
imply,1
magnification,1
unifacial,1
table,1
stratified,1
yet,1
sally,1
shell,1
rock,1
thought,1
sri,1
meet,1
instances,1
sandstone,1
means,1
walker,1
examined,1
debitage,1
determination,1
drawings,1
suited,1
interment,1
commenting,1
association,1
found,1
serve,1
microscope,1
inference,1
jump,1
want,1
east,1
considerations,1
under,1
ventrally,1
metallurgical,1
charactertstics,1
possibly,1
recognizably,1
addressed,1
objects,1
us,1
periods,1
attachment,1
organic,1
br,1
burn,1
unlike,1
incompletely,1
variable,1
then,1
experiments,1
any,1
francis,1
infrastructure,1
warren,1
oriented,1
culture,1
uses,1
same,1
bp,1
buffalo,1
riveri,1
si,1
al,1
argued,1
indian,1
reclamation,1
contexts,1
observations,1
upper,1
finest,1
must,1
four,1
ethnoarchaeology,1
damaged,1
show,1
demonstrate,1
shizenkagaku,1
powder,1
file,1
exploited,1
resource,1
stewart,1
word,1
nodules,1
exit,1
ommy,1
stones,1
beyond,1
jon,1
favors,1
defines,1
shapes,1
pithouse,1
davis,1
prevented,1
spots,1
perhaps,1
expands,1
multidirectional,1
western,1
container,1
meat,1
reconsideration,1
expedient,1
useful,1
solve,1
absolute,1
coarse,1
retouched,1
potential,1
temporarily,1
wet,1
roughouts,1
links,1
depends,1
might,1
kilometers,1
crucial,1
pictured,1
grange,1
meaning,1
varies,1
expectation,1
actual,1
reinvestigation,1
flat,1
each,1
union,1
greater,1
othert,1
cm,1
tohoku,1
lithologically,1
tongue,1
definition,1
aspect,1
engaged,1
handling,1
pont,1
depression,1
bilateral,1
undisturbed,1
commission,1
shaped,1
wy,1
archaeologically,1
available,1
fundamental,1
sections,1
best,1
unknown,1
appearance,1
acknowledgments,1
desire,1
agreement,1
environs,1
wty,1
thank,1
oil,1
exotic,1
effort,1
missouri,1
grave,1
out,1
deal,1
incident,1
exhibits,1
central,1
surfaces,1
located,1
reveal,1
basin,1
infer,1
offlaked,1
ir,1
near,1
shallow,1
monograph,1
resulting,1
ready,1
historical,1
distributions,1
incurring,1
subsequent,1
man,1
faunal,1
past,1
fresh,1
removal,1
iv,1
living,1
nk,1
sort,1
embedded,1
kajiwara,1
conclusions,1
written,1
eliminates,1
kit,1
resharpening,1
precisely,1
replicative,1
v,1
movements,1
sala,1
robert,1
opposite,1
equal,1
interpretative,1
p,1
where,1
signs,1
right,1
organizationally,1
essentially,1
rounded,1
intensity,1
purposes,1
fisher,1
combined,1
worldwide,1
hunting,1
recently,1
sq,1
selected,1
less,1
heavily,1
see,1
answer,1
cannot,1
applied,1
she,1
issue,1
excellent,1
resharpened,1
explicit,1
tms,1
nearby,1
origin,1
ed,1
record,1
however,1
fused,1
maintain,1
japan,1
geologic,1
map,1
breaks,1
ofnorth,1
diets,1
sieveking,1
behavioral,1
theory,1
eastern,1
series,1
availability,1
adaptation,1
opposition,1
distance,1
style,1
consisting,1
task,1
assemblage,1
died,1
bluffs,1
encountered,1
campbell,1
hunters,1
technical,1
aspects,1
stages,1
shape,1
roger,1
microscopy,1
years,1
latter,1
ymm,1
when,1
curating,1
laurent,1
replacement,1
nutting,1
howard,1
emphasis,1
analyzed,1
future,1
euroamerican,1
understanding,1
orginated,1
egalitarian,1
convexity,1
discussion,1
condition,1
facilitating,1
probably,1
scatters,1
facial,1
implication,1
grateful,1
made,1
tipi,1
ite,1
range,1
owner,1
ff,1
observation,1
austin,1
brent,1
brought,1
anthropological,1
thereby,1
little,1
characterization,1
surrounded,1
sinuous,1
huntergatherer,1
amateur,1
marginally,1
example,1
bilaterally,1
collecting,1
zasshi,1
unpredictable,1
mortuary,1
verified,1
due,1
inorganic,1
distinctive,1
variability,1
correlation,1
meaningful,1
rinirik,1
description,1
woodburn,1
rendering,1
archaeologylvol,1
rm,1
controlling,1
convex,1
acute,1
whole,1
todd,1
invasive,1
contribute,1
fit,1
consistently,1
michael,1
place,1
jr,1
substantially,1
who,1
broad,1
facets,1
pincevent,1
goose,1
framework,1
allows,1
people,1
work,1
survey,1
inclusions,1
reports,1
definitions,1
point,1
repeatedly,1
beckes,1
coating,1
evolution,1
variables,1
goal,1
morton,1
thus,1
phase,1
laboratory,1
ideotechnic,1
stay,1
helpful,1
eric,1
stratum,1
states,1
question,1
electron,1
dependence,1
pine,1
french,1
prehension,1
anticipating,1
dating,1
single,1
levi,1
coal,1
emergencies,1
examples,1
showing,1
project,1
drafts,1
platform,1
kill,1
artifact,1
bison,1
interpreted,1
low,1
horizon,1
open,1
run,1
professor,1
elaborate,1
since,1
foragers,1
concave,1
straight,1
historic,1
camps,1
conditions,1
t,1
de,1
obliterated,1
experience,1
finally,1
perpendicular,1
fredlund,1
essay,1
supportive,1
forgotten,1
preceded,1
creating,1
contributed,1
excavated,1
haspel,1
individual,1
relations,1
david,1
methods,1
mailing,1
mehling,1
successful,1
chipping,1
interpret,1
level,1
hard,1
direct,1
so,1
general,1
fork,1
polishl,1
realization,1
complex,1
smaller,1
belle,1
reliable,1
debts,1
dictionary,1
expected,1
next,1
alyawara,1
order,1
inequalities,1
after,1
moment,1
prolonged,1
black,1
provides,1
probabilistic,1
actively,1
distinct,1
maintaining,1
striae,1
late,1
classification,1
quantification,1
typet,1
small,1
domed,1
habitation,1
soil,1
refer,1
especially,1
supported,1
west,1
problems,1
concerns,1
highly,1
editing,1
macroscopic,1
response,1
often,1
farthest,1
differently,1
ensuring,1
become,1
phd,1
narrow,1
desired,1
smooth,1
compared,1
interpretations,1
usual,1
hills,1
villages,1
transitory,1
ofanthropological,1
yielded,1
estimate,1
ingbar,1
reider,1
create,1
dark,1
up,1
kelly,1
geological,1
franey,1
office,1
memoir,1
interaction,1
ofarchaeological,1
greiser,1
cf,1
world,1
coe,1
ground,1
organizational,1
strong,1
gould,1
keyser,1
y,1
should,1
ago,1
cooperative,1
provided,1
united,1
visit,1
vore,1
oem,1
showed,1
chert,1
ma,1
ilk,1
draft,1
massive,1
activities,1
rubbing,1
arizona,1
looking,1
ofsettlement,1
reconstruct,1
alaska,1
likely,1
