WORDCOUNTS,WEIGHT
the,355
of,267
and,156
in,131
to,63
grasshopper,59
a,54
that,46
pueblo,38
peromyscus,35
by,33
was,32
from,32
is,31
j,31
at,30
habitat,30
during,30
species,30
on,27
prehistoric,26
for,26
occupation,26
have,26
rooms,24
with,21
cit,20
are,20
room,20
were,20
note,19
woodland,19
construction,18
late,18
draw,18
this,18
loc,17
w,17
these,17
river,16
new,16
salt,16
s,15
i,15
there,15
arizona,15
rodent,14
riparian,14
south,13
habitats,13
present,13
an,13
mexico,12
been,12
as,12
conditions,12
north,12
it,11
not,11
maniculatus,11
adjacent,11
local,11
vegetation,11
area,11
early,11
l,10
side,10
or,10
abandonment,10
microtus,10
climatic,10
faunas,9
university,9
environment,9
distribution,9
ibid,9
its,9
fauna,9
d,9
field,9
probably,9
abandoned,9
table,8
fields,8
also,8
roomblocks,8
areas,8
could,8
cp,8
analyses,8
some,8
ac,8
pine,8
mammals,8
be,8
period,8
ponderosa,7
analysis,7
no,7
only,7
more,7
microfauna,7
p,7
time,7
somewhat,7
because,7
grassland,7
phase,7
open,7
three,7
archaeological,7
century,7
dean,7
than,7
span,6
h,6
resulted,6
into,6
n,6
constructed,6
specimens,6
m,6
other,6
within,6
population,6
agricultural,6
near,6
suggests,6
trees,6
paleoenvironmental,6
frequencies,6
rodents,6
such,6
would,6
truei,6
mammalian,5
growth,5
located,5
mexicanus,5
environmental,5
boylii,5
after,5
vicinity,5
about,5
but,5
two,5
different,5
associations,5
channel,5
onychomys,5
ruin,5
number,5
well,5
vegetational,5
sides,5
has,5
jmammal,5
surrounding,5
pinyonjuniper,5
unpublished,5
below,5
reithrodontomys,5
small,5
research,5
availability,5
oak,5
occupied,5
evidence,5
occur,5
portion,4
arizonalholbrook,4
if,4
later,4
figure,4
main,4
site,4
shrub,4
indicate,4
changes,4
studies,4
occurred,4
just,4
most,4
temporal,4
alteration,4
all,4
occurrence,4
differences,4
phd,4
v,4
megalotis,4
nearby,4
moisture,4
agriculture,4
both,4
range,4
represented,4
r,4
leucopus,4
leucogaster,4
dendroecological,4
which,4
kiva,4
middle,4
trend,4
individual,4
santa,4
mixed,4
few,4
eremicus,4
although,4
suitable,4
alluvial,4
can,4
valley,4
productivity,4
journal,4
regimes,4
increasing,3
natural,3
phases,3
may,3
f,3
now,3
what,3
cover,3
today,3
science,3
failed,3
museum,3
spp,3
reconstruction,3
stands,3
they,3
similar,3
becoming,3
plots,3
methods,3
biological,3
parts,3
forest,3
periods,3
their,3
growing,3
upper,3
geographic,3
human,3
colorado,3
contrasted,3
might,3
season,3
trapping,3
identified,3
water,3
grasslands,3
suggesting,3
genus,3
faunal,3
survey,3
pattern,3
almost,3
do,3
reduced,3
less,3
woodlands,3
pollen,3
east,3
e,3
determined,3
up,3
mice,3
mandibular,3
revealed,3
activity,3
those,3
soils,3
four,3
along,3
warming,3
archaeologylvol,3
significant,3
collection,3
national,3
described,3
immediate,3
sample,3
op,3
occurs,3
characteristic,3
relatively,3
sp,3
c,3
excavated,3
times,3
southern,3
reconstructed,3
entire,3
remains,3
several,3
date,3
assumed,3
effective,3
results,3
notes,3
built,3
inhabitant,2
paleoenvironment,2
became,2
currently,2
whose,2
variety,2
materials,2
populations,2
ecological,2
across,2
developed,2
flowed,2
separated,2
radius,2
rapid,2
implies,2
environments,2
being,2
still,2
succession,2
indicates,2
grew,2
large,2
derived,2
american,2
thinning,2
one,2
study,2
fe,2
animals,2
patches,2
consequences,2
multivariate,2
when,2
rim,2
crop,2
modern,2
affect,2
us,2
comparisons,2
statistical,2
included,2
magnitude,2
deposited,2
total,2
associated,2
olsen,2
great,2
edge,2
department,2
flats,2
known,2
initial,2
here,2
warmer,2
concentrated,2
plateau,2
over,2
humans,2
did,2
longer,2
consideration,2
groups,2
affinities,2
deterioration,2
flowing,2
ubiquitous,2
montane,2
found,2
possible,2
environs,2
current,2
extended,2
report,2
foundation,2
mandibles,2
personal,2
farming,2
while,2
prevail,2
climate,2
type,2
successional,2
last,2
cleared,2
further,2
mogollon,2
mesquite,2
spatial,2
them,2
ad,2
particular,2
fish,2
herpetofauna,2
perhaps,2
frequency,2
extent,2
forests,2
identifiable,2
multidisciplinary,2
produce,2
yield,2
kansas,2
used,2
size,2
divided,2
reid,2
occupy,2
west,2
occurring,2
significantly,2
thereby,2
including,2
amermidnat,2
increase,2
bottom,2
negative,2
above,2
samples,2
representing,2
contain,2
common,2
fluctuations,2
data,2
illinois,2
loss,2
obtain,2
discussion,2
holbrook,2
et,2
california,2
dynamics,2
development,2
g,2
decrease,2
statistically,2
contributed,2
general,2
level,2
conducted,2
coexistence,2
so,2
suggest,2
dry,2
mountain,2
earlier,2
pond,2
shift,2
graves,2
sufficient,2
especially,2
supported,2
removed,2
response,2
drying,2
presence,2
km,2
compared,2
division,2
deposition,2
stream,2
even,2
df,2
southwest,2
northern,2
much,2
versus,2
deeply,2
relative,2
dam,2
ca,2
close,2
activities,2
major,2
morphotype,2
shrublands,2
fir,1
vironment,1
model,1
marked,1
surroundings,1
midpoint,1
consists,1
barbara,1
san,1
respect,1
cochise,1
surround,1
situation,1
farm,1
ceremonial,1
limits,1
bureau,1
longacre,1
collected,1
rather,1
resultss,1
implying,1
meters,1
indicative,1
rio,1
kilometers,1
identity,1
permits,1
obtained,1
result,1
reasonable,1
represent,1
decades,1
unit,1
morphology,1
others,1
sw,1
inferences,1
edges,1
nearly,1
sharp,1
ns,1
euphorbia,1
mean,1
ranges,1
off,1
detailed,1
mountains,1
introduction,1
juan,1
lawrence,1
comments,1
confine,1
contemporaneous,1
coupled,1
certain,1
perennial,1
grande,1
put,1
inhabited,1
aquatic,1
kinds,1
undergone,1
white,1
formed,1
live,1
associate,1
composed,1
summaries,1
chiricahua,1
types,1
support,1
centuries,1
plaza,1
irrigation,1
occupies,1
category,1
halves,1
represents,1
gathered,1
involved,1
park,1
flows,1
plus,1
array,1
earliest,1
under,1
grove,1
trenching,1
restricted,1
anthropology,1
distributional,1
reconstruct,1
b,1
burrows,1
ne,1
established,1
school,1
seems,1
reflects,1
osteological,1
contained,1
nat,1
then,1
mahogany,1
before,1
same,1
numbers,1
impact,1
indicating,1
corroborates,1
al,1
changing,1
profile,1
grand,1
founded,1
distributions,1
show,1
commonly,1
extensive,1
favored,1
possibly,1
farmed,1
lower,1
hypothesized,1
recovered,1
bar,1
architectural,1
sequence,1
dept,1
albuquerque,1
detail,1
hoffmeister,1
tauconomy,1
t,1
permit,1
indications,1
discrete,1
mobile,1
every,1
stemmed,1
eleven,1
invade,1
favorable,1
sherds,1
rocky,1
progressed,1
cupation,1
production,1
dominant,1
hospitality,1
use,1
coincide,1
berkeley,1
ran,1
cut,1
attempt,1
dc,1
rare,1
printing,1
history,1
each,1
experienced,1
many,1
had,1
opening,1
comparison,1
grow,1
limited,1
granted,1
share,1
came,1
shows,1
deal,1
idea,1
location,1
available,1
head,1
crops,1
very,1
assess,1
postcranial,1
acknowledgments,1
ph,1
begun,1
mountainous,1
conceivable,1
thank,1
shrubland,1
potentially,1
wooded,1
eventually,1
harvest,1
enable,1
particularly,1
encroachment,1
supplies,1
how,1
grows,1
arboreal,1
zone,1
narrow,1
monograph,1
variation,1
configuration,1
buffered,1
expansion,1
half,1
past,1
cricetine,1
juniper,1
utilized,1
plantago,1
living,1
patterns,1
papers,1
zooarchaeological,1
portions,1
considered,1
sparse,1
encroaching,1
stand,1
likelihood,1
neighboring,1
sandia,1
vertebrate,1
opposite,1
cultural,1
decreased,1
clearing,1
ecology,1
genera,1
manzanita,1
continuing,1
gov,1
existing,1
combined,1
tended,1
produced,1
reached,1
hectares,1
see,1
predominated,1
cause,1
specimensof,1
appreciate,1
scale,1
sciences,1
necessary,1
material,1
thirty,1
plains,1
interval,1
wide,1
consisting,1
occupant,1
shifts,1
huachuca,1
irlterpretation,1
information,1
vertebrates,1
studying,1
elevation,1
require,1
apache,1
shape,1
sites,1
cottonwood,1
erigeron,1
trade,1
process,1
influenced,1
original,1
occupying,1
apparently,1
supports,1
aggregation,1
outlying,1
fourteen,1
puebloll,1
mays,1
made,1
completed,1
bernalillo,1
presented,1
occasionally,1
northwestern,1
community,1
region,1
interand,1
point,1
occupants,1
extending,1
line,1
despite,1
gradual,1
resources,1
tank,1
knowledge,1
reduction,1
forested,1
flow,1
variability,1
agropyron,1
ieucopus,1
prevalence,1
techniques,1
transition,1
returning,1
assumptions,1
midand,1
implications,1
harvesting,1
describe,1
prevailed,1
persisted,1
categorized,1
postulated,1
assume,1
diversity,1
records,1
exposed,1
canyon,1
mid,1
figures,1
microhabitats,1
walnut,1
numbered,1
central,1
chaco,1
thus,1
individuals,1
documented,1
morphotypes,1
check,1
willow,1
uncommon,1
temperature,1
relocation,1
cornering,1
floors,1
chuska,1
relationships,1
dating,1
invoking,1
shown,1
onvchomys,1
conducive,1
surfaces,1
project,1
subsequent,1
closest,1
locations,1
years,1
low,1
fact,1
lands,1
mcp,1
professor,1
grassy,1
lengthened,1
urbana,1
interior,1
initially,1
sampled,1
thousands,1
stress,1
discussed,1
assignment,1
comparing,1
grant,1
agreement,1
accounted,1
dominated,1
interest,1
precipitation,1
good,1
microfaunal,1
least,1
instead,1
brush,1
gravel,1
integrated,1
correlated,1
excavations,1
dense,1
building,1
plant,1
preferred,1
reliable,1
features,1
firewood,1
graham,1
roomblock,1
indicators,1
lessening,1
defined,1
typically,1
attempted,1
running,1
oecologia,1
abundant,1
sally,1
event,1
permitting,1
association,1
increased,1
floodplain,1
roughly,1
desert,1
summary,1
conifer,1
strongly,1
roofs,1
dams,1
include,1
juniperus,1
findley,1
encompass,1
fig,1
k,1
between,1
normally,1
zea,1
houses,1
hand,1
peak,1
dates,1
enabled,1
began,1
characterized,1
usual,1
boundaries,1
parkland,1
decimate,1
except,1
pure,1
part,1
monographs,1
like,1
classes,1
paleoecology,1
substantial,1
voles,1
majority,1
slightly,1
cattle,1
eastcentral,1
saamem,1
communication,1
prime,1
consistent,1
tucson,1
eliminating,1
microenvironments,1
establishment,1
recent,1
throughout,1
profiles,1
should,1
delineate,1
provided,1
preliminary,1
modifications,1
southeastern,1
centuryl,1
sj,1
game,1
competitive,1
ieucogaster,1
clusters,1
walls,1
dietary,1
surprising,1
