WORDCOUNTS,WEIGHT
the,750
of,488
and,338
in,216
a,208
to,164
ca,107
on,77
is,69
for,64
as,64
by,63
hill,63
with,61
slope,59
that,58
was,56
soil,54
from,52
are,52
were,50
soils,47
isolated,46
survey,46
gentle,45
which,44
river,42
these,42
have,38
be,36
s,35
at,34
an,34
area,33
sites,31
this,31
lower,30
has,30
l,29
x,28
during,28
site,27
been,26
recent,26
it,25
study,25
or,25
field,24
settlement,24
e,23
terrace,23
cyprus,22
j,22
within,22
m,22
small,22
med,21
no,21
university,21
palaipaphos,21
complex,20
mamonia,20
note,20
formation,20
cit,19
ayia,19
late,19
ibid,19
archaeological,19
op,19
canadian,19
clay,18
ayios,18
dhoukani,17
drainage,17
w,17
fox,17
research,17
i,16
geological,16
ezousas,16
steep,16
samples,16
early,16
t,15
g,15
relatively,15
f,15
slag,15
department,15
more,15
present,15
hilltop,15
cypriote,15
paphos,14
since,14
age,14
r,14
artifacts,14
valley,14
formed,13
blade,13
their,13
well,13
preliminary,13
kritou,13
only,13
also,13
three,13
all,12
there,12
plain,12
journal,12
lithic,12
deposits,12
medium,12
troodos,12
analysis,12
associated,12
evidence,12
major,12
tou,11
plateau,11
xeros,11
flake,11
h,11
coastal,11
appear,11
result,11
will,11
material,11
chromic,11
extensive,11
copper,11
extremely,11
they,10
cambisols,10
zone,10
identified,10
pattern,10
previously,10
pakhna,10
not,10
while,10
both,10
through,10
kathikas,10
c,10
use,9
attempt,9
collection,9
his,9
developed,9
sw,9
earlier,9
produced,9
surface,9
distribution,9
pano,9
found,9
occupation,9
he,9
but,9
two,9
v,9
would,9
chert,9
roman,9
eutric,9
cpsp,8
neolithic,8
agriculture,8
such,8
b,8
n,8
yiorkis,8
mapped,8
bc,8
rocks,8
its,8
geology,8
project,8
graph,8
units,8
made,8
range,8
including,8
period,8
collected,8
parent,8
series,8
each,8
sampling,8
agricultural,8
archaeologylvol,8
our,8
d,8
region,8
surficial,7
environmental,7
western,7
properties,7
season,7
other,7
some,7
obvious,7
concerning,7
ha,7
than,7
drainages,7
elsewhere,7
additional,7
based,7
cretaceous,7
data,7
either,7
catchments,7
mediterranean,7
content,7
georgios,7
rendzinas,7
water,7
belonging,7
flints,7
regional,7
david,7
high,7
archaeology,7
reconnaissance,7
very,7
proposed,7
middle,7
calcaric,7
conditions,7
between,7
eb,7
indicated,6
aceramic,6
total,6
production,6
classified,6
capacity,6
u,6
determined,6
sample,6
may,6
unit,6
marls,6
frequently,6
profile,6
most,6
recovered,6
necropolis,6
had,6
prehistoric,6
could,6
p,6
basis,6
used,6
et,6
using,6
same,6
bar,6
marly,6
rock,6
time,6
where,6
resulting,6
kouklia,6
farmstead,6
kannaviou,6
provide,6
figure,6
table,6
centuries,6
repdeptantcyprus,6
different,6
presence,6
number,6
form,6
map,6
potential,6
much,6
massif,5
fraction,5
later,5
represent,5
ore,5
assisted,5
sources,5
calcareous,5
containing,5
crops,5
analyses,5
vegetation,5
marine,5
those,5
debitage,5
dr,5
exposed,5
development,5
fig,5
identification,5
similar,5
sandy,5
factors,5
calcic,5
upper,5
ochric,5
important,5
pleistocene,5
work,5
place,5
ontario,5
formations,5
horizon,5
one,5
components,5
industry,5
limestones,5
results,5
activities,5
periods,5
bedrock,5
located,5
mineralogical,5
ceramic,5
areas,5
new,5
district,5
considerable,5
gypsum,5
mesozoic,5
see,5
local,5
church,5
sequence,5
fanglomerates,5
low,5
discovered,5
especially,5
probably,5
continued,5
science,5
seen,5
clays,5
united,5
igneous,5
any,5
following,5
luvisols,5
natural,5
intensive,5
lefkara,5
particularly,5
iron,5
byzantine,5
william,5
particular,5
quadrats,5
problem,5
saddle,5
information,5
given,5
chemical,5
although,5
severely,5
among,5
difficult,4
o,4
serpentinite,4
large,4
former,4
source,4
limestone,4
being,4
interests,4
investigations,4
interviews,4
loam,4
regosols,4
extensively,4
times,4
y,4
ais,4
subjected,4
support,4
changes,4
metallurgy,4
director,4
comprising,4
strategy,4
identifying,4
location,4
relating,4
cultural,4
tools,4
appears,4
ceramics,4
near,4
having,4
received,4
rupp,4
sampled,4
order,4
diagnostic,4
clasts,4
around,4
several,4
essentially,4
generally,4
materials,4
limited,4
kafkalla,4
surveyed,4
reference,4
ancient,4
carbonate,4
exchangeable,4
many,4
appeared,4
fragments,4
vertisols,4
deposit,4
examination,4
characterized,4
flood,4
general,4
summer,4
obtained,4
probable,4
mining,4
xeropotamos,4
we,4
seasons,4
tentative,4
she,4
primarily,4
determination,4
canada,4
considered,4
environment,4
known,4
vines,4
ph,4
assessment,4
volcanic,4
terms,4
extent,4
exposures,4
art,4
topographical,4
reported,4
gypsic,4
characterize,4
lone,4
resources,4
zones,4
close,4
does,3
fractions,3
extreme,3
resulted,3
mountains,3
debris,3
village,3
group,3
conducted,3
dhiarizos,3
stone,3
done,3
organic,3
occurred,3
underlain,3
kato,3
first,3
crews,3
secondary,3
rich,3
feature,3
system,3
documenting,3
king,3
alluvium,3
possible,3
acer,3
nea,3
penod,3
genetic,3
wherever,3
relationships,3
component,3
mine,3
roger,3
mm,3
sozondas,3
type,3
century,3
suitable,3
palaeoenvironmental,3
plant,3
growth,3
summaries,3
main,3
basic,3
represented,3
modern,3
acquisition,3
ref,3
possibly,3
established,3
underlying,3
exploitation,3
highest,3
irrigation,3
levant,3
carrying,3
typical,3
outcrops,3
initial,3
wide,3
maastrichtian,3
intense,3
tombs,3
related,3
description,3
des,3
floors,3
artifact,3
change,3
suggest,3
reaches,3
mineral,3
annual,3
up,3
majority,3
neol,3
horizons,3
various,3
short,3
southern,3
vicinity,3
once,3
yet,3
serve,3
under,3
us,3
specimens,3
included,3
miocene,3
light,3
professor,3
noted,3
technique,3
stream,3
experienced,3
lithologies,3
fact,3
classical,3
patterns,3
took,3
pedological,3
less,3
weakly,3
chalcolithic,3
degree,3
elevations,3
scatter,3
strongly,3
top,3
significant,3
characteristically,3
largely,3
rivers,3
laboratory,3
previous,3
nicosia,3
xerosols,3
dhoukanes,3
august,3
so,3
excavated,3
abundant,3
exchange,3
random,3
can,3
workshop,3
swarbrick,3
irregular,3
five,3
maps,3
ministry,3
phasoula,3
grade,3
composed,3
characteristics,3
ktima,3
geography,3
marina,3
iii,3
er,3
past,3
utilized,3
phd,3
what,3
selected,3
references,3
seasonal,3
size,3
chr,3
presented,3
ac,3
soteriades,3
sediments,3
observed,3
bronze,3
cation,3
classification,3
specific,3
supply,3
little,3
north,3
sedimentary,3
final,2
now,2
rate,2
flow,2
common,2
estimated,2
medieval,2
moni,2
photios,2
fouilles,2
drought,2
red,2
over,2
introduction,2
per,2
ma,2
likely,2
history,2
into,2
unlike,2
panayia,2
before,2
lowlands,2
knappers,2
chalks,2
ii,2
might,2
quadrat,2
marl,2
brock,2
furnace,2
elevational,2
paraskevi,2
continue,2
daily,2
simple,2
studied,2
government,2
kingdom,2
pillow,2
consist,2
wriedt,2
surveys,2
legend,2
recorded,2
glaciation,2
shafts,2
cu,2
holocene,2
securely,2
west,2
point,2
surrounded,2
indicating,2
reconstruction,2
gravity,2
human,2
million,2
mc,2
historical,2
terra,2
throughout,2
copenhagen,2
helen,2
unpublished,2
interest,2
base,2
bone,2
z,2
elements,2
six,2
dates,2
alkaline,2
estimate,2
thin,2
compare,2
communication,2
apparently,2
stratum,2
higher,2
inception,2
york,2
whose,2
essential,2
dry,2
square,2
proximity,2
associate,2
cesare,2
se,2
certain,2
population,2
undoubtedly,2
khoulou,2
means,2
discernible,2
cherts,2
center,2
foothills,2
clearly,2
moderately,2
ursula,2
observations,2
four,2
commonly,2
cemented,2
predates,2
steeper,2
undertaken,2
provisional,2
cut,2
translocation,2
hadjisavvas,2
hours,2
volcaniclastic,2
sanne,2
basin,2
plot,2
erosion,2
out,2
objectives,2
clear,2
facilitate,2
events,2
arable,2
cores,2
density,2
institute,2
garique,2
recently,2
cannot,2
sledge,2
vasilikos,2
taught,2
method,2
because,2
literature,2
overlying,2
aquifers,2
tool,2
heavily,2
characterization,2
part,2
london,2
apparent,2
confined,2
vrecha,2
texture,2
whole,2
truncated,2
personal,2
reflect,2
fieldwork,2
letymbou,2
memoirs,2
hard,2
contrast,2
involved,2
anarita,2
lithosols,2
workshops,2
highly,2
ls,2
anthropos,2
core,2
st,2
notes,2
provenance,2
chalky,2
provided,2
finds,2
greek,2
society,2
claus,2
subsequently,2
barbara,2
chronological,2
portion,2
second,2
approximate,2
matter,2
variety,2
runoff,2
techniques,2
geol,2
cec,2
lithologic,2
still,2
threshing,2
ice,2
hellenistic,2
petrocalcic,2
examined,2
represents,2
makes,2
restricted,2
mildly,2
assistance,2
culture,2
tota,2
toronto,2
anthropology,2
published,2
again,2
europe,2
catalogued,2
john,2
variation,2
fashion,2
zacharias,2
forms,2
ground,2
gossen,2
covered,2
en,2
landscape,2
existing,2
coarse,2
deep,2
heaps,2
controversy,2
archeologiques,2
summers,2
matrix,2
analyzed,2
kathleen,2
robertson,2
discovery,2
values,2
refining,2
jfa,2
lometres,2
assumption,2
decouvertes,2
submitted,2
recovery,2
individuals,2
chosen,2
dating,2
described,2
specimen,2
directed,2
adits,2
lithology,2
int,2
nacl,2
chittick,2
allochthonous,2
outside,2
systems,2
pedology,2
mineralogy,2
respectively,2
contact,2
shallow,2
equivalent,2
vertic,2
tendency,2
relative,2
kokkinotrimithia,2
sandra,2
separate,2
zon,2
ranging,2
assigned,2
timi,2
today,2
bulletin,2
bch,2
detailed,2
establish,2
interplay,2
originated,2
length,2
existed,2
antiquities,2
elderly,2
stratified,2
measured,2
exists,2
fertility,2
triassic,2
assistant,2
rea,2
physical,2
sciences,2
set,2
cover,2
excess,2
continental,2
pedogenesis,2
rainfall,2
fault,2
submarine,2
did,2
report,2
bordes,2
athkiakadhes,2
according,2
discharge,2
plutonic,2
them,2
whether,2
cause,2
nearby,2
knapping,2
petra,2
xeric,2
her,2
suggests,2
uniform,2
sea,2
subject,2
obtain,2
chypre,2
crew,2
until,2
spring,2
lands,2
average,2
documentation,2
course,2
grown,2
include,2
land,2
need,2
manufacture,2
remains,2
supported,2
assumed,2
develop,2
focus,2
profiles,2
should,2
dip,1
go,1
careous,1
limy,1
dipping,1
limits,1
edge,1
kaflualla,1
destroying,1
car,1
fertile,1
if,1
chalk,1
varvara,1
generated,1
groups,1
keller,1
generous,1
stood,1
suggested,1
finetextured,1
apprently,1
functional,1
awaits,1
physiography,1
wa,1
college,1
determine,1
measures,1
branches,1
mar,1
dessication,1
originate,1
contradicts,1
expect,1
overland,1
becoming,1
reflection,1
settlements,1
prehistonc,1
comprised,1
strata,1
khila,1
subjectively,1
identify,1
tend,1
colluviation,1
authority,1
volcanics,1
constitutes,1
true,1
imamonia,1
denmark,1
rounded,1
kl,1
rt,1
sheeted,1
compilation,1
pliocene,1
candidate,1
flows,1
montmorillonitic,1
ms,1
station,1
ranges,1
position,1
ffi,1
hox,1
presents,1
pose,1
title,1
laid,1
ayiou,1
humanities,1
changeable,1
du,1
groundstone,1
root,1
disturbances,1
pearlman,1
myriad,1
highlight,1
member,1
depzment,1
synonymous,1
mid,1
way,1
yiannokoudhes,1
stuart,1
overlie,1
every,1
revisited,1
supposedly,1
classielcation,1
swelling,1
localities,1
progressed,1
scientific,1
taken,1
military,1
concentrated,1
address,1
rapid,1
serpentinization,1
valleyfill,1
advanced,1
binocular,1
tourist,1
youngest,1
nature,1
dramatically,1
available,1
tradition,1
avec,1
assess,1
advantage,1
sedimentation,1
suggesting,1
generalize,1
includes,1
culminates,1
undertake,1
unstinting,1
differences,1
origin,1
arctic,1
inherent,1
kochinoyia,1
brian,1
generalizations,1
composition,1
characterizing,1
tertiary,1
tx,1
products,1
meg,1
subsequent,1
inland,1
pipette,1
chipped,1
last,1
date,1
oz,1
mr,1
primitive,1
staff,1
ruined,1
sheet,1
kholetria,1
citizenship,1
kremnastari,1
lavasos,1
extend,1
erosional,1
case,1
leaching,1
evaluation,1
side,1
campanian,1
dome,1
existence,1
sophisticated,1
moisture,1
lam,1
fruit,1
kilinia,1
eastern,1
east,1
key,1
kavallaropetra,1
sects,1
weathered,1
sought,1
design,1
pedologically,1
figs,1
asomatos,1
capable,1
activity,1
paucity,1
koucky,1
kah,1
solely,1
deformation,1
flank,1
fine,1
ysks,1
taking,1
pillowed,1
combination,1
variations,1
except,1
far,1
classics,1
uncertain,1
desirable,1
bowls,1
photographic,1
tectonically,1
conductivity,1
melting,1
sand,1
localized,1
controlled,1
framework,1
exist,1
regarding,1
central,1
thus,1
accessible,1
genesis,1
faulting,1
colluvial,1
southwestern,1
rv,1
explained,1
severe,1
tw,1
calculated,1
interior,1
sediment,1
de,1
author,1
terraces,1
maintenance,1
characteristic,1
ease,1
ability,1
basal,1
mixed,1
decided,1
relations,1
mcmaster,1
petrographic,1
occurs,1
spot,1
veneer,1
cleintuar,1
nick,1
american,1
systemsl,1
regarded,1
fabrics,1
barrier,1
privilege,1
xe,1
eviois,1
solum,1
pertained,1
turn,1
concentrations,1
tumn,1
speculative,1
interim,1
bay,1
displays,1
permitted,1
averaging,1
alkali,1
back,1
response,1
restrict,1
oxford,1
served,1
compared,1
excavations,1
romi,1
third,1
rhythm,1
identifications,1
leurs,1
archaeologist,1
even,1
memoir,1
outflow,1
evapotranspiration,1
tentatively,1
deeply,1
longterm,1
pronounced,1
flakeblade,1
acknowledge,1
thickly,1
stanley,1
degtjareff,1
dyke,1
weathering,1
poorly,1
walls,1
industries,1
ridge,1
mantled,1
seventh,1
fielcl,1
pzov,1
roadside,1
interesting,1
simultaneously,1
boen,1
sue,1
adequate,1
reflects,1
lt,1
overly,1
acid,1
exact,1
rather,1
statements,1
loams,1
across,1
centered,1
basaltic,1
altitudinal,1
museum,1
argillaceous,1
tectonic,1
dolomite,1
subsistence,1
subdivision,1
mean,1
johannes,1
outcrop,1
phosphate,1
environments,1
sulphur,1
goes,1
fed,1
hadjisavva,1
determining,1
probability,1
supplement,1
salinity,1
mesopotamian,1
derived,1
direct,1
winters,1
possess,1
enabled,1
rockies,1
summarized,1
limitation,1
discoveries,1
scattered,1
nikolaos,1
consistency,1
chalco,1
impermeability,1
modified,1
understand,1
applied,1
microscope,1
smeltinglrefining,1
marks,1
prehistory,1
consider,1
locally,1
occupational,1
ap,1
dated,1
neutronactivation,1
section,1
just,1
edition,1
days,1
elevated,1
impact,1
receiving,1
record,1
venetian,1
upwards,1
bedded,1
steatite,1
stewart,1
comparisons,1
postdating,1
groundwater,1
havara,1
unsuitable,1
followed,1
definite,1
doleritic,1
problems,1
breccia,1
flakes,1
rai,1
restriction,1
silt,1
mawr,1
faced,1
providing,1
management,1
subaerial,1
dispersion,1
raw,1
closely,1
nancy,1
galatariakambos,1
wares,1
acknowledgments,1
search,1
color,1
mapping,1
combinations,1
missouri,1
voullistra,1
gravel,1
demands,1
toxic,1
radiometric,1
epthris,1
cluding,1
representative,1
woo,1
traversed,1
further,1
handbook,1
fourth,1
cyrenaica,1
statos,1
lava,1
criteria,1
elemental,1
wales,1
buried,1
alexandros,1
hinterland,1
uncultivated,1
listi,1
vestigial,1
absorption,1
fluvial,1
devoid,1
intensity,1
karkoti,1
biases,1
flounshing,1
thrive,1
placed,1
chal,1
lakkous,1
designations,1
gauging,1
carbonates,1
creates,1
accelerated,1
senes,1
briefly,1
jim,1
underlie,1
directly,1
provincial,1
gasparotto,1
designation,1
lr,1
dog,1
suitability,1
jvarvara,1
scatters,1
writers,1
locus,1
future,1
prominent,1
significantly,1
lavas,1
bm,1
chromatographic,1
knowledge,1
inorganic,1
metaphosphate,1
comment,1
fluctuations,1
bowl,1
melt,1
year,1
uc,1
gave,1
q,1
describe,1
island,1
discussions,1
partly,1
climatic,1
tr,1
saskatchewan,1
winter,1
rotation,1
hydraulic,1
elies,1
employed,1
il,1
compact,1
systematic,1
extensiveness,1
marottou,1
graduate,1
approach,1
flaking,1
aided,1
ronolog,1
social,1
tryphon,1
running,1
solution,1
xevrecha,1
least,1
tolerant,1
below,1
distances,1
insoluble,1
buildings,1
transgressions,1
kouris,1
soal,1
le,1
mn,1
june,1
adversely,1
routine,1
grow,1
executed,1
prompted,1
mantle,1
decline,1
alluvial,1
portions,1
boundaries,1
tended,1
yielded,1
reproducible,1
ott,1
fully,1
progress,1
os,1
infantry,1
cereals,1
calcite,1
displaced,1
deer,1
leflara,1
settle,1
walkley,1
nations,1
intrusives,1
south,1
activation,1
tasks,1
led,1
ical,1
impermeable,1
investigating,1
minor,1
archaeologyleol,1
onset,1
loris,1
absence,1
architecture,1
summertime,1
polished,1
gradual,1
synthesis,1
overall,1
archaeologside,1
expansion,1
unconscious,1
brief,1
edges,1
khrysoukhou,1
exception,1
petrology,1
reorganization,1
etc,1
intensively,1
above,1
ency,1
presently,1
xl,1
indicates,1
cracks,1
movement,1
respondence,1
tends,1
direction,1
percentage,1
guide,1
frank,1
calculate,1
foot,1
elapsed,1
interpretation,1
hydrological,1
towards,1
thought,1
technology,1
exposure,1
states,1
remnant,1
ne,1
aewrr,1
compiled,1
judgmental,1
tailing,1
initiation,1
homogeneous,1
tebiwa,1
complete,1
transects,1
ethnographic,1
locality,1
eutnc,1
si,1
largest,1
wisconsin,1
reports,1
fouror,1
restricts,1
industy,1
subjective,1
disappearing,1
sis,1
members,1
inta,1
comparison,1
stated,1
toward,1
locating,1
pointed,1
flat,1
addition,1
projects,1
lime,1
generously,1
analytical,1
branwen,1
cultivated,1
shows,1
magister,1
pattetn,1
consideration,1
emplacement,1
occurrence,1
seasonality,1
walked,1
totals,1
plan,1
lc,1
essence,1
relict,1
crop,1
banks,1
atomic,1
sedimentology,1
everything,1
eleldwork,1
pennsylvania,1
man,1
noncalcareous,1
discussed,1
roof,1
resurveying,1
nag,1
enough,1
hand,1
cypr,1
do,1
kluyvers,1
centre,1
usewear,1
road,1
cordefinable,1
lgge,1
comparanda,1
ch,1
axes,1
michael,1
interview,1
strategies,1
council,1
explicit,1
showing,1
perhaps,1
distance,1
assemblage,1
mboulo,1
reflected,1
deficit,1
sindi,1
day,1
identifiable,1
valleys,1
elevation,1
cadastral,1
vgiable,1
breccias,1
another,1
pnnting,1
original,1
classes,1
xenophontos,1
understanding,1
technologies,1
exhibit,1
lauren,1
voni,1
situated,1
investigated,1
sculpture,1
nappes,1
particle,1
turkey,1
sophocles,1
explanation,1
fluvisols,1
locate,1
israel,1
dunlop,1
formal,1
thickness,1
enhanced,1
sixth,1
hiil,1
confidence,1
food,1
convenience,1
numerous,1
bsc,1
larnaca,1
pleasure,1
evolution,1
scheduled,1
franklin,1
zigzagging,1
transect,1
eleventh,1
necessitated,1
washington,1
classify,1
kilometer,1
bullgeolsa,1
significance,1
princess,1
palaeobotanic,1
ki,1
margaret,1
psathi,1
historic,1
tis,1
lacustrine,1
authors,1
loukades,1
betty,1
ah,1
vanety,1
dominated,1
amounts,1
interpret,1
held,1
arc,1
defensive,1
divisions,1
sliding,1
ophiolites,1
sedimentaires,1
foraminiferal,1
fr,1
msc,1
features,1
inata,1
citrous,1
boghaz,1
filled,1
philtransrs,1
persistence,1
accurate,1
after,1
gabbro,1
enriched,1
sally,1
latter,1
neutral,1
spent,1
iote,1
sandstones,1
margin,1
favored,1
special,1
cyprlls,1
conspicuously,1
article,1
macroscopic,1
ffeld,1
bryn,1
mainly,1
effect,1
monica,1
axe,1
availability,1
remainder,1
structure,1
james,1
percent,1
terracing,1
micromorphological,1
versus,1
occupied,1
particles,1
thunder,1
pottery,1
delimited,1
zl,1
species,1
vd,1
heap,1
gasometric,1
space,1
depth,1
klng,1
indication,1
tests,1
vassos,1
topography,1
relationship,1
islamic,1
modification,1
theori,1
abundance,1
geologtcal,1
perspectives,1
dissected,1
panayiasarka,1
serpentinites,1
george,1
onosiphoros,1
bulk,1
serves,1
program,1
pieces,1
rough,1
select,1
contraction,1
hel,1
bare,1
referred,1
lecturer,1
sensitive,1
ultramafic,1
sn,1
swiny,1
began,1
bt,1
test,1
nothern,1
rapidly,1
indicate,1
antiquity,1
articles,1
es,1
methods,1
responsible,1
transample,1
surprising,1
logistics,1
permeability,1
supporting,1
reconnaassance,1
types,1
when,1
madison,1
preview,1
kilometres,1
investigate,1
thick,1
areal,1
definitive,1
affect,1
forests,1
mathematically,1
sections,1
school,1
paleocene,1
acquired,1
undertook,1
grazed,1
contained,1
variable,1
mijnbouw,1
heavy,1
then,1
leti,1
equ,1
phoinikas,1
gravels,1
complexity,1
incised,1
venfied,1
incorporated,1
medi,1
manual,1
demonstrate,1
simply,1
peacekeeping,1
wear,1
shallowness,1
scrutiny,1
geologiczmap,1
grazing,1
inikoklia,1
fortification,1
doven,1
gravelly,1
here,1
flakeblades,1
quaternary,1
artium,1
alternation,1
cm,1
ophiolite,1
tomb,1
sheep,1
attribute,1
calcanc,1
stratigraphic,1
unknown,1
ubiquitous,1
down,1
rendzina,1
jas,1
epitomized,1
corbiac,1
basins,1
gasometrically,1
current,1
vof,1
ioannis,1
ar,1
obviously,1
unevenness,1
pebbles,1
grasssteppe,1
edaphic,1
generalized,1
sum,1
distinctive,1
kyra,1
replication,1
climate,1
advances,1
hydrology,1
better,1
respect,1
evident,1
person,1
anajerou,1
moores,1
animal,1
beginning,1
cal,1
nonexpanding,1
notable,1
dominate,1
carefully,1
investigation,1
unique,1
spatial,1
stability,1
making,1
plants,1
varying,1
monastery,1
noticeable,1
khapotami,1
passed,1
axis,1
theory,1
fractionation,1
rolling,1
surveying,1
pellou,1
predate,1
extract,1
brilliant,1
densest,1
studying,1
property,1
almost,1
minimal,1
episode,1
emphasis,1
alluvia,1
urban,1
contain,1
kyriakos,1
matenal,1
oath,1
apparatus,1
trees,1
necessity,1
son,1
interrelated,1
microscopic,1
manganese,1
slopes,1
collecting,1
micro,1
became,1
ec,1
republic,1
cations,1
sl,1
pertain,1
begins,1
titration,1
sheets,1
stationed,1
soilforming,1
target,1
sizeable,1
snow,1
aims,1
oceanic,1
turkish,1
crystalline,1
named,1
susceptible,1
survive,1
wild,1
pine,1
layers,1
soft,1
locations,1
differentiation,1
years,1
deformed,1
encouragement,1
initiated,1
olr,1
easier,1
stratification,1
finally,1
mode,1
battalion,1
contributed,1
wsl,1
anthrosols,1
spilios,1
chronology,1
cobble,1
asproyia,1
france,1
effects,1
sshrcc,1
defined,1
forming,1
limitations,1
landforms,1
eruptives,1
oldest,1
walking,1
typology,1
association,1
increased,1
khalafta,1
observation,1
contradicted,1
searching,1
carbon,1
textures,1
removed,1
obtrusiveness,1
km,1
consisted,1
sherds,1
inasmuch,1
th,1
recognized,1
create,1
views,1
deposition,1
maximum,1
substantial,1
lemba,1
re,1
egthquake,1
adovasio,1
strong,1
technological,1
ab,1
building,1
col,1
relocated,1
sodium,1
occur,1
recharge,1
increase,1
grants,1
