WORDCOUNTS,WEIGHT
the,865
of,608
and,422
in,369
lead,242
from,207
to,195
a,182
silver,178
that,149
at,129
is,120
for,105
laurion,103
by,100
it,67
bronze,66
with,65
have,65
are,64
on,63
be,61
mycenaean,58
analyses,53
this,53
as,53
were,51
note,51
or,49
was,48
found,48
artifacts,47
ores,47
cit,46
not,44
bc,41
we,41
been,41
op,40
age,38
but,38
metal,37
one,36
these,33
shaft,32
table,31
litharge,31
tomb,30
no,29
thorikos,28
l,28
which,27
may,26
mines,26
ore,25
perati,25
there,25
some,25
has,25
made,25
h,24
about,24
large,24
mycenae,23
two,23
more,23
grave,23
gold,23
field,22
figure,22
ppm,22
sources,21
other,21
pl,21
only,21
athens,21
aegean,20
late,20
gale,20
given,20
our,20
evidence,20
an,19
had,19
also,19
composition,18
excavations,18
than,18
chemical,18
times,18
very,18
early,18
o,17
j,17
x,17
its,17
graves,17
athenian,16
cupellation,16
p,16
well,16
least,16
mining,16
content,16
used,15
so,15
all,15
pottery,15
objects,15
now,14
source,14
s,14
i,14
vol,14
smelting,14
mh,14
many,14
samples,14
can,14
wire,14
being,13
those,13
isotopic,13
concentrations,13
levels,13
m,13
tombs,13
minoan,13
n,13
both,13
if,12
into,12
exploitation,12
produced,12
three,12
would,12
period,12
analysis,12
while,12
between,12
c,12
they,11
mainland,11
davis,11
handle,11
seems,11
g,11
ancient,11
v,11
analyzed,11
range,11
deposits,11
earlier,11
lhiiic,11
suggests,11
vessels,11
e,10
mine,10
century,10
metallurgy,10
show,10
data,10
galena,10
same,10
shows,10
time,10
see,10
ibid,10
chiefly,10
menidi,10
five,10
pieces,10
then,10
any,10
antimony,10
whether,10
level,10
cycladic,10
much,10
later,9
first,9
within,9
since,9
z,9
argentiferous,9
journal,9
similar,9
their,9
w,9
acropolis,9
r,9
work,9
end,9
region,9
siphnian,9
high,9
here,9
squashed,9
middle,9
reported,9
copper,9
come,9
d,9
archaic,9
containing,8
rich,8
dr,8
far,8
ag,8
elements,8
even,8
rather,8
siphnos,8
direct,8
four,8
most,8
though,8
near,8
ratios,8
small,8
finds,8
crete,8
classical,8
present,8
where,8
including,8
use,8
compositions,8
amounts,8
greek,8
material,8
tholos,8
different,8
ratio,8
weights,8
archaeologylvol,8
shown,8
vessel,8
per,7
t,7
production,7
might,7
worked,7
tables,7
sample,7
his,7
process,7
k,7
important,7
further,7
professor,7
fact,7
trade,7
archaeological,7
eba,7
probably,7
provide,7
chamber,7
over,7
vapheio,7
contain,7
question,7
little,7
plaka,6
certainly,6
together,6
studied,6
iv,6
disc,6
such,6
fig,6
exploited,6
suggested,6
access,6
out,6
wealth,6
artifact,6
up,6
und,6
object,6
bsa,6
fragments,6
largely,6
dating,6
low,6
kea,6
probable,6
myc,6
foreign,6
deposit,6
school,6
must,6
known,6
cm,6
beginning,6
lhiiib,6
iakovides,6
au,6
derive,6
among,6
way,5
expect,5
localities,5
suggesting,5
origin,5
products,5
feature,5
date,5
possible,5
agora,5
cretan,5
relatively,5
smelted,5
six,5
site,5
established,5
clearly,5
view,5
could,5
method,5
isotope,5
technical,5
sites,5
having,5
part,5
attica,5
excavated,5
below,5
few,5
research,5
prove,5
loc,5
arsenic,5
demonstrated,5
greece,5
extensive,5
pit,5
remains,5
close,5
occur,5
contacts,4
fouilles,4
american,4
studies,4
excavation,4
greatly,4
cu,4
quantities,4
west,4
except,4
fragment,4
thus,4
compared,4
leadisotope,4
ton,4
lba,4
b,4
derived,4
impure,4
proved,4
elsewhere,4
slags,4
cups,4
engraved,4
cannot,4
because,4
aspects,4
thera,4
none,4
kg,4
island,4
already,4
description,4
people,4
helladic,4
around,4
grams,4
world,4
geographical,4
will,4
likely,4
comparative,4
make,4
oxford,4
ne,4
culture,4
ed,4
foot,4
perhaps,4
new,4
examples,4
described,4
clear,4
discovered,4
fountain,4
general,4
especially,4
attention,4
rivets,4
usually,4
mba,4
overlap,4
fall,4
centuries,4
blegen,4
comes,4
measurements,4
paper,4
extraction,4
roman,4
did,4
wall,4
iii,4
always,4
extended,4
discussion,4
sb,4
km,4
point,4
north,4
done,3
indicated,3
oxidation,3
stone,3
formed,3
second,3
schliemann,3
true,3
resurgence,3
before,3
lower,3
long,3
finger,3
ii,3
crumpled,3
england,3
rims,3
furnace,3
broken,3
last,3
sheet,3
context,3
contents,3
british,3
plain,3
east,3
draw,3
lhi,3
cases,3
amount,3
weight,3
y,3
geological,3
drawn,3
higher,3
obtained,3
square,3
pb,3
parts,3
tsountas,3
lay,3
precious,3
university,3
section,3
house,3
quarters,3
listed,3
generally,3
dished,3
came,3
concentration,3
location,3
possibility,3
brill,3
pure,3
burial,3
confirmation,3
shape,3
beaker,3
network,3
imports,3
knowledge,3
aja,3
whole,3
away,3
craftsmen,3
immerwahr,3
good,3
suggest,3
order,3
quite,3
minor,3
primitive,3
identified,3
indeed,3
slag,3
still,3
ask,3
thought,3
metallurgical,3
neither,3
fill,3
starting,3
power,3
available,3
similarly,3
flat,3
unstratified,3
considerable,3
cup,3
hand,3
less,3
showing,3
gives,3
number,3
original,3
nmsoob,3
ornaments,3
fairly,3
bulk,3
strongly,3
indicate,3
construction,3
contained,3
associated,3
megala,3
mentioned,3
slope,3
whose,3
der,3
partitioning,3
iiib,3
lying,3
report,3
latest,3
according,3
what,3
investigation,3
unique,3
them,3
making,3
particular,3
cyclades,3
lhii,3
produce,3
information,3
almost,3
preserved,3
conclude,3
marble,3
lies,3
using,3
coming,3
difference,3
cauldrons,3
piece,3
tiryns,3
supported,3
th,3
lhiiia,3
does,2
inlaid,2
sounion,2
imported,2
thrown,2
determine,2
considerably,2
bei,2
group,2
silvered,2
settlements,2
complex,2
underground,2
rounded,2
total,2
chief,2
edge,2
experience,2
said,2
huttenmannische,2
derives,2
neolithic,2
give,2
asia,2
comparatively,2
tradition,2
anaphi,2
great,2
typological,2
proves,2
locality,2
styles,2
half,2
raised,2
gems,2
somewhat,2
similarities,2
case,2
occasional,2
right,2
impurity,2
say,2
spitaels,2
quantity,2
controlled,2
singled,2
central,2
million,2
throughout,2
teacup,2
against,2
bismuth,2
unpublished,2
de,2
interest,2
characteristic,2
reproduced,2
ayia,2
nmsooa,2
lolling,2
difficulty,2
uniformity,2
jahrbuch,2
developments,2
back,2
body,2
egypt,2
left,2
thin,2
rotunda,2
apparently,2
coil,2
interesting,2
sardinia,2
ashmolean,2
without,2
how,2
proportion,2
eight,2
importance,2
certain,2
leave,2
samos,2
means,2
reason,2
greeks,2
les,2
eventually,2
presumably,2
conclusions,2
traces,2
upper,2
metals,2
commonly,2
recovered,2
beyond,2
belgian,2
dominant,2
weighed,2
appear,2
ranges,2
expressed,2
result,2
closely,2
begun,2
seven,2
uj,2
her,2
pass,2
noting,2
theophrastus,2
discs,2
recently,2
scale,2
schist,2
explain,2
coin,2
directly,2
los,2
carries,2
heavily,2
london,2
apparent,2
reduction,2
confined,2
bowl,2
kindly,2
during,2
contains,2
falling,2
beads,2
somewhere,2
accord,2
heberden,2
sampled,2
either,2
change,2
presented,2
working,2
le,2
berg,2
strap,2
attached,2
usual,2
goblet,2
weapons,2
coast,2
when,2
purpose,2
ellen,2
notes,2
provenance,2
grateful,2
preliminary,2
massive,2
corpse,2
f,2
therefore,2
led,2
he,2
quarry,2
noteworthy,2
islands,2
egyptian,2
necessary,2
technically,2
indicates,2
comments,2
southern,2
ware,2
tends,2
guide,2
interpretation,2
museum,2
reference,2
repair,2
place,2
us,2
falls,2
coressus,2
light,2
complete,2
floor,2
industrial,2
exceptionally,2
skeletons,2
rings,2
comparison,2
mckerrell,2
mentions,2
towards,2
water,2
limit,2
head,2
scholars,2
richer,2
skimming,2
supplies,2
seriphos,2
doubt,2
discussed,2
purposes,2
establish,2
council,2
practice,2
kamareza,2
impoverished,2
style,2
another,2
wires,2
refining,2
detailed,2
findings,2
jea,2
aside,2
processes,2
wace,2
broneer,2
sherd,2
authors,2
decorated,2
held,2
function,2
attribution,2
antiquity,2
standard,2
why,2
outside,2
article,2
nmsooc,2
narrow,2
amber,2
slightly,2
locales,2
equivalent,2
wells,2
relative,2
consists,2
suggestion,2
epidote,2
circle,2
today,2
persson,2
science,2
reasonable,2
pevka,2
who,2
off,2
trading,2
seen,2
effectively,2
remaining,2
length,2
inspired,2
often,2
supporting,2
types,2
rim,2
naxos,2
investigate,2
proof,2
variable,2
clamp,2
plated,2
conclusion,2
peoples,2
quotes,2
occurrences,2
native,2
minerals,2
set,2
highly,2
principle,2
each,2
cultures,2
molten,2
iron,2
passage,2
merely,2
catalogue,2
madem,2
ruins,2
marathon,2
terms,2
covers,2
statement,2
map,2
leaving,2
distribution,2
scavenged,2
extract,2
des,2
miscellanea,2
argive,2
hesperia,2
wyttenbach,2
until,2
years,2
average,2
lhl,2
instead,2
davies,2
sur,2
smaller,2
element,2
recent,2
famous,2
leaden,2
ca,2
built,2
showed,2
mistaken,2
agrileza,2
major,2
argolid,1
final,1
thickened,1
carved,1
scepter,1
lhiii,1
kunste,1
ktt,1
child,1
limits,1
calibrated,1
jewels,1
kapnik,1
curtailed,1
stylistic,1
isotopes,1
euboean,1
represent,1
dixieme,1
thesources,1
red,1
alone,1
curved,1
combine,1
originating,1
introduction,1
preliminaires,1
distributed,1
debris,1
mouth,1
contemporaneous,1
elaborately,1
center,1
needed,1
troduced,1
flourish,1
offerings,1
syros,1
prince,1
lapidibus,1
modern,1
notwithstanding,1
trace,1
neues,1
position,1
tifacts,1
necessarily,1
unlike,1
plentifully,1
scientist,1
tells,1
ae,1
samian,1
something,1
monograph,1
variety,1
princeton,1
corresponding,1
contexts,1
limestone,1
women,1
disturbances,1
test,1
fluctuations,1
predominantly,1
round,1
consistent,1
anything,1
archaeologists,1
discretion,1
prosymna,1
failing,1
neglects,1
beautifully,1
gained,1
originally,1
steady,1
meters,1
kon,1
calcareous,1
fragmentary,1
advanced,1
lhj,1
heated,1
principles,1
europe,1
excavating,1
assess,1
broadly,1
accompanied,1
shoulder,1
confusion,1
converse,1
borne,1
lh,1
reveal,1
ol,1
encouragement,1
room,1
tx,1
take,1
subsequent,1
inland,1
dendra,1
fresh,1
roasting,1
spyridon,1
nm,1
myci,1
mind,1
deriving,1
investigations,1
superficially,1
confused,1
papers,1
weighing,1
datable,1
nowhere,1
lhillc,1
kraay,1
existence,1
collaborate,1
principality,1
linear,1
thorikostatticatleadlitharge,1
archaeologytvol,1
king,1
sought,1
mass,1
masked,1
treasuries,1
shroud,1
zur,1
welcome,1
taylour,1
cooperation,1
activity,1
condition,1
tracing,1
illustrate,1
fortresses,1
slight,1
merkati,1
foreigners,1
alter,1
terminus,1
intensively,1
fine,1
homogeneous,1
apart,1
taking,1
supply,1
ignores,1
indicating,1
uncertain,1
desirable,1
bottom,1
spain,1
metcalf,1
kallianou,1
awaits,1
ritual,1
bruxelles,1
minimum,1
treatise,1
unprepossessing,1
mmiii,1
exist,1
coils,1
vases,1
quem,1
accessible,1
additional,1
actual,1
surely,1
technologie,1
haut,1
explained,1
uz,1
facts,1
inner,1
development,1
mm,1
village,1
objective,1
analyzing,1
minerologie,1
assumes,1
millennium,1
intact,1
untersuchungen,1
regarded,1
storehouse,1
decided,1
ostrich,1
occurs,1
leaf,1
conducted,1
cf,1
dozen,1
metalwork,1
stoa,1
kind,1
turn,1
mixed,1
flourishing,1
valueless,1
bay,1
keep,1
oxidized,1
averaging,1
ear,1
extraordinary,1
plotting,1
served,1
dates,1
effective,1
witnessed,1
sword,1
estimate,1
compare,1
mineralization,1
consequently,1
lalysos,1
corrected,1
details,1
epervat,1
strengthening,1
discovering,1
zinc,1
hardly,1
influence,1
poorly,1
industries,1
reef,1
jean,1
crow,1
unusal,1
civilization,1
poor,1
loo,1
fleet,1
york,1
mycenaen,1
added,1
german,1
plotted,1
principally,1
ili,1
main,1
remain,1
amethyst,1
possession,1
mountain,1
campagnes,1
conophagos,1
unit,1
sw,1
breast,1
comparable,1
cult,1
ce,1
analyzes,1
profusion,1
afforded,1
accurate,1
mussche,1
firstformed,1
cheiromylos,1
se,1
athenss,1
mykenai,1
contributions,1
special,1
study,1
lacking,1
illustrations,1
burials,1
summarized,1
von,1
supposed,1
erzmetall,1
amorgos,1
suffice,1
kastri,1
references,1
changes,1
nor,1
female,1
consider,1
locally,1
improvement,1
retained,1
emergence,1
just,1
air,1
argued,1
leadpottery,1
pebble,1
solid,1
lakkos,1
pefka,1
pithos,1
origins,1
powerful,1
surface,1
indications,1
followed,1
defines,1
consequence,1
jdl,1
necropolis,1
numismaticw,1
opinion,1
flounces,1
providing,1
trained,1
dc,1
charcoal,1
irini,1
whereas,1
greater,1
raw,1
uses,1
advance,1
based,1
cd,1
bearing,1
lain,1
rule,1
basin,1
das,1
pulse,1
jradioanalchem,1
facilitate,1
supervenes,1
relate,1
zone,1
successors,1
constantly,1
im,1
representative,1
collectively,1
midway,1
alibey,1
mouldered,1
boxes,1
lamps,1
chemistrx,1
war,1
alabaster,1
careless,1
bore,1
appears,1
absorption,1
scalpel,1
intensity,1
applied,1
publications,1
appearing,1
grounds,1
however,1
silbergewinnung,1
kuppelgrab,1
myciia,1
catling,1
yield,1
instrumental,1
wide,1
sackett,1
graeca,1
xenophon,1
silicon,1
servais,1
outstanding,1
lhlllc,1
bound,1
basis,1
artefacts,1
revealed,1
literature,1
laconian,1
zeitung,1
carry,1
nine,1
do,1
nearest,1
conjectured,1
pernicka,1
stiffen,1
griechen,1
civilisation,1
compass,1
proportions,1
indigenous,1
comment,1
staunchly,1
securing,1
gave,1
q,1
intermediate,1
palaces,1
vectigalibus,1
mycenaeans,1
demonstrates,1
princely,1
mn,1
actually,1
cluster,1
structures,1
kilian,1
reflect,1
believes,1
il,1
aulag,1
noel,1
fieldwork,1
project,1
craftsman,1
strengthened,1
own,1
theran,1
rivet,1
premiere,1
deltion,1
regions,1
oriental,1
thorikoss,1
closing,1
reponsible,1
despot,1
kultur,1
wllo,1
stage,1
reliable,1
coupled,1
box,1
aluminum,1
mediterranean,1
melted,1
unsupported,1
exclude,1
hence,1
sake,1
augustan,1
siphonosll,1
several,1
leaves,1
soil,1
shapes,1
workshops,1
altered,1
concerns,1
presence,1
invaluable,1
decline,1
essentially,1
alluvial,1
tended,1
corridor,1
zofia,1
fully,1
progress,1
purification,1
filling,1
results,1
proper,1
appropriate,1
provided,1
incision,1
reducing,1
society,1
subsequently,1
south,1
activation,1
flourished,1
portion,1
numismatics,1
horizons,1
adhering,1
units,1
situation,1
nearcape,1
implications,1
silverrich,1
matter,1
nonetheless,1
absence,1
practices,1
various,1
summarize,1
scientific,1
economic,1
mossman,1
located,1
expansion,1
limited,1
edges,1
reinforcements,1
fumes,1
fastened,1
tapering,1
etc,1
stratigraphy,1
tsj,1
degree,1
conquerors,1
suppose,1
reclaimed,1
athenians,1
landerer,1
corpus,1
once,1
philadelphia,1
yet,1
externally,1
permission,1
fit,1
represents,1
pp,1
acknowledgments,1
ring,1
caveat,1
under,1
restricted,1
chronology,1
metrology,1
included,1
enigmatic,1
karo,1
quarries,1
assistance,1
lord,1
shifting,1
rectangular,1
experimental,1
nw,1
broad,1
experiment,1
bracelets,1
imitating,1
largest,1
belonging,1
strip,1
illustrated,1
washeries,1
reports,1
unusually,1
accidental,1
speaking,1
rise,1
maintained,1
arranging,1
ev,1
published,1
comparably,1
double,1
useful,1
stemmed,1
funerary,1
name,1
westward,1
belges,1
stated,1
fell,1
toward,1
again,1
others,1
fragmentation,1
reporting,1
petruso,1
put,1
decorative,1
motifs,1
spear,1
argentite,1
longer,1
unparalleled,1
occurrence,1
revenue,1
proposal,1
schachtgraber,1
documented,1
nauplion,1
disturbed,1
governed,1
catalogued,1
slicing,1
atomic,1
loop,1
overwhelmingly,1
variation,1
predominant,1
cupelled,1
serious,1
simple,1
ages,1
behind,1
plate,1
lhll,1
remarkable,1
covered,1
en,1
continuing,1
ch,1
iiia,1
royal,1
deep,1
heaps,1
schubiger,1
eds,1
ayios,1
frequency,1
corroded,1
widespread,1
shifts,1
anglosaxon,1
remarkably,1
identifiable,1
boat,1
remained,1
immerwahrs,1
paule,1
local,1
private,1
understanding,1
situated,1
divided,1
averaged,1
rulers,1
indiana,1
discovery,1
explanation,1
values,1
stairway,1
mykenischen,1
previously,1
mortuary,1
stephanos,1
recover,1
medium,1
wore,1
batch,1
entirely,1
waste,1
significant,1
dress,1
net,1
numbered,1
questions,1
rare,1
individuals,1
abstrich,1
baptiste,1
previous,1
connected,1
theories,1
involves,1
vii,1
rejected,1
strands,1
publication,1
obtaining,1
minyan,1
points,1
clue,1
maintenance,1
interpret,1
individual,1
objets,1
tetradrachms,1
started,1
ellis,1
teiorikos,1
uo,1
blei,1
features,1
dry,1
lie,1
practiced,1
proximity,1
abundant,1
expressing,1
adequately,1
minimal,1
consist,1
valued,1
sparta,1
internal,1
characteristics,1
archaeometry,1
methods,1
lapis,1
feet,1
become,1
effect,1
chemistral,1
lcmth,1
excluded,1
obsidian,1
percent,1
thorikosw,1
differ,1
northern,1
lacedaemonius,1
figures,1
entrainment,1
destruction,1
anatolia,1
concluded,1
vigorous,1
peratl,1
overlapping,1
ranging,1
stag,1
archeph,1
carried,1
indication,1
lo,1
undoubted,1
raise,1
gram,1
sealed,1
mixture,1
iiici,1
naturally,1
ligori,1
sole,1
hill,1
support,1
favour,1
archaeology,1
iiic,1
predict,1
becomes,1
bch,1
lost,1
tin,1
muddle,1
itself,1
midea,1
sturm,1
began,1
relevant,1
originated,1
seminar,1
washery,1
linking,1
volumes,1
owed,1
gallery,1
extra,1
fe,1
hope,1
surprising,1
dead,1
stratified,1
answer,1
fields,1
tapping,1
angeles,1
articles,1
klisidi,1
departures,1
generator,1
exchanged,1
earliest,1
considered,1
metallurgie,1
impurities,1
cakes,1
menidis,1
tov,1
series,1
incorporated,1
adjoining,1
economically,1
rigidly,1
vi,1
symbolic,1
antcl,1
summit,1
gerverbe,1
numismatic,1
palace,1
temple,1
sherds,1
symbol,1
overseas,1
calamity,1
offers,1
xt,1
cover,1
pylos,1
flow,1
cross,1
euboea,1
control,1
excavator,1
cemetery,1
sizes,1
interested,1
believe,1
ivory,1
best,1
down,1
prominence,1
archrep,1
wealthy,1
surprisingly,1
current,1
cerargyrite,1
post,1
aurian,1
foundation,1
sphalerite,1
particularly,1
losses,1
flies,1
reproduces,1
grey,1
obviously,1
rely,1
goods,1
leadsilver,1
ampelos,1
bones,1
differed,1
thorkios,1
placing,1
admixture,1
terminologie,1
works,1
impressively,1
living,1
type,1
oliver,1
advances,1
phd,1
animal,1
blowing,1
william,1
scholarly,1
unlikely,1
nestor,1
recession,1
notable,1
persuasively,1
combined,1
idem,1
beaten,1
twisted,1
accounts,1
character,1
tranquillity,1
zn,1
firmly,1
inscriptions,1
encased,1
consisting,1
differs,1
institute,1
rapports,1
studying,1
lm,1
antiparos,1
imperial,1
balance,1
too,1
droplets,1
atoms,1
velatouri,1
freedom,1
metallurgai,1
finished,1
vaphefo,1
gratitude,1
neck,1
balances,1
multiple,1
ruled,1
through,1
uniform,1
introduced,1
sea,1
chip,1
ruddle,1
ec,1
ac,1
giving,1
vermeule,1
die,1
techniques,1
returning,1
sheets,1
flelladic,1
spartan,1
arguments,1
mention,1
allows,1
isolated,1
writing,1
mineralogical,1
neglect,1
pair,1
antique,1
mica,1
models,1
lel,1
touch,1
tumuli,1
crucible,1
ignored,1
lands,1
opcit,1
romern,1
illinois,1
shop,1
peloponnese,1
completed,1
wish,1
parallels,1
course,1
include,1
although,1
typically,1
citadel,1
manufacture,1
product,1
suffix,1
states,1
effects,1
rhyton,1
defined,1
attempted,1
recourse,1
lmia,1
association,1
summary,1
doubtless,1
needs,1
pyrites,1
pyrometallurgy,1
specific,1
preferentially,1
removed,1
themselves,1
text,1
vary,1
antiken,1
exclusively,1
corrosion,1
develop,1
arfm,1
strong,1
technological,1
ends,1
indistinguishable,1
barter,1
should,1
enclave,1
sent,1
workings,1
brevity,1
vividly,1
costly,1
