WORDCOUNTS,WEIGHT
the,436
of,345
and,301
in,183
a,167
to,162
survey,150
for,77
site,71
egiin,70
gol,67
with,56
was,52
by,51
that,49
sites,49
were,48
at,46
from,45
this,43
is,41
on,40
as,40
an,38
our,37
area,37
valley,37
we,36
intensive,33
artifact,33
extensive,28
or,25
m,24
these,24
steppe,24
be,24
areas,23
surface,22
research,22
resolution,22
features,21
archaeology,20
lower,20
not,20
nested,19
during,19
spatial,19
which,18
scatters,17
data,17
recovery,17
over,17
different,17
university,16
approach,16
regional,16
local,16
reconnaissance,16
tributary,15
field,15
using,15
transect,15
archaeological,15
types,15
zones,14
sq,14
artifacts,14
habitation,14
two,14
valleys,14
are,14
groups,13
stone,13
xiongnu,13
density,13
used,13
have,13
one,12
all,12
organization,12
river,12
zone,12
amartuvshin,12
mongolian,12
distribution,12
information,12
km,12
along,11
such,11
sample,11
high,11
mongolia,11
it,10
test,10
within,10
design,10
x,10
no,10
main,10
most,10
more,10
project,10
low,10
period,10
been,10
each,10
while,10
size,10
little,10
between,10
conducted,9
based,9
might,9
mean,9
out,9
having,9
systematic,9
settlement,9
provided,9
us,9
region,9
would,9
nomadic,9
early,9
large,8
visibility,8
some,8
journal,8
greater,8
polity,8
small,8
social,8
new,8
polities,8
samples,8
carried,8
figure,8
according,8
densities,8
press,8
crew,8
major,8
per,7
into,7
political,7
recorded,7
collection,7
perspective,7
rates,7
across,7
how,7
landscape,7
scales,7
changes,7
upper,7
beyond,7
had,7
scale,7
located,7
transects,7
where,7
understanding,7
asian,7
maps,7
vertical,7
beia,7
type,7
multiple,7
approximately,7
approaches,6
history,6
first,6
crews,6
phase,6
mixed,6
eurasian,6
expected,6
may,6
higher,6
their,6
study,6
burials,6
recovered,6
additional,6
problem,6
initial,6
intervals,6
core,6
finds,6
periods,6
exposure,6
included,6
useful,6
larger,6
distributions,6
pattern,6
patterns,6
less,6
number,6
processes,6
three,6
structure,6
diagnostic,6
ratio,6
william,6
through,6
include,6
evidence,6
observation,6
broader,6
horizontal,5
complex,5
analyses,5
has,5
development,5
process,5
fish,5
pastoral,5
could,5
late,5
burial,5
basis,5
example,5
excavation,5
soil,5
sufficient,5
units,5
but,5
lack,5
locational,5
degree,5
made,5
range,5
questions,5
sherd,5
mountain,5
ridges,5
bronze,5
did,5
given,5
cambridge,5
integrated,5
potential,5
obtrusiveness,5
interaction,5
shovel,4
if,4
experience,4
other,4
there,4
state,4
those,4
honeychurch,4
chunag,4
iron,4
inner,4
quality,4
century,4
rank,4
intensities,4
applying,4
cardinal,4
resolutions,4
than,4
square,4
similar,4
coverage,4
support,4
monumental,4
observations,4
age,4
though,4
method,4
line,4
knowledge,4
obtrusive,4
institution,4
relative,4
lithics,4
regions,4
suzanne,4
interregional,4
order,4
bank,4
several,4
smithsonian,4
presence,4
when,4
up,4
techniques,4
movement,4
about,4
mobile,4
same,4
wright,4
patterning,4
members,4
shows,4
end,4
covered,4
assemblages,4
discovery,4
width,4
passes,4
outward,4
significant,4
harvard,4
subsurface,4
individual,4
summer,4
collected,4
especially,4
enough,4
egs,4
tests,4
perspectives,4
mounds,4
then,4
associated,4
known,4
sherds,4
organizational,4
cover,4
cm,4
very,4
historical,4
interval,4
studying,4
minimal,4
topographical,4
level,4
question,4
difference,4
recovering,4
comparison,4
substantial,4
among,4
north,4
way,3
strategy,3
needed,3
discover,3
mobility,3
designed,3
formed,3
either,3
sources,3
season,3
emerged,3
potentially,3
feature,3
vegetation,3
eastern,3
agriculture,3
prior,3
soils,3
timothy,3
nondiagnostic,3
neology,3
central,3
includes,3
millennium,3
ha,3
nodal,3
find,3
explore,3
probability,3
space,3
section,3
problems,3
important,3
screened,3
found,3
academic,3
informed,3
produced,3
gps,3
network,3
bc,3
related,3
its,3
rise,3
employed,3
excavated,3
least,3
boundaries,3
visible,3
majority,3
appropriate,3
geographical,3
portion,3
limited,3
spades,3
standing,3
surveyed,3
assigned,3
joshua,3
boundary,3
judgmental,3
informal,3
al,3
largest,3
only,3
also,3
many,3
substantially,3
external,3
model,3
erdenebat,3
shifts,3
another,3
arch,3
background,3
mortuary,3
recover,3
clear,3
flood,3
probe,3
relation,3
tiers,3
ann,3
attention,3
clusters,3
fields,3
months,3
stephen,3
constructed,3
defining,3
ordered,3
anthropology,3
whether,3
agricultural,3
despite,3
vehicle,3
institute,3
suggests,3
both,3
extending,3
hydroelectric,3
formation,3
models,3
spacing,3
fullcoverage,3
crumley,3
national,3
washington,3
instead,3
define,3
integration,3
roughly,3
deposition,3
including,3
surveys,3
much,3
should,3
gis,2
difficult,2
medieval,2
environmental,2
determine,2
northeast,2
screening,2
kinds,2
second,2
authority,2
easily,2
flows,2
character,2
absence,2
contexts,2
salvage,2
explaining,2
taken,2
contrasted,2
rapid,2
nature,2
asia,2
definition,2
comparatively,2
shaped,2
sedimentation,2
suggesting,2
together,2
spaced,2
government,2
achieved,2
robert,2
china,2
context,2
erosional,2
case,2
plain,2
marked,2
occurring,2
mongol,2
framework,2
difficulties,2
minutes,2
since,2
due,2
against,2
daniel,2
relatively,2
occurs,2
application,2
american,2
learning,2
distinct,2
systematically,2
inclusion,2
phd,2
effective,2
look,2
depths,2
phases,2
ridge,2
opposed,2
without,2
developed,2
edward,2
centralization,2
opportunity,2
prehistory,2
sociocultural,2
proved,2
n,2
hierarchically,2
four,2
cost,2
jeep,2
photos,2
suggested,2
methodology,2
diachronic,2
result,2
location,2
effort,2
objectives,2
owen,2
aerial,2
meter,2
further,2
chinese,2
intensity,2
record,2
procedures,2
required,2
near,2
sparse,2
because,2
well,2
r,2
permitted,2
part,2
apparent,2
gave,2
tale,2
place,2
issues,2
probes,2
records,2
assimilating,2
structures,2
et,2
documented,2
surrounding,2
showing,2
archaeologists,2
change,2
published,2
solution,2
successful,2
below,2
microfilms,2
around,2
teams,2
few,2
highly,2
annual,2
proper,2
symons,2
dam,2
inhabiting,2
promising,2
chronological,2
south,2
therefore,2
led,2
detected,2
lesser,2
statecraft,2
populations,2
identified,2
labeled,2
koster,2
classic,2
locating,2
still,2
above,2
sub,2
expanded,2
indicates,2
comments,2
direction,2
southeast,2
single,2
guide,2
museum,2
examined,2
under,2
chronology,2
management,2
forays,2
transformations,2
experiment,2
noted,2
picture,2
jeffrey,2
academy,2
crm,2
addition,2
idea,2
treatment,2
riverine,2
unobtrusive,2
variation,2
ages,2
ground,2
manner,2
road,2
empire,2
establish,2
relevant,2
michael,2
fieldwork,2
assemblage,2
encountered,2
day,2
kathleen,2
upon,2
lake,2
scatter,2
confidence,2
refers,2
variables,2
radiocarbon,2
check,2
full,2
kilometer,2
stelae,2
emphasizing,2
b,2
comprehensive,2
points,2
characterized,2
vehicular,2
general,2
played,2
antiquity,2
comparing,2
assessing,2
slightly,2
wells,2
evaluated,2
median,2
carla,2
george,2
provide,2
five,2
lines,2
gillings,2
who,2
success,2
directions,2
collections,2
progressively,2
construction,2
analysis,2
fall,2
table,2
susan,2
forest,2
addressed,2
variable,2
any,2
series,2
conclusion,2
complexity,2
circumstances,2
geographic,2
integrative,2
pedestrian,2
paper,2
novel,2
sizes,2
east,2
sampling,2
best,2
unknown,2
buddhist,2
klinger,2
argue,2
half,2
observe,2
particularly,2
carole,2
evident,2
drop,2
what,2
tingle,2
selected,2
form,2
seasonal,2
consisting,2
precedent,2
emphasis,2
monitored,2
slopes,2
became,2
role,2
plans,2
territory,2
adapted,2
elevations,2
world,2
varied,2
unexplored,2
years,2
conditions,2
smaller,2
states,2
tributaries,2
walking,2
specific,2
modeling,2
pathways,2
c,2
deposits,2
focus,2
counts,2
mature,2
taylor,2
building,2
close,2
overlaid,1
contacts,1
go,1
orton,1
done,1
oriented,1
limits,1
estimated,1
later,1
generated,1
generous,1
faced,1
designated,1
functional,1
represent,1
extend,1
e,1
adb,1
mountains,1
introduction,1
utility,1
distributed,1
connecticut,1
mouth,1
expect,1
they,1
informational,1
damdinsuren,1
group,1
center,1
settlements,1
burton,1
envisioned,1
chi,1
use,1
rogers,1
miriam,1
uniquely,1
ways,1
peaks,1
di,1
studies,1
checking,1
modern,1
favor,1
ore,1
considerations,1
equivalency,1
station,1
finance,1
grasslands,1
segmentary,1
fixed,1
presents,1
francis,1
occurred,1
evaluating,1
individually,1
total,1
detailing,1
remedy,1
uses,1
edu,1
po,1
buffer,1
khan,1
source,1
pie,1
properties,1
intentions,1
hohokam,1
metallic,1
consistent,1
member,1
specifically,1
every,1
expands,1
topographic,1
preceding,1
progressed,1
interests,1
retouched,1
originally,1
ii,1
give,1
meters,1
address,1
investments,1
opted,1
expectation,1
confederations,1
burgundian,1
steadman,1
j,1
oval,1
tradition,1
leading,1
contingencies,1
flotation,1
great,1
reasons,1
thank,1
able,1
closer,1
reveal,1
onto,1
nevertheless,1
ziploc,1
devised,1
improved,1
consist,1
mind,1
date,1
emphasized,1
gullies,1
henry,1
regression,1
opposite,1
reading,1
lecturer,1
designs,1
proposals,1
depends,1
pursue,1
evaluation,1
side,1
corresponded,1
botanical,1
mechanized,1
gaps,1
matthew,1
sought,1
right,1
mesh,1
placement,1
possible,1
determined,1
politics,1
activity,1
international,1
establishing,1
mm,1
advantageous,1
measuring,1
professor,1
irrigated,1
percy,1
combination,1
point,1
adoption,1
bise,1
resources,1
overlooking,1
bottom,1
geomorphological,1
ritual,1
fiercely,1
behavior,1
make,1
harold,1
factional,1
ranked,1
exist,1
segregation,1
human,1
generalized,1
centralized,1
review,1
differential,1
cemeteries,1
dependence,1
colluvial,1
southwestern,1
proceeded,1
accounted,1
depressions,1
pilot,1
calculated,1
analyzing,1
hanks,1
targeted,1
hierarchy,1
de,1
integral,1
neighbors,1
ethnohistorical,1
ease,1
mailing,1
excavations,1
expeditions,1
assessment,1
employing,1
militarily,1
stanton,1
extensively,1
arena,1
kind,1
slabs,1
cases,1
drainage,1
maintaining,1
old,1
ct,1
times,1
document,1
factionalization,1
concerning,1
khivigsuur,1
columbia,1
barfield,1
bag,1
publications,1
diagnostics,1
compare,1
geological,1
drawn,1
fieldiana,1
archaeologist,1
even,1
kirk,1
communication,1
swamps,1
traditions,1
conducting,1
discovering,1
leadership,1
acted,1
bagged,1
influence,1
employ,1
assessed,1
steps,1
roadside,1
interesting,1
adequate,1
essential,1
trending,1
identification,1
his,1
devastating,1
growth,1
centered,1
dry,1
unstudied,1
cosmo,1
basic,1
underclass,1
appreciation,1
levels,1
subsistence,1
represented,1
contour,1
determining,1
risk,1
persistent,1
eight,1
importance,1
grew,1
certain,1
derived,1
parts,1
bryan,1
generating,1
walkers,1
redundancy,1
animals,1
paleolithic,1
extremes,1
moves,1
gathering,1
dueling,1
means,1
qualify,1
probabilities,1
applied,1
facilitated,1
consultation,1
consider,1
locally,1
millstones,1
familiar,1
benefits,1
organized,1
emergence,1
dated,1
branch,1
clearly,1
intrinsically,1
director,1
proposed,1
impact,1
traces,1
canal,1
profile,1
threat,1
periodically,1
frozen,1
orientation,1
commonly,1
lithic,1
powerful,1
connecting,1
peru,1
exceed,1
followed,1
neither,1
flakes,1
bruno,1
shifted,1
imminent,1
dominant,1
helped,1
providing,1
ancient,1
drawing,1
cut,1
advocated,1
trajectories,1
conflicts,1
qualities,1
osteological,1
reflections,1
banning,1
ranges,1
arrived,1
identifying,1
societies,1
portable,1
appearance,1
acknowledgments,1
conservative,1
erosion,1
faunal,1
search,1
called,1
typical,1
p,1
mapping,1
handheld,1
relational,1
events,1
nicola,1
opt,1
configuration,1
captured,1
base,1
suits,1
representative,1
evaluate,1
embedded,1
outset,1
neighboring,1
occupation,1
standardized,1
traced,1
cultural,1
equal,1
focused,1
wenner,1
cuts,1
block,1
circular,1
michigan,1
dynasty,1
viewed,1
cannot,1
track,1
contiguous,1
ezra,1
networks,1
imperial,1
wide,1
periodization,1
sedentism,1
paleopathology,1
briefly,1
warriors,1
improve,1
kathryn,1
notebook,1
designation,1
invisible,1
revealed,1
egalitarian,1
blade,1
scope,1
genghis,1
received,1
tops,1
lords,1
floodplain,1
struck,1
prominent,1
significantly,1
modular,1
purpose,1
explains,1
compass,1
indigenous,1
department,1
description,1
ten,1
sift,1
got,1
describe,1
northwest,1
obscured,1
expansive,1
demonstrates,1
work,1
middle,1
khirigsuurs,1
winter,1
focuses,1
reflect,1
herding,1
preparation,1
interpreted,1
predictive,1
miss,1
exit,1
chuquimia,1
precipitation,1
responses,1
habitations,1
sense,1
caused,1
presented,1
spatially,1
lowest,1
distances,1
lee,1
suggest,1
wished,1
holes,1
box,1
complicate,1
unfused,1
reaches,1
quite,1
arbitrary,1
emerging,1
orient,1
long,1
cowgill,1
driving,1
choose,1
dramatic,1
massachusetts,1
ulambayar,1
portions,1
nikolay,1
methodological,1
yielded,1
philip,1
articulation,1
loci,1
results,1
paid,1
samjournal,1
confluence,1
structured,1
mouths,1
diminished,1
value,1
preliminary,1
actions,1
logistic,1
capturing,1
heritage,1
greg,1
stephens,1
input,1
semienclosed,1
likely,1
approximate,1
proxy,1
nonetheless,1
van,1
publishers,1
visually,1
contingent,1
economic,1
gren,1
grand,1
wrote,1
comparative,1
expansion,1
successes,1
brief,1
forward,1
exception,1
etc,1
restructuring,1
intensively,1
stratigraphy,1
threshing,1
controls,1
mesolithic,1
khirigsuur,1
initially,1
southern,1
settings,1
roads,1
inhabited,1
decisions,1
percentage,1
once,1
calculate,1
collect,1
oxford,1
interpretation,1
uninhabited,1
opportunities,1
suited,1
marginal,1
thought,1
kluwer,1
ring,1
evolved,1
technology,1
restricted,1
ne,1
checks,1
unwin,1
statistically,1
jay,1
participants,1
assistance,1
complete,1
rectangular,1
performed,1
ethnographic,1
experimental,1
insights,1
qualified,1
lined,1
hearth,1
exploit,1
reconnoitered,1
bordering,1
stones,1
avoided,1
fairly,1
sketch,1
chose,1
geomorphology,1
french,1
paul,1
suit,1
challenge,1
power,1
clive,1
mark,1
toward,1
varies,1
put,1
energy,1
added,1
complementary,1
analytical,1
efforts,1
campsites,1
fact,1
expose,1
ceramic,1
consideration,1
limit,1
chinahan,1
designing,1
occurrence,1
relates,1
herder,1
walked,1
pastoralism,1
documents,1
sociospatial,1
sli,1
time,1
coordinates,1
diameter,1
conclusions,1
outside,1
took,1
adjacent,1
present,1
upham,1
centre,1
unit,1
intersite,1
developing,1
execution,1
compositional,1
immature,1
necessary,1
decade,1
perhaps,1
teeth,1
controversy,1
distance,1
gives,1
harnessed,1
regionally,1
alan,1
mcguire,1
remained,1
entity,1
interpreting,1
smallscale,1
original,1
demonstrated,1
stabilize,1
analyzed,1
multistage,1
behaviors,1
exploring,1
encounter,1
divided,1
indiana,1
examples,1
lattimore,1
randall,1
values,1
locate,1
refining,1
formal,1
initiated,1
ofegiin,1
wheatley,1
increase,1
forested,1
medium,1
expand,1
controlling,1
doug,1
impassable,1
complement,1
assumption,1
luperio,1
collaborative,1
ideas,1
complements,1
assign,1
continue,1
examination,1
chosen,1
macro,1
theories,1
sieves,1
dating,1
described,1
trade,1
significance,1
underestimating,1
landscapes,1
discovered,1
loosely,1
express,1
decorated,1
keep,1
allowed,1
reviewers,1
like,1
spread,1
so,1
function,1
creating,1
obtained,1
maximize,1
practiced,1
after,1
losing,1
preservation,1
standard,1
provides,1
martin,1
thomas,1
ovacaprid,1
internal,1
selenge,1
narrow,1
respectively,1
can,1
concepts,1
differ,1
geography,1
slab,1
delimits,1
destruction,1
anchored,1
ago,1
lowcost,1
arbor,1
la,1
petroglyphs,1
division,1
increasing,1
farm,1
implicitly,1
depth,1
consists,1
buffering,1
discussing,1
topography,1
autumn,1
relationship,1
applications,1
delimiting,1
independent,1
mixture,1
science,1
usually,1
terrence,1
testing,1
hill,1
begin,1
select,1
inside,1
alternate,1
fewer,1
primarily,1
predict,1
becomes,1
monuments,1
dimensions,1
reason,1
detailed,1
yale,1
interacting,1
lawrence,1
proposition,1
clays,1
transformation,1
rapidly,1
indicate,1
length,1
linking,1
why,1
methods,1
interconnected,1
siberia,1
centuries,1
interpretive,1
phytolith,1
regularly,1
issue,1
distributional,1
differentiated,1
acquired,1
assistant,1
anthropological,1
environment,1
share,1
shadow,1
contextualize,1
monument,1
historian,1
following,1
dispersed,1
changing,1
conjunction,1
incorporated,1
peoples,1
complexes,1
demonstrate,1
detect,1
characteristics,1
pace,1
discrepancy,1
grazing,1
charles,1
lightweight,1
westview,1
sciences,1
creations,1
drew,1
set,1
know,1
natural,1
control,1
rainfall,1
setting,1
down,1
wall,1
surprisingly,1
current,1
regard,1
report,1
foundation,1
ideological,1
themselves,1
pitfall,1
separating,1
factors,1
bones,1
past,1
placing,1
enlarged,1
scores,1
advances,1
better,1
person,1
kradin,1
growing,1
researching,1
senior,1
notable,1
combined,1
terms,1
making,1
foremost,1
quadrats,1
supports,1
particular,1
monastery,1
theory,1
extent,1
lowdensity,1
insightful,1
periphery,1
protectors,1
balance,1
missed,1
phenomena,1
urban,1
contain,1
freedom,1
cecilia,1
cluster,1
careful,1
entrance,1
pits,1
screens,1
reported,1
conclude,1
unsurveyed,1
affecting,1
preferable,1
altogether,1
joining,1
confirm,1
november,1
variability,1
convinced,1
giving,1
subject,1
transition,1
maddle,1
step,1
measure,1
humerus,1
ranks,1
challenges,1
maintained,1
rodent,1
tomas,1
susceptible,1
moderate,1
until,1
accelerate,1
spring,1
recording,1
lists,1
reveals,1
frontiers,1
observed,1
topsoils,1
internally,1
larch,1
grant,1
documentation,1
ended,1
contributed,1
land,1
dense,1
d,1
need,1
guiding,1
disruption,1
scalar,1
involving,1
attributes,1
centrality,1
earthen,1
ehur,1
defined,1
off,1
extremely,1
typology,1
shift,1
nomadism,1
anonymous,1
flooding,1
supported,1
edmundo,1
taking,1
doubling,1
elites,1
consisted,1
titicaca,1
entire,1
course,1
images,1
comparable,1
recent,1
detection,1
indicating,1
predicated,1
occur,1
arizona,1
