WORDCOUNTS,WEIGHT
and,93
the,78
of,57
in,35
to,24
a,20
this,18
isbn,16
index,15
white,13
university,13
volume,13
cloth,13
black,13
press,12
archaeology,11
as,10
from,10
that,8
editors,8
at,7
is,7
historical,7
archaeological,7
how,6
site,6
with,6
roman,6
heritage,6
cultural,6
on,6
no,5
their,5
studies,5
ancient,5
are,5
for,5
american,4
was,4
mimbres,4
mosaics,4
museums,4
all,4
paper,4
color,4
information,4
local,4
new,4
human,4
development,4
woodworking,4
examine,4
essays,4
alabama,3
africa,3
provide,3
who,3
ways,3
museum,3
conservation,3
water,3
management,3
culture,3
series,3
be,3
different,3
s,3
case,3
material,3
well,3
getty,3
examples,3
range,3
mosaic,3
have,3
d,3
field,3
an,3
topics,3
north,3
arizona,3
it,2
crete,2
been,2
redstick,2
ix,2
lisa,2
geometric,2
into,2
contributions,2
latin,2
mims,2
by,2
show,2
resource,2
follow,2
more,2
also,2
here,2
paul,2
each,2
j,2
uses,2
petra,2
behavioral,2
u,2
william,2
context,2
tools,2
ad,2
references,2
can,2
eleutherna,2
books,2
adaptation,2
has,2
institute,2
politics,2
these,2
background,2
move,2
los,2
role,2
indigenous,2
bed,2
chapters,2
southwestern,2
manage,2
such,2
appendices,2
years,2
editor,2
cambridge,2
florida,2
author,2
millennium,2
held,2
david,2
defined,2
preservation,2
remains,2
vi,2
systems,2
study,2
oral,2
publications,2
part,2
southwest,2
look,2
evidence,2
ranging,1
chronological,1
span,1
critical,1
communities,1
barbara,1
via,1
highlights,1
habitats,1
surround,1
done,1
town,1
essential,1
materials,1
ethics,1
appreciating,1
his,1
l,1
economic,1
destroy,1
managing,1
imagery,1
childrenat,1
practical,1
functional,1
yucatan,1
play,1
landscape,1
affected,1
environmental,1
sw,1
attitude,1
brings,1
active,1
environments,1
collections,1
orthi,1
detailed,1
dealt,1
introduction,1
ceramic,1
millennia,1
experiences,1
they,1
importance,1
b,1
mesoamerica,1
terms,1
complex,1
one,1
religious,1
conquering,1
life,1
pages,1
special,1
elaborate,1
methods,1
southeast,1
mobility,1
identify,1
measuring,1
guide,1
united,1
artistic,1
chronicle,1
antiquities,1
oxford,1
pivotal,1
gathering,1
making,1
aboriginal,1
involvement,1
determination,1
combines,1
serve,1
modern,1
collectors,1
monumental,1
illuminate,1
precolumbian,1
hostiles,1
considered,1
prehistory,1
trace,1
statistical,1
luke,1
history,1
environment,1
share,1
assimilation,1
chris,1
clearly,1
practice,1
performed,1
gregory,1
mary,1
result,1
variety,1
source,1
indian,1
but,1
glossary,1
w,1
prevent,1
practices,1
contexts,1
industrial,1
odds,1
provocative,1
ethnoarchaeology,1
reports,1
demonstrate,1
simply,1
first,1
archaeologists,1
either,1
sector,1
picture,1
tourism,1
physical,1
sources,1
catalog,1
textual,1
rather,1
jeffrey,1
sections,1
decoration,1
cover,1
give,1
over,1
humans,1
anagnostis,1
principle,1
avenge,1
many,1
distances,1
anthropology,1
asia,1
tomb,1
artists,1
parties,1
global,1
other,1
stories,1
exhibition,1
included,1
excavating,1
xii,1
societies,1
villa,1
appendix,1
found,1
tunisia,1
traditionally,1
guild,1
abstract,1
viii,1
region,1
daily,1
changed,1
classical,1
government,1
scenes,1
diverse,1
international,1
link,1
relate,1
valli,1
mesoamerican,1
commitment,1
wood,1
expansion,1
past,1
documents,1
plantation,1
procurement,1
state,1
floral,1
handbook,1
companion,1
conserving,1
situ,1
present,1
ground,1
remarkable,1
political,1
day,1
thousands,1
educate,1
war,1
wishing,1
relationships,1
within,1
victims,1
unique,1
burial,1
designs,1
viewed,1
recently,1
ceramics,1
offering,1
strategies,1
together,1
globe,1
russell,1
however,1
xvii,1
xiv,1
procedures,1
narrative,1
historians,1
public,1
tracking,1
paved,1
tunisian,1
near,1
number,1
lauded,1
directly,1
america,1
discuss,1
inconstant,1
aspects,1
addresses,1
representations,1
sites,1
roger,1
deal,1
another,1
artefacts,1
artistry,1
recognizing,1
r,1
private,1
incorporated,1
hundreds,1
urban,1
journals,1
xiii,1
artifacts,1
used,1
condition,1
art,1
romans,1
work,1
bc,1
planning,1
vessels,1
scope,1
residents,1
both,1
solely,1
own,1
researchers,1
vital,1
maritime,1
oforthi,1
represented,1
documentary,1
furniture,1
taking,1
interdisciplinary,1
patricia,1
treasures,1
x,1
through,1
discusses,1
timothy,1
training,1
knowledge,1
collecting,1
courses,1
mortuary,1
ecologists,1
along,1
data,1
skeletal,1
subject,1
yale,1
asian,1
looting,1
expansive,1
issues,1
broad,1
bradley,1
people,1
writing,1
processes,1
goal,1
thus,1
laboratory,1
which,1
were,1
focuses,1
fascinated,1
ronald,1
floors,1
devoted,1
xviii,1
initiatives,1
tort,1
difficulties,1
interested,1
interior,1
conditions,1
authors,1
massacre,1
washington,1
victory,1
lectures,1
change,1
workers,1
contributors,1
contributed,1
offer,1
solution,1
include,1
homes,1
salt,1
integrated,1
describing,1
price,1
opinions,1
legislators,1
peninsula,1
mexico,1
colleagues,1
households,1
mediterranean,1
presenting,1
settlement,1
items,1
around,1
dialogue,1
archaic,1
aicha,1
specific,1
workshops,1
modeling,1
promote,1
components,1
between,1
often,1
close,1
served,1
research,1
c,1
texas,1
justify,1
xvi,1
villages,1
lake,1
book,1
collaboration,1
availability,1
biological,1
texts,1
storage,1
mogollon,1
element,1
looks,1
given,1
utah,1
those,1
journal,1
memberships,1
world,1
estates,1
among,1
seek,1
than,1
destruction,1
notes,1
traditions,1
helping,1
them,1
longterm,1
should,1
finds,1
collects,1
geographical,1
brown,1
dictated,1
owns,1
major,1
examines,1
covered,1
visit,1
