WORDCOUNTS,WEIGHT
the,185
of,137
and,113
in,78
to,75
that,49
a,35
this,32
is,30
his,28
as,28
leone,25
by,21
was,20
an,19
for,16
archaeology,16
it,13
american,13
have,13
ideology,12
not,12
on,12
but,11
had,11
african,11
at,10
he,10
with,10
annapolis,10
their,10
social,10
they,9
about,9
from,9
i,9
be,9
through,9
more,8
work,8
how,7
study,7
or,7
book,7
were,7
evidence,7
university,6
most,6
mark,6
are,6
my,6
historical,6
chapter,6
than,6
therefore,5
one,5
analysis,5
set,5
control,5
all,5
case,5
theory,5
has,5
free,5
using,5
archaeological,5
research,5
early,5
no,4
been,4
garden,4
beneath,4
see,4
sets,4
into,4
spirit,4
also,4
other,4
attempt,4
liberty,4
did,4
found,4
p,4
rich,4
created,4
william,4
because,4
who,4
concept,4
central,4
personal,4
project,4
between,4
when,4
world,4
we,4
failed,3
european,3
often,3
united,3
lives,3
want,3
former,3
althusser,3
thesis,3
bundles,3
house,3
these,3
being,3
first,3
only,3
offers,3
over,3
idea,3
could,3
wealthy,3
paca,3
out,3
rooms,3
those,3
maryland,3
material,3
yet,3
new,3
formal,3
thereby,3
individual,3
use,3
ideas,3
individuals,3
nevertheless,3
powerful,3
clear,3
quest,3
change,3
would,3
individualism,3
items,3
up,3
time,3
barbara,2
may,2
south,2
poor,2
pages,2
americans,2
rebel,2
africa,2
doctoral,2
limited,2
critical,2
influential,2
market,2
others,2
notion,2
active,2
caches,2
detailed,2
opportunity,2
contribution,2
movement,2
life,2
class,2
possessive,2
white,2
rules,2
interpretation,2
reference,2
servants,2
carroll,2
occurred,2
brice,2
then,2
just,2
culture,2
changing,2
discovery,2
show,2
two,2
people,2
archaeologists,2
transatlantic,2
either,2
beyond,2
expose,2
present,2
embraced,2
critiques,2
challenge,2
power,2
attempts,2
might,2
view,2
promote,2
paper,2
whom,2
similar,2
suggesting,2
houses,2
effort,2
ideological,2
changed,2
any,2
shared,2
take,2
chesapeake,2
there,2
patterns,2
state,2
do,2
political,2
buried,2
reading,2
reviews,2
them,2
less,2
mrozowski,2
wealth,2
explain,2
georgian,2
public,2
jim,2
sites,2
explored,2
design,2
interpreted,2
gardens,2
some,2
used,2
middle,2
popular,2
cambridge,2
made,2
west,2
taking,2
point,2
part,2
extending,2
city,2
basement,2
training,2
press,2
became,2
elite,2
its,2
intended,2
freedom,2
place,2
chapters,2
throughout,2
which,2
floors,2
merchants,2
years,2
reveals,2
own,2
against,2
reality,2
publication,2
field,2
so,2
function,2
crawford,2
gazette,2
states,2
you,2
black,2
remains,2
family,2
elaborate,2
single,2
shackel,2
remarkable,2
society,2
visit,2
hearing,1
drawing,1
difficult,1
will,1
things,1
shieldshaped,1
does,1
accepting,1
order,1
simultaneously,1
disregards,1
transcribed,1
recognized,1
circle,1
emulate,1
whose,1
doubts,1
locke,1
regulate,1
tilley,1
various,1
she,1
basil,1
way,1
continued,1
if,1
scientific,1
figure,1
populations,1
enthused,1
harmful,1
welcomed,1
answered,1
generations,1
developed,1
synthesis,1
apartheid,1
influenced,1
grappled,1
pieces,1
museum,1
return,1
argues,1
interventions,1
fewer,1
discard,1
ordinary,1
taste,1
intriguing,1
becomes,1
limitless,1
convince,1
seen,1
adoption,1
still,1
establishes,1
her,1
introduction,1
invited,1
mounts,1
systemic,1
comments,1
eight,1
expect,1
sympathetic,1
forcing,1
transformation,1
importance,1
b,1
michel,1
marathon,1
expert,1
settings,1
seemingly,1
hearths,1
religious,1
revelation,1
luxurious,1
neology,1
jesuits,1
construction,1
offering,1
existed,1
columns,1
sheffield,1
referring,1
dismiss,1
respect,1
demolished,1
true,1
portrayed,1
federal,1
h,1
justifying,1
thought,1
citizens,1
outlining,1
approaches,1
face,1
makes,1
esoteric,1
accident,1
acquisition,1
timekeeping,1
me,1
park,1
soon,1
green,1
evil,1
meant,1
methods,1
prehistory,1
stephen,1
objects,1
position,1
geometric,1
established,1
perceived,1
physically,1
ian,1
familiar,1
descent,1
presents,1
contained,1
inequality,1
home,1
layout,1
planned,1
flagging,1
adjusted,1
linked,1
takes,1
proved,1
driven,1
dig,1
practice,1
thousand,1
ideologies,1
teaching,1
nineteenth,1
something,1
mary,1
arguing,1
result,1
synthetic,1
naval,1
colonial,1
si,1
argued,1
reviewed,1
too,1
dining,1
upper,1
finest,1
turning,1
women,1
demonstrate,1
safe,1
begins,1
controlled,1
rise,1
piles,1
symbolic,1
follow,1
exposition,1
shop,1
picture,1
followed,1
constructed,1
cozy,1
philosophers,1
blacks,1
worst,1
emulation,1
confident,1
oral,1
certainly,1
leader,1
text,1
jackson,1
successfully,1
utopia,1
french,1
questions,1
left,1
paul,1
interviews,1
index,1
crews,1
viewed,1
lot,1
give,1
taken,1
important,1
deetz,1
excavation,1
berkeley,1
musical,1
leftist,1
academy,1
available,1
meaning,1
put,1
lukacs,1
worked,1
each,1
matching,1
many,1
readily,1
masking,1
gladys,1
j,1
substantiates,1
nature,1
standards,1
different,1
prehistoric,1
based,1
shows,1
naive,1
reach,1
impoverished,1
historians,1
knowing,1
believe,1
capitalist,1
naturalize,1
excavating,1
scholars,1
laundry,1
contextual,1
histories,1
daily,1
know,1
entered,1
printed,1
cape,1
agree,1
puritan,1
omar,1
vision,1
current,1
extended,1
marxian,1
print,1
shocked,1
town,1
together,1
job,1
hear,1
far,1
goods,1
toothbrushes,1
end,1
uncovered,1
zone,1
feasting,1
roundly,1
doubt,1
bundle,1
endeavor,1
styles,1
differed,1
program,1
arguably,1
past,1
protect,1
creator,1
consciousness,1
anne,1
another,1
crm,1
living,1
type,1
forms,1
never,1
nomothetic,1
readers,1
further,1
hand,1
scholarship,1
everyday,1
ground,1
robert,1
commences,1
routines,1
proletariat,1
archaeologies,1
investigations,1
clusters,1
jonas,1
discipline,1
discrete,1
where,1
what,1
stock,1
literature,1
carefully,1
daniel,1
racial,1
folklorist,1
context,1
reactions,1
karl,1
form,1
namely,1
system,1
unites,1
accounts,1
employs,1
redesigned,1
placed,1
attitudes,1
tension,1
capacities,1
woman,1
isbn,1
dispel,1
congratulated,1
conclude,1
extent,1
submerged,1
achievement,1
misunderstood,1
materialized,1
while,1
sought,1
compete,1
marie,1
america,1
information,1
saying,1
motivating,1
kitchen,1
mcguire,1
frequently,1
cloth,1
well,1
outstanding,1
watershed,1
visible,1
provincial,1
local,1
account,1
rock,1
mappin,1
acknowledgment,1
basis,1
virginia,1
analyzed,1
future,1
marked,1
politics,1
compelling,1
hundreds,1
line,1
lauren,1
prevent,1
exploring,1
arch,1
innocuous,1
size,1
spaces,1
baroque,1
magnificent,1
conjured,1
bought,1
los,1
upon,1
level,1
boldly,1
eighteenth,1
owner,1
randall,1
concluding,1
refining,1
reader,1
tablewares,1
multiple,1
upstairs,1
brought,1
heavily,1
deposits,1
deliberately,1
greet,1
including,1
introduced,1
manufactured,1
uncertain,1
household,1
knowledge,1
seminal,1
apparent,1
play,1
role,1
recover,1
timid,1
identity,1
louis,1
minds,1
interact,1
criticized,1
economies,1
surprise,1
graduate,1
hosted,1
corresponding,1
gave,1
sold,1
during,1
naturalizing,1
make,1
duped,1
approach,1
missing,1
demonstrates,1
families,1
phenomenon,1
destination,1
exposed,1
issues,1
learned,1
relies,1
unifies,1
structures,1
think,1
mistake,1
colleague,1
descendents,1
thus,1
homage,1
our,1
includes,1
mentor,1
come,1
observed,1
full,1
married,1
question,1
rigor,1
dismissed,1
california,1
students,1
proving,1
slaves,1
interplay,1
kind,1
famously,1
explained,1
pattern,1
resort,1
commercial,1
such,1
development,1
townships,1
disposal,1
understand,1
sherd,1
trends,1
finding,1
hidden,1
initially,1
hobbes,1
conditions,1
realized,1
hierarchy,1
errors,1
bodies,1
national,1
showcases,1
catherine,1
author,1
citing,1
rapidly,1
aware,1
shatters,1
foodways,1
cabal,1
excites,1
creating,1
held,1
contributed,1
offer,1
excavated,1
defense,1
christopher,1
volume,1
although,1
homes,1
correct,1
successful,1
land,1
excavations,1
scratch,1
highlighting,1
collaboration,1
cognitive,1
exemplary,1
admission,1
him,1
revolution,1
chose,1
suggest,1
century,1
privilege,1
next,1
course,1
slayton,1
pyramidal,1
defined,1
scripted,1
off,1
guided,1
households,1
after,1
interacted,1
ward,1
remembering,1
provides,1
bradshaw,1
thomas,1
adequately,1
late,1
archaic,1
mistakes,1
why,1
affluent,1
perspective,1
doubtless,1
several,1
chew,1
devoted,1
men,1
refreshing,1
charles,1
sentiment,1
outside,1
brough,1
thresholds,1
news,1
marriage,1
highly,1
prominent,1
choose,1
workings,1
safeguard,1
voices,1
penetrated,1
practitioner,1
miserable,1
extraordinary,1
theorist,1
flawed,1
oxford,1
occurs,1
recalls,1
themselves,1
narrow,1
c,1
distinguished,1
marxist,1
latest,1
narrative,1
mrs,1
reinvigorate,1
effect,1
anonymity,1
joblessness,1
can,1
core,1
structure,1
james,1
create,1
overarching,1
duping,1
probably,1
uniformity,1
obscure,1
looks,1
even,1
majority,1
pueblo,1
documentary,1
parking,1
given,1
echelons,1
hodder,1
journal,1
traditional,1
fieldschool,1
results,1
forefront,1
uk,1
occupied,1
traditions,1
seriousness,1
tired,1
responsibility,1
cosmogram,1
marx,1
productive,1
finds,1
informed,1
nuanced,1
showed,1
dust,1
close,1
examines,1
increase,1
eagerly,1
hypothesis,1
