WORDCOUNTS,WEIGHT
the,1702
of,1161
and,872
x,661
in,480
a,407
to,348
that,221
is,197
batan,190
with,173
at,166
from,142
for,137
by,137
grande,135
as,129
was,127
have,121
huaca,112
this,111
on,104
an,92
we,92
or,90
were,90
may,89
been,80
be,79
la,74
area,70
religious,68
two,68
leche,67
are,64
burial,62
not,62
de,61
m,59
lambayeque,59
cultural,58
moche,58
north,53
valley,52
it,51
has,49
i,48
site,47
other,46
surface,46
sp,46
archaeological,46
major,46
these,45
excavation,42
which,42
sites,41
south,40
architecture,40
construction,40
pyramid,38
various,37
large,36
first,36
during,36
associated,35
there,34
coast,34
figure,34
our,34
field,33
o,32
some,32
no,32
well,32
mound,32
note,32
platform,31
their,31
burials,31
its,31
poma,31
del,30
local,30
extensive,30
middle,30
between,30
much,30
small,29
but,29
architectural,29
although,29
cerro,28
floor,28
regional,28
more,28
adobe,28
las,28
through,28
center,27
had,27
nature,26
central,26
further,26
only,26
one,25
s,25
west,25
economic,25
number,25
complex,24
political,24
sand,24
than,24
important,24
artifacts,24
sapame,24
soledad,24
v,24
analysis,24
cm,24
cit,23
materials,23
considerable,23
natural,23
inca,23
evidence,23
organic,22
survey,22
along,22
prehistoric,22
wari,22
horizon,22
three,22
op,22
far,22
pueblo,21
l,21
coastal,21
study,21
w,21
would,21
sherds,21
wall,21
pits,21
region,21
gold,21
xx,20
within,20
templo,20
period,20
any,20
such,20
suggests,20
cajamarca,19
trench,19
excavations,19
late,19
funerary,19
also,19
water,19
time,19
each,19
enclosure,19
remains,19
ca,19
east,18
canal,18
journal,18
found,18
occupation,18
because,18
classic,18
layer,18
so,18
different,18
recovered,18
t,17
cf,17
pampa,17
peru,17
could,17
centers,17
ceramics,17
research,17
activities,17
ceramic,17
style,17
looting,17
earlier,17
looted,17
over,17
group,16
all,16
u,16
above,16
they,16
into,16
several,16
variation,16
patterns,16
material,16
can,16
seasonslshimada,16
archaeologylvol,16
copper,16
lucia,16
e,15
long,15
ii,15
features,15
huacas,15
near,15
cupisnique,15
inferred,15
r,15
excavated,15
valleys,15
considering,15
tambo,15
sampling,15
form,15
early,15
tradition,14
religion,14
sacred,14
el,14
collection,14
cemeteries,14
population,14
adobes,14
northern,14
limited,14
flood,14
here,14
cemetery,14
pit,14
vessels,14
provided,14
served,13
similar,13
n,13
location,13
taymi,13
toward,13
rio,13
significance,13
known,13
argue,13
unid,13
agricultural,13
while,13
habitational,13
showed,13
if,12
later,12
being,12
real,12
very,12
phase,12
relatively,12
conducted,12
huaquero,12
basic,12
ramp,12
organization,12
access,12
buried,12
work,12
los,12
pyramids,12
suggest,12
f,12
social,12
perhaps,12
deposits,12
described,12
following,12
defined,12
c,12
does,11
stylistic,11
columns,11
modern,11
date,11
those,11
principal,11
system,11
point,11
represented,11
university,11
river,11
most,11
show,11
systematic,11
status,11
peruvian,11
chimu,11
shimada,11
populations,11
identified,11
about,11
museum,11
ancient,11
shows,11
new,11
road,11
encountered,11
largely,11
systems,11
respect,11
must,11
what,11
blackware,11
size,11
despite,11
observed,11
corporate,10
represent,10
lower,10
context,10
functions,10
cholope,10
thus,10
fig,10
highlands,10
district,10
consider,10
upper,10
charcoal,10
irrigation,10
third,10
appears,10
cannot,10
possibility,10
silver,10
intermediate,10
oro,10
portion,10
nearly,10
etc,10
still,10
same,10
model,10
another,10
situated,10
made,10
formal,10
significant,10
clear,10
rodillona,10
constructions,10
spatial,10
yielded,10
little,10
ventanas,10
d,10
h,9
ore,9
greater,9
conquest,9
occurred,9
j,9
pilgrimage,9
possible,9
since,9
resources,9
quantity,9
controlled,9
clay,9
items,9
adult,9
phases,9
b,9
plaza,9
intensive,9
organized,9
metal,9
out,9
products,9
basis,9
data,9
part,9
project,9
refuse,9
archaeology,9
formative,9
izumi,9
under,9
chronology,9
ed,9
noted,9
columnas,9
where,9
fieldwork,9
understanding,9
examination,9
trade,9
plant,9
land,9
primarily,9
mounds,9
series,9
historical,9
both,9
ac,9
layers,9
course,9
purgatorio,9
built,9
edge,8
functional,8
absence,8
contexts,8
side,8
establishment,8
distinct,8
even,8
rather,8
en,8
algarrobo,8
changes,8
possibly,8
observations,8
based,8
zone,8
ethnohistorical,8
placed,8
future,8
revealed,8
used,8
structures,8
surrounding,8
least,8
below,8
around,8
highly,8
alluvial,8
gradient,8
clara,8
examined,8
culture,8
rectangular,8
sector,8
height,8
areas,8
outside,8
covered,8
extended,8
including,8
samples,8
elite,8
use,8
recovery,8
times,8
function,8
relative,8
segments,8
dimensions,8
who,8
thick,8
incised,8
physical,8
column,8
control,8
specialized,8
foundation,8
table,8
nearby,8
investment,8
colonial,8
years,8
amant,8
interaction,8
strong,8
recent,8
groups,7
offerings,7
conical,7
test,7
suggesting,7
state,7
designs,7
eastern,7
iv,7
processes,7
labor,7
human,7
g,7
corner,7
santa,7
underlying,7
distribution,7
levels,7
importance,7
established,7
metallurgical,7
excellent,7
murals,7
personal,7
floors,7
quite,7
influence,7
presence,7
drainage,7
overall,7
indicates,7
yet,7
demographic,7
strata,7
fill,7
power,7
many,7
ll,7
original,7
craig,7
range,7
uplift,7
top,7
mortar,7
jar,7
transect,7
points,7
mining,7
increasing,7
relationship,7
ideology,7
andean,7
corte,7
occupational,7
temple,7
paper,7
clearly,7
investigation,7
cementerios,7
extent,7
her,7
apparently,7
surveys,7
observation,7
vessel,7
potential,7
now,6
created,6
american,6
princeton,6
production,6
seems,6
together,6
highland,6
primary,6
establishing,6
interdisciplinary,6
ritual,6
against,6
base,6
y,6
geological,6
stratum,6
walls,6
interesting,6
his,6
sw,6
subsistence,6
fish,6
linked,6
four,6
exploitation,6
photos,6
view,6
iconography,6
closely,6
unidentified,6
p,6
districts,6
significantly,6
brought,6
polychrome,6
approach,6
level,6
cream,6
spanish,6
annual,6
massive,6
stratigraphy,6
elera,6
vicinity,6
garcelen,6
plastered,6
picture,6
documents,6
mural,6
pattern,6
do,6
present,6
deep,6
distance,6
discussion,6
jose,6
mines,6
latter,6
internal,6
lama,6
involving,6
provide,6
five,6
face,6
stratigraphic,6
believed,6
temporal,6
believe,6
goods,6
better,6
according,6
them,6
whether,6
terms,6
prestige,6
presented,6
expected,6
role,6
variability,6
integration,6
association,6
specific,6
km,6
given,6
dung,5
shrines,5
environmental,5
stone,5
naymlap,5
former,5
history,5
cultura,5
tribute,5
preceding,5
taken,5
utilization,5
cucurbita,5
layout,5
analyses,5
pressed,5
rich,5
tertiary,5
feature,5
marine,5
determined,5
richard,5
irrigated,5
geomorphological,5
undoubtedly,5
inventory,5
throughout,5
collapse,5
component,5
interest,5
walter,5
sample,5
contrary,5
storage,5
general,5
york,5
air,5
identification,5
how,5
jayanca,5
administrative,5
support,5
affect,5
marks,5
emergence,5
argued,5
necropolis,5
body,5
faunal,5
wide,5
viru,5
directly,5
clean,5
q,5
truncated,5
documented,5
emerging,5
llama,5
stones,5
up,5
will,5
led,5
he,5
second,5
ceremonial,5
schemes,5
blending,5
paint,5
addition,5
makes,5
included,5
hydrological,5
plan,5
end,5
discussed,5
see,5
canals,5
numerous,5
evolution,5
dating,5
attraction,5
low,5
batanes,5
elaborate,5
dealing,5
carried,5
me,5
today,5
independent,5
order,5
widespread,5
seen,5
often,5
anthropological,5
sustained,5
set,5
readily,5
domestic,5
cultivation,5
selected,5
city,5
focal,5
antiguo,5
should,5
susan,5
regular,5
deposition,5
anthony,4
indicated,4
introduction,4
systemic,4
masonry,4
northward,4
estimated,4
interests,4
reveal,4
elevation,4
majority,4
sq,4
occasional,4
bird,4
task,4
agriculture,4
sapiens,4
activity,4
prehispanic,4
flank,4
resembling,4
localized,4
mine,4
immediate,4
contemporaneous,4
illustrates,4
interior,4
decorated,4
southern,4
carlos,4
document,4
left,4
effective,4
pure,4
drawn,4
chan,4
recognized,4
without,4
homo,4
basal,4
compacted,4
legendary,4
parts,4
scattered,4
factors,4
monumental,4
elsewhere,4
profile,4
solid,4
linkage,4
position,4
definite,4
cut,4
result,4
effort,4
deal,4
configuration,4
block,4
degrees,4
overlying,4
andes,4
characterization,4
tombs,4
accumulation,4
cluster,4
donax,4
reflect,4
showing,4
concurrent,4
either,4
regions,4
related,4
mayanga,4
corresponds,4
sharp,4
settlement,4
encompasses,4
latest,4
dissociation,4
boundaries,4
zana,4
periods,4
span,4
comparative,4
expansion,4
brief,4
atop,4
single,4
us,4
processing,4
transects,4
k,4
members,4
technique,4
available,4
growth,4
cricetidae,4
fact,4
xii,4
cavia,4
channel,4
never,4
hand,4
ground,4
less,4
strategies,4
pickett,4
donnan,4
thoroughly,4
artifact,4
degree,4
upon,4
sides,4
resulting,4
surfaces,4
styles,4
congreso,4
characterized,4
reconstructed,4
proximity,4
provides,4
artificial,4
random,4
floral,4
parrella,4
depth,4
topography,4
science,4
deposit,4
detailed,4
force,4
began,4
effectively,4
indicate,4
bruning,4
case,4
distributional,4
nacional,4
accordance,4
extending,4
simply,4
focused,4
soil,4
symbolic,4
trenches,4
anthropology,4
cultures,4
did,4
down,4
intrusive,4
half,4
hpbg,4
bones,4
assessment,4
carefully,4
particular,4
careful,4
reported,4
became,4
pacora,4
results,4
using,4
shown,4
conditions,4
motupe,4
preliminary,4
speak,4
flooding,4
removed,4
close,4
consisted,4
entire,4
focus,4
elucidation,4
increase,4
silt,3
currently,3
fertile,3
concerned,3
imported,3
resulted,3
red,3
mouth,3
settlements,3
miners,3
ample,3
porcellus,3
properly,3
sets,3
correspond,3
before,3
vs,3
character,3
cachaco,3
predominantly,3
chotuna,3
jequetepeque,3
culturally,3
concentration,3
disturbance,3
quadrat,3
shortage,3
wooden,3
leading,3
flotation,3
display,3
eten,3
transient,3
composition,3
subsequent,3
vegetation,3
reserved,3
platforms,3
somewhat,3
sheet,3
documenting,3
existence,3
design,3
quantities,3
tucume,3
olivella,3
neighboring,3
fine,3
abrasion,3
exposed,3
sterile,3
regarding,3
differential,3
relationships,3
expect,3
legitimacy,3
representations,3
development,3
shaft,3
schaedel,3
actas,3
type,3
z,3
developments,3
destroyed,3
david,3
back,3
mobility,3
terrace,3
poorly,3
depths,3
high,3
grid,3
aimed,3
across,3
developed,3
centralization,3
process,3
raca,3
earthquake,3
connected,3
certain,3
derived,3
direct,3
alva,3
spout,3
feel,3
means,3
ep,3
locally,3
retained,3
dated,3
lima,3
considerations,3
just,3
orientation,3
jars,3
additional,3
problems,3
subsidiary,3
erosion,3
strategy,3
providing,3
dc,3
viejo,3
whereas,3
downstream,3
basin,3
tailings,3
conspicuous,3
changed,3
centrally,3
initial,3
standardized,3
cuts,3
recently,3
contiguous,3
metals,3
enough,3
wealth,3
public,3
provincial,3
having,3
network,3
distinguish,3
line,3
bc,3
nine,3
description,3
infant,3
place,3
employed,3
missions,3
depositional,3
change,3
caused,3
lowest,3
rmn,3
contrast,3
peruvianus,3
involved,3
characteristics,3
sufficient,3
mineral,3
few,3
concerns,3
components,3
tello,3
dramatic,3
niches,3
visible,3
st,3
necessity,3
productivity,3
inspection,3
prosopis,3
originally,3
camelid,3
situation,3
variety,3
gradual,3
turbo,3
located,3
steps,3
diagnostic,3
exception,3
slag,3
dama,3
grooved,3
selection,3
structural,3
mammal,3
scarcity,3
once,3
military,3
flat,3
screen,3
interpretation,3
represents,3
interment,3
continuity,3
restricted,3
ne,3
prestigious,3
metallurgy,3
homogeneous,3
light,3
short,3
issues,3
nw,3
largest,3
community,3
undisturbed,3
seated,3
crucial,3
death,3
temples,3
firepits,3
occupations,3
huaqueros,3
larger,3
identical,3
question,3
manner,3
rapid,3
superimposed,3
establish,3
relevant,3
grave,3
chilensis,3
vegetational,3
examples,3
background,3
discovery,3
explanation,3
width,3
values,3
jfa,3
polity,3
services,3
concern,3
varying,3
curvilinear,3
food,3
kingdom,3
radiocarbon,3
reinforcing,3
catchment,3
perimeter,3
comprehensive,3
damage,3
dominated,3
faces,3
collected,3
serves,3
looters,3
segment,3
graphic,3
article,3
craft,3
become,3
exported,3
structure,3
probably,3
slightly,3
tendency,3
attention,3
xxx,3
culmination,3
seasons,3
modification,3
ecological,3
zea,3
vertical,3
circumstance,3
length,3
figurine,3
stratified,3
fields,3
problematical,3
itself,3
deposited,3
dispersed,3
hypothesized,3
undulating,3
alternative,3
rostworowski,3
nassarius,3
iii,3
aerial,3
distinctive,3
past,3
dusicyon,3
unique,3
accounts,3
supports,3
pertinent,3
final,3
maintain,3
conclusion,3
consisting,3
mentioned,3
produce,3
emphasis,3
art,3
slopes,3
elucidate,3
press,3
techniques,3
transition,3
administration,3
cb,3
isolated,3
resident,3
intervalley,3
elongated,3
breaks,3
differentiation,3
mays,3
national,3
gravelot,3
value,3
documentation,3
offer,3
include,3
psidium,3
need,3
green,3
constructed,3
smaller,3
conquered,3
roughly,3
comparison,3
painted,3
reached,3
maximum,3
ends,3
broader,3
meeting,3
indicating,3
chambers,3
occur,3
difficult,2
moro,2
tegula,2
convergence,2
horizontal,2
common,2
implemented,2
representing,2
valle,2
designated,2
melody,2
separated,2
affected,2
wa,2
determine,2
magnetic,2
miguel,2
considerably,2
xxxxx,2
anuum,2
needed,2
screening,2
traded,2
elaborated,2
identify,2
maize,2
linkages,2
openness,2
cuzco,2
approaches,2
easily,2
favor,2
ramifications,2
duccio,2
masks,2
trace,2
western,2
necessarily,2
presents,2
unlike,2
laid,2
total,2
moving,2
cultivable,2
practices,2
contained,2
chaparri,2
framework,2
archaeologists,2
lateral,2
every,2
concur,2
finger,2
transforrnation,2
ethnic,2
implications,2
symmetrical,2
season,2
astronomical,2
artificially,2
action,2
kent,2
advanced,2
active,2
unification,2
confirmed,2
subject,2
comparatively,2
archaeologically,2
retaining,2
interred,2
secondary,2
assess,2
broken,2
borders,2
interrnediate,2
differences,2
chornancap,2
producing,2
studied,2
correlates,2
take,2
inland,2
achieved,2
color,2
last,2
xxxxxxxxxx,2
raised,2
robert,2
elucidating,2
threshold,2
keatinge,2
papers,2
legend,2
ad,2
extend,2
sound,2
people,2
chota,2
badly,2
fruit,2
plain,2
recorded,2
archaeologytvol,2
capacity,2
severe,2
firm,2
parcialidad,2
inga,2
retain,2
figs,2
thousands,2
account,2
placement,2
tripartitioned,2
prior,2
cooperation,2
burning,2
maxima,2
measuring,2
silting,2
bends,2
screened,2
anticipated,2
mountains,2
financed,2
fan,2
tons,2
americana,2
segregation,2
della,2
accessible,2
royal,2
mutually,2
affiliation,2
sectarian,2
proceeded,2
inner,2
surrounded,2
predetermined,2
seriously,2
tables,2
unpublished,2
longitudinal,2
signielcant,2
ability,2
occurs,2
participating,2
application,2
coexistence,2
dozen,2
align,2
menor,2
arena,2
sf,2
norte,2
unity,2
cases,2
old,2
muricata,2
evident,2
amount,2
vichayo,2
wholly,2
rumi,2
dates,2
continuous,2
engineering,2
thin,2
mineralization,2
deceased,2
communication,2
traditions,2
bte,2
guajava,2
piedra,2
stereoscopic,2
handful,2
higher,2
aim,2
permits,2
loayza,2
opposed,2
whose,2
operations,2
encompassed,2
absent,2
centered,2
adds,2
remain,2
ra,2
logistical,2
determining,2
after,2
ferrenafe,2
ns,2
wc,2
extension,2
branch,2
calera,2
offering,2
lay,2
productive,2
awareness,2
front,2
shell,2
reason,2
determination,2
persea,2
nor,2
halves,2
cause,2
chot,2
objects,2
ralph,2
image,2
vulgaris,2
section,2
americanists,2
ideologies,2
traces,2
plaster,2
horizontally,2
valued,2
max,2
resource,2
connecting,2
cemented,2
indications,2
procedures,2
followed,2
rp,2
permanent,2
dominant,2
textured,2
management,2
appear,2
raw,2
arqueologicas,2
arrival,2
feet,2
appearance,2
carrying,2
breakage,2
bricks,2
gradually,2
format,2
international,2
rooms,2
representative,2
syncretism,2
traced,2
hydrologically,2
tools,2
residential,2
lenses,2
universidad,2
bulldozer,2
paleteada,2
required,2
minimal,2
crushed,2
charred,2
paleoenvironmental,2
scope,2
already,2
cabello,2
claim,2
solanaceae,2
firepit,2
purpose,2
failed,2
apparent,2
ascertain,2
whole,2
gave,2
coca,2
contains,2
streams,2
internacional,2
outposts,2
antigua,2
douglas,2
rise,2
barbadense,2
redistribution,2
earth,2
preceded,2
good,2
stylized,2
sense,2
norteno,2
leguminosae,2
stage,2
straight,2
volume,2
reaches,2
lords,2
arbitrary,2
bank,2
dried,2
ignore,2
executed,2
portions,2
huacaloma,2
articulation,2
tracks,2
appreciable,2
ta,2
proper,2
world,2
notes,2
away,2
florida,2
appropriate,2
weigh,2
displaced,2
geographical,2
society,2
diez,2
pertaining,2
pilgrims,2
pulverized,2
protecting,2
lesser,2
separation,2
canisfamiliaris,2
intended,2
return,2
erythroxylon,2
tropical,2
standardization,2
reconstruction,2
make,2
veins,2
manifest,2
standing,2
shoreline,2
initially,2
outer,2
movement,2
westerly,2
positive,2
communities,2
elaboration,2
reference,2
coverage,2
sinum,2
annona,2
historia,2
neither,2
planned,2
complete,2
shifting,2
efforts,2
experimental,2
illustrated,2
reports,2
inhabitants,2
name,2
gossypium,2
paul,2
decoration,2
stream,2
others,2
deserves,2
similarly,2
quebrada,2
pall,2
missing,2
remaining,2
lack,2
main,2
preserve,2
head,2
department,2
occurrence,2
recurrent,2
striking,2
compound,2
instituto,2
disturbed,2
mecca,2
xxxxxxxx,2
distal,2
siceraria,2
superstructure,2
anne,2
unit,2
secular,2
validity,2
emanated,2
ovalifolia,2
incursions,2
indication,2
distributary,2
belief,2
eds,2
markings,2
acquire,2
explicitly,2
thais,2
bos,2
demonstrated,2
matrix,2
missionary,2
olmec,2
atlantic,2
lost,2
observable,2
canis,2
colgate,2
salted,2
strongly,2
manifestations,2
assumption,2
rivers,2
refers,2
factor,2
affects,2
maria,2
congress,2
sequence,2
questions,2
taco,2
laboratory,2
eight,2
iconographies,2
theoretical,2
open,2
princeps,2
fmnhb,2
directed,2
stress,2
hiatus,2
se,2
hampered,2
urbanism,2
clusters,2
co,2
fragments,2
like,2
crushing,2
resultant,2
mask,2
cana,2
mountain,2
pyramidal,2
kept,2
configurations,2
black,2
abundant,2
exchange,2
repeated,2
procurement,2
sechin,2
spondylus,2
parallel,2
familiaris,2
bordered,2
narrow,2
ornaments,2
shallow,2
cantharus,2
effect,2
dense,2
attendant,2
parameters,2
grain,2
occupied,2
sugar,2
preconditioned,2
gallinazo,2
separate,2
grandes,2
consequences,2
space,2
consists,2
ingenieros,2
smelting,2
window,2
gigantic,2
scutalus,2
suspected,2
inside,2
trabajos,2
lines,2
centripetal,2
dicrodon,2
proposition,2
markers,2
transformation,2
originated,2
iconographic,2
inadequate,2
ceremonialism,2
linking,2
chamber,2
comercio,2
protothaca,2
heather,2
gathered,2
occupies,2
slip,2
rises,2
capparis,2
differentiated,2
abandonment,2
cover,2
practice,2
ornate,2
sorting,2
comes,2
conjunction,2
habitation,2
rituals,2
huanuco,2
continues,2
southward,2
spatially,2
erected,2
defining,2
flow,2
extant,2
setting,2
seem,2
variable,2
capital,2
ubiquitous,2
contextual,2
cardinal,2
particularly,2
superposition,2
americanistas,2
reflected,2
wood,2
polinices,2
closest,2
utilized,2
places,2
diversified,2
delineated,2
catastrophic,2
economy,2
proceedings,2
discharge,2
combined,2
quadrats,2
independently,2
covers,2
axis,2
problem,2
waters,2
utilitarian,2
campomanesia,2
columbidae,2
require,2
oo,2
phaseolus,2
information,2
when,2
nuggets,2
holocene,2
unreasonable,2
vista,2
lagenaria,2
circumstances,2
entrance,2
multiple,2
ohio,2
uniform,2
paddled,2
easy,2
sheets,2
com,2
varied,2
pair,2
subsumed,2
arec,2
maeda,2
choke,2
formation,2
until,2
difference,2
unsorted,2
reveals,2
recovering,2
grant,2
beyond,2
burnt,2
iom,2
integrated,2
cypraea,2
off,2
peripheries,2
shift,2
desert,2
needs,2
offered,2
supported,2
workings,2
fourth,2
informants,2
sits,2
pachacamac,2
pieces,2
nino,2
immediately,2
among,2
ramps,2
cross,2
profiles,2
operational,2
successive,2
sufficiently,1
woven,1
tourists,1
fx,1
gromo,1
myl,1
surroundings,1
miraculous,1
mineralized,1
margins,1
ajuar,1
oxides,1
cold,1
formulated,1
occapying,1
amplify,1
possessed,1
lucla,1
allegedly,1
catolica,1
done,1
paralleled,1
tectonics,1
accomplish,1
rrrrrrrr,1
investigated,1
fraction,1
productiveness,1
huxca,1
religions,1
dug,1
names,1
integrating,1
galvez,1
wellknown,1
market,1
personnel,1
deduced,1
excess,1
humboldt,1
tierra,1
records,1
offset,1
eastem,1
staggering,1
branches,1
extends,1
caches,1
jungle,1
flexed,1
enclosing,1
starts,1
elucidated,1
notably,1
irrigable,1
distributed,1
passing,1
connect,1
constructional,1
village,1
elaborately,1
oxidation,1
joarnal,1
counters,1
transportation,1
replaced,1
partially,1
piura,1
san,1
confidence,1
opinions,1
tend,1
designed,1
amanth,1
formed,1
remind,1
likely,1
authority,1
phalacrocorax,1
rounded,1
straightening,1
di,1
pressing,1
arrangement,1
drawings,1
rt,1
studies,1
specified,1
sturbed,1
aazo,1
ti,1
clandestine,1
ascends,1
acceptance,1
sucesiones,1
undertaken,1
obligations,1
round,1
equated,1
caliche,1
accentuated,1
tg,1
bp,1
something,1
flared,1
source,1
bulldozers,1
societal,1
coragyps,1
limestone,1
ingenio,1
verticallhorizontal,1
credence,1
themes,1
disturbances,1
arms,1
experience,1
passive,1
jammed,1
hasitational,1
said,1
seiichi,1
anything,1
justify,1
corroborative,1
permit,1
unearthed,1
includes,1
cotton,1
li,1
wool,1
certainly,1
topographic,1
repeatedly,1
archaeologyj,1
matting,1
ouehrada,1
cobs,1
prospecting,1
exclusive,1
priori,1
wizard,1
rate,1
give,1
meters,1
pacopampa,1
implying,1
kilometers,1
possesses,1
opted,1
assist,1
terrain,1
gourds,1
expectation,1
actual,1
grmnde,1
spectacled,1
cequelike,1
maintains,1
departure,1
supplied,1
definition,1
xxxxxx,1
physiographic,1
uplifts,1
shaped,1
spider,1
elevational,1
fulfills,1
route,1
ceremoniall,1
revenue,1
agrarian,1
broadly,1
generalize,1
great,1
reasons,1
formativo,1
dispersion,1
thank,1
coming,1
origin,1
razing,1
purple,1
follows,1
fruits,1
imperio,1
able,1
threelevel,1
sometime,1
aqa,1
substantive,1
farther,1
closer,1
scheme,1
brian,1
generalizations,1
procedure,1
fractures,1
uncovered,1
loops,1
greatly,1
analyst,1
alignment,1
hands,1
temper,1
fresh,1
intexpretation,1
ru,1
mind,1
erations,1
interviewed,1
stand,1
paraphernalia,1
situ,1
displayed,1
current,1
normal,1
commercially,1
decreased,1
crevasse,1
growing,1
alike,1
link,1
signs,1
subsidence,1
segregated,1
sanctify,1
visibility,1
attempted,1
posts,1
corroborating,1
partners,1
con,1
takes,1
underwent,1
narrower,1
blanco,1
sophisticated,1
plains,1
xsal,1
moisture,1
botanical,1
aequipecten,1
mechanized,1
symbolizing,1
roy,1
feuillei,1
weakened,1
conquests,1
formulation,1
weathered,1
referents,1
lucis,1
amplified,1
cleared,1
jc,1
efficacious,1
colombia,1
gynerium,1
difelcult,1
investigations,1
uneven,1
knife,1
petrographic,1
capable,1
chest,1
outlying,1
fl,1
condition,1
tracing,1
orangishred,1
paucity,1
characterize,1
reaching,1
gift,1
april,1
annres,1
prove,1
padre,1
encompass,1
crossed,1
canidae,1
recede,1
except,1
associational,1
pairs,1
encomendero,1
cited,1
overlooking,1
dynamic,1
bottom,1
permission,1
apply,1
decreasing,1
overlooks,1
acquires,1
chronic,1
nearestneighbor,1
minimum,1
beneath,1
purposive,1
prototype,1
eroded,1
tlo,1
undergone,1
prevented,1
replacement,1
gustavo,1
guano,1
nordo,1
separating,1
evaluating,1
attract,1
caviaprocellus,1
signal,1
isbell,1
hombre,1
interments,1
cemete,1
appreciably,1
oaxaca,1
centralized,1
subsume,1
journul,1
possibie,1
typological,1
tinamidae,1
nonhabitational,1
acuerdo,1
elucidates,1
mundane,1
euwu,1
branching,1
rv,1
extracted,1
encouraged,1
medio,1
dotted,1
peculiarities,1
dynamics,1
kazuo,1
manifested,1
reputation,1
mm,1
lining,1
winds,1
backgrounds,1
due,1
analyzing,1
cenovio,1
hierarchy,1
molded,1
inventoried,1
rajada,1
circulation,1
conscribed,1
potassium,1
characteristic,1
ease,1
sstumi,1
accidentally,1
concentrations,1
adopted,1
reyes,1
vicus,1
zevallos,1
raises,1
amounts,1
heterogeneity,1
attested,1
heightened,1
laurie,1
scolopacidae,1
hcs,1
reproduced,1
antze,1
utilizes,1
stained,1
privilege,1
ethnographer,1
tabulated,1
asymmetrical,1
spans,1
kind,1
slabs,1
progressive,1
turn,1
ethnohistorically,1
preconditioning,1
elements,1
consejo,1
lzumi,1
displays,1
refer,1
mcc,1
terrnining,1
smelted,1
slcerarla,1
causing,1
spanned,1
nne,1
gradients,1
ear,1
homes,1
adequately,1
compulsory,1
backfilled,1
nodal,1
boundary,1
peculiarity,1
justifiable,1
extraordinary,1
twelve,1
parcialidades,1
platfolms,1
compared,1
ideal,1
truly,1
estimate,1
weakening,1
compare,1
find,1
coinciding,1
longterrn,1
canyons,1
bennett,1
spite,1
planaorbidae,1
kiloiiieters,1
tentatively,1
roof,1
demonstration,1
eventual,1
squatter,1
concentric,1
vicinities,1
regain,1
paleoecological,1
kaolin,1
compromise,1
error,1
implementation,1
intruded,1
anexo,1
murales,1
mechanism,1
cobbles,1
cuzquena,1
vantage,1
cms,1
unlikely,1
alpaca,1
spools,1
affiliations,1
assessed,1
hamlet,1
operation,1
poor,1
via,1
alleged,1
adequate,1
hamburg,1
hinterland,1
essential,1
german,1
reflects,1
played,1
caballo,1
agraria,1
aveni,1
heads,1
imitate,1
bonavia,1
act,1
statements,1
subjected,1
individuals,1
deterrnine,1
links,1
purely,1
principally,1
uhle,1
ploughed,1
cleaned,1
lopping,1
undamaged,1
isomorphic,1
maximize,1
landscape,1
sizable,1
af,1
pouty,1
culminating,1
fair,1
preparing,1
patronage,1
pilgrimages,1
notion,1
highway,1
merced,1
precluded,1
christine,1
una,1
depicts,1
ce,1
afforded,1
fed,1
opportunity,1
airphotos,1
proportion,1
loses,1
duripan,1
stimuli,1
definable,1
leave,1
envisioned,1
freed,1
huge,1
ashy,1
assuming,1
institutionalized,1
sandy,1
prepared,1
inseparably,1
illustrations,1
floodplain,1
white,1
appropriateness,1
upstream,1
animals,1
von,1
ioba,1
radiating,1
miscellaneous,1
periodic,1
precious,1
figures,1
addressing,1
sally,1
pearance,1
slope,1
references,1
category,1
prestigio,1
layering,1
partnership,1
capitalistic,1
detectable,1
prehistory,1
rain,1
lowgrade,1
representativeness,1
stirrup,1
foothills,1
key,1
familiar,1
slowly,1
serviced,1
presumably,1
perf,1
director,1
numbers,1
impact,1
dominate,1
invariably,1
neck,1
articulated,1
jersey,1
house,1
sheer,1
oxidized,1
exploratory,1
shore,1
vitality,1
calendar,1
crops,1
multicultural,1
fashioned,1
racing,1
atratus,1
ecuador,1
kotosh,1
shorter,1
origins,1
follow,1
shozu,1
latitude,1
defines,1
toro,1
discarded,1
territorial,1
rice,1
intentional,1
destructive,1
miscelanea,1
restriction,1
helped,1
corresponding,1
reque,1
mocwe,1
suggested,1
deduce,1
bisects,1
numerical,1
highest,1
xxxxxxxxxxxxxxxxxxxx,1
radial,1
cretaceous,1
contention,1
bo,1
sive,1
response,1
distinction,1
skewed,1
leaving,1
casma,1
salvage,1
remembered,1
whom,1
ga,1
titv,1
introduce,1
path,1
bearing,1
discoloration,1
cleaning,1
intentially,1
portable,1
discount,1
medicine,1
method,1
moon,1
maranon,1
pucala,1
mapping,1
carol,1
behavioral,1
dunes,1
outcrops,1
ocean,1
bedload,1
shimadaj,1
subduction,1
suitable,1
diet,1
travelled,1
approximation,1
almost,1
attained,1
longitude,1
mined,1
irregularly,1
markets,1
term,1
midway,1
creating,1
density,1
fans,1
ceramica,1
arranged,1
share,1
pervasiveness,1
hastings,1
equally,1
thinwalled,1
simulate,1
repair,1
earliest,1
pozorski,1
circular,1
chicama,1
studying,1
mediated,1
fissurella,1
chero,1
moore,1
produced,1
persons,1
dominicanus,1
intensity,1
vancouver,1
biases,1
purchased,1
ious,1
scale,1
publications,1
vivid,1
wj,1
imgation,1
tension,1
outlined,1
hes,1
capsicum,1
explain,1
ivb,1
facilities,1
decreases,1
enjoyed,1
dumbarton,1
exploration,1
stemmed,1
premise,1
sampleno,1
symbolically,1
vegetal,1
suspended,1
acknowledgements,1
sparse,1
criteria,1
experiment,1
technical,1
aspects,1
wx,1
comestibles,1
outstanding,1
emplacement,1
feeding,1
participation,1
interconnecting,1
trial,1
correctly,1
internalization,1
literature,1
unworthy,1
propagated,1
intense,1
correlation,1
rocks,1
maneuvers,1
steep,1
lagenarla,1
tops,1
carry,1
chorrera,1
zapote,1
concept,1
unless,1
prominent,1
modular,1
panamarca,1
occupants,1
suspicion,1
su,1
sharon,1
compass,1
example,1
stacked,1
flaring,1
faithfully,1
confined,1
southwest,1
distributaries,1
lush,1
fred,1
neutrality,1
idems,1
batxn,1
loss,1
continuation,1
sta,1
xxxxxxxxx,1
solemnity,1
obscured,1
inferences,1
broad,1
calderela,1
constitute,1
warranted,1
imitations,1
concentrate,1
irregular,1
actually,1
oaks,1
beads,1
rows,1
pan,1
forrned,1
speaking,1
device,1
lizard,1
dog,1
faults,1
popular,1
battering,1
proliferation,1
hd,1
wet,1
knictpunktes,1
reiterate,1
donaxperuvianus,1
appreciated,1
comestible,1
rivfr,1
entails,1
alan,1
visions,1
forrns,1
memoirs,1
concave,1
strongest,1
puerto,1
boulders,1
capralovis,1
thanks,1
count,1
extrusion,1
reciprocity,1
uniqueness,1
depicting,1
aa,1
published,1
statistically,1
officials,1
interregional,1
composite,1
barro,1
hard,1
working,1
useful,1
distances,1
tom,1
flanking,1
ascended,1
reinforces,1
xxxxxxxxxxxx,1
united,1
mitra,1
flgure,1
consolidation,1
preselected,1
platforxns,1
event,1
sunlight,1
heat,1
joaseiro,1
wider,1
adversely,1
starting,1
depression,1
nials,1
acts,1
invoke,1
ts,1
roofing,1
climate,1
attached,1
seeds,1
methodological,1
delegated,1
fully,1
species,1
progress,1
dim,1
cattle,1
goat,1
loci,1
ventilation,1
amplifies,1
describes,1
cj,1
ceneosa,1
undergoing,1
uaca,1
patrones,1
developmental,1
ceremoniallresidential,1
tectonic,1
ee,1
personages,1
sitio,1
pervasive,1
am,1
triangular,1
sporadic,1
sophistication,1
ochre,1
promising,1
capturing,1
invest,1
particles,1
eitt,1
paleodemographic,1
subsequently,1
appeal,1
prescribed,1
chronological,1
hermit,1
norparg,1
produccion,1
faceted,1
assimilation,1
bedrock,1
republican,1
costa,1
kitchens,1
horizons,1
stubby,1
units,1
georg,1
io,1
demand,1
trabajo,1
comment,1
curves,1
transverse,1
attributable,1
peublo,1
zue,1
demands,1
scientific,1
stranded,1
impacts,1
steeper,1
cleft,1
descending,1
canalized,1
giving,1
lokm,1
criticize,1
synthesis,1
prehispanicas,1
modes,1
might,1
appreciate,1
edges,1
merits,1
coastw,1
tabasco,1
drops,1
female,1
veracruz,1
religiouspolitical,1
object,1
intensively,1
narrowing,1
wh,1
july,1
ramiro,1
technically,1
pacification,1
palynological,1
midden,1
torrential,1
builders,1
chaeological,1
wind,1
xiis,1
perennial,1
distribute,1
diameter,1
settings,1
explicated,1
abrupt,1
strategic,1
ware,1
measure,1
illuminating,1
loc,1
robin,1
patches,1
simultaneous,1
pacific,1
julio,1
incursion,1
sectores,1
floods,1
victor,1
monte,1
metalurgia,1
opportunities,1
nepena,1
security,1
rubric,1
rules,1
spurs,1
ruinen,1
thought,1
serve,1
manpower,1
soon,1
precolumbian,1
obtain,1
sex,1
ring,1
seeing,1
perceivable,1
threat,1
states,1
supervised,1
challenged,1
remnant,1
orange,1
factual,1
trinchera,1
specimens,1
revitalization,1
beams,1
participants,1
symptomatic,1
initiation,1
dsom,1
aif,1
indebted,1
archaisms,1
positively,1
professor,1
amazon,1
hermilio,1
battered,1
woolen,1
generally,1
geoglyphs,1
ethnographic,1
underscoring,1
al,1
indian,1
belonging,1
industrial,1
insights,1
extenfigure,1
trapezoidal,1
ph,1
processed,1
hyrology,1
maintained,1
resemblance,1
skeletons,1
shovelers,1
inference,1
administrators,1
sam,1
surround,1
geomorphology,1
inspected,1
resolution,1
gain,1
idea,1
kiln,1
festivity,1
houston,1
tt,1
oat,1
challenge,1
runs,1
strike,1
fell,1
mentions,1
mark,1
again,1
ontario,1
thresholds,1
conceived,1
hearths,1
rocking,1
decorative,1
visita,1
tremendous,1
ecuadorian,1
underestimated,1
analytical,1
ixs,1
lacked,1
conventionalized,1
speaks,1
cultivated,1
communal,1
seconds,1
provincia,1
diminishing,1
complexs,1
marker,1
consideration,1
coincidence,1
overwhelming,1
relates,1
impetus,1
signielcance,1
beliefs,1
appeared,1
arable,1
attempting,1
daily,1
really,1
practical,1
chongoyape,1
banks,1
metales,1
john,1
esteril,1
fallen,1
xxxxxxxxxxxxxxx,1
relacion,1
contemporary,1
substantially,1
dnet,1
book,1
golden,1
distributions,1
pinturas,1
feedback,1
polarized,1
shimadaand,1
enlarge,1
called,1
serious,1
external,1
simple,1
stored,1
outermost,1
segmentary,1
forms,1
rejuvenation,1
conclusions,1
took,1
beige,1
wild,1
abstract,1
grandess,1
crosscut,1
remarkable,1
cruz,1
sg,1
considers,1
historyw,1
square,1
tiestos,1
developing,1
sanding,1
furnaces,1
existing,1
empire,1
shared,1
karl,1
apurle,1
crop,1
andinay,1
ultimately,1
concentrating,1
surveillance,1
sandbar,1
necessary,1
intimidating,1
dennell,1
decorations,1
simplicity,1
fewer,1
native,1
miner,1
frequency,1
stylistically,1
impoverished,1
gives,1
ladder,1
paddies,1
extremities,1
distortions,1
outlines,1
identifiable,1
kernels,1
insured,1
argues,1
shine,1
tunneling,1
outerxnost,1
entirety,1
aggregation,1
analyzed,1
interrelated,1
perceptional,1
greatest,1
collecting,1
architecturally,1
meaningful,1
coordinates,1
misfired,1
clouds,1
effectiveness,1
granodiorite,1
complejo,1
currents,1
ecologically,1
speculates,1
stairway,1
writing,1
onto,1
affinity,1
memorias,1
thickness,1
passes,1
guinea,1
distinctly,1
enormous,1
previously,1
merge,1
mortuary,1
ucla,1
seif,1
asentamiento,1
medium,1
identity,1
trunks,1
findings,1
imbued,1
eclipsed,1
controlling,1
entirely,1
bears,1
expression,1
jotoro,1
complement,1
hypotheses,1
operated,1
sixmonth,1
perception,1
huoqueoda,1
ideas,1
satisfactorily,1
rare,1
variables,1
discontinuity,1
engaged,1
nothing,1
continue,1
friction,1
redistributive,1
prelude,1
check,1
rojo,1
full,1
heinrich,1
grinding,1
previous,1
charter,1
outpost,1
obliterated,1
continuities,1
discontinuities,1
inversely,1
specielc,1
sunken,1
rejected,1
explorations,1
discovered,1
iis,1
sherd,1
loosely,1
astronomer,1
intraand,1
tis,1
receptacles,1
emphasizing,1
authors,1
folmat,1
faculty,1
maintenance,1
rains,1
resupply,1
decayed,1
held,1
vested,1
individual,1
expert,1
divisions,1
allowed,1
tapslcum,1
collaboration,1
kc,1
smooth,1
overlain,1
summer,1
traps,1
enclosures,1
cache,1
housed,1
ceremonialreligious,1
stages,1
chinchipe,1
machalilla,1
counted,1
hacienda,1
probable,1
households,1
gtoup,1
diversion,1
connects,1
losing,1
chancay,1
ascending,1
chicha,1
constituted,1
thomas,1
disasters,1
disturbodc,1
subfloor,1
fauna,1
special,1
demarcate,1
especially,1
facing,1
written,1
conspicuously,1
suited,1
evolutionary,1
juncture,1
reality,1
helsley,1
andtor,1
culturai,1
assessing,1
sighting,1
respectively,1
bureaucracies,1
southwestem,1
phological,1
hierarchical,1
availability,1
january,1
jsa,1
discharging,1
artisans,1
implication,1
analyzedl,1
diorite,1
lithological,1
archatecture,1
furrows,1
attracted,1
morris,1
tap,1
xadobe,1
versus,1
haven,1
destruction,1
persuading,1
payment,1
elrepit,1
adaptive,1
tenuous,1
recurring,1
modifications,1
propose,1
hope,1
opposite,1
questionable,1
increases,1
wsw,1
symmetrically,1
widely,1
division,1
motif,1
duplicated,1
consumed,1
degenerating,1
bezoar,1
headings,1
toop,1
mita,1
suggestion,1
undifferentiated,1
heartland,1
lo,1
dead,1
assigned,1
imply,1
spiral,1
slender,1
magma,1
surpassed,1
chances,1
dominates,1
delimiting,1
developements,1
discolor,1
tentative,1
exceeding,1
she,1
arqueologicos,1
continued,1
mixture,1
movements,1
washed,1
kemels,1
emphasized,1
continuing,1
naturally,1
impressive,1
testing,1
maps,1
sol,1
claimed,1
basalt,1
begin,1
male,1
bags,1
sway,1
stimulating,1
institutions,1
becomes,1
entombment,1
camino,1
collections,1
yale,1
obstacle,1
ofthe,1
pancoastal,1
lightning,1
contribution,1
bat,1
tiahuanaco,1
undulation,1
unclear,1
rapidly,1
shells,1
similarities,1
life,1
class,1
es,1
materiax,1
responsible,1
infuse,1
cuzzo,1
drs,1
fall,1
procps,1
grade,1
curving,1
achieve,1
surprising,1
oldest,1
qmorrope,1
subdivided,1
urged,1
centuries,1
exists,1
crevassed,1
strategically,1
gilding,1
articles,1
unusual,1
resemble,1
exchanged,1
considered,1
tumba,1
experimentally,1
entertain,1
troubles,1
assistant,1
environment,1
reciprocal,1
ash,1
magnitude,1
rarely,1
then,1
monument,1
blocked,1
going,1
elected,1
interxnent,1
broke,1
sloping,1
ethnological,1
complexity,1
changing,1
homogeneity,1
peoples,1
themiddlehorizon,1
skeleton,1
larus,1
archaeologacal,1
igo,1
wear,1
solitary,1
economically,1
invoked,1
unbroken,1
sparser,1
chimuinca,1
recognizable,1
crab,1
dr,1
entry,1
eru,1
glimpse,1
miguelito,1
tradewares,1
plate,1
quaternary,1
minerals,1
affords,1
indigeneous,1
colonnade,1
administracion,1
pediment,1
dissociated,1
integrative,1
soundary,1
estate,1
acquired,1
outcome,1
trunk,1
enters,1
delimitation,1
partner,1
este,1
rectified,1
tomb,1
dx,1
seasonstshimada,1
expanding,1
folk,1
anvil,1
downslope,1
areo,1
submarine,1
jorge,1
accustomed,1
circumvented,1
outdoor,1
leaders,1
laced,1
irrigate,1
jas,1
print,1
colorful,1
pulverize,1
subsurface,1
universal,1
masses,1
reminiscent,1
inquiry,1
post,1
ideological,1
concurrently,1
ar,1
obviously,1
brazil,1
sustaining,1
mochumi,1
cities,1
matos,1
blackwares,1
placing,1
rural,1
necessitating,1
suddenly,1
works,1
emerges,1
tunnels,1
hydrology,1
concrete,1
phd,1
fetal,1
muchic,1
outlook,1
william,1
drop,1
lenticular,1
day,1
commodity,1
xxxxxxx,1
ruins,1
inconclusive,1
trincheros,1
answered,1
inasmuch,1
shady,1
list,1
plants,1
rotational,1
mp,1
cyanocorax,1
lglon,1
seasonal,1
artifactual,1
cult,1
theory,1
adaptation,1
repetitive,1
forxnative,1
collector,1
precursor,1
pursued,1
andj,1
secure,1
dark,1
hypothesize,1
higgse,1
monticulo,1
property,1
too,1
richness,1
phenomena,1
museo,1
urban,1
contain,1
freedom,1
deflation,1
finished,1
translated,1
conference,1
tss,1
bodies,1
outline,1
nus,1
trees,1
teodora,1
transport,1
founded,1
thereby,1
contemporaneity,1
sea,1
chepo,1
initiate,1
content,1
prevalent,1
courses,1
verification,1
duty,1
ignored,1
turns,1
tordo,1
lies,1
perspective,1
adjoining,1
curacas,1
analyze,1
fostering,1
religiousliconographic,1
vertically,1
exceeded,1
conventional,1
photograph,1
destination,1
target,1
commodities,1
annnyas,1
pintada,1
arguments,1
duration,1
ynca,1
conversely,1
accentuate,1
myliobatis,1
schematized,1
phenomenon,1
indians,1
mention,1
seriational,1
exploit,1
evidenced,1
aims,1
representation,1
headwaters,1
crew,1
da,1
goals,1
mineralogical,1
waves,1
construed,1
departamento,1
paintedl,1
ricchata,1
actam,1
comparable,1
peculiar,1
models,1
carcharhinidae,1
sediments,1
specializing,1
inclusiveness,1
locations,1
unable,1
negro,1
generate,1
lands,1
opcit,1
zones,1
initiated,1
donald,1
finding,1
facho,1
undeniable,1
ores,1
temperature,1
chemical,1
stratification,1
deerhoof,1
ojo,1
scm,1
newsletter,1
wish,1
parallels,1
velocity,1
shed,1
applicable,1
approximately,1
longshore,1
asset,1
typically,1
correlated,1
proceeding,1
cemeteraes,1
specialists,1
terdisciplinary,1
unified,1
product,1
perfnial,1
tabular,1
archueologylvol,1
cooperativa,1
effects,1
sagittatum,1
prospect,1
plainware,1
forming,1
limitations,1
patapo,1
horizonte,1
measured,1
quartz,1
pontificia,1
increased,1
untouched,1
moldmade,1
roles,1
interdigitated,1
ruth,1
vi,1
imprecise,1
junius,1
assumed,1
root,1
interlinked,1
frisos,1
representatives,1
chalpon,1
themselves,1
mujica,1
discontinuous,1
archival,1
supply,1
sectors,1
vary,1
turdus,1
era,1
thicker,1
edf,1
create,1
classes,1
incaic,1
corral,1
documentary,1
corn,1
abandoned,1
re,1
images,1
counts,1
technological,1
miracle,1
networks,1
knictpunkte,1
famous,1
porting,1
devastated,1
termed,1
hans,1
customs,1
heterogeneous,1
arizona,1
symbiotic,1
deeper,1
continuously,1
grants,1
hypothesis,1
