WORDCOUNTS,WEIGHT
the,1034
of,624
and,537
in,351
a,255
to,210
for,102
is,101
at,98
were,87
was,82
with,79
from,79
on,76
bones,73
pigs,71
are,71
as,69
by,68
that,62
have,50
or,48
this,47
bone,44
been,40
be,39
village,38
archaeological,34
earthworks,34
during,33
m,32
forest,32
only,31
an,31
i,30
tropical,30
one,29
site,28
ditches,28
it,27
most,27
but,27
ditch,27
age,26
end,26
not,26
new,25
duos,25
they,24
other,24
has,24
pig,24
which,24
may,23
tower,23
found,23
bc,23
area,23
university,21
these,21
along,20
than,20
no,20
their,20
nuraghe,20
archaeology,20
also,20
both,20
some,19
de,19
south,19
two,19
reports,19
denevan,19
all,18
cattle,18
proximal,18
excavation,17
s,17
within,17
sardinia,17
its,17
settlement,17
research,17
borore,17
size,17
remains,17
between,17
location,16
british,16
tumi,16
well,16
hut,16
floodplain,16
short,16
three,16
damage,16
east,16
d,16
studies,15
iron,15
journal,15
used,15
larger,15
would,15
sty,15
pottery,15
beni,15
early,15
although,15
large,14
chucua,14
population,14
small,14
old,13
contributions,13
because,13
few,13
experiment,13
water,13
upon,13
lake,13
use,13
huts,13
over,13
evidence,13
news,13
e,12
those,12
sq,12
central,12
such,12
american,12
lba,12
b,12
river,12
had,12
figure,12
where,12
chewed,12
nuragic,12
far,12
institute,12
test,11
first,11
nuraghi,11
bolivia,11
surface,11
prehistoric,11
sites,11
field,11
long,11
lilliu,11
amazon,11
many,11
areas,11
less,11
dating,11
features,11
can,11
nuraghes,11
each,11
level,11
world,11
smaller,11
km,11
little,11
among,11
fed,10
there,10
america,10
west,10
since,10
sardinian,10
excavations,10
data,10
included,10
damaged,10
perhaps,10
including,10
described,10
summer,10
probably,10
program,10
when,10
while,10
w,10
city,10
bovine,10
edge,9
if,9
di,9
based,9
interior,9
relatively,9
fig,9
dates,9
elsewhere,9
density,9
around,9
above,9
ne,9
present,9
original,9
period,9
after,9
la,9
construction,9
associated,9
wall,9
reported,9
through,9
much,9
our,9
range,9
provided,9
c,9
modern,8
into,8
backdirt,8
lower,8
experiments,8
feature,8
state,8
side,8
possible,8
interest,8
his,8
levels,8
similar,8
se,8
support,8
marks,8
faunal,8
james,8
near,8
part,8
structures,8
away,8
results,8
floor,8
more,8
distal,8
pennsylvania,8
least,8
study,8
structure,8
we,8
any,8
measurements,8
bronze,8
paper,8
william,8
webster,8
approximately,8
settlements,7
h,7
grasslands,7
roman,7
raised,7
agriculture,7
vol,7
development,7
shaft,7
extensively,7
clay,7
moravetti,7
intensive,7
profile,7
could,7
residential,7
fulvia,7
serbian,7
he,7
populations,7
about,7
husbandry,7
fragments,7
do,7
like,7
low,7
destruction,7
seasons,7
table,7
fields,7
face,7
leveling,7
domestic,7
historical,7
n,7
elevation,7
them,7
project,7
elevations,7
llanos,7
until,7
ca,7
antine,6
per,6
center,6
second,6
gary,6
context,6
human,6
thus,6
madeira,6
radius,6
mean,6
disappeared,6
further,6
sacrum,6
occupation,6
cultural,6
line,6
del,6
department,6
fieldwork,6
toscono,6
villages,6
up,6
will,6
san,6
punic,6
single,6
scapula,6
yet,6
complete,6
ridged,6
mound,6
ceramic,6
ground,6
another,6
made,6
cranial,6
high,6
abundant,6
obsidian,6
michels,6
species,6
calandra,6
civilta,6
antiquity,6
aboriginal,6
joseph,6
environment,6
extensive,6
known,6
native,6
chewing,6
seem,6
animal,6
form,6
frequently,6
suggests,6
humerus,6
include,6
effects,6
observed,6
o,5
tropics,5
stone,5
miriam,5
completely,5
easily,5
rivers,5
sheep,5
contu,5
ii,5
differences,5
help,5
date,5
badly,5
eastern,5
figs,5
soils,5
measuring,5
femur,5
very,5
throughout,5
surrounded,5
individual,5
elements,5
savannas,5
rather,5
active,5
earlier,5
parts,5
animals,5
boas,5
image,5
linguistics,5
important,5
my,5
attrition,5
eat,5
academic,5
circular,5
produced,5
sassari,5
artifacts,5
vertebrae,5
fence,5
t,5
next,5
mediterranean,5
several,5
generally,5
dogs,5
exterior,5
limited,5
same,5
ethnographic,5
people,5
villa,5
compound,5
instituto,5
time,5
adjacent,5
moats,5
see,5
necessary,5
streets,5
local,5
examples,5
top,5
largely,5
radiocarbon,5
clear,5
points,5
oxbow,5
discarded,5
consumed,5
applications,5
urpes,5
who,5
lost,5
parsons,5
indicate,5
length,5
dead,5
series,5
cm,5
nuragica,5
erickson,5
report,5
dougherty,5
what,5
map,5
press,5
newsletter,5
association,5
alberto,5
comparable,5
occur,5
currently,4
later,4
group,4
picked,4
ferrarese,4
western,4
lateral,4
taken,4
j,4
nature,4
wooden,4
simple,4
rich,4
vertebra,4
madre,4
staff,4
system,4
design,4
professor,4
della,4
pen,4
corner,4
stakes,4
g,4
century,4
estimates,4
ware,4
balls,4
architectural,4
compared,4
helpful,4
equipment,4
kept,4
higher,4
r,4
without,4
en,4
wheaton,4
dated,4
presumably,4
porcine,4
geometric,4
basalt,4
midden,4
out,4
initial,4
focused,4
placed,4
acknowledgments,4
su,4
woodland,4
seasonally,4
optical,4
using,4
chronological,4
f,4
variety,4
located,4
brief,4
nearly,4
still,4
fusion,4
communities,4
under,4
already,4
hearth,4
members,4
others,4
plan,4
habitat,4
personal,4
pattern,4
model,4
decorations,4
boston,4
ignored,4
rio,4
assemblages,4
width,4
region,4
ethnology,4
ferruccio,4
ulna,4
defensive,4
function,4
filled,4
become,4
ann,4
continued,4
inside,4
following,4
agents,4
tholos,4
different,4
bolivian,4
caudal,4
pit,4
type,4
tibia,4
alluvial,4
phd,4
ermanno,4
dios,4
agricultural,4
almost,4
role,4
recovered,4
lamb,4
indiana,4
ends,4
soft,4
donald,4
illinois,4
land,4
consumption,4
need,4
archaic,4
flooding,4
entire,4
north,4
recent,4
built,4
major,4
carlo,4
sa,3
does,3
now,3
order,3
common,3
fortified,3
medieval,3
groups,3
thrown,3
introduction,3
debris,3
mouth,3
conducted,3
partially,3
collection,3
protection,3
occurred,3
being,3
implications,3
culturally,3
feces,3
kent,3
fragmentary,3
seems,3
datum,3
great,3
vegetation,3
consist,3
taphonomic,3
scratches,3
existence,3
edges,3
balmuth,3
italian,3
prior,3
marked,3
julian,3
obvious,3
except,3
resources,3
measurement,3
cancellous,3
behavior,3
labor,3
associations,3
review,3
marghine,3
accuracy,3
guinea,3
author,3
characteristic,3
mailing,3
sample,3
funds,3
perspective,3
structural,3
serving,3
left,3
storage,3
y,3
percentage,3
developed,3
tholoi,3
obtained,3
lie,3
serra,3
sw,3
rapids,3
proportion,3
connected,3
tubers,3
pubic,3
tissue,3
wander,3
dean,3
prehistory,3
courtyard,3
possibly,3
clearly,3
comprising,3
providing,3
cut,3
view,3
appear,3
closely,3
basin,3
p,3
pettine,3
handbook,3
neighboring,3
nel,3
sharpened,3
appears,3
pitting,3
recently,3
persons,3
cannot,3
briefly,3
none,3
oak,3
future,3
chew,3
revealed,3
received,3
los,3
year,3
island,3
winter,3
construct,3
caused,3
below,3
suggest,3
box,3
contrast,3
soil,3
preliminary,3
geographical,3
lopes,3
therefore,3
approximate,3
various,3
identified,3
islands,3
community,3
monte,3
examined,3
us,3
ancient,3
culture,3
savannah,3
surveyors,3
again,3
europe,3
addition,3
crops,3
layer,3
penned,3
contemporary,3
transit,3
forms,3
enough,3
covered,3
flooded,3
number,3
encountered,3
identifiable,3
bulletin,3
sides,3
canals,3
samples,3
elite,3
significant,3
assumption,3
maria,3
multispectral,3
significance,3
david,3
allowed,3
collected,3
mammals,3
latter,3
article,3
shallow,3
effect,3
hierarchical,3
chc,3
european,3
irregular,3
bureau,3
usually,3
stalls,3
mojos,3
plastic,3
butchers,3
remaining,3
evolution,3
analysis,3
stratified,3
types,3
centuries,3
mounds,3
then,3
practice,3
preclude,3
sherds,3
meat,3
here,3
column,3
social,3
natural,3
anthropology,3
petnica,3
did,3
grigson,3
half,3
feed,3
tavo,3
destroyed,3
unlikely,3
nearby,3
remained,3
dishes,3
cura,3
medial,3
upper,3
urban,3
vessels,3
demurtas,3
occasionally,3
lewthwaite,3
vertebral,3
rotting,3
claro,3
palisade,3
dense,3
summary,3
specific,3
removed,3
assumed,3
root,3
tribes,3
myers,3
deposits,3
epiphyseal,3
traditional,3
benchmark,3
immediately,3
close,3
prefer,2
concerned,2
inset,2
functional,2
excess,2
college,2
fences,2
bedrock,2
totally,2
connect,2
needed,2
complex,2
systematically,2
kinds,2
ways,2
flooring,2
favor,2
acorns,2
flows,2
former,2
position,2
history,2
presents,2
unlike,2
ofanthropology,2
source,2
john,2
contexts,2
turning,2
northward,2
horizontal,2
consistent,2
anything,2
sterile,2
cordero,2
sources,2
wool,2
jorge,2
production,2
fund,2
might,2
surveying,2
worked,2
height,2
together,2
stood,2
blind,2
studied,2
government,2
tx,2
scheme,2
subsequent,2
inland,2
improved,2
similarly,2
robert,2
platforms,2
advantages,2
sacral,2
ext,2
visibility,2
papers,2
mountain,2
cooked,2
autonomous,2
primary,2
herded,2
point,2
x,2
uncertain,2
reconstruction,2
prevented,2
cretan,2
regarding,2
inner,2
eating,2
against,2
santa,2
occurs,2
towers,2
pelvis,2
keep,2
canal,2
back,2
simplest,2
houses,2
third,2
estimate,2
find,2
even,2
tentatively,2
adult,2
walls,2
drained,2
stock,2
roam,2
l,2
main,2
ilium,2
determining,2
ceramics,2
special,2
gratefully,2
modified,2
accounts,2
tooth,2
provinces,2
facilitated,2
operates,2
rain,2
organization,2
branch,2
days,2
numbers,2
dominate,2
house,2
northeastern,2
too,2
verano,2
four,2
commonly,2
wire,2
additional,2
origins,2
poor,2
peru,2
method,2
permanent,2
destructive,2
silt,2
myths,2
conquest,2
harbor,2
eba,2
societies,2
called,2
typical,2
international,2
sedentary,2
evaluate,2
late,2
interamericano,2
sergio,2
michigan,2
tools,2
scale,2
lathrap,2
otherwise,2
rossi,2
required,2
aspects,2
directly,2
feeding,2
scavenging,2
andes,2
related,2
whole,2
place,2
horn,2
trochlear,2
device,2
occupied,2
reflect,2
surrounding,2
preparation,2
own,2
polity,2
sampled,2
refuse,2
earth,2
excavated,2
pendery,2
meggers,2
stimulated,2
prettol,2
hole,2
bank,2
zircon,2
butchery,2
caroline,2
revealing,2
agricolas,2
massachusetts,2
corridor,2
guido,2
annual,2
visible,2
majority,2
husbanded,2
baure,2
developmental,2
unidentifiable,2
rod,2
likely,2
habitats,2
sows,2
indigenista,2
economic,2
comparative,2
techniques,2
atzeni,2
corsica,2
standing,2
aldine,2
once,2
communications,2
interpretation,2
reference,2
permission,2
represents,2
makes,2
porcarzos,2
temperate,2
specimens,2
participants,2
light,2
diaphysis,2
largest,2
principal,2
noted,2
bar,2
stones,2
lack,2
inhabitants,2
mark,2
toward,2
corbelled,2
tonly,2
wetlands,2
head,2
five,2
shows,2
juliet,2
germana,2
loschiavo,2
turner,2
tuberosities,2
claudio,2
gray,2
meanders,2
roof,2
removal,2
question,2
patterns,2
ceruti,2
v,2
purposes,2
michael,2
notch,2
material,2
showing,2
eds,2
hamilton,2
free,2
classical,2
extended,2
vast,2
hundred,2
bucket,2
mycenaean,2
previously,2
dessi,2
skeletal,2
entirely,2
factor,2
band,2
ideas,2
hour,2
individuals,2
examination,2
cultura,2
scanning,2
ventral,2
discovered,2
discussed,2
decorated,2
floodplains,2
dry,2
dugum,2
paths,2
counted,2
int,2
standard,2
thomas,2
usgs,2
especially,2
outside,2
systems,2
respectively,2
intrasite,2
working,2
stairwell,2
slightly,2
italy,2
northern,2
wells,2
geography,2
professional,2
increasing,2
ranging,2
factors,2
carried,2
depth,2
consists,2
tinaja,2
respect,2
trench,2
africa,2
particular,2
provide,2
mixture,2
science,2
kenneth,2
ecological,2
bowen,2
ministry,2
mba,2
begin,2
arqueologia,2
began,2
returned,2
worlds,2
often,2
curving,2
frontier,2
antiquities,2
education,2
measured,2
arts,2
gathered,2
earliest,2
middens,2
considered,2
thick,2
school,2
suggestions,2
stratigraphic,2
heavy,2
morning,2
nuoro,2
mentioned,2
must,2
rummaged,2
entry,2
besides,2
funding,2
oficial,2
accomplished,2
offers,2
satellite,2
greenfield,2
differentiated,2
highly,2
unavailable,2
control,2
steven,2
abandonment,2
down,2
scavengers,2
current,2
coxal,2
foundation,2
milk,2
brazil,2
dumped,2
distinctive,2
past,2
ramos,2
sardo,2
evident,2
person,2
economy,2
spatial,2
whether,2
ones,2
cause,2
covers,2
theory,2
leaving,2
condyles,2
extent,2
her,2
observations,2
electralevel,2
organo,2
revista,2
linguistico,2
ejja,2
haskel,2
entrance,2
extending,2
undertaken,2
easy,2
variability,2
lies,2
disappears,2
reconstruct,2
eneolithic,2
colonial,2
indians,2
crew,2
fine,2
faculty,2
ese,2
undecorated,2
models,2
mayo,2
ischium,2
years,2
electronic,2
cambridge,2
encouragement,2
conditions,2
ecosystem,2
fauna,2
grateful,2
product,2
subrectangular,2
off,2
tributaries,2
oldest,2
superintendent,2
team,2
ruth,2
prost,2
offered,2
requires,2
substitute,2
massive,2
innominate,2
dark,2
abandoned,2
tube,2
arnold,2
should,2
alternative,2
symphysis,2
nicholas,1
circulate,1
proposed,1
frequent,1
given,1
toscano,1
stres,1
eta,1
dottoressa,1
transportation,1
recesses,1
rate,1
done,1
triple,1
alumni,1
accomplish,1
mara,1
oriented,1
appealed,1
estimated,1
way,1
mojo,1
fertile,1
airstrip,1
drag,1
sard,1
strategy,1
imported,1
go,1
represent,1
affected,1
extreme,1
consume,1
environmental,1
fingers,1
resulted,1
tierra,1
determine,1
cronologici,1
marian,1
diane,1
branches,1
curved,1
extends,1
revetment,1
orriosdorgali,1
survival,1
pushed,1
forth,1
crossing,1
stripped,1
operator,1
arqueologico,1
judged,1
archaeozoological,1
tend,1
essays,1
designed,1
logudoromeilogu,1
spears,1
join,1
referring,1
formed,1
lintel,1
true,1
nuts,1
intermittent,1
supervised,1
conical,1
station,1
scapulae,1
quite,1
fixed,1
split,1
organic,1
laid,1
inequality,1
interrupted,1
pasture,1
before,1
dig,1
domes,1
moving,1
something,1
result,1
capanna,1
absence,1
princeton,1
binford,1
bark,1
contact,1
academiae,1
subscription,1
contained,1
round,1
came,1
straighter,1
either,1
permit,1
problems,1
specifically,1
reconstructions,1
baked,1
certainly,1
interests,1
rinehart,1
hungaricae,1
neolithic,1
exaggerated,1
originally,1
serbine,1
secondary,1
concentrated,1
planting,1
address,1
hire,1
rapid,1
humans,1
utilization,1
rare,1
permanently,1
shortage,1
freely,1
overnight,1
joins,1
containing,1
incorporating,1
displacement,1
oval,1
available,1
giganti,1
abw,1
continue,1
humana,1
homestead,1
tubing,1
terra,1
thank,1
analyses,1
nineteen,1
liverpool,1
forage,1
volar,1
aircraft,1
uncooked,1
closer,1
moat,1
reveal,1
onto,1
procedure,1
room,1
locality,1
pavement,1
products,1
scheduled,1
reproduction,1
hands,1
archaeologico,1
fresh,1
slops,1
describes,1
petty,1
inundation,1
mind,1
miles,1
replicated,1
stand,1
sacred,1
shepherd,1
reworking,1
classified,1
sociopolitical,1
investigations,1
scrape,1
coordinated,1
carnivores,1
somewhat,1
signs,1
educacion,1
checked,1
hostile,1
unframed,1
daniel,1
deduced,1
el,1
antedated,1
ad,1
splotches,1
humanly,1
concealed,1
case,1
stefler,1
woke,1
con,1
preventing,1
forum,1
cardine,1
gnawing,1
alfred,1
botanical,1
downhill,1
iii,1
thatch,1
recorded,1
courtesy,1
frees,1
key,1
task,1
unaware,1
paved,1
gajic,1
aldeen,1
doubtlessly,1
hall,1
rests,1
cu,1
jc,1
resumption,1
retain,1
colombia,1
announced,1
giovanni,1
determined,1
karl,1
cooperation,1
activity,1
open,1
condition,1
classica,1
macomer,1
establishing,1
fronds,1
prehispanicos,1
sarda,1
dutch,1
facilitate,1
grassy,1
occurring,1
taking,1
combination,1
desired,1
guayas,1
supervision,1
consequent,1
paving,1
margaret,1
establishment,1
exchanges,1
corsicv,1
vdrzea,1
bottom,1
herdsman,1
inexpensive,1
economies,1
variable,1
zone,1
beneath,1
prototype,1
sand,1
colaboracion,1
electra,1
nickel,1
signal,1
hudson,1
karen,1
exist,1
goal,1
million,1
boliviana,1
zeljko,1
includes,1
barreca,1
circuitry,1
domesticated,1
kicked,1
issues,1
que,1
relationships,1
southwestern,1
torralba,1
rooting,1
estimating,1
component,1
attest,1
mm,1
calculated,1
alternately,1
flying,1
due,1
mastered,1
jugs,1
dei,1
continuouslyoccupied,1
scarce,1
stronglybuilt,1
intact,1
base,1
ease,1
basal,1
pizzini,1
stalling,1
moment,1
mixed,1
decided,1
relations,1
acta,1
carlos,1
squalor,1
jr,1
leached,1
vault,1
affairs,1
wiley,1
advances,1
pareti,1
distinct,1
developments,1
clark,1
sangines,1
places,1
offieldarchaeology,1
document,1
segmented,1
zooarchaeological,1
amount,1
herbaceous,1
bother,1
response,1
milling,1
wares,1
inclusion,1
served,1
allowing,1
roamed,1
alkaline,1
witnessed,1
waterlogged,1
truly,1
kolata,1
determinations,1
barbo,1
archaeologist,1
instruments,1
obstructions,1
waterways,1
vice,1
storica,1
skins,1
apparently,1
morphogenetic,1
sister,1
general,1
circled,1
influence,1
acknowledge,1
wintering,1
ofeast,1
cagliari,1
error,1
cookery,1
calculate,1
poorly,1
confluence,1
ovoid,1
bronzo,1
kingroup,1
epiphysis,1
lyon,1
van,1
live,1
civilization,1
deviation,1
bosa,1
interesting,1
enhancing,1
sloped,1
vegetable,1
york,1
town,1
whose,1
reflects,1
infield,1
palaeoeconomy,1
multistory,1
refocus,1
camp,1
destroy,1
scraps,1
aimed,1
across,1
highlands,1
ofnew,1
public,1
watch,1
remain,1
mcgregor,1
auspices,1
museum,1
basic,1
unit,1
appreciation,1
sow,1
notion,1
burnished,1
remote,1
demonstration,1
una,1
opportunity,1
tholosnuraghe,1
bonnanaro,1
akademija,1
associate,1
mathewson,1
certain,1
domestication,1
entre,1
direct,1
alva,1
leaves,1
tree,1
cooking,1
illustrations,1
ascending,1
lay,1
devoid,1
diameters,1
upstream,1
productive,1
von,1
space,1
moves,1
forced,1
raymond,1
means,1
determination,1
category,1
problemi,1
changes,1
parentheses,1
nor,1
affect,1
require,1
erland,1
improvement,1
colonialism,1
mira,1
comune,1
warren,1
section,1
driven,1
just,1
weather,1
spirit,1
air,1
record,1
gradually,1
mary,1
articulated,1
k,1
shore,1
accessibility,1
thepigs,1
circuit,1
chibcha,1
situations,1
accurate,1
woodlands,1
jars,1
ecuador,1
flights,1
connecting,1
pireddu,1
beyond,1
panoan,1
procedures,1
virginio,1
followed,1
notions,1
peninsula,1
braziller,1
vineyards,1
ponce,1
plates,1
patterning,1
hoard,1
ofduos,1
painted,1
mounding,1
untrained,1
guidance,1
sebastiano,1
helped,1
projected,1
bonu,1
dug,1
preference,1
adapting,1
yahua,1
management,1
bisects,1
sardegna,1
yard,1
assessments,1
charcoal,1
macroscopic,1
greater,1
character,1
opening,1
attritional,1
uses,1
projections,1
cuadro,1
tiwanaku,1
pelvic,1
pastoral,1
cynthia,1
ethnography,1
arqueologicas,1
plateau,1
italica,1
bearing,1
islan,1
pigfrom,1
lowland,1
downstream,1
carrying,1
rule,1
begun,1
traditionally,1
access,1
pacha,1
chopped,1
effort,1
behavioral,1
patrick,1
conventionally,1
abbey,1
austin,1
criticisms,1
ethnoarchaeological,1
graeme,1
diet,1
portachuelo,1
emerge,1
lick,1
interpretations,1
pitfalls,1
im,1
intrigue,1
installation,1
guatemala,1
mist,1
fourth,1
difficult,1
thinwalled,1
archeologica,1
preistoria,1
camellones,1
buried,1
reviews,1
province,1
viewed,1
landsat,1
brocche,1
suffered,1
biases,1
applied,1
excellent,1
ttfour,1
franco,1
scientiarum,1
however,1
pitted,1
ofamerican,1
hypothetical,1
dan,1
explored,1
butchered,1
shepard,1
facilities,1
frog,1
archivo,1
panni,1
randy,1
possibility,1
suspended,1
memory,1
hillslope,1
antarctic,1
igor,1
millie,1
trough,1
having,1
minimal,1
fulani,1
manhood,1
crushed,1
degrees,1
mapped,1
work,1
hung,1
planning,1
pisano,1
heinemann,1
ogival,1
sept,1
prominent,1
heavily,1
attacked,1
museo,1
breeding,1
limbrey,1
example,1
proportions,1
canichana,1
quickly,1
confirms,1
routinely,1
papuan,1
rehabilitacion,1
dozens,1
loss,1
roll,1
surrounds,1
gave,1
quadrant,1
straus,1
vaupes,1
northwest,1
obscured,1
inferences,1
partly,1
constitute,1
truncated,1
increasingly,1
survey,1
irving,1
lengthwise,1
et,1
documented,1
rodents,1
earthmoving,1
douglas,1
floors,1
entered,1
il,1
sties,1
differentially,1
sicily,1
teenagers,1
smallest,1
alan,1
president,1
week,1
horizon,1
skills,1
enthusiastic,1
salted,1
feast,1
boulders,1
clearance,1
polygamous,1
manipulation,1
heider,1
imports,1
depicting,1
depositional,1
expended,1
change,1
vida,1
statistically,1
correct,1
ago,1
knapp,1
alterations,1
responsibility,1
lowest,1
buildings,1
wished,1
raiding,1
microfilms,1
tested,1
villagers,1
altri,1
encroached,1
reaches,1
westcentral,1
nearest,1
emerging,1
family,1
attention,1
ofsoft,1
consensus,1
june,1
wider,1
luisa,1
replace,1
grow,1
presence,1
liccardi,1
gregorio,1
ancestors,1
texas,1
latest,1
weapons,1
ofjohn,1
methodological,1
coast,1
fronted,1
occasions,1
fully,1
birori,1
scott,1
isassistant,1
origini,1
delores,1
scavenge,1
pa,1
und,1
ofillinois,1
depths,1
mouths,1
appropriate,1
eri,1
configuraciones,1
displaced,1
finds,1
corbin,1
frizell,1
moved,1
humanistic,1
rest,1
sporadic,1
swine,1
grasp,1
activities,1
seemed,1
barbed,1
lend,1
input,1
periods,1
survived,1
barbara,1
portion,1
critical,1
hosts,1
posada,1
highlights,1
led,1
phases,1
sons,1
sylvia,1
annum,1
minor,1
parapet,1
aged,1
andina,1
materials,1
expanse,1
jankovih,1
architecture,1
attributable,1
letters,1
scientific,1
expansion,1
plans,1
dressed,1
motivated,1
acknowledged,1
classic,1
fruit,1
bullettino,1
bits,1
exception,1
brings,1
constraints,1
phoenician,1
pile,1
july,1
orrios,1
make,1
garden,1
expanded,1
surviving,1
woods,1
comments,1
ofarchaeology,1
sigillata,1
builders,1
drilled,1
outer,1
atop,1
degree,1
southern,1
longhouses,1
airplane,1
put,1
hold,1
bread,1
ausilia,1
gilbert,1
funtana,1
patches,1
hacked,1
designate,1
distinguishing,1
nauka,1
victor,1
vegetables,1
marshes,1
thought,1
soon,1
counterparts,1
discussions,1
windows,1
nigeria,1
insloping,1
chronology,1
jody,1
cylindrical,1
neither,1
differentiate,1
marshall,1
commoner,1
falls,1
breakage,1
eros,1
delight,1
keeping,1
teaching,1
rectangular,1
ethnographica,1
every,1
nandris,1
ed,1
tomba,1
nw,1
times,1
al,1
families,1
aeronautics,1
wisconsin,1
parties,1
hunger,1
nawpa,1
shallower,1
volunteers,1
rome,1
inedible,1
locational,1
pastured,1
published,1
sketch,1
exact,1
double,1
spatially,1
fill,1
volume,1
gajik,1
libri,1
lewis,1
ofsouthamerica,1
whichever,1
limb,1
flanked,1
book,1
attacks,1
coming,1
decoration,1
technique,1
chacobo,1
spend,1
death,1
locating,1
hearths,1
surinam,1
shade,1
flat,1
financial,1
conduct,1
ecuadorian,1
dalle,1
food,1
efforts,1
usefulness,1
speaks,1
lighter,1
incorporates,1
averages,1
fact,1
packed,1
sniffing,1
enrico,1
consideration,1
stories,1
praeger,1
fundamental,1
designing,1
underestimated,1
scholars,1
occurrence,1
blocks,1
occupations,1
agree,1
appeared,1
mondo,1
disturbed,1
forces,1
chacobos,1
deserving,1
richer,1
banks,1
becker,1
farming,1
rebuilt,1
debates,1
granting,1
dugan,1
variation,1
lowwalled,1
distributions,1
junior,1
man,1
weeds,1
hiatus,1
serious,1
battery,1
chiefdom,1
chicken,1
honor,1
periosteum,1
never,1
conclusions,1
took,1
contesto,1
clinging,1
banned,1
mammalian,1
continuing,1
developing,1
superimposed,1
validity,1
existing,1
ditched,1
crop,1
foot,1
strategies,1
spot,1
immature,1
venezuela,1
podial,1
bronzetto,1
deep,1
counterfeit,1
teeth,1
reconstructing,1
otoscano,1
distance,1
assemblage,1
carinated,1
wood,1
rawles,1
remarkably,1
knoll,1
day,1
ecology,1
thoroughly,1
maya,1
meandering,1
grotto,1
simon,1
demonstrated,1
recognizing,1
analyzed,1
microscopic,1
understanding,1
exploring,1
undiagnostic,1
aptly,1
kathleen,1
divided,1
mounded,1
angello,1
generate,1
survive,1
crudely,1
grossly,1
grotta,1
srbija,1
values,1
giroux,1
habilitades,1
nutrientrich,1
thickness,1
manufactured,1
forested,1
gifford,1
medium,1
attributed,1
concern,1
findings,1
spinal,1
host,1
grassland,1
cupola,1
convenience,1
fourteenth,1
curralinho,1
announcement,1
softand,1
resulting,1
harvard,1
processes,1
actual,1
recovery,1
laboratory,1
frame,1
supplement,1
chosen,1
deya,1
raising,1
previous,1
office,1
improvements,1
california,1
students,1
involves,1
specimen,1
publish,1
peterborough,1
platform,1
ties,1
trade,1
bolivianischen,1
rowland,1
trump,1
sherd,1
switched,1
directed,1
authors,1
assignment,1
peripheral,1
publication,1
urbanism,1
sealion,1
peter,1
correcting,1
commonest,1
workers,1
patricia,1
defense,1
characterized,1
incompletely,1
trampled,1
stockade,1
plant,1
filiestru,1
fibula,1
tribal,1
am,1
persistence,1
proximity,1
probable,1
households,1
conversation,1
enquiries,1
dell,1
preservation,1
enriched,1
black,1
provides,1
lose,1
adequately,1
bafico,1
exchange,1
men,1
skull,1
rispostiglio,1
favored,1
random,1
internal,1
trying,1
methods,1
aegean,1
hungarian,1
sardi,1
confinement,1
relation,1
domesticpigs,1
narrow,1
sight,1
let,1
correlated,1
mainly,1
nei,1
omnivores,1
mixedfill,1
neothermal,1
primitive,1
implication,1
preand,1
differ,1
adaptations,1
attracted,1
potato,1
streams,1
versus,1
santillo,1
relative,1
quarterly,1
balkans,1
arbor,1
political,1
darker,1
sole,1
widely,1
separate,1
dietary,1
weas,1
palisades,1
heap,1
roasted,1
penetrates,1
dialectic,1
topography,1
pannage,1
ministerio,1
assigned,1
imply,1
modification,1
cavinena,1
slender,1
characteristics,1
today,1
publishing,1
overburden,1
wisdom,1
cabbage,1
bake,1
george,1
danubian,1
sometimes,1
crucial,1
arslan,1
impressive,1
suggestive,1
confused,1
suspected,1
pieces,1
reasonable,1
excrement,1
celebration,1
xingu,1
lines,1
andean,1
soften,1
resumed,1
male,1
dorgali,1
institutions,1
gnaw,1
monuments,1
portages,1
concluding,1
rethinking,1
yale,1
bears,1
planu,1
effectively,1
sr,1
softer,1
contribution,1
husbanding,1
gli,1
recognize,1
rapidly,1
covering,1
puncture,1
burimare,1
fieldworkers,1
poetics,1
responsible,1
unusual,1
diagnostic,1
srbska,1
causeways,1
transferring,1
chamber,1
fying,1
night,1
ofpersonnel,1
get,1
itself,1
articles,1
sound,1
occupies,1
mud,1
lago,1
documenting,1
immensely,1
vaulted,1
addressed,1
forests,1
stephen,1
meal,1
architecural,1
nacional,1
attachment,1
grazed,1
turriculafacies,1
deposited,1
paleobiological,1
actually,1
margenes,1
conclusion,1
foraged,1
conjunction,1
comparison,1
mario,1
manual,1
demonstrate,1
ever,1
hypothesized,1
hydration,1
continues,1
extension,1
donna,1
precise,1
delfino,1
undressed,1
constructed,1
recalibration,1
charles,1
borrow,1
trenches,1
pgs,1
tsembaga,1
phillips,1
organizational,1
sustained,1
quaternary,1
set,1
hospitality,1
estate,1
drafting,1
roy,1
berkeley,1
dimension,1
masonry,1
principle,1
monthly,1
feral,1
correspond,1
shares,1
prototypes,1
duosclearly,1
lying,1
ratio,1
malone,1
baesslerarchiv,1
sizes,1
sampling,1
board,1
rolling,1
believe,1
best,1
horacio,1
foliated,1
variegated,1
argue,1
trenchs,1
post,1
dennis,1
rhizomes,1
brothers,1
pisan,1
losses,1
palatu,1
cityarchaeology,1
enemy,1
twelfth,1
niches,1
cultivation,1
build,1
going,1
ecozone,1
las,1
replication,1
passage,1
living,1
bands,1
pushing,1
turned,1
hint,1
unlined,1
beginning,1
according,1
surpluses,1
realize,1
liquid,1
jean,1
ruins,1
return,1
fuller,1
exposing,1
notable,1
originates,1
combined,1
unique,1
ofsmaller,1
offield,1
selected,1
rising,1
plants,1
involvement,1
goldman,1
ma,1
maintain,1
sloping,1
seasonal,1
artifactual,1
contrasting,1
encloses,1
lengths,1
paleoeconomics,1
problem,1
adaptation,1
enna,1
waters,1
densities,1
utilitarian,1
foundations,1
thames,1
sleeping,1
incised,1
birkey,1
gross,1
barely,1
aoazon,1
produce,1
information,1
episode,1
missed,1
ideal,1
holocene,1
ascertain,1
substantial,1
chronometric,1
umetnosti,1
garbage,1
middle,1
gratitude,1
martha,1
marking,1
sincere,1
severely,1
paradise,1
paleoeconomic,1
attached,1
affecting,1
ercole,1
content,1
courses,1
unaffected,1
african,1
ac,1
subject,1
intended,1
administration,1
returning,1
everywhere,1
went,1
fellowship,1
measure,1
obtain,1
copper,1
disconcerting,1
mck,1
sfa,1
vegetacija,1
varied,1
terminal,1
remarks,1
lucia,1
analogy,1
eric,1
susceptible,1
log,1
wild,1
formation,1
layers,1
mont,1
rummaging,1
recording,1
drafts,1
locations,1
nordenskiold,1
crucible,1
authorized,1
architecturally,1
plowing,1
average,1
bruhns,1
initiated,1
farah,1
protohistoric,1
swampy,1
national,1
guest,1
slope,1
puleston,1
accept,1
betty,1
value,1
parallels,1
course,1
shed,1
americas,1
typically,1
define,1
unoccupied,1
facilitates,1
faldin,1
cautionary,1
glass,1
integration,1
involving,1
france,1
piece,1
broadbent,1
defined,1
manaus,1
regurgitations,1
extremely,1
pigchewed,1
patrimonioarchaeologico,1
enclosed,1
needs,1
deer,1
hutch,1
supported,1
territories,1
lajos,1
pioneering,1
valuable,1
ironage,1
scholarship,1
titicaca,1
text,1
carrion,1
carthage,1
reached,1
uncertainty,1
deposition,1
manioc,1
zooarchaeologists,1
exclusively,1
element,1
largestone,1
pat,1
winston,1
ofdomestic,1
focus,1
roofed,1
outcroppings,1
taylor,1
philippines,1
famous,1
alberta,1
indicating,1
conference,1
showed,1
noon,1
anchors,1
hypothesis,1
grants,1
guarani,1
