WORDCOUNTS,WEIGHT
the,688
of,447
and,213
a,199
in,163
to,124
is,113
period,77
from,77
at,71
indus,71
on,67
are,66
it,59
that,54
this,54
phase,53
was,52
as,52
with,47
were,45
painted,42
for,40
i,40
be,35
early,34
site,33
trench,32
excavations,32
figure,31
no,28
but,28
balakot,27
an,27
these,27
found,26
cm,26
have,24
more,22
phases,21
b,21
most,21
ceramic,21
made,21
or,20
has,19
which,19
pakistan,19
pottery,18
x,17
will,17
baluchistan,16
other,16
two,16
only,16
level,16
one,15
slip,15
m,15
motifs,15
some,14
large,14
sites,14
by,14
black,14
we,14
not,14
very,14
vessel,14
mature,14
into,13
west,13
ceramics,13
examples,13
so,13
can,13
motif,13
been,13
seen,13
plant,12
south,12
second,12
southern,12
s,12
brick,12
wall,12
vessels,12
through,12
levels,11
its,11
field,11
v,11
mud,11
known,11
animal,11
approximately,11
evidence,11
between,11
surface,10
they,10
long,10
there,10
nal,10
basic,10
ix,10
jars,10
example,10
t,10
several,10
f,10
department,10
also,10
our,10
archaeological,10
area,10
types,10
season,9
vol,9
point,9
body,9
paste,9
may,9
l,9
similar,9
university,9
wide,9
near,9
during,9
see,9
material,9
bands,9
represent,8
all,8
east,8
fine,8
bone,8
storage,8
journal,8
across,8
coastal,8
nos,8
bricks,8
part,8
chronological,8
cream,8
head,8
viii,8
earliest,8
few,8
symbol,8
remains,8
c,8
horizontal,7
sterile,7
red,7
survey,7
floral,7
bones,7
such,7
throughout,7
than,7
walls,7
civilization,7
solid,7
four,7
cultural,7
buff,7
floor,7
mound,7
many,7
moenjo,7
new,7
sherd,7
probably,7
note,7
archaeology,7
thick,7
dark,7
o,6
e,6
conducted,6
excavation,6
being,6
tradition,6
within,6
possible,6
interest,6
american,6
stone,6
bela,6
rather,6
section,6
further,6
symbols,6
fish,6
polychrome,6
bowl,6
horn,6
settlement,6
small,6
preliminary,6
single,6
ancient,6
kulli,6
shows,6
amri,6
band,6
sequence,6
collected,6
earlier,6
northern,6
length,6
when,6
must,6
sherds,6
las,6
type,6
parallels,6
edge,5
expedition,5
center,5
globular,5
studies,5
cit,5
first,5
furnace,5
vl,5
pl,5
iv,5
implements,5
corner,5
characteristic,5
bull,5
certain,5
their,5
india,5
just,5
important,5
came,5
recently,5
having,5
work,5
excavated,5
mesopotamia,5
below,5
soil,5
exterior,5
materials,5
various,5
above,5
culture,5
water,5
present,5
style,5
number,5
region,5
samples,5
three,5
op,5
structure,5
brown,5
inside,5
rim,5
extensive,5
here,5
horns,5
what,5
almost,5
little,5
geographical,5
valley,5
now,4
later,4
designated,4
debris,4
position,4
history,4
before,4
rims,4
help,4
designs,4
side,4
rodman,4
variations,4
bowls,4
elements,4
dates,4
daro,4
district,4
white,4
director,4
n,4
w,4
us,4
buffalo,4
appear,4
had,4
base,4
thin,4
because,4
structures,4
project,4
stage,4
peculiar,4
periods,4
paint,4
museum,4
nature,4
strata,4
published,4
plan,4
figurines,4
diameter,4
where,4
contacts,4
radiocarbon,4
described,4
points,4
architectural,4
general,4
diagonally,4
least,4
shallow,4
figures,4
species,4
seasons,4
george,4
collections,4
karachi,4
then,4
associated,4
over,4
best,4
unknown,4
half,4
size,4
preserved,4
entire,4
question,4
until,4
d,4
building,4
limits,3
common,3
if,3
quetta,3
h,3
situation,3
scoops,3
presents,3
total,3
khan,3
contexts,3
arms,3
either,3
ii,3
fragmentary,3
j,3
seems,3
asia,3
available,3
stratigraphically,3
leading,3
shoulder,3
rich,3
styles,3
subsequent,3
feature,3
lv,3
situ,3
those,3
plain,3
measuring,3
along,3
beneath,3
development,3
visited,3
leaf,3
transitional,3
mesopotamian,3
ware,3
clay,3
fig,3
geological,3
even,3
apparently,3
traditions,3
dish,3
interesting,3
wavy,3
objects,3
occupational,3
northeastern,3
commonly,3
cut,3
wheelmade,3
projections,3
typical,3
out,3
tools,3
appears,3
excellent,3
outlined,3
technical,3
well,3
directly,3
trial,3
data,3
artifacts,3
used,3
already,3
fired,3
revealed,3
description,3
contains,3
beads,3
lithics,3
stylized,3
presented,3
suggest,3
he,3
limited,3
still,3
make,3
direction,3
depicted,3
represents,3
cylindrical,3
specimens,3
enigmatic,3
addition,3
identical,3
patterns,3
elne,3
another,3
sir,3
original,3
crudely,3
thickness,3
top,3
largely,3
anjira,3
trade,3
significance,3
belongs,3
windar,3
skull,3
especially,3
discarded,3
basically,3
delhi,3
scratched,3
vertical,3
male,3
jar,3
grinding,3
figurine,3
often,3
sections,3
series,3
demonstrate,3
physical,3
temporal,3
berkeley,3
natural,3
each,3
persian,3
grey,3
distinctive,3
better,3
them,3
hoped,3
rafique,3
fully,3
urban,3
sea,3
courses,3
transition,3
mhd,3
aspect,3
years,3
numerous,3
smaller,3
ovens,3
shells,3
creamy,3
maximum,3
element,3
given,3
north,3
should,3
does,2
way,2
abdur,2
totally,2
utility,2
settlements,2
tend,2
conducting,2
formed,2
drawings,2
fragile,2
exceptions,2
test,2
vlll,2
lower,2
said,2
preceding,2
originally,2
attempt,2
hatched,2
shaped,2
height,2
display,2
thank,2
studied,2
uncovered,2
alignment,2
consist,2
underside,2
mr,2
raised,2
principal,2
dr,2
eastern,2
arabian,2
tubular,2
bivalves,2
condition,2
characterize,2
combination,2
far,2
cited,2
bottom,2
rauf,2
sand,2
exposed,2
central,2
thus,2
blades,2
interior,2
g,2
gumla,2
regarded,2
experts,2
z,2
bay,2
refer,2
concerning,2
third,2
cardinal,2
y,2
stratum,2
york,2
whose,2
identification,2
process,2
represented,2
goes,2
contour,2
dp,2
importance,2
k,2
possibly,2
statistical,2
presumably,2
additional,2
lithic,2
beyond,2
artistic,2
greater,2
closely,2
prehistoric,2
based,2
identifying,2
location,2
allow,2
could,2
appearance,2
search,2
homogeneous,2
sutkagen,2
occupation,2
fishermen,2
mohammad,2
otherwise,2
pollen,2
among,2
possibility,2
relief,2
received,2
los,2
crude,2
knowledge,2
q,2
people,2
actually,2
xll,2
my,2
depositional,2
hard,2
unexpected,2
holes,2
sharp,2
quite,2
industry,2
presence,2
up,2
majority,2
developmental,2
triangular,2
society,2
survived,2
hump,2
located,2
overall,2
spiny,2
upward,2
xl,2
outer,2
aligned,2
about,2
gastropods,2
collect,2
sweeping,2
yet,2
makes,2
sex,2
continuity,2
chronology,2
oven,2
coeval,2
planned,2
same,2
vlil,2
indian,2
belonging,2
regional,2
stones,2
sided,2
decoration,2
mark,2
undetermined,2
toward,2
decorative,2
missing,2
xii,2
striking,2
time,2
legs,2
urbanized,2
considerable,2
pennsylvania,2
documents,2
channel,2
conclusions,2
outside,2
ground,2
dales,2
decorations,2
teeth,2
preparation,2
stylistically,2
degree,2
local,2
mughal,2
upon,2
range,2
chronologies,2
sides,2
deposits,2
judge,2
skeletal,2
asian,2
use,2
virtually,2
actual,2
nothing,2
previous,2
california,2
wheel,2
explorations,2
discovered,2
obtaining,2
times,2
would,2
function,2
snead,2
stages,2
probable,2
abundant,2
provides,2
inscribed,2
special,2
cup,2
problems,2
internal,2
date,2
study,2
parallel,2
become,2
mainly,2
do,2
corners,2
geography,2
robert,2
investigations,2
attention,2
dealing,2
depth,2
consists,2
reliable,2
iran,2
relationship,2
provide,2
who,2
detailed,2
investigate,2
considered,2
detail,2
anthropomorphic,2
reddish,2
heavy,2
homogeneity,2
measurements,2
continues,2
occurrences,2
ran,2
different,2
makran,2
down,2
report,2
iii,2
particularly,2
research,2
researches,2
merely,2
presently,2
heads,2
notable,2
form,2
coast,2
want,2
harappan,2
covers,2
palynologist,2
gratitude,2
elrst,2
gulf,2
measure,2
copper,2
shown,2
commercial,2
coated,2
pierced,2
pomadasys,2
provided,2
extremely,2
association,2
harappa,2
supported,2
km,2
consisted,2
deposition,2
ellled,2
much,2
recent,2
close,2
major,2
difficult,1
entities,1
ending,1
snails,1
formulated,1
mostly,1
metal,1
prefer,1
indicated,1
rdiocarbon,1
names,1
correlations,1
northernmost,1
separated,1
fouilles,1
personnel,1
extreme,1
extend,1
trans,1
determine,1
pierce,1
northeast,1
curatorial,1
stylization,1
besore,1
sumerians,1
adoption,1
ultimate,1
considerably,1
introduction,1
string,1
manuscript,1
identifwlcation,1
minutes,1
gedrosia,1
needed,1
complex,1
elve,1
rainer,1
identify,1
join,1
slant,1
services,1
sonmiani,1
rt,1
flows,1
ms,1
trace,1
vitally,1
western,1
potentials,1
aneient,1
filring,1
golden,1
annals,1
contact,1
leads,1
encouragement,1
diffusion,1
consistent,1
biconical,1
olive,1
iw,1
explaining,1
kenoyer,1
unearthed,1
bioklimatologie,1
sources,1
every,1
ghosh,1
certainly,1
topographic,1
ejh,1
farreaching,1
production,1
retouched,1
taken,1
symmetrical,1
rapid,1
stylistic,1
script,1
sunday,1
gazetteer,1
advanced,1
layout,1
tour,1
flowers,1
belong,1
broken,1
suggesting,1
together,1
reasons,1
bichrome,1
bead,1
accumulated,1
analyses,1
origin,1
cooparation,1
arises,1
able,1
disappearance,1
farther,1
closer,1
reveal,1
generalizations,1
pyrum,1
composition,1
begging,1
identically,1
inland,1
introduces,1
cc,1
persistence,1
state,1
miles,1
marine,1
peaceful,1
kharai,1
classified,1
vsa,1
opposite,1
suspension,1
somewhat,1
ash,1
papers,1
depends,1
sound,1
existence,1
badly,1
edges,1
dilmun,1
courtesy,1
catching,1
key,1
ste,1
bird,1
westernmost,1
ibs,1
america,1
aurel,1
draw,1
discuss,1
retain,1
design,1
figs,1
quantities,1
prior,1
determined,1
cooperation,1
open,1
object,1
richard,1
magazine,1
insulaechorab,1
amicable,1
community,1
occurring,1
establishment,1
fur,1
representing,1
promises,1
prototype,1
fragment,1
collection,1
overlaps,1
dera,1
diet,1
framework,1
xol,1
currency,1
retouching,1
includes,1
ismail,1
review,1
laboratoryt,1
relationships,1
alignments,1
nlat,1
explained,1
uz,1
difficulties,1
immediate,1
representations,1
grooves,1
tw,1
eating,1
professor,1
surrounded,1
borderlands,1
meretrix,1
unpublished,1
molded,1
de,1
intact,1
lasts,1
walter,1
grouped,1
calisornia,1
raelque,1
ds,1
sample,1
extensively,1
expected,1
funds,1
guided,1
bulls,1
resting,1
old,1
late,1
places,1
displays,1
oxidized,1
balls,1
amount,1
back,1
spanned,1
highest,1
channels,1
wares,1
difficulty,1
cant,1
suitable,1
estimate,1
publications,1
compare,1
jhukarls,1
identifications,1
drawn,1
shiny,1
ndings,1
look,1
excavator,1
details,1
deeply,1
berkeleyl,1
depths,1
incentive,1
perforate,1
vantage,1
typified,1
elnal,1
poor,1
mohammed,1
philadelphia,1
recognized,1
commissioners,1
town,1
reflects,1
played,1
fuller,1
without,1
damb,1
exact,1
his,1
dilemma,1
purely,1
doctorate,1
main,1
fr,1
centered,1
developed,1
makbackground,1
remain,1
radius,1
unanimously,1
lasting,1
bronson,1
infilled,1
opportunity,1
mortar,1
reworked,1
slipped,1
after,1
persistent,1
eight,1
leave,1
adjustments,1
parts,1
kilns,1
elsh,1
sandy,1
lacking,1
roth,1
front,1
periodic,1
consistency,1
shell,1
firing,1
pebbly,1
means,1
reason,1
harappalg,1
references,1
ij,1
downward,1
category,1
mammologist,1
changes,1
applied,1
day,1
interspersed,1
plus,1
marks,1
inspection,1
consider,1
foothills,1
andara,1
river,1
established,1
jhalawan,1
literary,1
appearing,1
yellow,1
dated,1
signif,1
clearly,1
cowries,1
reconstructions,1
numbers,1
traces,1
differs,1
frequently,1
meluhha,1
age,1
steatite,1
horizontally,1
recovered,1
opcit,1
deface,1
isolation,1
comprising,1
plates,1
capping,1
terminology,1
lu,1
answers,1
suggested,1
providing,1
trained,1
drawing,1
elnding,1
charcoal,1
irrigation,1
whereas,1
sive,1
distribution,1
bearing,1
scientifically,1
rule,1
turbinella,1
faunal,1
called,1
p,1
effort,1
sotkha,1
ocean,1
relate,1
saddle,1
barry,1
zone,1
geophysik,1
luxury,1
persist,1
unpainted,1
accompany,1
initial,1
lndian,1
representative,1
antlers,1
imparts,1
cups,1
traced,1
buried,1
cuts,1
offwlcers,1
viewed,1
intertwined,1
rst,1
xiv,1
yellowish,1
designations,1
public,1
impression,1
r,1
correctly,1
bc,1
implement,1
operculari,1
tool,1
purpose,1
civilisation,1
compass,1
apparent,1
indigenous,1
confirms,1
positions,1
got,1
spite,1
intentionally,1
continuation,1
intermediate,1
place,1
broad,1
sadaat,1
concentrate,1
seated,1
hafeez,1
winter,1
et,1
outposts,1
unfired,1
sts,1
illustrative,1
bennet,1
away,1
elegant,1
floors,1
employed,1
il,1
systematic,1
predominance,1
artifact,1
cruder,1
connections,1
concave,1
regions,1
related,1
depicting,1
construct,1
start,1
normally,1
successful,1
straight,1
tested,1
rump,1
next,1
order,1
multitude,1
hole,1
involved,1
around,1
intervals,1
encompassing,1
habitation,1
shapes,1
eleven,1
smithsonian,1
highly,1
baked,1
executed,1
supposedly,1
seaport,1
latest,1
goblet,1
mixing,1
impossible,1
yielded,1
characterizes,1
generally,1
richness,1
st,1
ta,1
peculiarly,1
results,1
describes,1
using,1
und,1
inverted,1
roots,1
washer,1
finds,1
asghanistan,1
pot,1
gordon,1
schematic,1
activities,1
clumps,1
smashed,1
settlers,1
inturned,1
cite,1
sidney,1
happen,1
led,1
san,1
approximate,1
estuaries,1
investigating,1
casta,1
reduced,1
matter,1
variety,1
transverse,1
numerals,1
fortunately,1
islamabad,1
grinders,1
identified,1
indicative,1
short,1
indeed,1
snapper,1
plans,1
classic,1
fruit,1
hammond,1
intensively,1
stratigraphy,1
corings,1
vll,1
expanded,1
rare,1
standing,1
roads,1
thailand,1
selection,1
positive,1
structural,1
corpus,1
rubbing,1
archiv,1
logistically,1
potted,1
under,1
upwards,1
orange,1
horned,1
included,1
home,1
light,1
complete,1
nundara,1
lll,1
colored,1
literally,1
gomal,1
largest,1
industrial,1
provocative,1
illustrated,1
unusually,1
noted,1
increasingly,1
entwined,1
bordering,1
double,1
gulsand,1
tall,1
routes,1
walled,1
starting,1
museums,1
technique,1
runs,1
stated,1
academy,1
deserves,1
similarly,1
stripes,1
flat,1
added,1
efforts,1
ishtiaque,1
expose,1
limit,1
overwhelming,1
stimulus,1
departments,1
appeared,1
depict,1
attempting,1
larger,1
surfaces,1
unnaturally,1
ndus,1
variation,1
crumbled,1
mold,1
snail,1
plastically,1
minister,1
simple,1
surrounding,1
fits,1
hand,1
plate,1
crowns,1
covered,1
devoted,1
continuing,1
refrain,1
coarse,1
strategies,1
necessary,1
deep,1
generic,1
native,1
jj,1
distance,1
going,1
remarkably,1
outlines,1
ecology,1
northwestern,1
entity,1
fundamentally,1
spongy,1
meaningful,1
situated,1
extended,1
encounter,1
divided,1
agrawal,1
considering,1
own,1
thanks,1
width,1
accompanying,1
helps,1
clarieled,1
sind,1
infusions,1
reside,1
glll,1
findings,1
expression,1
food,1
sanmiani,1
unfortunately,1
assumption,1
exciting,1
assume,1
raikes,1
numbered,1
questions,1
togau,1
processes,1
real,1
continue,1
laboratory,1
examination,1
naka,1
sees,1
rouge,1
cot,1
vii,1
platform,1
xv,1
pls,1
culturalsramework,1
ng,1
directed,1
stress,1
comprehensive,1
express,1
ah,1
urbanism,1
decorated,1
amounts,1
co,1
counter,1
serious,1
allowed,1
characterized,1
like,1
patterned,1
geographically,1
reconstructed,1
ascertained,1
mexico,1
sands,1
obtained,1
kept,1
connects,1
preservation,1
standard,1
pandi,1
enlightenment,1
although,1
pir,1
edged,1
feet,1
ctar,1
geographers,1
xvi,1
effect,1
deciphered,1
comfortably,1
looks,1
slightly,1
twofold,1
wells,1
separates,1
tendency,1
relative,1
joint,1
quarter,1
louisiana,1
united,1
chert,1
la,1
separate,1
ws,1
humped,1
ranging,1
kalibangan,1
somniani,1
indication,1
lo,1
circle,1
today,1
tentative,1
fairly,1
continued,1
recall,1
sometimes,1
crucial,1
usually,1
five,1
foreign,1
impressive,1
testing,1
suggestive,1
program,1
bj,1
conelnes,1
lines,1
sec,1
bulletin,1
referred,1
modified,1
importantly,1
stabile,1
indicate,1
antiquity,1
spanning,1
life,1
why,1
extra,1
construction,1
curving,1
stratified,1
ing,1
forequarters,1
plements,1
centuries,1
instances,1
tocm,1
itself,1
worlds,1
unusual,1
finallys,1
berger,1
ie,1
consulate,1
claims,1
eyed,1
environment,1
suggestions,1
seriously,1
pumped,1
any,1
conclusion,1
osthe,1
mentioned,1
seafaring,1
bonded,1
extending,1
geographic,1
farmed,1
mortimer,1
recognizable,1
cuneiform,1
bronze,1
trenches,1
reconnaissance,1
perhaps,1
preserves,1
aster,1
floodings,1
cover,1
bright,1
dimension,1
tj,1
stem,1
stamp,1
cemetery,1
unfeasible,1
embassy,1
descriptions,1
specialized,1
steven,1
december,1
ratio,1
roman,1
setting,1
seem,1
slgnlilcance,1
genus,1
grouper,1
surprised,1
regard,1
lothal,1
foundation,1
pakistani,1
ff,1
goods,1
fills,1
constant,1
comb,1
past,1
uppermost,1
proposed,1
works,1
tibia,1
evident,1
catalogue,1
offwlcials,1
game,1
virtual,1
delineated,1
journsl,1
seals,1
particular,1
osize,1
terms,1
selected,1
namely,1
rising,1
plants,1
varying,1
add,1
inadvisability,1
map,1
agrees,1
problem,1
heavier,1
extent,1
unwise,1
consisting,1
enigmes,1
while,1
foundations,1
incised,1
pursued,1
zx,1
shah,1
information,1
insides,1
suggests,1
contain,1
habitational,1
ses,1
popular,1
both,1
neck,1
john,1
careful,1
babylonian,1
himalayas,1
prevalent,1
manchar,1
press,1
role,1
unconvincingly,1
easy,1
convinced,1
intended,1
lies,1
dor,1
vertically,1
investigated,1
unrealistically,1
jv,1
beatrice,1
lump,1
reconstruct,1
manufacturing,1
constituted,1
mention,1
isolated,1
representation,1
coming,1
terminal,1
leap,1
relates,1
analogy,1
come,1
shores,1
layers,1
staffs,1
soft,1
locations,1
color,1
cambridge,1
advent,1
protohistoric,1
tabulate,1
national,1
morphological,1
grant,1
charge,1
accept,1
wish,1
course,1
offer,1
joined,1
offshoot,1
sua,1
fauna,1
inverting,1
include,1
delineate,1
green,1
manufacture,1
ll,1
vital,1
defined,1
await,1
increased,1
flora,1
vi,1
specific,1
abdul,1
pear,1
potential,1
carbon,1
removed,1
intentional,1
assumed,1
clarify,1
plethora,1
rajasthan,1
lx,1
hills,1
succeeded,1
chicago,1
lake,1
reached,1
orlgini,1
norman,1
substantial,1
severely,1
adhesion,1
immediately,1
glance,1
nun,1
famous,1
premature,1
successive,1
southeastern,1
ca,1
scoop,1
deeper,1
