WORDCOUNTS,WEIGHT
the,317
and,269
of,242
in,137
to,136
a,96
be,61
is,58
that,49
for,49
as,45
remote,44
by,44
from,43
an,37
on,35
sensing,33
imagery,33
aerial,33
photography,32
can,31
this,29
research,28
with,28
are,28
has,24
film,24
have,24
photos,23
ethnohistorical,23
at,22
it,22
data,22
was,20
such,19
or,19
new,19
information,19
color,18
more,18
also,18
patterns,17
been,16
historical,16
using,16
cultural,15
not,15
ir,15
university,14
will,14
he,14
various,14
were,14
may,13
energy,13
used,13
us,13
use,13
radar,13
national,13
because,12
other,11
land,11
american,10
sources,10
able,10
since,10
than,10
study,10
department,10
black,10
photographs,10
bw,10
environmental,9
survey,9
sensors,9
site,9
indian,9
settlement,9
service,9
many,9
but,9
these,9
only,9
usgs,9
thermal,9
both,9
potential,9
should,9
infrared,8
they,8
easily,8
similar,8
their,8
method,8
sites,8
coverage,8
areas,8
time,8
obtained,8
often,8
ethnohistory,8
methods,8
archival,8
all,7
geological,7
white,7
important,7
r,7
related,7
field,7
soil,7
society,7
south,7
technology,7
where,7
region,7
which,7
archaeological,7
features,7
natural,7
resources,7
available,6
photographic,6
photogrammetry,6
his,6
air,6
most,6
ancient,6
record,6
well,6
records,6
order,6
valuable,6
useful,6
ethnohistorians,6
george,6
archaeology,6
must,6
utilized,6
agricultural,6
virginia,6
through,6
role,6
obtain,6
informants,6
one,5
agency,5
into,5
t,5
wavelengths,5
within,5
recorded,5
human,5
central,5
spectrum,5
center,5
would,5
instruments,5
no,5
levels,5
river,5
lyons,5
its,5
change,5
portion,5
located,5
object,5
southern,5
light,5
john,5
especially,5
ethnohistorian,5
provide,5
science,5
ecological,5
sensitive,5
fields,5
between,5
major,5
difficult,4
way,4
if,4
dc,4
identify,4
federal,4
park,4
test,4
first,4
archaeologists,4
nature,4
improved,4
normal,4
red,4
possible,4
thus,4
due,4
terraces,4
back,4
factors,4
means,4
changes,4
marks,4
emulsion,4
image,4
found,4
out,4
scale,4
mapped,4
photographed,4
engineer,4
several,4
visible,4
value,4
identified,4
microns,4
radiation,4
interpretation,4
kruckman,4
private,4
discussion,4
indiana,4
range,4
navajo,4
landsat,4
three,4
provides,4
thomas,4
ground,4
applications,4
maps,4
analysis,4
conservation,4
environment,4
manual,4
different,4
map,4
theory,4
problem,4
while,4
studying,4
techniques,4
disciplines,4
recording,4
locations,4
although,4
states,4
area,4
much,4
recent,4
building,4
archives,3
introduction,3
large,3
english,3
studies,3
specified,3
history,3
before,3
eye,3
arenal,3
might,3
attempt,3
assist,3
j,3
vegetation,3
california,3
system,3
inexpensive,3
accuracy,3
effective,3
journal,3
general,3
fort,3
special,3
proved,3
resource,3
surface,3
cost,3
problems,3
suggested,3
had,3
result,3
search,3
mapping,3
missouri,3
silver,3
excellent,3
near,3
aspects,3
avery,3
part,3
laurence,3
employed,3
fieldwork,3
genealogical,3
regions,3
small,3
when,3
inquiries,3
provided,3
play,3
corporation,3
tropical,3
still,3
engineering,3
eros,3
ethnographic,3
nw,3
social,3
resolution,3
fanale,3
vogt,3
water,3
demographic,3
road,3
understanding,3
locate,3
combining,3
described,3
obtaining,3
times,3
mexico,3
accurate,3
standard,3
james,3
probably,3
analyze,3
division,3
space,3
program,3
attempted,3
antiquity,3
examine,3
united,3
types,3
forest,3
addressed,3
then,3
following,3
incorporated,3
gumerman,3
quickly,3
anthropology,3
exploration,3
reflected,3
type,3
emissivity,3
spatial,3
volcanic,3
list,3
maryland,3
researchers,3
altered,3
surveys,3
sheets,3
indians,3
temperature,3
beyond,3
offer,3
green,3
specific,3
zones,3
tube,3
now,2
m,2
common,2
created,2
affected,2
revolutionary,2
e,2
magnetic,2
reflective,2
village,2
reflection,2
settlements,2
prediction,2
h,2
completely,2
undetected,2
former,2
feels,2
contact,2
fraction,2
long,2
experimented,2
military,2
utilization,2
delineation,2
s,2
highland,2
transferred,2
there,2
date,2
greatly,2
robert,2
sq,2
evaluation,2
historians,2
capacity,2
prior,2
some,2
recommended,2
determined,2
soils,2
sioux,2
desired,2
variations,2
point,2
electromagnetic,2
exist,2
regarding,2
includes,2
differential,2
ascs,2
unpublished,2
ray,2
usda,2
old,2
stored,2
blank,2
six,2
detecting,2
wet,2
costa,2
predicted,2
managers,2
l,2
growth,2
joan,2
basic,2
landscape,2
process,2
earlier,2
plots,2
tape,2
arid,2
objects,2
established,2
branch,2
weather,2
impact,2
hart,2
permanent,2
films,2
methodology,2
nebraska,2
holdings,2
distribution,2
prehistoric,2
based,2
geoffrey,2
allow,2
could,2
ehrenhard,2
format,2
big,2
meter,2
handbook,2
occupation,2
reviews,2
appears,2
absorption,2
photo,2
flannery,2
planning,2
received,2
tool,2
fraser,2
preferred,2
knowledge,2
tenure,2
revealed,2
northwest,2
structures,2
stimulate,2
wavelength,2
project,2
dakota,2
own,2
papago,2
culbert,2
earth,2
published,2
successful,2
below,2
atmosphere,2
involved,2
cypress,2
cathode,2
mi,2
invaluable,2
texas,2
usual,2
world,2
appropriate,2
passive,2
vantage,2
san,2
second,2
frederick,2
materials,2
scientificamerican,2
converted,2
allen,2
direction,2
guide,2
communities,2
under,2
management,2
included,2
falls,2
same,2
aeronautics,2
costs,2
two,2
regional,2
street,2
sunlight,2
ultraviolet,2
rather,2
organizations,2
gain,2
technique,2
request,2
axtell,2
frost,2
utilizing,2
contemporary,2
pennsylvania,2
man,2
forms,2
existing,2
michael,2
strategies,2
necessary,2
agencies,2
native,2
number,2
maya,2
another,2
local,2
analyzed,2
collecting,2
made,2
enhanced,2
findings,2
angle,2
shades,2
sequence,2
ethnic,2
actual,2
maintains,2
advantages,2
scanning,2
discovered,2
historic,2
publication,2
cartographic,2
strandberg,2
high,2
article,2
systems,2
parallel,2
photogrammetric,2
effect,2
structure,2
wills,2
parameters,2
we,2
hackenberg,2
la,2
gleaned,2
european,2
neely,2
aid,2
bowen,2
primarily,2
predict,2
collections,2
ordering,2
parsons,2
understand,2
indicate,2
construction,2
researcher,2
eugene,2
eosat,2
any,2
radiant,2
salts,2
characteristics,2
known,2
nasa,2
constructed,2
temporal,2
distributes,2
over,2
paper,2
jorge,2
current,2
proportional,2
epistemological,2
far,2
cultivation,2
guinea,2
past,2
conklin,2
better,2
phd,2
william,2
what,2
fuller,2
combined,2
them,2
varying,2
foundations,2
guidebook,2
suggests,2
phenomena,2
presented,2
successfiully,2
practices,2
activated,2
press,2
administration,2
conventional,2
secured,2
trigger,2
snow,2
frances,2
until,2
years,2
illinois,2
conditions,2
write,2
cinder,2
clues,2
entire,2
little,2
traditional,2
arizona,2
bernard,1
does,1
gerald,1
transportation,1
produces,1
zero,1
emulsions,1
ofphotography,1
oriented,1
convergence,1
overgrazing,1
representing,1
concerned,1
later,1
treaties,1
generated,1
generous,1
tropics,1
scholar,1
represent,1
ritual,1
nathanael,1
combine,1
volta,1
utility,1
manuscript,1
subenvironments,1
passing,1
becoming,1
svehlak,1
erts,1
properly,1
enhance,1
tend,1
stone,1
rogers,1
renamed,1
likely,1
library,1
true,1
mexican,1
anthropogeographic,1
modern,1
laboratory,1
protection,1
devices,1
locale,1
organic,1
unlike,1
total,1
holding,1
ofanthropology,1
source,1
permitted,1
porous,1
negative,1
roadways,1
fluctuations,1
metallic,1
file,1
being,1
explaining,1
cherokee,1
familiarity,1
production,1
interests,1
adaptable,1
implications,1
give,1
colors,1
taken,1
vols,1
address,1
possesses,1
rapid,1
njqer,1
emerged,1
goal,1
chemicals,1
altering,1
confirmed,1
height,1
menlo,1
reexamined,1
individuals,1
leading,1
homestead,1
advantage,1
wainwright,1
together,1
short,1
reasons,1
compounds,1
exotic,1
government,1
aircraft,1
atlantic,1
reveal,1
mississippi,1
room,1
i,1
subsequent,1
efficiently,1
panchromatic,1
written,1
respond,1
henry,1
consulting,1
those,1
political,1
el,1
digital,1
filtering,1
dogon,1
scanner,1
depends,1
governmental,1
moisture,1
volcan,1
linear,1
anthropologists,1
scans,1
enlarged,1
constraint,1
america,1
incorporate,1
agriculture,1
great,1
quantities,1
holocene,1
distributing,1
activity,1
reaching,1
drive,1
infraredscanned,1
adopting,1
insight,1
measuring,1
clear,1
very,1
sent,1
quantity,1
chart,1
apply,1
promises,1
newsweek,1
rangeland,1
deserted,1
inventory,1
pursuing,1
harold,1
exposed,1
acres,1
piedmont,1
chaco,1
squash,1
iron,1
accessible,1
review,1
relationships,1
historically,1
reverse,1
distinctive,1
vigorous,1
roger,1
magnetometer,1
quality,1
mm,1
calculated,1
rotating,1
tehuacan,1
analyzing,1
pursuit,1
stains,1
de,1
integral,1
longitudinal,1
base,1
regarded,1
stereovision,1
mailing,1
spot,1
pm,1
application,1
trail,1
extensively,1
expected,1
given,1
learning,1
forced,1
crt,1
estimates,1
undiscovered,1
micron,1
elements,1
developments,1
clark,1
tispectral,1
perspective,1
frustrating,1
depend,1
imprimerie,1
amount,1
disproportionately,1
intensities,1
speed,1
determination,1
houses,1
gogois,1
circumference,1
compared,1
kinship,1
single,1
networks,1
explore,1
even,1
pueblo,1
consequently,1
spite,1
tones,1
lens,1
discovering,1
react,1
walls,1
higher,1
drained,1
poor,1
utilizes,1
enhancing,1
alleged,1
adequate,1
york,1
town,1
midday,1
norse,1
without,1
millimicrons,1
exact,1
ordinance,1
bring,1
luzon,1
across,1
highlands,1
held,1
tonal,1
dry,1
how,1
remain,1
magnetometers,1
physiogeographic,1
capture,1
highway,1
pinpoint,1
active,1
arrangements,1
steamboats,1
granted,1
payson,1
derived,1
elachi,1
assuming,1
scales,1
distant,1
undoubtedly,1
feel,1
radiating,1
satellites,1
moves,1
resistivity,1
guides,1
lots,1
suffice,1
asa,1
recherches,1
recalled,1
consultation,1
affect,1
wanted,1
needless,1
organization,1
improvement,1
benefits,1
intensive,1
potomac,1
dated,1
clearly,1
latin,1
section,1
fortifications,1
placed,1
bruce,1
cooley,1
k,1
differs,1
w,1
upper,1
largescale,1
retrospective,1
delta,1
additional,1
chariton,1
follow,1
submerged,1
generally,1
substantiated,1
langer,1
requires,1
terminology,1
utah,1
visibly,1
metal,1
swidden,1
intricacies,1
providing,1
view,1
perceive,1
nsf,1
pencil,1
irrigation,1
closely,1
identifying,1
path,1
location,1
bearing,1
societies,1
folsom,1
holds,1
carrying,1
stajournal,1
typical,1
solved,1
pulse,1
patrick,1
deal,1
international,1
pass,1
events,1
census,1
carolina,1
mesoamerican,1
pioneer,1
noting,1
viking,1
dani,1
chlorophyll,1
accompany,1
dyes,1
term,1
acquiring,1
further,1
fourth,1
preston,1
briefly,1
transactions,1
receive,1
war,1
circular,1
archtologie,1
recently,1
milton,1
produced,1
wherein,1
sensor,1
however,1
pollen,1
burgess,1
saving,1
absolute,1
pleistocene,1
yehuda,1
find,1
filter,1
hunters,1
ther,1
technical,1
line,1
minute,1
work,1
gatherers,1
tr,1
bc,1
horticulture,1
ideal,1
carry,1
floodplain,1
concept,1
county,1
user,1
sharon,1
unrealized,1
example,1
calls,1
archaeophysical,1
electrical,1
indigenous,1
recommends,1
description,1
surprise,1
indexes,1
whole,1
roll,1
v,1
tilled,1
discussions,1
during,1
place,1
actually,1
bat,1
pan,1
surrounding,1
graph,1
approach,1
heider,1
annotated,1
picture,1
good,1
solution,1
computer,1
construct,1
caused,1
level,1
things,1
reliable,1
microfilms,1
tested,1
alto,1
applicability,1
catholic,1
television,1
contrast,1
pond,1
night,1
coordinator,1
heat,1
accomplished,1
wider,1
concerns,1
highly,1
bridge,1
oral,1
acts,1
postdoctoral,1
distinguished,1
portions,1
boundaries,1
fiunction,1
corporations,1
lindgren,1
fully,1
chail,1
annual,1
up,1
inability,1
photometer,1
proper,1
pa,1
coe,1
ellen,1
plausible,1
preliminary,1
finds,1
emitted,1
am,1
pouquet,1
ofthe,1
periods,1
middlefield,1
f,1
critical,1
therefore,1
led,1
transform,1
delineating,1
sylvia,1
fund,1
ceremonial,1
matter,1
summarize,1
aperture,1
visually,1
scientific,1
populations,1
indicative,1
comparative,1
limited,1
cloud,1
constraints,1
etc,1
rheinisches,1
prove,1
proton,1
above,1
garden,1
orbit,1
microwave,1
recreating,1
roads,1
tends,1
positive,1
percentage,1
about,1
once,1
chronicle,1
simultaneous,1
pacific,1
springs,1
kent,1
nstl,1
lampert,1
randomized,1
examined,1
represents,1
rules,1
happened,1
fishtraps,1
detectable,1
sociocultural,1
exposure,1
latitude,1
selective,1
neither,1
index,1
processing,1
sociological,1
finders,1
orders,1
illuminated,1
culture,1
congruent,1
ed,1
experiment,1
wisconsin,1
insights,1
registration,1
dames,1
reports,1
noted,1
she,1
inheritance,1
avoided,1
ridged,1
eads,1
fellow,1
name,1
successfully,1
french,1
power,1
toward,1
again,1
spend,1
death,1
academy,1
locating,1
fieldguides,1
addition,1
residence,1
agreat,1
complementary,1
lighter,1
cultivated,1
fact,1
locational,1
lack,1
preserve,1
shade,1
scholars,1
striking,1
proposal,1
agree,1
appeared,1
documents,1
crop,1
eruptions,1
habitat,1
plagued,1
surfaces,1
gray,1
rica,1
considerable,1
fashion,1
discussed,1
utilize,1
simple,1
anthropologist,1
never,1
enough,1
took,1
mali,1
present,1
geography,1
sandia,1
chroma,1
ninety,1
covered,1
landesmuseum,1
skylab,1
developing,1
purposes,1
coarse,1
accepted,1
karl,1
see,1
geegraphical,1
material,1
nocturnal,1
perhaps,1
reconstructing,1
frequency,1
style,1
gives,1
manuals,1
free,1
bilization,1
chair,1
perseverance,1
outlines,1
ecology,1
remained,1
entity,1
original,1
demonstrated,1
incident,1
collier,1
greatest,1
hue,1
sensory,1
coherent,1
examples,1
completed,1
upon,1
ecologically,1
lake,1
increase,1
canals,1
identification,1
contract,1
ofmedicine,1
significant,1
exciting,1
began,1
causes,1
products,1
harvard,1
questions,1
exhibited,1
services,1
continue,1
aids,1
overlap,1
previous,1
office,1
necessitated,1
dating,1
involves,1
subsurface,1
trade,1
low,1
mayan,1
adding,1
authors,1
sensitivity,1
inadequate,1
perpendicular,1
aeronautical,1
like,1
estancia,1
plant,1
reconstructed,1
collected,1
stages,1
mountain,1
administrative,1
systeme,1
probable,1
anyone,1
after,1
procuring,1
permitting,1
airborne,1
depository,1
favored,1
random,1
outside,1
settler,1
constructing,1
become,1
narrow,1
palo,1
geographers,1
ann,1
acquire,1
slightly,1
farmstead,1
occupied,1
destruction,1
relative,1
incoming,1
reluctant,1
visit,1
photomaps,1
increasing,1
ranging,1
pictorial,1
assigned,1
relationship,1
dual,1
assisting,1
perspectives,1
note,1
processed,1
figure,1
vision,1
reining,1
box,1
claimed,1
altitude,1
begin,1
select,1
vertical,1
institutions,1
becomes,1
investigators,1
mood,1
who,1
directions,1
seen,1
papers,1
returned,1
markers,1
reservations,1
rapidly,1
countries,1
inanthropological,1
payment,1
extra,1
agache,1
achieve,1
rosalie,1
frontier,1
measured,1
mirror,1
interpretive,1
gathered,1
earliest,1
tribe,1
fertility,1
school,1
assistant,1
anthropological,1
contained,1
rarely,1
kodak,1
ethnological,1
founded,1
simply,1
celtic,1
detect,1
aerienne,1
precise,1
recognizable,1
ralph,1
reconnaissance,1
carl,1
rocky,1
sciences,1
offers,1
kedar,1
satellite,1
set,1
verify,1
colorado,1
cover,1
bright,1
detector,1
know,1
introducing,1
country,1
cemetery,1
dismantled,1
worth,1
ratio,1
capability,1
roman,1
setting,1
did,1
incorporating,1
restrictive,1
volcano,1
emit,1
report,1
foundation,1
particularly,1
sc,1
nouvelles,1
rely,1
ordered,1
dugum,1
parch,1
works,1
advances,1
slar,1
ofdenver,1
day,1
jean,1
delineated,1
ofpennsylvania,1
preexisting,1
vs,1
nominal,1
transfers,1
unique,1
aiding,1
selected,1
sociology,1
climatological,1
seasonal,1
protective,1
leaving,1
adaptation,1
ethnography,1
rating,1
create,1
institute,1
priscilla,1
lidar,1
almost,1
terre,1
emphasis,1
dedication,1
italian,1
chibcha,1
art,1
size,1
topographical,1
forarchaeolygical,1
geographicalreview,1
kin,1
beach,1
farmland,1
content,1
became,1
easy,1
giving,1
ioom,1
transition,1
target,1
contribute,1
programs,1
tzolzil,1
reconstruct,1
images,1
appointed,1
goals,1
waves,1
slight,1
contrasts,1
our,1
disadvantages,1
acceptability,1
models,1
commercial,1
unable,1
interested,1
generate,1
photoarchaeological,1
similarity,1
copies,1
nile,1
grant,1
probatoire,1
explanation,1
assists,1
iom,1
instead,1
include,1
salt,1
nimbus,1
delineate,1
need,1
absorbs,1
sur,1
annr,1
broadbent,1
defined,1
forming,1
limitations,1
landforms,1
extremely,1
madison,1
association,1
increased,1
requesting,1
comparison,1
needs,1
charles,1
paleoindian,1
indicating,1
nitrate,1
ofaerial,1
c,1
damp,1
early,1
spectral,1
valley,1
ownership,1
interaction,1
verified,1
corn,1
abandoned,1
duration,1
mclaurin,1
among,1
willing,1
north,1
sidelap,1
meeting,1
successive,1
ca,1
built,1
signals,1
occur,1
retention,1
