WORDCOUNTS,WEIGHT
the,441
and,412
of,297
in,96
a,75
to,67
this,59
pages,56
isbn,56
index,53
paper,50
on,50
white,48
black,48
as,45
from,43
line,37
archaeology,37
press,34
photographs,33
university,32
volume,31
new,30
for,27
at,23
archaeological,23
with,22
cloth,22
are,20
no,18
is,18
chapters,17
author,17
site,17
social,17
include,17
editors,16
by,13
an,13
early,13
appendices,12
cultural,12
well,12
it,11
that,11
political,11
study,11
topics,11
complex,10
essays,10
address,10
its,10
focuses,10
world,10
ancient,10
maya,10
present,10
american,9
history,9
first,9
such,9
landscape,9
florida,9
other,9
series,9
historical,9
studies,8
presents,8
collection,8
stone,8
was,8
color,8
sites,8
data,8
settlement,8
art,8
role,8
ethics,7
book,7
their,7
societies,7
field,7
also,7
rock,7
xv,7
analysis,7
through,7
editor,7
between,7
focus,7
e,6
practices,6
xiii,6
ad,6
discuss,6
addresses,6
throughout,6
publications,6
how,6
artifacts,6
during,6
water,6
time,6
maritime,6
region,6
skeletal,6
use,6
period,6
craft,6
addressed,6
texas,6
both,6
cambridge,6
evidence,6
north,6
major,6
authority,5
excavation,5
evolution,5
j,5
uses,5
development,5
excavations,5
old,5
landscapes,5
age,5
origins,5
prehistoric,5
research,5
society,5
south,5
community,5
museum,5
included,5
islam,5
culture,5
regional,5
l,5
ceramic,5
documents,5
focusing,5
project,5
provides,5
perspectives,5
maps,5
life,5
methods,5
environment,5
practice,5
past,5
theory,5
remains,5
arizona,5
environmental,4
lower,4
archaeologists,4
daily,4
survey,4
case,4
x,4
resources,4
central,4
concerning,4
legal,4
xi,4
management,4
view,4
international,4
used,4
work,4
contains,4
people,4
change,4
order,4
various,4
populations,4
southern,4
pacific,4
chronology,4
reports,4
more,4
native,4
disease,4
findings,4
radiocarbon,4
were,4
trade,4
interpretations,4
james,4
examines,4
detailed,4
papers,4
sequences,4
transformation,4
not,4
report,4
c,4
economy,4
while,4
imperial,4
information,4
des,4
colonial,4
using,4
presidio,3
altamira,3
groups,3
group,3
one,3
into,3
themes,3
different,3
production,3
analyses,3
julie,3
state,3
robert,3
geophysical,3
vol,3
ritual,3
walnut,3
de,3
contributors,3
snake,3
journal,3
than,3
costa,3
alabama,3
communities,3
rather,3
main,3
coastal,3
b,3
ix,3
contributions,3
cave,3
river,3
proposed,3
plenum,3
important,3
raw,3
found,3
deal,3
academic,3
though,3
burial,3
xvii,3
xiv,3
because,3
tool,3
part,3
issues,3
broad,3
records,3
et,3
fieldwork,3
lapita,3
mediterranean,3
around,3
spanish,3
goddess,3
settlers,3
chronological,3
variety,3
publishers,3
economic,3
service,3
classic,3
interactions,3
guide,3
reference,3
kluwer,3
shaker,3
but,3
only,3
french,3
paul,3
power,3
ossuary,3
john,3
debates,3
contemporary,3
forms,3
archaeologies,3
material,3
discussion,3
discovery,3
range,3
previously,3
recovery,3
which,3
publication,3
spread,3
m,3
ranging,3
africa,3
five,3
monuments,3
united,3
conservation,3
school,3
stratigraphic,3
changing,3
seafaring,3
known,3
bronze,3
text,3
cemetery,3
roman,3
key,3
best,3
appendix,3
written,3
spatial,3
terms,3
coast,3
covers,3
agricultural,3
institute,3
presented,3
pecos,3
african,3
transition,3
belize,3
models,3
years,3
chronologies,3
area,3
be,3
traditional,3
gulf,3
among,3
nicholas,2
way,2
iowa,2
expedition,2
college,2
introduction,2
they,2
village,2
center,2
mesoamerica,2
larry,2
second,2
approaches,2
drawings,2
modern,2
trace,2
western,2
du,2
sources,2
barque,2
creation,2
originally,2
all,2
england,2
nature,2
great,2
simple,2
monitor,2
mississippi,2
there,2
xx,2
date,2
blackwell,2
investigations,2
bioarchaeology,2
british,2
east,2
historians,2
primary,2
america,2
design,2
possible,2
politics,2
timothy,2
along,2
diversity,2
human,2
iron,2
guillemin,2
review,2
tables,2
g,2
interest,2
santa,2
walter,2
repatriation,2
arranged,2
explore,2
phases,2
americans,2
town,2
his,2
highlands,2
developed,2
calculation,2
winona,2
special,2
burials,2
paleolithic,2
intensive,2
organized,2
impact,2
rafinesque,2
w,2
four,2
most,2
show,2
lithic,2
founding,2
shanidar,2
metal,2
artistic,2
ranges,2
standards,2
p,2
ethnohistorical,2
thearchaeology,2
tools,2
tikal,2
dumbarton,2
wide,2
memory,2
xix,2
future,2
r,2
gender,2
egalitarian,2
aztec,2
oaks,2
structures,2
surrounding,2
artifact,2
bab,2
good,2
alluvial,2
results,2
finds,2
australasian,2
investigating,2
contact,2
anniversary,2
islands,2
copan,2
religious,2
biological,2
about,2
recounts,2
or,2
publishing,2
these,2
museums,2
heritage,2
technique,2
death,2
wetlands,2
analytical,2
scholars,2
xii,2
areas,2
vernon,2
rivas,2
discussed,2
chiefdom,2
readers,2
everyday,2
ground,2
eisenbrauns,2
books,2
understanding,2
virgin,2
recover,2
jamestown,2
rivers,2
individuals,2
uss,2
students,2
described,2
pensacola,2
three,2
comprehensive,2
health,2
individual,2
symposium,2
architectural,2
sandals,2
features,2
preservation,2
thomas,2
quick,2
xvi,2
mainly,2
d,2
artisans,2
pottery,2
attention,2
european,2
seasons,2
islamic,2
george,2
practical,2
primarily,2
seen,2
understand,2
deals,2
volumes,2
goldworking,2
types,2
susan,2
stephen,2
sections,2
anthropological,2
associated,2
xxiv,2
athens,2
cotsen,2
physical,2
glimpse,2
offers,2
alternative,2
cover,2
over,2
control,2
each,2
specialized,2
capital,2
domestic,2
goods,2
aerial,2
rural,2
type,2
catalogue,2
integrates,2
according,2
bajo,2
basics,2
proceedings,2
iximche,2
particular,2
emphasis,2
portraits,2
multiple,2
city,2
techniques,2
lists,2
numerous,2
national,2
land,2
states,2
shakers,2
prospects,2
era,2
famous,2
roles,2
map,2
final,1
entities,1
go,1
does,1
dale,1
now,1
barbara,1
done,1
struggle,1
situate,1
flow,1
damian,1
later,1
religions,1
stylistic,1
commentary,1
centering,1
scholar,1
created,1
commitment,1
toolkit,1
represent,1
jane,1
mysteries,1
foraging,1
toarchaeology,1
per,1
trash,1
interrelationships,1
pendants,1
cyprus,1
subsaharan,1
identify,1
designed,1
crafting,1
yarmuth,1
forgeries,1
reemerging,1
picking,1
english,1
h,1
marcus,1
undetected,1
himanshu,1
former,1
ideals,1
protection,1
undertaken,1
committee,1
cargo,1
inequality,1
before,1
communicating,1
feels,1
liquids,1
rosemary,1
cultura,1
contexts,1
reemergence,1
test,1
island,1
cast,1
either,1
australia,1
sublimated,1
long,1
schaub,1
statuary,1
neolithic,1
ii,1
attempts,1
might,1
humans,1
anagnostis,1
xxi,1
emerged,1
advanced,1
asia,1
reevaluation,1
mercury,1
confirmed,1
s,1
summation,1
tradition,1
explores,1
secondary,1
agrarian,1
examination,1
accompanied,1
ben,1
larcheologie,1
portrayal,1
rich,1
elgin,1
follows,1
studied,1
atlantic,1
geopolities,1
kingdom,1
assays,1
introduces,1
feature,1
articles,1
fresh,1
wall,1
vegetation,1
last,1
chiefdoms,1
those,1
deriving,1
minieres,1
behind,1
context,1
digital,1
issue,1
globe,1
whiskey,1
plain,1
eastern,1
subheadings,1
centers,1
struggled,1
formulation,1
cakchiquel,1
task,1
guidelines,1
matthew,1
bones,1
agriculture,1
draw,1
caesars,1
colombia,1
account,1
replacement,1
prior,1
some,1
cooperation,1
enforcement,1
concentrating,1
prehispanic,1
cap,1
epigraphy,1
klisoura,1
richard,1
naturalist,1
fine,1
west,1
interdisciplinary,1
point,1
palaeoethnobotanical,1
realistic,1
agelarakis,1
compares,1
representing,1
historic,1
himself,1
measurement,1
cretan,1
inventory,1
walam,1
framework,1
karen,1
implements,1
endeavor,1
conflict,1
thus,1
andrew,1
includes,1
accessible,1
fracture,1
ronald,1
accuracy,1
eventual,1
ethical,1
officielles,1
portfolio,1
interior,1
against,1
xxiii,1
integral,1
millennium,1
relatively,1
regarded,1
jeremy,1
conducted,1
assessment,1
century,1
palaeolithic,1
flasks,1
insoll,1
adam,1
nor,1
heterarchical,1
citystates,1
david,1
subjects,1
body,1
slave,1
lineage,1
suitable,1
dates,1
egypt,1
effective,1
single,1
compare,1
schele,1
drawn,1
projectarchaeology,1
details,1
traditions,1
bills,1
boxes,1
paste,1
celebrating,1
crossroads,1
industries,1
may,1
van,1
civilization,1
transhumance,1
fort,1
bull,1
essential,1
constellations,1
supernatural,1
act,1
theopetra,1
alstralian,1
slavery,1
principally,1
across,1
smoking,1
basic,1
posits,1
square,1
sw,1
centralization,1
cult,1
analyzes,1
tel,1
importance,1
se,1
certain,1
population,1
illustrations,1
distant,1
practicing,1
cueva,1
addressing,1
guides,1
means,1
lives,1
changes,1
prehistory,1
objects,1
xxxviii,1
organization,1
established,1
cad,1
specialization,1
section,1
byzantine,1
allocation,1
air,1
record,1
mary,1
house,1
epipaleolithic,1
too,1
profile,1
upper,1
orientation,1
resource,1
additional,1
franchthi,1
surface,1
superieur,1
beyond,1
peru,1
indications,1
cotton,1
peninsula,1
cost,1
ceremony,1
terminology,1
unbound,1
puts,1
portrays,1
flakes,1
providing,1
stands,1
patrimoine,1
methodology,1
nebraska,1
assessments,1
pelmsylvania,1
moving,1
result,1
came,1
lock,1
based,1
thousands,1
cd,1
professionals,1
bearing,1
histories,1
public,1
marion,1
kingship,1
chipped,1
called,1
access,1
mapping,1
seven,1
kate,1
out,1
mick,1
fishing,1
census,1
mesoamerican,1
oxforddictionary,1
poetry,1
term,1
late,1
sentencing,1
occupation,1
unworked,1
technical,1
caves,1
war,1
photography,1
historicalarchaeology,1
residential,1
ceramics,1
produced,1
intensity,1
placed,1
pollen,1
ofamerican,1
produce,1
guidance,1
taught,1
method,1
flaked,1
structure,1
near,1
isotope,1
coped,1
warriors,1
journals,1
douglas,1
francs,1
monacan,1
glossary,1
received,1
issuses,1
los,1
andes,1
nine,1
concept,1
discusses,1
trafalgar,1
training,1
knowledge,1
tombs,1
woodland,1
geology,1
loss,1
fit,1
discussions,1
jo,1
beads,1
lifeways,1
legislation,1
rise,1
hampshire,1
hattula,1
xviii,1
vijayanagara,1
seminars,1
sicily,1
status,1
ucla,1
capo,1
manifestation,1
t,1
regions,1
depositional,1
published,1
responses,1
excavated,1
mesopotamia,1
adherents,1
dictionary,1
holes,1
trading,1
le,1
quite,1
arbitrary,1
involved,1
specifically,1
eastend,1
encompasses,1
small,1
several,1
influence,1
characteristics,1
few,1
concerns,1
multinational,1
dramatic,1
cash,1
geomorphic,1
decline,1
codes,1
villages,1
sculptures,1
da,1
minos,1
ancientmaya,1
ofmemory,1
generally,1
jordan,1
st,1
describes,1
paid,1
estates,1
rican,1
ellen,1
activities,1
tennessee,1
jeffrey,1
periods,1
edn,1
flourished,1
integrating,1
battle,1
thte,1
microwear,1
eglinton,1
he,1
likely,1
habitats,1
ceremonial,1
atquirigua,1
scientific,1
spaces,1
action,1
synthesis,1
comparative,1
expansion,1
brings,1
sar,1
indicates,1
ofarchaeology,1
yvette,1
standing,1
registered,1
selection,1
engineering,1
portraitsfromancientperu,1
scarcity,1
carla,1
oxford,1
unprovenienced,1
interpretation,1
astroms,1
represents,1
stephanie,1
thought,1
precolumbian,1
newick,1
array,1
under,1
olum,1
neither,1
css,1
merchant,1
palmer,1
tax,1
light,1
guatemala,1
same,1
cahiers,1
naval,1
indian,1
excellence,1
reprint,1
illustrated,1
containing,1
iroquoian,1
two,1
identification,1
touching,1
skeletons,1
fill,1
catalog,1
fabulous,1
provide,1
members,1
oral,1
funerary,1
name,1
carolyn,1
ofarizona,1
communityand,1
reporting,1
responsibilities,1
put,1
motifs,1
towards,1
many,1
demographic,1
investigates,1
fact,1
shows,1
stories,1
oflithic,1
communautes,1
occurrence,1
penelope,1
plan,1
contradict,1
together,1
classical,1
rica,1
figurines,1
variation,1
pennsylvania,1
external,1
zealand,1
depict,1
ruler,1
patterns,1
outside,1
v,1
locales,1
centre,1
covered,1
model,1
en,1
anciens,1
moche,1
developing,1
archaeobotanical,1
empire,1
relevant,1
judith,1
patty,1
deep,1
showing,1
musees,1
style,1
chalcolithic,1
manuals,1
shifts,1
ofravello,1
free,1
encountered,1
mill,1
day,1
polities,1
degree,1
palestine,1
argues,1
interpreting,1
process,1
archeologiques,1
local,1
original,1
xniii,1
xli,1
technologies,1
lauren,1
exploring,1
kathleen,1
missionary,1
examples,1
considering,1
comprise,1
assemblages,1
augustus,1
including,1
retains,1
mortuary,1
canals,1
crafts,1
identity,1
reconstructs,1
robinson,1
maria,1
peten,1
ideas,1
products,1
processes,1
yucatdn,1
jodi,1
full,1
office,1
california,1
dating,1
vii,1
sunken,1
militaristic,1
significance,1
stelae,1
meanings,1
zimbabwe,1
authors,1
taxonomic,1
statues,1
utilitarianartifacts,1
mississippian,1
christopher,1
times,1
divisions,1
ofrafinesque,1
caribbean,1
collaboration,1
revised,1
geographically,1
function,1
plant,1
mexico,1
panels,1
households,1
fred,1
martin,1
reuse,1
exchange,1
perfume,1
oxbow,1
graves,1
problems,1
systems,1
mining,1
evolutionary,1
aegean,1
unworldly,1
wreck,1
can,1
osteobiography,1
probably,1
ethnohistory,1
looks,1
greece,1
southwest,1
adaptations,1
pipe,1
northern,1
shamanic,1
figures,1
occupied,1
industrialization,1
atlas,1
professional,1
adaptive,1
glyptic,1
peyote,1
greek,1
la,1
canterbury,1
theartifacts,1
alaska,1
dietary,1
dealing,1
assigned,1
relationship,1
imply,1
humanities,1
independent,1
continued,1
inhabitants,1
sometimes,1
kenneth,1
usually,1
linda,1
criminal,1
lines,1
europeennes,1
negev,1
statutes,1
who,1
geophysiques,1
ofthe,1
millennia,1
lightning,1
interplay,1
lapidary,1
plains,1
covering,1
antiquity,1
minoan,1
combines,1
construction,1
sheds,1
dead,1
fields,1
centuries,1
worlds,1
arts,1
mounds,1
looter,1
guatemalan,1
earliest,1
biology,1
considered,1
historique,1
any,1
melanesia,1
ruth,1
extensive,1
wear,1
paleolithique,1
christophe,1
palace,1
ralph,1
colorado,1
rurales,1
synthesizes,1
readily,1
anthropology,1
cultures,1
tuberculosis,1
hohokam,1
india,1
novel,1
global,1
ivory,1
lapp,1
websites,1
propaganda,1
colonisation,1
guild,1
cyrpus,1
prabha,1
particularly,1
polynesian,1
far,1
powhatan,1
jennifer,1
examining,1
eponymous,1
chesapeake,1
living,1
interactive,1
plantation,1
places,1
animal,1
prosecute,1
william,1
aurelius,1
what,1
investigation,1
circles,1
them,1
rose,1
stability,1
form,1
list,1
multidisciplinary,1
nearby,1
artifactual,1
edinburgh,1
fiull,1
edipuglia,1
distribution,1
adaptation,1
xxxii,1
her,1
complexity,1
studying,1
explored,1
parcels,1
resident,1
suggests,1
reclamation,1
urban,1
rearrangement,1
jordanian,1
vessels,1
conference,1
emergent,1
dams,1
introduced,1
sea,1
despite,1
beer,1
participant,1
variability,1
infamous,1
historicalarchaeologies,1
nonhuman,1
contribute,1
arguments,1
sinking,1
manufacturing,1
divided,1
challenges,1
indians,1
isolated,1
colloquium,1
definitions,1
examinations,1
formation,1
polynesia,1
survival,1
recording,1
locations,1
reveals,1
have,1
chemical,1
catherine,1
finally,1
trauma,1
documentation,1
course,1
manufacturers,1
americas,1
buikstra,1
consumption,1
canadian,1
cobble,1
perpetrator,1
involving,1
effects,1
piece,1
programme,1
presenting,1
association,1
indices,1
summary,1
marcello,1
specific,1
charles,1
vessel,1
charlotte,1
coahuila,1
quirigua,1
recounted,1
combination,1
themoatfield,1
judea,1
debate,1
partial,1
views,1
lemba,1
develop,1
dental,1
much,1
peabody,1
strong,1
taylor,1
philippines,1
zones,1
concise,1
profiles,1
portrait,1
customs,1
gold,1
richly,1
continuously,1
