WORDCOUNTS,WEIGHT
the,64
of,61
and,47
university,38
index,36
press,35
cl,33
pb,29
w,29
b,29
in,27
archaeology,24
new,21
no,12
price,11
at,10
refs,10
a,10
ed,10
cambridge,10
archaeological,10
texas,10
for,9
san,8
m,7
with,6
eds,6
h,5
studies,5
prehistory,5
by,5
bib,5
des,5
on,5
publications,5
la,5
van,4
yale,4
museum,4
history,4
paul,4
j,4
report,4
survey,4
state,4
cultural,4
iowa,4
thames,4
r,4
hudson,4
de,4
florida,4
mexico,3
l,3
e,3
directions,3
rescue,3
center,3
southern,3
contributions,3
ancient,3
volume,3
french,3
antonio,3
edition,3
fourth,3
to,3
papers,3
council,3
maya,3
people,3
historic,3
revised,3
david,3
research,3
chicago,3
journal,3
col,3
arizona,3
glen,2
ancienne,2
wendorf,2
act,2
college,2
american,2
essays,2
evolution,2
stone,2
canada,2
les,2
methodist,2
n,2
from,2
origins,2
comite,2
natural,2
dc,2
ofancient,2
anthropological,2
prehistoric,2
archaeologica,2
available,2
international,2
siderurgie,2
banks,2
pour,2
proceedings,2
michael,2
british,2
angela,2
flint,2
free,2
advisory,2
uispp,2
vol,2
don,2
tjeerd,2
island,2
harold,2
harvard,2
human,2
auf,2
et,2
dating,2
national,2
charge,2
peter,2
held,2
symposium,2
d,2
sur,2
mediterranean,2
preservation,2
fred,2
thomas,2
c,2
world,2
joel,2
greek,2
scandinavian,1
sumner,1
alabama,1
f,1
bandera,1
german,1
chalcatzingo,1
bog,1
publishing,1
note,1
institut,1
bureau,1
forschungen,1
illus,1
dm,1
growth,1
practical,1
dimitar,1
landscape,1
curtis,1
andean,1
eskimos,1
hansen,1
cerros,1
subsistence,1
april,1
stratigraphica,1
accommodating,1
colin,1
landscapes,1
chaeological,1
album,1
plains,1
complex,1
tylecote,1
creek,1
dans,1
as,1
polytechnic,1
caubet,1
united,1
animals,1
sage,1
bibs,1
english,1
summaries,1
raymond,1
recherches,1
nations,1
susan,1
mission,1
joseph,1
assad,1
quantitative,1
segmentary,1
jana,1
puzzle,1
bo,1
salado,1
ofprehistoric,1
biographical,1
culture,1
sondage,1
amarna,1
newbury,1
legislative,1
venatoria,1
du,1
scientifiques,1
advancing,1
subscription,1
age,1
shelia,1
congress,1
nonagricultural,1
lise,1
first,1
sequence,1
franchthi,1
rise,1
kay,1
beyond,1
peru,1
protection,1
bronze,1
stuart,1
organization,1
macedonian,1
brunilde,1
ceramic,1
blacksmith,1
reconnaissance,1
proposedapplewhite,1
ofelectrical,1
museums,1
creation,1
sweden,1
plenum,1
knut,1
quaternary,1
archeiologische,1
clement,1
lubbock,1
uruguay,1
mark,1
fin,1
ian,1
death,1
burgundian,1
rue,1
royal,1
editions,1
uses,1
migration,1
casma,1
gary,1
cynthia,1
guale,1
other,1
ghent,1
exploration,1
transmission,1
ulster,1
twenty,1
contextual,1
temples,1
chipped,1
suzanne,1
movable,1
post,1
cylinder,1
wooldridge,1
abbey,1
areals,1
john,1
recherche,1
room,1
religion,1
near,1
historical,1
eliot,1
pennsylvania,1
man,1
past,1
vitaliano,1
enlarged,1
rural,1
cristi,1
chiefdom,1
assessment,1
honor,1
carole,1
julie,1
late,1
academic,1
archiiozoologische,1
tbls,1
id,1
robert,1
william,1
china,1
pozorski,1
anciens,1
investigation,1
seals,1
annie,1
burial,1
rebekah,1
miaques,1
cypriot,1
porticello,1
pl,1
citystate,1
practice,1
cyclades,1
record,1
jonsereds,1
theory,1
books,1
onondaga,1
east,1
money,1
prudence,1
while,1
number,1
thebes,1
randolph,1
prismatic,1
geomftrique,1
kathryn,1
polities,1
tilley,1
sites,1
colonies,1
figs,1
information,1
simon,1
conjunction,1
line,1
journals,1
artifacts,1
supplies,1
bc,1
beverly,1
indiana,1
conference,1
birth,1
discovery,1
completed,1
presented,1
teotihuacan,1
meanings,1
slaves,1
barry,1
region,1
andaleuts,1
postclassic,1
part,1
processes,1
city,1
compass,1
ethnology,1
xlc,1
resources,1
tombs,1
crafts,1
its,1
egyptian,1
sintpietersplein,1
kathleen,1
use,1
urgeschichtliche,1
collection,1
merchant,1
pyramid,1
gilberto,1
beginnings,1
sourcebook,1
reports,1
au,1
susanne,1
beads,1
ein,1
xviif,1
bexar,1
eric,1
search,1
office,1
regional,1
formation,1
rex,1
spring,1
stanford,1
president,1
sismondo,1
years,1
development,1
frontiers,1
runnels,1
auswertung,1
kerr,1
donald,1
copies,1
september,1
ofarid,1
regions,1
g,1
pamela,1
ireland,1
tool,1
dominique,1
siecle,1
wormwood,1
sculpteurs,1
christopher,1
americas,1
ridgway,1
jon,1
ny,1
civilisations,1
handbooks,1
an,1
brighton,1
high,1
catalina,1
ofart,1
france,1
z,1
le,1
last,1
settlement,1
cyprus,1
old,1
hylates,1
campaign,1
indices,1
summary,1
perspective,1
spanish,1
sanctuary,1
charles,1
west,1
vessel,1
duotone,1
smithsonian,1
santa,1
systems,1
apollo,1
fascicles,1
methods,1
columbia,1
syracuse,1
second,1
lineage,1
egypt,1
boundaries,1
coast,1
james,1
early,1
texts,1
nd,1
southwest,1
mitigation,1
peabody,1
bois,1
institution,1
north,1
recent,1
moschusochsenjagdplatz,1
balkans,1
astram,1
pottery,1
abu,1
gordon,1
division,1
society,1
societies,1
