WORDCOUNTS,WEIGHT
the,161
of,84
to,77
in,59
and,59
a,55
that,44
for,37
not,31
scs,31
was,21
be,21
we,21
is,19
by,19
with,18
protest,17
research,17
it,15
on,15
or,14
had,13
archaeological,13
will,12
our,12
this,12
archaeology,12
gao,10
did,10
case,10
contract,10
an,10
texas,10
solicitation,9
are,9
were,9
bid,9
such,9
as,8
us,8
because,8
contracting,8
at,7
institutions,7
their,7
studies,7
evaluation,7
archeological,7
do,7
its,7
letter,7
historic,7
preservation,7
general,7
may,6
federal,6
other,6
proposal,6
skinner,6
i,6
state,6
system,6
procedures,6
has,6
educational,6
professional,6
should,6
service,5
program,5
factors,5
university,5
then,5
but,5
these,5
two,5
cost,5
all,5
formal,5
part,5
insure,5
have,5
need,5
comptroller,5
procurement,5
responsible,5
adequate,4
his,4
if,4
been,4
smu,4
curation,4
they,4
southern,4
one,4
agency,4
conservation,4
methodist,4
days,4
most,4
filed,4
more,4
also,4
business,4
s,4
investigations,4
award,4
proposals,4
statement,4
technical,4
awarded,4
basis,4
private,4
comment,4
asca,4
concern,4
funded,4
services,4
which,4
project,4
although,4
after,4
standard,4
working,4
present,4
than,4
f,3
likely,3
recognized,3
no,3
protests,3
later,3
generated,3
retarding,3
order,3
whether,3
importance,3
k,3
advised,3
achieve,3
months,3
considered,3
management,3
following,3
from,3
w,3
archaeologists,3
t,3
paper,3
areas,3
sent,3
report,3
survey,3
academic,3
floodwater,3
those,3
material,3
agencies,3
local,3
received,3
presented,3
through,3
use,3
policies,3
office,3
national,3
would,3
so,3
funds,3
small,3
soil,3
response,3
effective,3
can,3
when,3
responsibility,3
decision,3
he,2
done,2
note,2
without,2
bureau,2
continued,2
l,2
offerors,2
limited,2
support,2
process,2
slow,2
investigators,2
make,2
rescue,2
effectively,2
construction,2
about,2
united,2
competition,2
constitute,2
ensure,2
protection,2
familiar,2
title,2
authorities,2
any,2
before,2
outlined,2
bidders,2
department,2
resource,2
forwarded,2
addressed,2
only,2
policy,2
law,2
concerns,2
challenge,2
taken,2
important,2
know,2
address,2
secretary,2
each,2
anthropology,2
result,2
could,2
p,2
fully,2
time,2
prepare,2
procedure,2
written,2
take,2
initial,2
archeologist,2
date,2
further,2
staff,2
within,2
necessary,2
record,2
guarantee,2
conservationist,2
king,2
while,2
primarily,2
agriculture,2
failure,2
sites,2
responded,2
design,2
chapter,2
data,2
who,2
r,2
code,2
bids,2
point,2
quest,2
intended,2
minimum,2
protestation,2
during,2
challenges,2
issues,2
firms,2
think,2
thus,2
individuals,2
question,2
curated,2
j,2
since,2
change,2
protesting,2
ability,2
closing,2
commerce,2
land,2
field,2
lowest,2
suggest,2
administrative,2
colleagues,2
felt,2
study,2
inclusion,2
recommend,2
d,2
capabilities,2
probably,2
even,2
documentary,2
surveys,2
journal,2
results,2
subchapter,2
interagency,2
relative,2
evaluated,2
resources,2
prescribed,1
advertised,1
final,1
rfp,1
dealing,1
entitled,1
carried,1
failed,1
go,1
does,1
antiquities,1
responsibly,1
topic,1
tfk,1
wishes,1
aid,1
york,1
specifications,1
whose,1
iroquois,1
absence,1
she,1
estimated,1
fairly,1
act,1
ssleast,1
convinced,1
inadequacy,1
action,1
mark,1
impetus,1
testing,1
located,1
broadest,1
launch,1
remain,1
april,1
plans,1
separated,1
select,1
others,1
environmental,1
logan,1
insufficient,1
solicitations,1
legitimate,1
determine,1
hughes,1
becomes,1
knew,1
excluding,1
etc,1
awarding,1
collections,1
goes,1
totally,1
appear,1
associate,1
forth,1
legal,1
contribution,1
deals,1
conducted,1
unfamiliar,1
director,1
returned,1
why,1
selection,1
creek,1
phrase,1
implementing,1
designed,1
dfgging,1
feel,1
once,1
provlde,1
supposed,1
managing,1
selling,1
museum,1
receive,1
reason,1
unanswered,1
determination,1
pp,1
documentation,1
park,1
resemble,1
affect,1
council,1
unattainable,1
forest,1
consultation,1
restricted,1
formally,1
consider,1
matters,1
challenged,1
flexibility,1
contractor,1
committee,1
contractors,1
recreation,1
nature,1
slowly,1
planned,1
quick,1
holding,1
cit,1
constant,1
complete,1
conforming,1
impermanent,1
culture,1
viewpoints,1
vol,1
too,1
costs,1
already,1
must,1
four,1
simply,1
ever,1
noted,1
increasingly,1
continues,1
requested,1
published,1
satisfactory,1
dr,1
double,1
constructed,1
generally,1
familiarity,1
awardee,1
lead,1
reconnaissance,1
ways,1
permanent,1
sustained,1
human,1
affirmative,1
restriction,1
heritage,1
set,1
comparison,1
fund,1
m,1
behavior,1
opinion,1
quickly,1
archeologists,1
toward,1
thank,1
supports,1
compiled,1
responsibilities,1
control,1
lowering,1
projects,1
many,1
readily,1
official,1
opening,1
expressed,1
fact,1
based,1
shows,1
reach,1
affiliated,1
secondary,1
questioned,1
arrival,1
copy,1
allow,1
conduct,1
federally,1
daily,1
half,1
dated,1
exclusion,1
attack,1
panhandle,1
particularly,1
really,1
larger,1
deal,1
government,1
clearly,1
new,1
thanks,1
end,1
tx,1
everything,1
near,1
separating,1
doubt,1
real,1
historical,1
going,1
help,1
past,1
disputes,1
passage,1
type,1
lent,1
channel,1
big,1
last,1
merely,1
late,1
never,1
places,1
elm,1
took,1
justify,1
stand,1
believed,1
secondly,1
beginning,1
consulting,1
oklahoma,1
dincauze,1
corps,1
thanked,1
third,1
manner,1
institute,1
where,1
committed,1
what,1
standardfederal,1
proceedings,1
purposes,1
papers,1
them,1
fulfilling,1
seminar,1
contracted,1
cannot,1
making,1
involvement,1
documenting,1
issue,1
maintain,1
perhaps,1
belief,1
vigorously,1
attacked,1
unnecessary,1
enough,1
public,1
structure,1
insightful,1
waco,1
scheduling,1
explicitly,1
offeror,1
encountered,1
out,1
firm,1
acknowledgements,1
advisory,1
criteria,1
require,1
stance,1
compliance,1
advise,1
jack,1
balance,1
information,1
percent,1
demonstrated,1
kansas,1
apparently,1
prior,1
possible,1
future,1
accounting,1
understanding,1
closed,1
contain,1
targets,1
open,1
finish,1
formerly,1
properties,1
survive,1
intent,1
caring,1
detract,1
bidder,1
easier,1
eligibility,1
responding,1
researchers,1
repository,1
advantageous,1
start,1
believe,1
instituted,1
vital,1
obvious,1
slightly,1
west,1
multiple,1
jfa,1
thereby,1
ssin,1
resultedfrom,1
staffing,1
household,1
knowledge,1
protestor,1
srcheologists,1
above,1
against,1
ten,1
step,1
port,1
loss,1
combining,1
contribute,1
largely,1
fail,1
place,1
emphasize,1
began,1
partlcularly,1
congress,1
records,1
briggs,1
questions,1
snuff,1
structures,1
central,1
prepared,1
throughout,1
come,1
saw,1
comments,1
previous,1
review,1
supto,1
language,1
evidence,1
students,1
used,1
alan,1
background,1
years,1
status,1
quality,1
illustrates,1
three,1
interior,1
directed,1
made,1
defifciency,1
comprehensive,1
op,1
write,1
g,1
cramped,1
sustain,1
aware,1
interest,1
objection,1
register,1
deliberation,1
offer,1
clutter,1
individual,1
controversies,1
allowed,1
started,1
price,1
like,1
receipt,1
american,1
period,1
tom,1
lan,1
smaller,1
stage,1
states,1
involving,1
distinction,1
irreplaceable,1
practiced,1
evaluate,1
emphasizes,1
exclude,1
primer,1
provides,1
thomas,1
remains,1
nor,1
involved,1
latter,1
ctions,1
loose,1
want,1
profits,1
specific,1
supported,1
few,1
problems,1
potential,1
ruled,1
satisfy,1
editing,1
between,1
mistaken,1
six,1
viewpoint,1
charged,1
respond,1
engineering,1
estimate,1
always,1
curate,1
views,1
up,1
entire,1
contracts,1
appropriateness,1
proper,1
strong,1
demonstration,1
ss,1
ignore,1
provided,1
assistant,1
alton,1
settle,1
valuable,1
reducing,1
widely,1
division,1
major,1
ment,1
contacted,1
operating,1
