WORDCOUNTS,WEIGHT
the,77
and,68
of,65
a,30
to,28
in,21
as,19
is,16
this,15
university,12
that,12
for,11
archaeological,11
by,9
it,8
i,8
florida,8
are,7
press,7
which,7
have,7
be,7
but,6
new,6
our,6
professional,6
been,5
their,5
about,5
has,5
discussion,5
we,5
should,5
they,4
with,4
thinking,4
these,4
also,4
societies,4
history,4
on,4
workshop,4
cultural,4
may,3
lot,3
his,3
comments,3
one,3
or,3
reviewed,3
being,3
archaeologists,3
volume,3
more,3
paul,3
s,3
book,3
very,3
what,3
karl,3
can,3
well,3
sites,3
r,3
own,3
etowah,3
chiefdom,3
review,3
development,3
mississippian,3
an,3
archaeology,3
editors,3
c,3
south,2
therefore,2
no,2
george,2
if,2
practical,2
process,2
seen,2
yale,2
viewed,2
american,2
yet,2
centuries,2
serve,2
modern,2
us,2
was,2
management,2
bruce,2
department,2
harper,2
heritage,2
other,2
set,2
crm,2
all,2
addition,2
paper,2
worth,2
together,2
arthur,2
real,2
past,2
state,2
robert,2
political,2
reading,2
context,2
papers,2
worthwhile,2
council,2
isbn,2
native,2
public,2
u,2
interpreted,2
formation,2
understanding,2
kathleen,2
who,2
through,2
example,2
publishers,2
its,2
went,2
discussions,2
human,2
come,2
cambridge,2
three,2
national,2
publication,2
g,2
essay,2
instead,2
known,2
emerges,2
after,2
quite,2
adam,2
components,2
research,2
third,2
publications,2
essays,2
present,2
world,2
southeastern,2
society,2
alabama,1
entitled,1
admire,1
f,1
does,1
ending,1
communities,1
now,1
led,1
he,1
second,1
units,1
done,1
me,1
foreshadowing,1
essential,1
succinctly,1
polish,1
science,1
observers,1
littlefield,1
five,1
managing,1
groups,1
short,1
essence,1
service,1
how,1
overall,1
surprisingly,1
topically,1
sort,1
represent,1
weighted,1
somebody,1
environmental,1
expedition,1
attitude,1
schism,1
forward,1
laud,1
referred,1
dissolution,1
visionary,1
active,1
community,1
view,1
introduction,1
make,1
risk,1
philosophy,1
thirteen,1
b,1
se,1
southern,1
oflife,1
seemingly,1
evolution,1
special,1
positive,1
strive,1
commend,1
agency,1
nubia,1
corpus,1
ofarchaeological,1
read,1
polite,1
oxford,1
marquette,1
precious,1
ways,1
h,1
support,1
citizens,1
get,1
rubric,1
makes,1
pp,1
thought,1
park,1
data,1
message,1
sociocultural,1
seeing,1
under,1
civilizations,1
consider,1
protection,1
organization,1
plazas,1
index,1
anthropological,1
organized,1
participants,1
home,1
individually,1
eventually,1
any,1
light,1
before,1
just,1
collectively,1
matter,1
gravest,1
series,1
nw,1
dan,1
al,1
observations,1
conjunction,1
threat,1
peoples,1
must,1
four,1
most,1
two,1
hernando,1
lower,1
said,1
resource,1
additional,1
powerful,1
only,1
beyond,1
seminole,1
social,1
longer,1
inc,1
not,1
vere,1
certainly,1
lucid,1
production,1
rendered,1
affirmative,1
destructive,1
pious,1
care,1
business,1
m,1
stated,1
taken,1
important,1
opinion,1
again,1
methodology,1
articulate,1
ballo,1
many,1
capital,1
anthropology,1
j,1
gentle,1
had,1
release,1
arrived,1
words,1
georgia,1
mcgillqueens,1
shaped,1
principles,1
affordable,1
scientists,1
did,1
noam,1
et,1
appearance,1
purport,1
appendix,1
great,1
beliefs,1
simple,1
penton,1
children,1
objectives,1
brothers,1
sc,1
reliability,1
austin,1
end,1
carolina,1
dispassionate,1
quantum,1
diet,1
epistemology,1
considerable,1
man,1
help,1
there,1
ancestry,1
living,1
quality,1
forms,1
mind,1
readers,1
afternoon,1
blackwell,1
ditch,1
do,1
those,1
allyn,1
william,1
spokespersons,1
surely,1
ad,1
reviews,1
within,1
proceedings,1
daniel,1
accepted,1
them,1
produced,1
selected,1
form,1
less,1
see,1
case,1
monograph,1
thirty,1
add,1
perhaps,1
theory,1
centers,1
king,1
tablets,1
remarkably,1
information,1
saying,1
institute,1
having,1
calculation,1
another,1
autobiography,1
generally,1
simon,1
too,1
matrix,1
welcome,1
possible,1
fl,1
diverse,1
literature,1
pleasant,1
accomplishment,1
properties,1
solid,1
orienting,1
aataentsic,1
remember,1
sober,1
clean,1
decent,1
descendant,1
since,1
part,1
armature,1
kin,1
compass,1
watts,1
knowledge,1
along,1
african,1
meaningful,1
himself,1
europeans,1
intended,1
step,1
steward,1
honorable,1
popper,1
whole,1
collection,1
remarks,1
summarizes,1
descendent,1
much,1
issues,1
soto,1
diversity,1
constitute,1
appreciation,1
ethnic,1
runs,1
think,1
central,1
projournal,1
chapters,1
historical,1
includes,1
were,1
palisade,1
shortly,1
language,1
il,1
explained,1
sociopolitical,1
stanford,1
years,1
open,1
worry,1
meanings,1
surrounded,1
repositories,1
donald,1
visited,1
reality,1
creators,1
de,1
group,1
reputation,1
accept,1
schuster,1
change,1
tone,1
contributors,1
held,1
illinois,1
viewing,1
david,1
although,1
physics,1
price,1
d,1
would,1
field,1
cooperative,1
topic,1
disintegrated,1
thoughtful,1
synoptic,1
course,1
mercifully,1
theater,1
bacon,1
settlement,1
provides,1
speak,1
balancing,1
summary,1
contingency,1
wildlycomplex,1
habitation,1
deer,1
refer,1
observation,1
differently,1
hotbed,1
evolutionary,1
columbia,1
six,1
clarify,1
simpleness,1
usual,1
site,1
blanton,1
lobes,1
chicago,1
chiefdoms,1
find,1
coloration,1
fully,1
early,1
annual,1
when,1
including,1
st,1
archaeologist,1
pasts,1
traditional,1
results,1
details,1
rowman,1
citizen,1
despite,1
connections,1
structured,1
responsibility,1
leadership,1
comfortable,1
broader,1
pronounced,1
doing,1
frontal,1
passive,1
la,1
gordon,1
widely,1
major,1
stewards,1
row,1
readable,1
