WORDCOUNTS,WEIGHT
the,114
and,91
of,90
in,40
by,25
a,23
to,22
university,17
archaeology,17
archaeological,16
at,14
an,14
on,14
from,12
book,11
for,11
new,11
boston,11
this,11
or,10
is,9
with,8
first,8
press,7
j,7
information,7
r,7
published,7
field,7
journal,7
illus,6
l,6
edited,6
reference,6
ancient,6
important,6
other,6
historical,6
southern,5
studies,5
eastern,5
work,5
its,5
human,5
our,5
david,5
texas,5
it,4
now,4
high,4
northeast,4
plains,4
one,4
fall,4
subscription,4
history,4
only,4
archaeologists,4
that,4
paper,4
p,4
survey,4
iron,4
michael,4
cloth,4
sites,4
editorial,4
office,4
editor,4
have,4
comprehensive,4
peter,4
their,4
period,4
states,4
thomas,4
research,4
james,4
will,3
f,3
africa,3
schmidt,3
site,3
landscape,3
yale,3
village,3
united,3
not,3
h,3
museum,3
index,3
commonwealth,3
volume,3
geoarchaeology,3
social,3
addition,3
any,3
great,3
as,3
i,3
color,3
cultural,3
metaponto,3
investigation,3
council,3
excellent,3
ford,3
middle,3
bibliography,3
desert,3
knowledge,3
has,3
central,3
students,3
g,3
massachusetts,3
be,3
greek,3
judean,3
reflotation,2
civilization,2
he,2
century,2
his,2
medieval,2
hardcover,2
across,2
hill,2
fascinating,2
importance,2
volumes,2
study,2
white,2
stone,2
library,2
interpretation,2
earliest,2
technology,2
complete,2
chora,2
edition,2
n,2
shaffer,2
bruce,2
series,2
but,2
w,2
these,2
most,2
monasteries,2
wharram,2
underwater,2
origins,2
dept,2
t,2
australia,2
useful,2
text,2
more,2
also,2
production,2
postage,2
address,2
natural,2
over,2
all,2
many,2
been,2
s,2
exploration,2
available,2
villa,2
current,2
report,2
rich,2
john,2
light,2
byzantine,2
past,2
maurice,2
culture,2
present,2
occupation,2
robert,2
reviews,2
maya,2
british,2
manuscripts,2
paperback,2
number,2
technologies,2
data,2
literature,2
art,2
indiana,2
hurst,2
abstracts,2
richard,2
magazine,2
maritime,2
baker,2
scott,2
overview,2
deserted,2
holliday,2
during,2
approach,2
call,2
project,2
years,2
historic,2
sugar,2
tables,2
points,2
d,2
revised,2
encyclopedia,2
mexico,2
remains,2
old,2
document,2
paleoindian,2
c,2
early,2
archaeologist,2
beresford,2
results,2
than,2
recent,2
quarterly,2
should,2
geographical,2
barbara,1
countryside,1
chronological,1
dealing,1
rejoice,1
huaca,1
film,1
compares,1
york,1
whose,1
amnon,1
absorbing,1
indianaed,1
miller,1
no,1
van,1
rome,1
various,1
noble,1
regular,1
george,1
science,1
english,1
ecological,1
economic,1
iuperess,1
short,1
integrating,1
impressive,1
maps,1
watch,1
created,1
remain,1
suspected,1
crafted,1
mastercard,1
indispensable,1
gleason,1
curtis,1
classic,1
jane,1
coleman,1
midwest,1
how,1
institutions,1
oscar,1
e,1
dimensions,1
who,1
necropoleis,1
transformed,1
strongly,1
el,1
virui,1
tor,1
curation,1
vaughan,1
make,1
garden,1
yizhar,1
manuscript,1
after,1
contribution,1
wilson,1
b,1
center,1
large,1
hester,1
contributions,1
life,1
class,1
selection,1
special,1
often,1
unusual,1
examine,1
bookstore,1
biological,1
designed,1
guide,1
sheds,1
repertory,1
tonto,1
provides,1
uniquely,1
howe,1
managing,1
monuments,1
typeset,1
represents,1
makes,1
pp,1
we,1
modern,1
honduras,1
joseph,1
prehistory,1
fifth,1
announces,1
organization,1
classroom,1
copublished,1
sections,1
excavation,1
into,1
telephone,1
presents,1
bookgives,1
encourage,1
included,1
ofprehistoric,1
crow,1
greenberg,1
ethnoarchaeological,1
before,1
director,1
accent,1
carter,1
same,1
teaching,1
castle,1
monograph,1
epipaleolithic,1
northeastern,1
romanobritish,1
trina,1
excellence,1
delgado,1
pueblos,1
updated,1
ournal,1
insights,1
age,1
illustrated,1
receive,1
two,1
cutting,1
sophisticated,1
hostetter,1
cayo,1
additional,1
rise,1
classical,1
jeffry,1
upon,1
suzanne,1
peru,1
submerged,1
shed,1
physical,1
lee,1
please,1
membership,1
testament,1
plates,1
labor,1
inhabitants,1
geoffrey,1
temple,1
necropolis,1
monasticism,1
archeological,1
drew,1
layton,1
paul,1
pleistocene,1
skyband,1
was,1
set,1
researched,1
founding,1
carolyn,1
request,1
films,1
drowned,1
decades,1
drawing,1
attractive,1
synthesizes,1
pbs,1
dunnell,1
printing,1
anthropological,1
beautiful,1
lavishly,1
winter,1
experimentation,1
spear,1
had,1
tristram,1
are,1
zeleznik,1
delves,1
outside,1
rights,1
deal,1
east,1
monks,1
board,1
copy,1
mcgill,1
scientists,1
nissen,1
twenty,1
jeanne,1
yorkshire,1
style,1
found,1
here,1
printed,1
wall,1
tackling,1
time,1
centers,1
puritan,1
helmuth,1
collectors,1
job,1
international,1
fellows,1
brian,1
austin,1
far,1
raphael,1
ibz,1
fills,1
archaologyreveals,1
interrelatedness,1
niche,1
elia,1
there,1
feature,1
historian,1
marni,1
written,1
jaime,1
further,1
following,1
animal,1
beginning,1
henry,1
neolithic,1
reserved,1
investigations,1
scholarly,1
penn,1
alike,1
discipline,1
continuing,1
award,1
empire,1
accepted,1
burial,1
tools,1
whether,1
seminar,1
residential,1
produced,1
webster,1
case,1
side,1
era,1
dreamtime,1
wealth,1
practice,1
record,1
colony,1
dissemination,1
agricultural,1
distills,1
projectile,1
your,1
behavioral,1
metropolitan,1
slipware,1
books,1
wiseman,1
aper,1
gained,1
elaine,1
fedick,1
website,1
america,1
advisory,1
randolph,1
institute,1
aspects,1
require,1
addresses,1
kathryn,1
mound,1
well,1
outstanding,1
bulletin,1
video,1
christianity,1
figs,1
chapter,1
periodical,1
local,1
instructional,1
original,1
vol,1
development,1
some,1
recommended,1
paleoenvironmental,1
greatest,1
investment,1
kathleen,1
periodicals,1
bc,1
sussman,1
jordan,1
nvestigati,1
both,1
own,1
avery,1
made,1
discovery,1
entirety,1
botokstores,1
must,1
israel,1
barry,1
multiple,1
jfa,1
enjoyable,1
point,1
sculpture,1
very,1
line,1
previously,1
sent,1
ioo,1
symbolism,1
role,1
indigenous,1
variability,1
elite,1
african,1
journals,1
mosaic,1
tjeerd,1
ritual,1
technical,1
paleoenvironments,1
tx,1
artifacts,1
use,1
sold,1
citation,1
station,1
collection,1
exciting,1
grecia,1
trigger,1
factorymade,1
indians,1
people,1
canyon,1
aims,1
ricardo,1
furthering,1
geoscientists,1
regarding,1
stimulate,1
subscriptions,1
recovery,1
specialization,1
individuals,1
includes,1
accessible,1
which,1
come,1
eric,1
hirschfeld,1
douglas,1
midcontinentl,1
sternberg,1
write,1
surrounding,1
question,1
hampshire,1
basin,1
brett,1
shown,1
trustees,1
used,1
platform,1
stanford,1
north,1
artifact,1
destruction,1
status,1
cambridge,1
percy,1
margaret,1
protohistoric,1
numerous,1
authors,1
vance,1
josephine,1
neighbors,1
translated,1
naomi,1
arkansas,1
hermann,1
noel,1
arro,1
change,1
issn,1
sketch,1
offer,1
individual,1
christopher,1
times,1
ibr,1
wadi,1
authoritative,1
integrated,1
club,1
land,1
collaboration,1
usa,1
relics,1
complex,1
saggs,1
features,1
glass,1
extensively,1
visa,1
box,1
learning,1
submissions,1
magna,1
bookstores,1
anyone,1
earlier,1
preservation,1
standard,1
disk,1
wendy,1
typology,1
association,1
ct,1
around,1
courtyard,1
clark,1
wellington,1
interim,1
perspective,1
nordic,1
graphic,1
concerning,1
arpin,1
members,1
few,1
convincing,1
news,1
architectural,1
lynne,1
categorizes,1
k,1
response,1
methods,1
http,1
editors,1
single,1
rila,1
flood,1
latest,1
britain,1
vancouver,1
foremost,1
publications,1
engages,1
bedwyn,1
managed,1
v,1
norman,1
annual,1
tasmania,1
ethnohistory,1
sciences,1
northwestern,1
sept,1
greece,1
story,1
italy,1
southwest,1
traditional,1
copyright,1
much,1
paid,1
world,1
correspondence,1
belize,1
among,1
occupied,1
offers,1
amateur,1
diblasi,1
kidder,1
florida,1
discoveries,1
bonafide,1
evidence,1
ago,1
broader,1
provided,1
visit,1
attention,1
occassional,1
ma,1
portrait,1
rates,1
jerusalem,1
major,1
justice,1
arizona,1
zoubek,1
thorough,1
