WORDCOUNTS,WEIGHT
of,69
the,65
and,57
by,29
in,25
university,21
a,21
archaeology,19
to,16
archaeological,12
edited,11
cloth,11
boston,9
is,8
j,8
journal,8
at,7
e,7
field,7
paper,6
editorial,6
on,6
andean,5
with,5
or,5
w,5
history,5
for,5
book,5
r,5
historical,5
editor,5
new,5
c,5
florida,5
pages,4
h,4
index,4
published,4
volume,4
photos,4
m,4
subscription,4
office,4
social,4
barbara,3
l,3
maps,3
manuscript,3
contribution,3
b,3
american,3
one,3
white,3
frank,3
museum,3
drawings,3
studies,3
ancient,3
into,3
from,3
important,3
address,3
natural,3
are,3
john,3
wari,3
paperback,3
hamilton,3
journals,3
bibliography,3
richard,3
people,3
g,3
change,3
david,3
d,3
an,3
be,3
north,3
south,2
now,2
george,2
foreign,2
telephone,2
landscape,2
curtis,2
order,2
hammond,2
lost,2
community,2
their,2
life,2
as,2
dead,2
yet,2
treponematosis,2
weisman,2
anthropological,2
quilter,2
commonwealth,2
mary,2
fax,2
these,2
must,2
most,2
june,2
phyllis,2
t,2
that,2
sciences,2
paul,2
jeffrey,2
postage,2
nancy,2
tiwanaku,2
prehistoric,2
available,2
research,2
how,2
written,2
past,2
living,2
assessment,2
julie,2
william,2
cultural,2
reviews,2
iowa,2
empire,2
terrell,2
ford,2
manuscripts,2
number,2
website,2
america,2
outstanding,2
information,2
literature,2
art,2
middle,2
who,2
abstracts,2
kolianos,2
unlocking,2
brent,2
through,2
press,2
cushing,2
chantuto,2
pikillacta,2
jodi,2
spring,2
this,2
runnels,2
three,2
catherine,2
essay,2
peter,2
large,2
jr,2
mexico,2
diaspora,2
thomas,2
old,2
archaic,2
massachusetts,2
norman,2
pueblo,2
quarterly,2
should,2
gordon,2
geographical,2
major,2
heritage,2
costa,1
may,1
van,1
will,1
loyola,1
f,1
it,1
go,1
trustees,1
landscapes,1
happen,1
rountree,1
issues,1
fort,1
sample,1
frederick,1
perspectives,1
vanderbilt,1
practices,1
inhabitants,1
segments,1
bring,1
magisterial,1
synthesis,1
rights,1
impressive,1
watch,1
ibz,1
hill,1
mastercard,1
environmental,1
revolt,1
donnan,1
mummification,1
coastal,1
institutions,1
process,1
oscar,1
worldwide,1
states,1
yale,1
wwwuiowapressorg,1
renown,1
standing,1
similar,1
village,1
wilson,1
center,1
travels,1
southern,1
boca,1
legitimized,1
complex,1
syphilis,1
special,1
study,1
myth,1
marie,1
larry,1
analysis,1
designed,1
stone,1
robin,1
united,1
once,1
hellenistic,1
perles,1
managing,1
s,1
interpretation,1
victor,1
reference,1
cuzco,1
silliman,1
arts,1
genius,1
susan,1
soon,1
joelwpalka,1
reshaping,1
prehistory,1
stephen,1
undertaken,1
was,1
excavation,1
nevis,1
assistant,1
sephardi,1
louise,1
participants,1
included,1
jstor,1
demerging,1
light,1
before,1
director,1
culture,1
material,1
following,1
n,1
numbers,1
accomplishment,1
traces,1
bruce,1
spensley,1
princeton,1
al,1
hampshire,1
helaine,1
about,1
gary,1
extensive,1
wear,1
moore,1
alexia,1
ever,1
georgia,1
max,1
jaguar,1
additional,1
gina,1
origins,1
karen,1
only,1
stones,1
peru,1
physical,1
please,1
testament,1
titles,1
brandeis,1
glimpse,1
problems,1
hendon,1
more,1
footprints,1
roman,1
lu,1
typesetting,1
theory,1
founding,1
ii,1
factory,1
hardcover,1
again,1
decades,1
management,1
death,1
wiuey,1
view,1
preserve,1
state,1
curator,1
rosemary,1
all,1
projects,1
anthropology,1
smith,1
joyce,1
veerle,1
request,1
global,1
has,1
lacandon,1
turner,1
board,1
copy,1
mcgill,1
toll,1
scholars,1
societies,1
temples,1
printed,1
desire,1
mehmet,1
puritan,1
galanidou,1
current,1
p,1
mcewern,1
behavioral,1
collectors,1
international,1
powell,1
rica,1
mesoamerican,1
audience,1
survey,1
rivas,1
great,1
feature,1
masterpiece,1
rural,1
experts,1
anne,1
other,1
late,1
outside,1
murray,1
learn,1
consulting,1
paris,1
those,1
reserved,1
robert,1
political,1
mcewan,1
california,1
scholarly,1
brilliant,1
reading,1
bioarchaeology,1
what,1
moche,1
circles,1
accepted,1
tools,1
whether,1
rose,1
ad,1
michael,1
british,1
maryland,1
mohammad,1
side,1
patty,1
practice,1
milner,1
jane,1
edinburgh,1
adrian,1
native,1
jessica,1
required,1
metropolitan,1
books,1
holly,1
wiseman,1
style,1
bird,1
jewish,1
powhatans,1
draws,1
rafique,1
matthew,1
advisory,1
randolph,1
wesolowsky,1
technical,1
priscilla,1
alcock,1
require,1
addresses,1
chiapas,1
well,1
both,1
colonies,1
periodical,1
thousands,1
almost,1
holocene,1
christa,1
nordic,1
jameson,1
work,1
shared,1
periodicals,1
subscriptions,1
disease,1
planning,1
feinman,1
wbtfw,1
avery,1
made,1
researchers,1
preceramic,1
moseley,1
upon,1
preserved,1
reader,1
goldstein,1
sonoma,1
story,1
patricia,1
cunzo,1
timothy,1
sent,1
unconquered,1
delia,1
odell,1
mortuary,1
indigenous,1
carolina,1
easy,1
pyramids,1
data,1
predecessors,1
tjeerd,1
team,1
poignant,1
jamestown,1
gulf,1
use,1
repertory,1
absorbing,1
citation,1
collection,1
place,1
jerome,1
colonial,1
paid,1
rots,1
tons,1
jo,1
evans,1
ricardo,1
human,1
coming,1
regarding,1
varied,1
resource,1
individuals,1
our,1
accessible,1
lifeways,1
ronald,1
lithic,1
institution,1
complicated,1
chile,1
michelle,1
tell,1
students,1
fieldwork,1
roberts,1
manage,1
istanbul,1
nena,1
stanford,1
years,1
fabulous,1
horizon,1
ethical,1
significance,1
raab,1
margaret,1
illinois,1
tables,1
helen,1
publication,1
de,1
author,1
earth,1
arkansas,1
issn,1
individual,1
relations,1
christopher,1
ibr,1
architectural,1
excavations,1
describing,1
usa,1
cobble,1
wilkie,1
qullter,1
collins,1
peninsula,1
visa,1
portraits,1
bogucki,1
piece,1
submissions,1
peruvian,1
after,1
keenly,1
striebel,1
settlement,1
clay,1
lucas,1
family,1
honest,1
perspective,1
archaeologies,1
burgeoning,1
byjunius,1
especially,1
preucel,1
endeavors,1
body,1
charlotte,1
wtifonfy,1
chapel,1
tragic,1
tribes,1
fellows,1
australian,1
myers,1
rila,1
texas,1
scholarship,1
ann,1
single,1
chicago,1
cook,1
coast,1
publications,1
obsidian,1
buikstra,1
james,1
early,1
ethnohistory,1
little,1
southwest,1
copyright,1
magness,1
allegiance,1
world,1
figures,1
ellen,1
correspondence,1
offers,1
than,1
laborers,1
jerry,1
kentucky,1
professional,1
bonafide,1
building,1
celebrating,1
skill,1
voorhies,1
southeastern,1
alane,1
greek,1
akrotiri,1
rates,1
society,1
apparent,1
tennessee,1
local,1
