WORDCOUNTS,WEIGHT
the,176
of,150
and,149
in,54
a,47
isbn,31
archaeological,29
black,28
white,28
to,27
university,24
paper,20
cloth,19
no,18
this,18
at,16
de,16
on,16
site,15
index,13
for,13
press,13
survey,12
archaeology,11
with,10
volume,10
new,10
texas,10
from,9
by,9
prehistoric,9
report,9
international,9
san,8
series,8
that,8
price,8
is,7
english,7
first,7
maya,7
which,7
editor,7
studies,6
bar,6
color,6
cambridge,6
excavations,6
imagination,6
between,6
study,5
as,5
was,5
excavation,5
these,5
antonio,5
appendices,5
collection,5
tables,5
an,5
editors,5
publications,5
architecture,4
testing,4
maps,4
village,4
center,4
one,4
about,4
organization,4
culture,4
age,4
heritage,4
oversized,4
are,4
book,4
domestic,4
written,4
historical,4
papers,4
information,4
some,4
r,4
art,4
work,4
tell,4
project,4
historic,4
remains,4
results,4
figures,4
north,4
carried,3
i,3
mexico,3
inka,3
analysis,3
cuzco,3
di,3
modern,3
conservation,3
or,3
ancient,3
presents,3
all,3
archaeologists,3
surface,3
social,3
commission,3
out,3
sintra,3
pass,3
mesoamerican,3
pennsylvania,3
past,3
investigations,3
case,3
material,3
tikal,3
institute,3
sites,3
development,3
stonehenge,3
both,3
bibliography,3
through,3
human,3
were,3
revised,3
period,3
dictionary,3
del,3
area,3
settlement,3
research,3
britain,3
given,3
la,3
will,2
relationship,2
second,2
ceremonial,2
identification,2
provide,2
medieval,2
main,2
sensing,2
civilization,2
synthesis,2
edward,2
it,2
daniel,2
plans,2
remote,2
un,2
detailed,2
burial,2
champs,2
regional,2
large,2
volumes,2
life,2
often,2
nigeria,2
alamo,2
shell,2
mounds,2
better,2
into,2
hominid,2
dated,2
associated,2
proposed,2
our,2
monograph,2
ville,2
different,2
wharram,2
file,2
symbolic,2
offers,2
processes,2
haute,2
methodology,2
mixico,2
conquest,2
based,2
did,2
kingship,2
hoards,2
centers,2
museu,2
john,2
hebrew,2
landfill,2
brings,2
waynne,2
edition,2
lead,2
state,2
william,2
grad,2
landscape,2
photography,2
investigation,2
civico,2
paint,2
sw,2
procedures,2
theory,2
design,2
dumbarton,2
cerdmica,2
has,2
inca,2
encountered,2
well,2
understanding,2
artifacts,2
used,2
richard,2
upon,2
range,2
deposits,2
museo,2
city,2
booklet,2
role,2
juvenile,2
techniques,2
et,2
deserted,2
discussions,2
during,2
representation,2
oaks,2
evolution,2
recovering,2
facts,2
such,2
background,2
years,2
explorations,2
church,2
modem,2
author,2
change,2
architectural,2
sur,2
states,2
century,2
chavez,2
several,2
kasakogi,2
concerning,2
problems,2
concerns,2
iron,2
massachusetts,2
other,2
monographs,2
northern,2
images,2
world,2
bexar,2
language,2
political,2
major,2
arizona,2
society,2
buildings,2
arkansas,2
paleolithic,1
jean,1
final,1
dealing,1
european,1
seventh,1
f,1
archeologia,1
paleoenvironment,1
brian,1
not,1
numismatics,1
pertaining,1
where,1
instituto,1
padova,1
underlies,1
islamic,1
aid,1
york,1
town,1
metal,1
lovers,1
matter,1
africa,1
ofrelgious,1
batsford,1
way,1
george,1
science,1
later,1
figure,1
statecraft,1
ac,1
l,1
growth,1
been,1
commentary,1
kaduna,1
impressive,1
obtained,1
examine,1
debated,1
warwick,1
modes,1
en,1
begins,1
environmental,1
eisenbrauns,1
expedition,1
jane,1
scavi,1
yugoslavia,1
heights,1
archeologiche,1
primarily,1
skyscapes,1
bulletin,1
wushishi,1
culver,1
monuments,1
reason,1
hyslop,1
collections,1
ultimate,1
over,1
itself,1
edwin,1
bt,1
supplement,1
ice,1
linguistic,1
they,1
gli,1
iconographic,1
costs,1
settlements,1
indicate,1
american,1
fiche,1
religious,1
class,1
special,1
barrow,1
cave,1
roberto,1
scales,1
desabris,1
illustrations,1
designed,1
hominids,1
guide,1
michael,1
united,1
word,1
once,1
space,1
escrituras,1
schools,1
table,1
addressing,1
summaries,1
castellaro,1
museum,1
communally,1
evaluates,1
outlining,1
aboriginal,1
examined,1
ofproperty,1
revealed,1
drawings,1
worlds,1
colonizing,1
compilation,1
had,1
monumental,1
plus,1
photographs,1
hotly,1
marks,1
cooperativa,1
prehistory,1
municipal,1
restricted,1
madre,1
insediamento,1
challenged,1
detail,1
objects,1
cavernes,1
western,1
anthropological,1
shaw,1
processing,1
organized,1
title,1
stratigraphic,1
deposited,1
layout,1
emergence,1
societh,1
ethnologists,1
before,1
section,1
practice,1
mousterian,1
n,1
nineteenth,1
neolitico,1
traces,1
ethnographic,1
economic,1
colonial,1
ruth,1
al,1
viii,1
changing,1
blakely,1
watery,1
reprint,1
w,1
rome,1
industrial,1
circumstances,1
four,1
complexes,1
hudson,1
two,1
various,1
reports,1
congress,1
extensive,1
under,1
maverick,1
gedem,1
store,1
rise,1
miguel,1
t,1
slope,1
picture,1
bordighera,1
bronze,1
kolawole,1
fill,1
undertaken,1
northcentral,1
comprising,1
portuguese,1
plates,1
undisturbed,1
writing,1
subjects,1
painted,1
text,1
yugoslavian,1
s,1
riverwalk,1
french,1
questions,1
quartier,1
prospecting,1
jeffrey,1
sections,1
scientific,1
continues,1
schemes,1
dellappennino,1
journey,1
historians,1
highly,1
asia,1
disturbance,1
utqiaik,1
natural,1
europe,1
humans,1
vanished,1
rue,1
towns,1
iconography,1
persian,1
experienced,1
advanced,1
cox,1
masking,1
environment,1
character,1
nature,1
expressed,1
cultures,1
incorporates,1
gary,1
containing,1
fact,1
including,1
votive,1
roman,1
principles,1
exploration,1
contextual,1
attractive,1
available,1
fundamental,1
leading,1
centralized,1
areas,1
redactorial,1
scientifically,1
postcranial,1
together,1
accompanied,1
tours,1
hands,1
great,1
crinale,1
depict,1
geophysical,1
nuvakwewtaqa,1
treatments,1
peopling,1
analyses,1
conquista,1
foundation,1
time,1
practical,1
economics,1
thurston,1
mick,1
how,1
rely,1
monitoring,1
religion,1
hazard,1
tipografica,1
considerable,1
radiometric,1
there,1
setting,1
discussed,1
pitfalls,1
articles,1
fresh,1
passage,1
anne,1
wall,1
m,1
evaluate,1
settlers,1
limp,1
forms,1
ages,1
further,1
chiefdoms,1
beginning,1
neolithic,1
connoisseurs,1
occupation,1
sociopolitical,1
cultural,1
buried,1
technical,1
acropolis,1
p,1
bands,1
what,1
behind,1
within,1
continuing,1
isabelle,1
covel,1
mapping,1
context,1
hemisfair,1
quneitra,1
compositional,1
ceramics,1
form,1
photographers,1
system,1
until,1
alana,1
slipcase,1
relating,1
can,1
intertwined,1
classic,1
wealth,1
ed,1
record,1
cimara,1
add,1
vicinity,1
history,1
covers,1
be,1
map,1
downtown,1
portugal,1
arrival,1
books,1
problem,1
vouve,1
key,1
wide,1
public,1
continuum,1
while,1
number,1
thames,1
ecology,1
discovered,1
addresses,1
explored,1
gardens,1
societies,1
charted,1
balance,1
periodical,1
aging,1
local,1
original,1
demonstrated,1
emphasizing,1
don,1
holocene,1
image,1
subsistence,1
prior,1
ofpolitical,1
marsh,1
italian,1
franqaise,1
journals,1
condition,1
divided,1
prehispanic,1
des,1
characterize,1
planning,1
studi,1
hurst,1
contexts,1
sedentary,1
julian,1
sociopolitics,1
nine,1
subscription,1
odds,1
classes,1
west,1
taking,1
founded,1
interdisciplinary,1
man,1
most,1
ingenious,1
greatest,1
atmospheric,1
campsite,1
knowledge,1
carikin,1
dynamic,1
preistoriche,1
geomorphological,1
three,1
department,1
borough,1
supplies,1
african,1
its,1
giving,1
akademiai,1
against,1
intended,1
uncovered,1
findings,1
assumptions,1
ethnography,1
significant,1
combining,1
use,1
dal,1
continuation,1
obtain,1
place,1
rivers,1
summarizes,1
manufacturing,1
reliably,1
attract,1
romana,1
riverbank,1
issues,1
electromagnetic,1
winona,1
frangaise,1
using,1
framework,1
people,1
ideas,1
succeed,1
yorkshire,1
bollettino,1
million,1
vladimir,1
microfiche,1
occupato,1
phase,1
chapters,1
relates,1
examination,1
includes,1
recounting,1
focuses,1
publication,1
sao,1
review,1
liqure,1
lithic,1
devoted,1
dating,1
showing,1
subsurface,1
locations,1
immediate,1
las,1
continual,1
percy,1
since,1
due,1
objective,1
drug,1
lourdes,1
have,1
numerous,1
manifestation,1
nette,1
institutional,1
comprehensive,1
materials,1
descifre,1
write,1
geological,1
cariein,1
portfolio,1
oriental,1
bibliographies,1
internazionale,1
cemeteries,1
authoritative,1
good,1
relatively,1
published,1
issn,1
contributors,1
symposium,1
monografie,1
removal,1
known,1
include,1
salt,1
environs,1
eagle,1
field,1
praga,1
useful,1
cooperative,1
physical,1
conselho,1
tom,1
product,1
media,1
features,1
documentation,1
involving,1
static,1
france,1
linking,1
box,1
stages,1
labyrinthos,1
le,1
mammals,1
golan,1
located,1
philosophy,1
advances,1
sharp,1
chimor,1
acequia,1
thomas,1
sitio,1
old,1
definitive,1
destroyed,1
israel,1
molluscan,1
indices,1
pages,1
padua,1
summary,1
americas,1
perspective,1
collezione,1
spanish,1
vi,1
especially,1
pierre,1
although,1
lynne,1
body,1
removed,1
conchasprehispanicas,1
methods,1
rest,1
industry,1
six,1
classificatory,1
facility,1
craft,1
become,1
combination,1
funerary,1
played,1
ancestors,1
topics,1
showcase,1
lake,1
da,1
detecting,1
credible,1
churches,1
james,1
early,1
herzog,1
when,1
articulation,1
suirez,1
up,1
y,1
codices,1
cosmology,1
terrace,1
utah,1
southwest,1
journal,1
describes,1
conventions,1
hanen,1
warlike,1
among,1
air,1
technological,1
traditions,1
contains,1
inupiat,1
joint,1
professional,1
general,1
pottery,1
quarter,1
broader,1
sandra,1
came,1
ca,1
built,1
attention,1
sixth,1
sinanthropus,1
customs,1
jerusalem,1
viola,1
activities,1
species,1
andlisis,1
examines,1
alaska,1
thorough,1
hypothesis,1
