WORDCOUNTS,WEIGHT
the,524
of,509
and,313
in,211
latte,204
to,135
a,126
sets,95
for,87
is,80
on,77
from,76
that,75
were,73
with,70
or,68
prehistoric,64
as,64
these,63
this,63
note,62
at,56
cit,56
mariana,56
by,56
guam,54
op,50
have,44
structures,43
area,41
was,39
stone,38
foundation,38
social,36
islands,35
number,35
are,35
been,34
associated,33
be,32
groups,31
within,31
corporate,30
m,28
archaeological,28
it,27
most,26
not,26
activities,23
chamorro,23
an,22
may,22
mean,22
burial,22
sites,22
variation,22
would,22
level,22
which,21
table,21
among,21
height,20
than,20
house,20
stones,20
mortuary,20
set,20
all,19
there,19
residential,19
features,19
group,18
total,18
p,18
historical,18
both,18
if,17
h,17
western,17
no,17
their,17
shell,17
used,17
cm,17
other,16
has,16
sample,16
domestic,16
one,15
test,15
t,15
units,15
distribution,15
between,15
early,15
ranked,14
pacific,14
university,14
population,14
occurrence,14
architectural,14
pit,14
size,14
built,14
site,13
organization,13
late,13
research,13
range,13
taga,13
where,13
although,13
inland,12
eight,12
bishop,12
status,12
nomna,12
spanish,12
but,12
only,12
areas,12
individuals,12
uprights,12
males,12
evidence,12
they,11
j,11
s,11
survey,11
relatively,11
several,11
society,11
two,11
more,11
also,11
capstones,11
see,11
while,11
foundations,11
d,11
i,10
such,10
interior,10
houses,10
journal,10
similar,10
support,10
museum,10
same,10
new,10
period,10
structure,10
village,9
materials,9
wooden,9
nieves,9
proportion,9
w,9
r,9
part,9
still,9
members,9
less,9
material,9
physical,9
different,9
additional,9
smaller,9
remains,9
hypothesis,9
estimated,8
settlements,8
archaeologists,8
date,8
activity,8
human,8
adult,8
bernice,8
represented,8
females,8
age,8
based,8
data,8
reflect,8
field,8
villages,8
likely,8
loc,8
bone,8
culture,8
micronesian,8
use,8
radiocarbon,8
each,8
little,8
kin,8
constructed,8
should,8
building,8
represent,7
history,7
into,7
tinian,7
those,7
primary,7
beneath,7
dates,7
derived,7
organized,7
recovered,7
found,7
equal,7
well,7
micronesia,7
work,7
during,7
excavated,7
settlement,7
included,7
considerable,7
pattern,7
hornbostel,7
rota,7
skeletal,7
can,7
twelve,7
dimensions,7
often,7
here,7
recorder,7
suggests,7
ac,7
include,7
studies,6
along,6
labor,6
g,6
rank,6
blue,6
cultural,6
his,6
l,6
burials,6
four,6
surface,6
directly,6
its,6
ten,6
island,6
artifact,6
suggest,6
canoe,6
few,6
f,6
pertaining,6
community,6
yet,6
marianas,6
time,6
larger,6
three,6
probably,6
relative,6
figure,6
construction,6
analysis,6
control,6
anthropology,6
presence,6
report,6
tarague,6
differentiation,6
zones,6
association,6
given,6
e,5
large,5
former,5
excavation,5
oceania,5
ii,5
sq,5
possible,5
resources,5
throughout,5
unpublished,5
excavations,5
estimates,5
six,5
drawn,5
apparently,5
york,5
across,5
megalithic,5
b,5
numbers,5
greater,5
could,5
first,5
ranking,5
persons,5
wide,5
near,5
spoehr,5
describe,5
place,5
order,5
architecture,5
populations,5
observations,5
takayama,5
largest,5
many,5
quarry,5
patterns,5
adjacent,5
ground,5
increases,5
purposes,5
native,5
frequency,5
upon,5
region,5
top,5
food,5
hypotheses,5
ibid,5
standard,5
we,5
pottery,5
stratigraphic,5
archaeology,5
ever,5
organizational,5
over,5
spatial,5
information,5
must,5
saipan,5
families,5
years,5
difference,5
average,5
exclusively,5
much,5
considerably,4
manuscript,4
comparisons,4
either,4
attempt,4
differences,4
somewhat,4
political,4
linear,4
account,4
some,4
thus,4
development,4
since,4
z,4
higher,4
whose,4
levels,4
coastal,4
dated,4
energy,4
n,4
had,4
location,4
access,4
occupation,4
younger,4
placed,4
explain,4
department,4
documented,4
least,4
buildings,4
small,4
when,4
he,4
exception,4
deviation,4
southern,4
about,4
cohorts,4
sex,4
specimens,4
noted,4
inference,4
death,4
shows,4
outside,4
do,4
assemblage,4
made,4
assemblages,4
including,4
samples,4
significant,4
kg,4
fouha,4
pagan,4
historic,4
so,4
occupied,4
provide,4
lines,4
bulletin,4
juan,4
series,4
symbolic,4
occurrences,4
terrestrial,4
specialized,4
terms,4
form,4
supports,4
uniform,4
beach,4
supported,4
c,4
observed,4
indicated,3
per,3
conducted,3
complex,3
identify,3
expenditure,3
diversity,3
limestone,3
practices,3
taken,3
might,3
nature,3
together,3
analyses,3
composition,3
marine,3
recorded,3
nearly,3
honolulu,3
marked,3
functions,3
collection,3
controlled,3
phase,3
leigh,3
club,3
american,3
century,3
estimate,3
identification,3
unit,3
certain,3
assuming,3
modified,3
accounts,3
prehistory,3
possibly,3
river,3
elsewhere,3
listed,3
position,3
palau,3
weighed,3
suggested,3
systems,3
societies,3
midden,3
out,3
quarried,3
zone,3
buried,3
produced,3
fish,3
required,3
because,3
artifacts,3
older,3
employed,3
published,3
involved,3
up,3
hayden,3
san,3
variety,3
contact,3
identified,3
comparative,3
limited,3
above,3
chamorros,3
vicinity,3
relationship,3
communities,3
under,3
refine,3
ethnographic,3
pobre,3
never,3
took,3
present,3
manner,3
adults,3
another,3
local,3
demonstrated,3
situated,3
previously,3
increase,3
assumption,3
described,3
perimeter,3
subadults,3
function,3
obtained,3
households,3
earlier,3
coral,3
responsible,3
equivalent,3
northern,3
maps,3
pieces,3
proposition,3
mortality,3
sheds,3
types,3
anthropological,3
contained,3
rarely,3
then,3
complexity,3
simply,3
temporal,3
descriptions,3
adduced,3
type,3
cooking,3
references,3
generally,3
categories,3
despite,3
adapted,3
our,3
polynesia,3
approximately,3
amant,3
substantial,3
enhanced,3
close,3
occur,3
difficult,2
o,2
way,2
stood,2
functional,2
separated,2
distributed,2
expect,2
symbolize,2
ma,2
formed,2
live,2
arrangement,2
extramural,2
protection,2
necessarily,2
virtually,2
before,2
chief,2
societal,2
contexts,2
being,2
consistent,2
sources,2
production,2
pervasive,2
meters,2
rapid,2
available,2
interred,2
origin,2
ia,2
situ,2
investigations,2
context,2
papers,2
posts,2
system,2
fortune,2
occasional,2
vol,2
outlying,2
attest,2
jps,2
very,2
household,2
reliably,2
localized,2
regarding,2
review,2
superordinate,2
immediate,2
sediment,2
relations,2
distinct,2
refer,2
subordinate,2
served,2
suitable,2
arranged,2
publications,2
find,2
storage,2
explanations,2
ponape,2
upright,2
without,2
how,2
cohort,2
mortar,2
after,2
lacking,2
evolution,2
segment,2
means,2
lineal,2
locally,2
descent,2
linked,2
alluded,2
predates,2
vitores,2
charcoal,2
basalt,2
called,2
lived,2
fishing,2
events,2
monitoring,2
attained,2
representative,2
evaluate,2
focused,2
hawaiian,2
cannot,2
scale,2
public,2
aspects,2
none,2
line,2
residents,2
received,2
tool,2
role,2
prominent,2
egami,2
description,2
literature,2
refined,2
inferences,2
surrounding,2
systematic,2
interpreted,2
approach,2
good,2
change,2
below,2
around,2
truk,2
characteristics,2
sufficient,2
coast,2
descendants,2
world,2
notes,2
provided,2
preliminary,2
moved,2
therefore,2
exterior,2
indicative,2
located,2
female,2
indicates,2
comments,2
measure,2
single,2
percentage,2
competition,2
interpretation,2
restricted,2
compiled,2
complete,2
responsive,2
functioned,2
usually,2
rock,2
addition,2
spear,2
longer,2
ceramic,2
limit,2
treatment,2
plan,2
unidentified,2
distributions,2
philippine,2
unclear,2
michael,2
paired,2
reflected,2
valleys,2
understanding,2
exhibit,2
discussion,2
formal,2
varying,2
asian,2
largely,2
assume,2
sequence,2
dating,2
specimen,2
significance,2
mississippian,2
individual,2
spread,2
general,2
plant,2
lie,2
preservation,2
provides,2
construct,2
graves,2
especially,2
internal,2
constructing,2
effect,2
excluded,2
figures,2
manufacture,2
applies,2
clusters,2
factors,2
carried,2
indication,2
assigned,2
respect,2
perspectives,2
bars,2
science,2
begin,2
select,2
male,2
talofofo,2
investigators,2
collections,2
detailed,2
indicate,2
centuries,2
instances,2
earliest,2
differentiated,2
following,2
mentioned,2
soil,2
known,2
reconnaissance,2
blair,2
mochom,2
unambiguously,2
hopewell,2
sampling,2
did,2
best,2
iii,2
far,2
utilized,2
qualitatively,2
beginning,2
unlikely,2
what,2
combined,2
them,2
correlates,2
produce,2
maximum,2
contain,2
cluster,2
multiple,2
pits,2
reported,2
press,2
variability,2
exceeded,2
maug,2
distinguishable,2
using,2
accorded,2
prepared,2
question,2
until,2
locations,2
protohistoric,2
integration,2
measured,2
observation,2
nan,2
ownership,2
comparable,2
north,2
recent,2
major,2
arizona,2
problem,1
tokyo,1
does,1
margins,1
possessed,1
currently,1
rate,1
deference,1
chronological,1
limits,1
universal,1
horizontal,1
later,1
implying,1
generous,1
environmental,1
insufficiently,1
introduction,1
dugi,1
connecticut,1
reflection,1
residences,1
eaten,1
systematically,1
tend,1
second,1
authority,1
ways,1
solidarity,1
remnants,1
alluviation,1
bias,1
proxy,1
peripherally,1
park,1
considerations,1
acceptance,1
predictor,1
occurred,1
inequality,1
stretches,1
ethnoarchaeological,1
something,1
englewood,1
monograph,1
nonetheless,1
source,1
properties,1
chooses,1
diffusion,1
lower,1
fraction,1
reconstructions,1
caroline,1
topographic,1
micronesica,1
exclusive,1
setting,1
entailed,1
implications,1
attempts,1
ceremonially,1
kilometers,1
worked,1
undeniably,1
advanced,1
seems,1
containing,1
possibilities,1
leading,1
secondary,1
suggesting,1
enduring,1
display,1
thank,1
mangilao,1
accumulated,1
potentially,1
follows,1
spaced,1
borne,1
able,1
transporting,1
closer,1
mag,1
procedure,1
faunal,1
feature,1
reservoir,1
inferring,1
state,1
emphasized,1
raised,1
apjournal,1
classified,1
platforms,1
signs,1
visibility,1
hachure,1
case,1
issue,1
proceed,1
correlated,1
unmixed,1
anthropologists,1
key,1
bird,1
task,1
translations,1
bones,1
bases,1
incorporate,1
sexual,1
design,1
quantities,1
occupying,1
prior,1
implies,1
securely,1
illustrate,1
characterize,1
reaching,1
solely,1
bibliography,1
padre,1
hachures,1
ovens,1
professor,1
apart,1
taking,1
except,1
x,1
quantity,1
shellfish,1
dynamic,1
apply,1
constrained,1
demanded,1
ritual,1
minimum,1
formula,1
warfare,1
childbearing,1
hiratsuka,1
interments,1
conflict,1
central,1
possessing,1
includes,1
tatgua,1
collapse,1
differential,1
relocation,1
relationships,1
historically,1
distinctive,1
fragrant,1
explorers,1
pursue,1
calculated,1
due,1
against,1
de,1
enlarged,1
interest,1
center,1
ability,1
moment,1
heterogeneity,1
mailing,1
occurs,1
heightened,1
participating,1
uniformity,1
co,1
utilizes,1
expected,1
affairs,1
turn,1
unity,1
drainage,1
nor,1
clark,1
stored,1
bay,1
concerning,1
asterisk,1
amount,1
back,1
marriage,1
oxford,1
lineage,1
weight,1
pueblo,1
deceased,1
communication,1
leadership,1
cooperative,1
hammerstones,1
unaltered,1
rates,1
poorly,1
reef,1
navigable,1
lesser,1
poor,1
overestimated,1
tutionalized,1
reconstructed,1
flake,1
reflects,1
altogether,1
rather,1
anointing,1
observers,1
developed,1
scrapers,1
compatible,1
district,1
remain,1
materialistic,1
housing,1
centralization,1
flanks,1
notion,1
process,1
subsistence,1
intravillage,1
excavators,1
afforded,1
arrangements,1
risk,1
associate,1
persistent,1
gesture,1
scraper,1
parts,1
institutionalized,1
special,1
agrihan,1
study,1
illustrations,1
redundancy,1
animals,1
space,1
miscellaneous,1
hook,1
reason,1
category,1
pared,1
plus,1
objects,1
occupational,1
established,1
pestle,1
image,1
intensive,1
presumably,1
section,1
allocation,1
elevated,1
record,1
jersey,1
sinkers,1
argued,1
quarters,1
profile,1
upper,1
kosrae,1
solid,1
resource,1
legends,1
lithic,1
followed,1
consequence,1
rice,1
archeological,1
permanent,1
founding,1
important,1
dug,1
providing,1
salient,1
cut,1
view,1
dispersion,1
dc,1
conquest,1
expressed,1
arrived,1
advance,1
root,1
acceptable,1
underrepresented,1
simplifying,1
allow,1
appearance,1
method,1
conservative,1
hands,1
strength,1
matrilocal,1
typical,1
discrete,1
effort,1
seven,1
relate,1
centrally,1
reduplicated,1
emerge,1
percentages,1
base,1
makeup,1
further,1
equally,1
whichever,1
sanvitores,1
war,1
michigan,1
tools,1
appears,1
objan,1
exluded,1
excooking,1
pietruskewsky,1
premise,1
possibility,1
eliminate,1
improve,1
failure,1
resident,1
aging,1
unequal,1
basis,1
relatives,1
distinguish,1
ul,1
inferred,1
scatters,1
steep,1
ugum,1
even,1
carry,1
nine,1
significantly,1
interand,1
purpose,1
stacked,1
proportions,1
unfinished,1
related,1
aged,1
revealed,1
routinely,1
incremental,1
whole,1
consistently,1
demonstrates,1
records,1
cy,1
actually,1
rows,1
perishable,1
et,1
sculptural,1
personal,1
away,1
floors,1
haven,1
putatively,1
fieldwork,1
preparation,1
smallest,1
sculpture,1
my,1
memoirs,1
polity,1
ucla,1
sampled,1
refuse,1
unmarried,1
annotated,1
foci,1
nippon,1
depositional,1
statistically,1
presented,1
working,1
useful,1
tacitly,1
shaping,1
reliable,1
next,1
le,1
quite,1
event,1
chert,1
consensus,1
accomplished,1
erected,1
components,1
folk,1
awls,1
observe,1
portions,1
boundaries,1
tended,1
characterizes,1
majority,1
estates,1
visit,1
interests,1
inhabiting,1
yapese,1
rang,1
knowledge,1
corpse,1
lend,1
periods,1
inspection,1
uclaguam,1
bonin,1
will,1
portion,1
morphology,1
led,1
situation,1
delineating,1
coastline,1
demand,1
ceremonial,1
onset,1
various,1
functioning,1
polished,1
scientific,1
economic,1
cannibalism,1
brief,1
matrilineal,1
assurance,1
prevailing,1
object,1
formative,1
nonstandard,1
pelagic,1
leprosarium,1
adze,1
standing,1
builders,1
standardize,1
needles,1
once,1
elaboration,1
examined,1
represents,1
cleveland,1
rules,1
thought,1
exactly,1
array,1
cliff,1
ne,1
neither,1
coeval,1
ancient,1
fruitbat,1
symptomatic,1
commoner,1
homogeneous,1
positively,1
congruent,1
formalized,1
issues,1
nw,1
indian,1
illustrated,1
supernatural,1
maintained,1
chose,1
retaliation,1
inhabitants,1
name,1
oceanic,1
tilt,1
comparison,1
stream,1
provenience,1
fishshell,1
varies,1
experienced,1
lime,1
water,1
missing,1
lighter,1
gastropod,1
fact,1
locational,1
overwhelming,1
conduct,1
underestimated,1
verifiable,1
recurrent,1
occupations,1
beliefs,1
appeared,1
striking,1
mural,1
layer,1
children,1
isolate,1
decreases,1
demonstrating,1
fallen,1
contemporary,1
substantially,1
identical,1
fashion,1
tumon,1
zealand,1
forms,1
likelihood,1
deploy,1
covered,1
model,1
gorges,1
islandlevel,1
linearly,1
skewing,1
timing,1
arrays,1
strategies,1
necessary,1
deep,1
japan,1
assortment,1
showing,1
reinman,1
reconstructing,1
extrafeatures,1
distance,1
style,1
wood,1
remarkably,1
outlines,1
boat,1
elevation,1
polities,1
degree,1
mortars,1
original,1
matrix,1
analyzed,1
classes,1
escarpments,1
comprise,1
discovery,1
completed,1
preferential,1
values,1
pathology,1
locate,1
attainment,1
drills,1
transformed,1
genealogical,1
distinctly,1
enormous,1
clumped,1
manifestations,1
asuncion,1
elite,1
medium,1
controlling,1
additions,1
emphasize,1
began,1
aside,1
net,1
processes,1
exhibited,1
trend,1
actual,1
recovery,1
engaged,1
examination,1
deployed,1
previous,1
advantages,1
washington,1
clear,1
merstone,1
remaining,1
consult,1
discussed,1
comprehensive,1
tomaltepec,1
hampered,1
agreement,1
points,1
maintenance,1
held,1
homes,1
slingchipped,1
direct,1
high,1
played,1
collected,1
interpretable,1
easter,1
practiced,1
proximity,1
zamora,1
intrinsic,1
peebles,1
exchange,1
reproductive,1
procurement,1
random,1
problems,1
disclosed,1
elaborate,1
methods,1
sexed,1
respectively,1
ann,1
shallow,1
examine,1
attendant,1
seattle,1
ethnographically,1
translate,1
slightly,1
differ,1
southwest,1
islet,1
institution,1
arbor,1
sociopolitical,1
attention,1
encompassing,1
widely,1
tridacna,1
uncritical,1
infants,1
increasing,1
tiniani,1
depth,1
suggestion,1
imply,1
dual,1
visits,1
belonged,1
segments,1
domains,1
five,1
foreign,1
staples,1
testing,1
suggestive,1
program,1
suspected,1
reasonable,1
inside,1
quarrying,1
fewer,1
palauan,1
widespread,1
primarily,1
extension,1
bivalve,1
monuments,1
who,1
excluding,1
sensitive,1
directions,1
soul,1
deposit,1
yale,1
biostatistical,1
lawrence,1
excited,1
rapidly,1
class,1
lattes,1
extra,1
kurashina,1
surprising,1
dead,1
exists,1
victorious,1
claims,1
acquired,1
assistant,1
cavated,1
exercised,1
sexes,1
any,1
practice,1
senior,1
maturity,1
conclusion,1
incorporated,1
circumstances,1
measurements,1
demonstrate,1
detect,1
reinforced,1
too,1
implied,1
ignore,1
membership,1
tguam,1
urdaneta,1
equipment,1
taiwan,1
natural,1
colonization,1
pz,1
specialization,1
cemetery,1
paper,1
reversal,1
fena,1
seem,1
variable,1
leaders,1
down,1
current,1
loyalty,1
allied,1
spaniards,1
obviously,1
infer,1
mystery,1
ordered,1
associations,1
guinea,1
director,1
closest,1
burying,1
advances,1
person,1
phd,1
agana,1
sexing,1
heads,1
investigation,1
reconcile,1
namely,1
making,1
plants,1
particular,1
nearby,1
hierarchically,1
statement,1
map,1
fijian,1
theory,1
supplemented,1
consisting,1
prestige,1
institute,1
recurrently,1
property,1
mg,1
minimal,1
slingstones,1
phenomena,1
emphasis,1
alamagan,1
ritually,1
demarcated,1
careful,1
city,1
behaviors,1
undertaken,1
confirm,1
became,1
pertain,1
durable,1
investment,1
interment,1
territory,1
condition,1
guguan,1
highranking,1
reconstruct,1
exploit,1
representation,1
voyage,1
varied,1
laulau,1
pair,1
named,1
formation,1
devoted,1
spacing,1
architecturally,1
cambridge,1
disposal,1
postadolescent,1
finding,1
decrease,1
national,1
stratification,1
fibers,1
accept,1
wish,1
documentation,1
applicable,1
grown,1
typically,1
land,1
define,1
socially,1
prehamother,1
etiquette,1
ll,1
scalar,1
involving,1
defined,1
enclosed,1
imaginations,1
removed,1
survivorship,1
assumed,1
chisel,1
regularity,1
km,1
inarajan,1
bottoms,1
archival,1
vary,1
chicago,1
recognized,1
deposition,1
bounds,1
incur,1
northwestern,1
documentary,1
dental,1
traditional,1
focus,1
duration,1
immediately,1
diverges,1
meeting,1
successive,1
showed,1
mistaken,1
proximately,1
heterogeneous,1
pandanus,1
