WORDCOUNTS,WEIGHT
the,574
of,420
in,196
and,175
a,88
at,79
to,78
settlement,54
i,49
on,45
from,44
was,43
were,42
by,40
hascherkeller,40
that,38
for,38
is,36
as,35
this,35
early,31
found,29
been,28
trench,28
iron,28
two,26
have,26
figure,24
with,24
s,24
l,23
daub,23
ditches,20
field,20
site,19
w,19
age,19
ditch,19
wells,19
note,18
bronze,18
hallstatt,18
see,18
be,18
period,17
we,17
m,16
central,16
such,16
an,16
recovered,15
had,15
other,15
area,15
may,14
it,14
not,14
mold,14
der,14
are,14
fragments,14
enclosures,14
objects,13
western,13
excavation,13
j,13
west,13
three,13
opcit,13
small,13
b,12
materials,12
these,12
surface,12
pit,12
both,12
part,12
through,12
has,12
which,12
large,12
trenches,12
results,12
evidence,12
will,11
seasons,11
about,11
into,11
n,11
different,11
areas,11
survey,11
v,11
eastern,11
some,11
during,11
inner,11
research,11
pottery,11
brown,11
university,10
but,10
being,10
also,10
plan,10
dr,10
information,10
pits,10
trade,10
magnetometer,10
g,10
excavations,10
no,10
fig,10
probably,10
o,9
h,9
boundary,9
their,9
many,9
im,9
fur,9
layers,9
showing,9
bone,9
much,9
und,9
urnfield,8
community,8
end,8
southern,8
remains,8
loess,8
first,8
fill,8
more,8
peabody,8
those,8
x,8
bottom,8
excavated,8
several,8
soil,8
postholes,8
preliminary,8
provide,7
economic,7
parts,7
or,7
sources,7
important,7
all,7
contained,7
harvard,7
cultural,7
material,7
east,7
used,7
aus,7
enclosure,7
between,7
structure,7
journal,7
f,6
metal,6
e,6
object,6
settlements,6
indicate,6
one,6
use,6
museum,6
t,6
k,6
lower,6
rings,6
here,6
cm,6
prehistoric,6
bavaria,6
thank,6
very,6
landesamt,6
though,6
economy,6
well,6
r,6
extended,6
its,6
fragment,6
features,6
photograph,6
periods,6
c,6
dark,6
flg,6
von,6
study,5
analysis,5
quillian,5
modern,5
aerial,5
rectangular,5
only,5
caroline,5
graphite,5
europe,5
them,5
house,5
time,5
landshut,5
aspects,5
des,5
made,5
most,5
revealed,5
die,5
phase,5
our,5
weaving,5
bei,5
good,5
below,5
defined,5
urneleld,5
including,5
among,5
chronological,4
siedlung,4
helmut,4
fieldwork,4
wall,4
vertical,4
cut,4
represented,4
detailed,4
they,4
outer,4
fragmentary,4
drawings,4
organization,4
same,4
sherds,4
later,4
season,4
charcoal,4
ceramic,4
location,4
down,4
late,4
animal,4
occupation,4
salt,4
occupied,4
whether,4
posts,4
system,4
artifactual,4
cuttings,4
sites,4
another,4
red,4
basis,4
size,4
casting,4
data,4
plow,4
investigated,4
q,4
structures,4
shown,4
project,4
archaeological,4
feature,4
relatively,4
least,4
d,4
suggest,4
few,4
mining,4
narrow,4
yielded,4
present,4
dorcas,4
than,4
stone,4
phases,3
jahresbericht,3
depth,3
consists,3
communities,3
rainer,3
variety,3
edge,3
polished,3
whitewash,3
located,3
pieces,3
determine,3
growth,3
wish,3
rescue,3
indicates,3
debris,3
germany,3
similar,3
renewal,3
produced,3
formed,3
types,3
studies,3
chronology,3
metallurgy,3
just,3
button,3
principal,3
long,3
dug,3
bodendenkmalpflege,3
others,3
over,3
appear,3
active,3
industry,3
belong,3
p,3
report,3
region,3
particularly,3
out,3
new,3
luxury,3
there,3
patterns,3
where,3
within,3
soundings,3
particular,3
scale,3
contiguous,3
perhaps,3
commercial,3
advice,3
bayerisches,3
humus,3
number,3
zur,3
none,3
vol,3
opened,3
helpful,3
possible,3
discovery,3
do,3
quantity,3
became,3
samples,3
plans,3
bayerischen,3
significant,3
manufacturing,3
commerce,3
assistance,3
surrounding,3
locations,3
clear,3
since,3
regions,3
peter,3
pin,3
course,3
known,3
although,3
loom,3
distinct,3
involved,3
around,3
roughly,3
parallel,3
ps,3
dem,3
occur,3
northern,3
ground,3
apparently,3
y,3
provided,3
imported,3
am,3
la,3
major,3
walls,3
institut,2
does,2
pertaining,2
relationship,2
shuttle,2
buildings,2
richest,2
various,2
continued,2
his,2
if,2
fundberichte,2
krieger,2
mark,2
across,2
know,2
constituents,2
concentrated,2
concern,2
separated,2
kyberg,2
archaeology,2
subsistence,2
tools,2
salzburg,2
alpen,2
mediterranean,2
center,2
easternmost,2
kinds,2
often,2
vicinity,2
construction,2
fall,2
curving,2
ms,2
once,2
abundant,2
ss,2
rounded,2
making,2
reason,2
prof,2
face,2
weights,2
investigate,2
hallstattkultur,2
trace,2
ne,2
raw,2
sections,2
assistant,2
laid,2
then,2
complete,2
culture,2
revision,2
outlined,2
source,2
extending,2
containing,2
show,2
loccit,2
double,2
useful,2
ll,2
inhabitants,2
occupational,2
denkmalpflege,2
support,2
roman,2
production,2
westward,2
mr,2
taken,2
suggested,2
toward,2
renewed,2
view,2
available,2
identified,2
lighter,2
based,2
mineral,2
concentration,2
suggesting,2
broken,2
das,2
disturbed,2
foundation,2
centers,2
able,2
becker,2
john,2
how,2
uncovered,2
zone,2
imports,2
configuration,2
faunal,2
spathallstattzeitlicher,2
base,2
appeared,2
neighboring,2
what,2
metalworking,2
carefully,2
investigation,2
establish,2
appears,2
ceramics,2
sq,2
references,2
plant,2
distribution,2
her,2
bones,2
directly,2
because,2
producing,2
shape,2
mesh,2
u,2
quantities,2
development,2
understanding,2
activity,2
categories,2
bc,2
planning,2
examples,2
presented,2
pls,2
far,2
logs,2
slag,2
little,2
hillel,2
city,2
herrensitz,2
related,2
along,2
techniques,2
beneath,2
kindly,2
special,2
range,2
copper,2
demonstrates,2
partly,2
hearth,2
goals,2
recovery,2
individuals,2
smelting,2
throughout,2
typological,2
palisade,2
dating,2
cast,2
identieled,2
connections,2
own,2
illustrates,2
can,2
subsequent,2
perpendicular,2
corner,2
amounts,2
concentrations,2
gravel,2
hallstattzeitliche,2
level,2
would,2
need,2
so,2
hammer,2
expected,2
z,2
order,2
after,2
nor,2
destroyed,2
burned,2
deer,2
graves,2
especially,2
decorated,2
houses,2
elg,2
activities,2
majority,2
entire,2
wool,2
using,2
importing,2
elaphus,2
elnds,2
antler,2
north,2
grateful,2
finds,2
shall,2
manufacture,2
urnenfelderzeit,2
close,2
ostalpenraum,2
patzold,2
row,2
kurt,1
lf,1
model,1
try,1
lgglng,1
four,1
contacts,1
carried,1
bedeutung,1
contain,1
yields,1
strands,1
cc,1
markotic,1
jill,1
damaged,1
triangles,1
icmt,1
ii,1
fruhe,1
produces,1
likely,1
aid,1
done,1
fortunate,1
caro,1
abundance,1
vor,1
cornish,1
south,1
quantitites,1
coats,1
bright,1
denkmalptlege,1
circular,1
common,1
collected,1
numerals,1
science,1
ncient,1
medieval,1
employ,1
extraordinary,1
action,1
powell,1
italy,1
sx,1
stood,1
synthesis,1
developing,1
fields,1
designated,1
result,1
ia,1
program,1
featureintrench,1
ra,1
urnenfelderzeitliche,1
represent,1
thermoluminescence,1
play,1
square,1
meters,1
half,1
linz,1
principally,1
specimen,1
lines,1
indication,1
centimeters,1
nearly,1
ai,1
presentation,1
institutions,1
process,1
highway,1
jewelry,1
rather,1
demonstration,1
associated,1
excellent,1
progresses,1
screened,1
curved,1
excavators,1
glance,1
wetsieving,1
considerably,1
pointed,1
enclosing,1
rim,1
introduction,1
hallstattzeit,1
plows,1
ornament,1
surviving,1
mrs,1
sequences,1
offieldwork,1
deposits,1
belts,1
conducted,1
urnenfelderkultur,1
federseemoor,1
untergliederung,1
hold,1
contributions,1
direction,1
brought,1
selection,1
curator,1
nordlichen,1
illustrations,1
distant,1
white,1
designed,1
cellars,1
fa,1
hope,1
animals,1
scattered,1
respect,1
emerged,1
jahrtausends,1
celtic,1
sets,1
centuries,1
magnetik,1
zeit,1
ery,1
examined,1
examine,1
sqm,1
schlichtherle,1
cornwall,1
notched,1
gathered,1
limburger,1
bad,1
floor,1
ring,1
photographs,1
wanted,1
taut,1
repair,1
under,1
erzgebirge,1
increased,1
possibly,1
austria,1
seem,1
graberfeldes,1
emphasize,1
iiascherkeller,1
deposited,1
copperandtin,1
salzburgs,1
homogeneous,1
nonetheless,1
general,1
waschenberg,1
clearly,1
amid,1
before,1
section,1
driven,1
local,1
prospektion,1
completion,1
bereich,1
urnenfelderzeitlichen,1
traces,1
jahrbuch,1
reckon,1
sorting,1
series,1
sheep,1
broad,1
continuous,1
hans,1
detail,1
incised,1
colonial,1
moldfor,1
paint,1
profile,1
typologically,1
largest,1
industrial,1
ssssw,1
must,1
leads,1
shallower,1
cutting,1
european,1
potential,1
horizontal,1
economically,1
additional,1
plaster,1
extension,1
volkerwanderungszeit,1
ausgrabungen,1
comes,1
readings,1
sometimes,1
either,1
beyond,1
textiles,1
picture,1
salzhandelsmetropole,1
sawn,1
indications,1
proelle,1
include,1
schroter,1
hence,1
besides,1
sizes,1
tin,1
denkmalpfleges,1
cylindrical,1
mineralogical,1
wahrend,1
finger,1
running,1
internal,1
set,1
scientific,1
comparison,1
decoration,1
main,1
indicated,1
punktdichteschrift,1
might,1
rows,1
bohemia,1
systems,1
branches,1
becken,1
strainers,1
similarly,1
put,1
dairy,1
urundfruhgeschichtlicher,1
primarily,1
ihre,1
rb,1
each,1
addition,1
taking,1
danube,1
tog,1
intensive,1
correspond,1
paper,1
entwicklung,1
carbonized,1
uses,1
ersten,1
did,1
specialized,1
daue,1
coating,1
lying,1
york,1
shows,1
expose,1
outside,1
chronologie,1
identifying,1
chunks,1
wide,1
believe,1
distance,1
gruben,1
stratigraphically,1
tradition,1
wooden,1
packed,1
unknown,1
heuneburg,1
occurrence,1
spathallstattkultur,1
sedimentation,1
limited,1
exceptionally,1
become,1
together,1
situla,1
ph,1
nt,1
jungeren,1
color,1
sexes,1
typical,1
differences,1
domestic,1
craphittonkeramik,1
tangs,1
musealvereins,1
hgh,1
nz,1
species,1
rich,1
iii,1
searched,1
aiuseum,1
hoops,1
follows,1
studied,1
accompanied,1
alloy,1
jet,1
supervisors,1
archaologisches,1
kreis,1
eleld,1
goods,1
analyze,1
separating,1
geophysik,1
fruhgeschichte,1
angewandte,1
wood,1
elsewhere,1
pattern,1
expansion,1
stamped,1
director,1
dates,1
greater,1
whitney,1
type,1
bands,1
men,1
circulation,1
discolored,1
enough,1
further,1
greatly,1
difficult,1
keith,1
alpenvorland,1
joan,1
contact,1
unworked,1
posit,1
bis,1
marks,1
rapid,1
cuts,1
cml,1
allgemeinen,1
hatfield,1
fleld,1
belongs,1
sudbayern,1
bore,1
province,1
unique,1
widely,1
interruption,1
final,1
aiding,1
impossible,1
less,1
pins,1
strategies,1
da,1
efforts,1
applied,1
side,1
sw,1
pl,1
necessary,1
generosity,1
add,1
ascribed,1
deep,1
existence,1
hoped,1
map,1
massalia,1
abbreviated,1
einer,1
absolute,1
preparation,1
required,1
sunk,1
courtesy,1
meadow,1
graberfeld,1
urgeschichte,1
documented,1
extent,1
balk,1
replastering,1
av,1
acknowledgments,1
nordlich,1
lignite,1
sondenhohe,1
westernmost,1
flotation,1
oo,1
earlier,1
tx,1
while,1
hohensiedlung,1
briefly,1
technical,1
studying,1
require,1
reallexikon,1
yield,1
years,1
figs,1
products,1
pebble,1
indirectly,1
demonstrated,1
await,1
untersuchung,1
durrnberg,1
needed,1
line,1
greatest,1
concentrating,1
screens,1
artifacts,1
interrelated,1
romans,1
beneflt,1
middle,1
belonging,1
measures,1
vessels,1
bounded,1
depend,1
solid,1
background,1
germanischen,1
nj,1
thanks,1
assemblages,1
surfaces,1
richard,1
upon,1
hundred,1
domesticates,1
chronologies,1
crossed,1
arabic,1
measuring,1
fine,1
dehn,1
sides,1
multiple,1
jfa,1
illustrated,1
farmstead,1
occupants,1
oberosterreich,1
composition,1
mm,1
middlemen,1
oberosterreichischen,1
scatter,1
indicating,1
manufactured,1
alteuropa,1
looking,1
apparent,1
fl,1
mefford,1
role,1
seeds,1
test,1
confirms,1
elrst,1
top,1
traditional,1
change,1
rec,1
ellled,1
oberhaching,1
traded,1
thomas,1
topic,1
continuation,1
screen,1
describe,1
largely,1
lump,1
forests,1
lands,1
tracht,1
adding,1
factor,1
isar,1
maria,1
mitten,1
paucity,1
magnetische,1
world,1
sequence,1
work,1
figures,1
ditterenzen,1
increasingly,1
kiln,1
christlein,1
coming,1
sudlich,1
like,1
thus,1
auf,1
kunzing,1
webkunst,1
inlay,1
prepared,1
hallein,1
radiocarbon,1
spaces,1
chosen,1
smaller,1
away,1
strong,1
ends,1
cemeteries,1
mouth,1
bankoff,1
employed,1
bronzefunde,1
il,1
professor,1
tell,1
students,1
fischer,1
ulrich,1
vorund,1
artifact,1
ignored,1
open,1
who,1
plowing,1
badenwurttemberg,1
wheat,1
my,1
relative,1
protonenmagnetometer,1
deutschland,1
initial,1
schematically,1
pebbles,1
allgemeine,1
numerous,1
korrespondenzblatt,1
magdalenska,1
national,1
kol,1
nthropology,1
obliterated,1
grant,1
beitrage,1
cluding,1
aided,1
becoming,1
erto,1
untersuchungen,1
characteristic,1
second,1
identify,1
attests,1
shed,1
kupfererzlagerstatten,1
applicable,1
actively,1
subject,1
lumps,1
mined,1
earthwatch,1
occurs,1
interpret,1
resembled,1
american,1
spread,1
huttenlehm,1
function,1
complex,1
him,1
unexpected,1
reinecke,1
stage,1
successive,1
reconstructed,1
michelsberger,1
glass,1
curve,1
played,1
neolithikum,1
involving,1
tubingen,1
already,1
plants,1
tirol,1
filled,1
forming,1
off,1
probable,1
siag,1
ages,1
stubbs,1
preservation,1
black,1
standard,1
vom,1
perforated,1
emerging,1
ongoing,1
stray,1
ap,1
repeated,1
underlying,1
tene,1
summary,1
david,1
greek,1
deserve,1
lande,1
examination,1
concerning,1
specific,1
supported,1
having,1
amount,1
cs,1
concerns,1
munich,1
article,1
ridgway,1
primitive,1
ha,1
components,1
routes,1
pertain,1
leather,1
eisenerzbergbau,1
rest,1
ostteil,1
clarieled,1
counsel,1
oberen,1
km,1
served,1
survives,1
massachusetts,1
germania,1
ornaments,1
directions,1
portions,1
left,1
ann,1
boundaries,1
shallow,1
third,1
single,1
inventories,1
hallstattzeitlichen,1
forms,1
sig,1
slaughtered,1
hessen,1
grave,1
compare,1
find,1
ziallstatt,1
whole,1
erforschung,1
weight,1
visible,1
raised,1
explore,1
working,1
christus,1
archaeologist,1
terrace,1
even,1
valley,1
shiny,1
cattle,1
bittel,1
donau,1
manching,1
team,1
galleries,1
industries,1
vi,1
punktabstend,1
recent,1
textilhandwerks,1
pott,1
salzherren,1
profiles,1
should,1
passau,1
anthropologische,1
doing,1
delimited,1
showed,1
den,1
valuable,1
execution,1
lvordwurttemberg,1
gordon,1
landkreis,1
pauli,1
fiber,1
deeper,1
brenda,1
fr,1
welded,1
context,1
overlapping,1
kept,1
