WORDCOUNTS,WEIGHT
the,111
of,93
and,90
in,66
a,53
to,45
is,34
that,31
are,30
not,25
sediments,24
this,23
archaeological,22
it,21
on,18
as,16
for,16
be,16
or,15
from,15
by,13
these,12
how,11
an,11
environments,10
deposits,10
but,9
some,9
human,9
can,9
at,8
with,8
discussed,8
sites,8
its,8
been,7
cave,7
geological,7
their,6
important,6
although,6
lake,6
does,5
they,5
aurignacian,5
university,5
was,5
title,5
useful,5
more,5
s,5
has,5
have,5
between,5
we,5
science,4
e,4
weiner,4
environment,4
insights,4
commonly,4
only,4
published,4
geomorphology,4
book,4
paper,4
prehistoric,4
p,4
very,4
i,4
particularly,4
chapter,4
diagenesis,4
agents,4
focus,4
sediment,4
depositional,4
geoarchaeological,4
o,4
editors,4
journal,4
may,3
shoreline,3
his,3
site,3
anthropogenic,3
template,3
one,3
articles,3
studies,3
modern,3
into,3
just,3
al,3
most,3
also,3
different,3
years,3
out,3
new,3
there,3
last,3
do,3
somewhat,3
reviews,3
context,3
papers,3
number,3
understanding,3
illustrate,3
point,3
geomorphological,3
et,3
literature,3
behavior,3
processes,3
laboratory,3
which,3
were,3
such,3
kebara,3
would,3
need,3
specific,3
geomorphic,3
will,2
farrand,2
interesting,2
variety,2
provide,2
main,2
appreciation,2
coastal,2
notion,2
pedogenesis,2
complex,2
changes,2
k,2
use,2
collect,2
springs,2
yet,2
shell,2
wetlands,2
understand,2
ash,2
whereas,2
collection,2
us,2
organization,2
bit,2
clearly,2
section,2
elsewhere,2
bordeaux,2
reviewed,2
du,2
contexts,2
two,2
fluctuations,2
noted,2
shows,2
volume,2
terrestrial,2
here,2
paul,2
geoarchaeology,2
index,2
ii,2
figure,2
treatment,2
natural,2
view,2
appear,2
humans,2
all,2
readily,2
location,2
found,2
analyses,2
layer,2
any,2
end,2
julie,2
date,2
phd,2
those,2
william,2
cultural,2
caves,2
where,2
what,2
within,2
whether,2
relevant,2
viewed,2
terms,2
fluvial,2
system,2
case,2
issue,2
tabun,2
material,2
record,2
isbn,2
wood,2
studying,2
aspects,2
information,2
analyzed,2
contain,2
artifacts,2
pataud,2
assemblages,2
level,2
four,2
including,2
abri,2
related,2
along,2
samples,2
adaptations,2
hayonim,2
issues,2
actually,2
chapters,2
devoted,2
blades,2
open,2
lacustrine,2
approach,2
unpublished,2
good,2
interpret,2
times,2
israeljournal,2
suggest,2
features,2
sedimentary,2
archaeology,2
provides,2
soils,2
casas,2
margin,2
refreshing,2
potential,2
study,2
feibel,2
themselves,2
alluvial,2
generally,2
field,2
little,2
look,2
than,2
about,2
appropriate,2
should,2
geogenic,2
close,2
overlooked,2
jean,1
seems,1
carried,1
surroundings,1
ers,1
poor,1
amount,1
he,1
books,1
disappointing,1
noteworthy,1
likely,1
estuaries,1
recognized,1
ann,1
adequate,1
proxy,1
abundance,1
whose,1
page,1
cover,1
composed,1
materials,1
curves,1
easy,1
she,1
statements,1
movements,1
later,1
links,1
populations,1
meaning,1
curiosities,1
absent,1
dictate,1
stood,1
benot,1
integrating,1
h,1
ironic,1
universite,1
represent,1
museum,1
basic,1
behave,1
tertiary,1
sw,1
brief,1
corinth,1
wetland,1
widespread,1
subsistence,1
upward,1
rather,1
who,1
gesher,1
approaching,1
detailed,1
opportunity,1
dealt,1
humains,1
clothbound,1
formally,1
technically,1
them,1
after,1
wake,1
subenvironments,1
mouth,1
expect,1
geoor,1
similar,1
sequences,1
michel,1
certain,1
modes,1
covering,1
touched,1
volumes,1
contributions,1
pages,1
aquatic,1
methods,1
stein,1
lisa,1
needed,1
deviates,1
prime,1
fall,1
stone,1
arbor,1
achieve,1
ma,1
fenner,1
abundant,1
uniquely,1
ways,1
types,1
sciences,1
interpretation,1
support,1
reference,1
di,1
totaling,1
strategically,1
examined,1
arid,1
completeness,1
happened,1
thought,1
considerations,1
middens,1
considered,1
decade,1
possibly,1
detail,1
stephen,1
cycles,1
dissertation,1
locale,1
northwest,1
reddish,1
seriously,1
occurred,1
stratigraphic,1
deposited,1
une,1
commonwealth,1
updating,1
light,1
associated,1
essential,1
relates,1
granule,1
exceptions,1
same,1
n,1
performed,1
thematic,1
bruce,1
nice,1
source,1
complexity,1
differs,1
version,1
grand,1
age,1
leads,1
show,1
department,1
simply,1
extensive,1
gail,1
hearth,1
being,1
satisfying,1
came,1
first,1
regional,1
symbolic,1
archaeologists,1
paleolithique,1
precise,1
nature,1
present,1
physical,1
notions,1
specifically,1
fire,1
aggregates,1
utah,1
river,1
distinguishing,1
minerals,1
erroneous,1
originally,1
gorge,1
m,1
give,1
forty,1
swims,1
know,1
concentrated,1
karkansas,1
again,1
decades,1
others,1
approche,1
utilization,1
methodology,1
principle,1
control,1
rock,1
many,1
complete,1
greater,1
j,1
raw,1
character,1
olduvai,1
peigord,1
gary,1
fact,1
unifying,1
demonstrate,1
setting,1
consideration,1
available,1
if,1
best,1
assess,1
our,1
histories,1
call,1
emergence,1
search,1
documents,1
offers,1
midden,1
regard,1
overemphasis,1
intermingled,1
dryland,1
behavioral,1
arises,1
humid,1
deal,1
job,1
research,1
sedimentology,1
fallen,1
events,1
subdued,1
biota,1
continents,1
pattern,1
other,1
past,1
inadvertently,1
works,1
type,1
term,1
mt,1
evaluate,1
klasies,1
concrete,1
marine,1
situ,1
ground,1
reworking,1
lehner,1
though,1
covered,1
peso,1
buried,1
granulometric,1
something,1
superimposed,1
report,1
burial,1
non,1
center,1
majority,1
form,1
michael,1
less,1
see,1
tell,1
strategies,1
references,1
choice,1
want,1
teasing,1
dearth,1
sophisticated,1
whale,1
franchthi,1
artifactual,1
inputs,1
plasters,1
perhaps,1
time,1
owing,1
problem,1
surveying,1
bird,1
component,1
far,1
boston,1
while,1
periodical,1
mentioned,1
america,1
impression,1
because,1
well,1
classical,1
reminder,1
balance,1
another,1
original,1
evolutionarily,1
fundamentally,1
suggests,1
emphasis,1
r,1
situated,1
used,1
missed,1
exclusively,1
granules,1
qua,1
work,1
mousteriennes,1
middle,1
inferred,1
noticeably,1
examples,1
both,1
treated,1
gastroliths,1
alter,1
made,1
researchers,1
craig,1
remember,1
ideal,1
alterations,1
concept,1
transport,1
apart,1
significantly,1
timely,1
sea,1
previously,1
illustrates,1
particles,1
apparent,1
prevalent,1
lithoclasts,1
press,1
role,1
comportement,1
complexities,1
himself,1
ten,1
controls,1
got,1
significant,1
deviate,1
overview,1
q,1
sidestep,1
tracing,1
during,1
reworked,1
virtually,1
connotation,1
cited,1
facets,1
climatic,1
framework,1
people,1
des,1
ideas,1
accumulation,1
au,1
tips,1
relies,1
splitting,1
colossal,1
roman,1
goal,1
thus,1
nothing,1
examination,1
radiocarbon,1
systemic,1
previous,1
review,1
reflect,1
question,1
eight,1
peculiar,1
lithique,1
systematic,1
shown,1
theoretical,1
groupes,1
modify,1
instructive,1
grotte,1
difficulties,1
ofearth,1
interpreted,1
whalen,1
known,1
tanzania,1
bent,1
since,1
similarity,1
due,1
chemistry,1
tables,1
realized,1
layers,1
de,1
g,1
rockshelter,1
finally,1
subtle,1
mode,1
co,1
emplaced,1
discussing,1
excavated,1
furnishing,1
include,1
salt,1
someone,1
bone,1
settings,1
revised,1
grouped,1
tied,1
so,1
product,1
reinforces,1
mexico,1
indicators,1
trading,1
france,1
effects,1
ashley,1
offer,1
palaeolithic,1
earlier,1
estimates,1
emphasizes,1
preservation,1
excavation,1
settlement,1
martin,1
remains,1
association,1
paleoclimatology,1
small,1
buzaz,1
minnis,1
pathbreaking,1
gets,1
needs,1
combe,1
chichimeca,1
size,1
characteristics,1
charles,1
few,1
cogent,1
somehow,1
article,1
trying,1
normally,1
often,1
columbia,1
brought,1
inspiring,1
inclusion,1
relation,1
technologique,1
excavations,1
left,1
supply,1
xvi,1
third,1
single,1
misleading,1
wisely,1
find,1
early,1
biological,1
overarching,1
up,1
through,1
schiegl,1
even,1
ofarchaeological,1
develop,1
results,1
describes,1
wells,1
focussed,1
sine,1
among,1
demonstration,1
propositions,1
y,1
north,1
notes,1
relative,1
general,1
broader,1
attention,1
influence,1
activities,1
major,1
arizona,1
facies,1
oversize,1
grandes,1
