WORDCOUNTS,WEIGHT
the,266
of,154
and,87
in,63
a,53
is,51
to,48
that,35
for,34
are,31
site,23
this,20
with,19
from,19
peat,19
as,18
an,18
volume,17
not,16
by,16
it,15
monte,15
on,14
at,13
cultural,13
materials,12
verde,11
was,11
samples,11
he,10
ages,10
human,10
which,10
years,10
remains,10
be,10
or,9
but,9
some,9
than,9
their,8
one,8
organic,8
age,8
radiocarbon,8
formation,8
so,8
all,7
first,7
only,7
very,7
part,7
have,7
dillehay,7
stratum,7
his,6
they,6
investigations,6
pleistocene,6
well,6
will,5
interpretation,5
eight,5
chico,5
more,5
could,5
there,5
within,5
younger,5
interpreted,5
were,5
argument,5
plant,5
area,5
interpretations,5
salto,5
deposition,5
important,4
rather,4
if,4
created,4
deposit,4
reconstruction,4
stratigraphic,4
most,4
lithic,4
surface,4
many,4
other,4
time,4
i,4
base,4
present,4
nearby,4
work,4
reported,4
its,4
data,4
bed,4
regional,4
glacial,4
andes,4
several,4
few,4
between,4
research,4
geological,4
span,3
does,3
matter,3
no,3
been,3
american,3
parts,3
agency,3
about,3
second,3
units,3
studies,3
over,3
around,3
deposited,3
upper,3
two,3
being,3
fact,3
sequence,3
strata,3
here,3
set,3
paleoenvironmental,3
late,3
investigation,3
context,3
erosional,3
perhaps,3
layer,3
problem,3
local,3
demonstrated,3
possible,3
discussion,3
burden,3
nine,3
knowledge,3
eroded,3
review,3
until,3
sedimentary,3
archaeological,3
authors,3
depositional,3
least,3
underlying,3
fully,3
little,3
among,3
we,3
north,3
evidence,3
ago,3
alternative,3
subsequently,2
names,2
give,2
without,2
complexities,2
chinchihuapi,2
developed,2
environmental,2
who,2
represented,2
translation,2
strongly,2
macrobotanical,2
imply,2
special,2
kinds,2
creek,2
analysis,2
support,2
ecofacts,2
modern,2
gravels,2
ancient,2
into,2
presents,2
clearly,2
before,2
suite,2
limits,2
these,2
must,2
agents,2
stones,2
outwash,2
terminology,2
text,2
book,2
control,2
charcoal,2
had,2
cultures,2
efforts,2
different,2
handling,2
based,2
inconclusiveness,2
seem,2
areas,2
search,2
agree,2
typical,2
current,2
report,2
seven,2
out,2
issue,2
international,2
near,2
dates,2
reviews,2
them,2
produced,2
material,2
pollen,2
east,2
merit,2
bones,2
another,2
because,2
early,2
multidisciplinary,2
sites,2
chapter,2
classes,2
artifacts,2
both,2
carry,2
limitations,2
given,2
along,2
top,2
geology,2
significant,2
consistently,2
inventory,2
issues,2
diversity,2
our,2
throughout,2
consistent,2
couple,2
three,2
errors,2
history,2
beyond,2
americas,2
derived,2
carlos,2
colleagues,2
derive,2
preservation,2
especially,2
problems,2
successful,2
alluvial,2
can,2
like,2
even,2
entire,2
equivalent,2
much,2
occupation,2
appropriate,2
realizes,2
major,2
species,2
calvin,2
mentioned,1
promised,1
fails,1
may,1
resolve,1
dealing,1
enough,1
f,1
paleoenvironment,1
seasons,1
converge,1
allay,1
definitively,1
responsibly,1
tests,1
formulated,1
led,1
underlies,1
sample,1
mostly,1
scrutinize,1
scapula,1
manipulated,1
o,1
situation,1
done,1
me,1
deviations,1
essential,1
today,1
south,1
composed,1
diligent,1
collaborating,1
absence,1
richest,1
elimination,1
various,1
summarize,1
processed,1
lot,1
fairly,1
organics,1
scientific,1
bulk,1
atypical,1
figure,1
elevate,1
develops,1
identified,1
economic,1
mastodont,1
logically,1
main,1
across,1
naturally,1
integrating,1
impressive,1
how,1
remain,1
claimed,1
intrusions,1
reasonable,1
peats,1
taphonomy,1
address,1
page,1
transported,1
kind,1
episodes,1
brief,1
fractured,1
calculates,1
slow,1
e,1
investigators,1
comparable,1
success,1
convince,1
community,1
adopted,1
opportunity,1
unconvincing,1
itself,1
intervention,1
juan,1
expanded,1
after,1
ice,1
face,1
case,1
tentativeness,1
certain,1
group,1
southern,1
direct,1
balanced,1
volumes,1
pages,1
makes,1
selection,1
structural,1
study,1
lacking,1
use,1
vicinity,1
biological,1
distant,1
label,1
essays,1
noncultural,1
upstream,1
hope,1
frank,1
ma,1
dismiss,1
space,1
anticipates,1
pacific,1
elapsed,1
ing,1
supporting,1
sets,1
summaries,1
ways,1
types,1
remnants,1
centuries,1
palaeoenvironment,1
bifacial,1
attributions,1
diffidently,1
opportunities,1
ramirez,1
environment,1
interpretive,1
gathered,1
thought,1
surrendering,1
redeposited,1
rain,1
forest,1
evidential,1
whose,1
rib,1
under,1
considered,1
university,1
sch,1
selectivity,1
locally,1
paleontological,1
alone,1
forests,1
marred,1
index,1
dispose,1
arguments,1
proof,1
share,1
laid,1
occurred,1
invertebrate,1
otherwise,1
residency,1
elsewhere,1
readers,1
culture,1
keeping,1
same,1
dena,1
numbers,1
windows,1
dominate,1
series,1
foragers,1
climate,1
interface,1
partly,1
sequential,1
strikes,1
reviewed,1
grasslands,1
botanist,1
show,1
department,1
reports,1
demonstrate,1
reliance,1
lower,1
accumulation,1
said,1
archaeologists,1
implied,1
sealed,1
recognizable,1
explaining,1
offered,1
disciplinary,1
useful,1
unconformity,1
includes,1
alludes,1
bars,1
lack,1
supports,1
inhabitants,1
resolution,1
flavor,1
pervasive,1
care,1
ii,1
stated,1
journey,1
stream,1
strategy,1
culturally,1
implying,1
again,1
admirable,1
others,1
make,1
mass,1
attempt,1
dated,1
appear,1
reporting,1
humans,1
utilization,1
intellectual,1
scrupulously,1
rock,1
wetlands,1
hoc,1
devoted,1
descriptive,1
intensive,1
missing,1
yielding,1
conducted,1
transformational,1
standards,1
words,1
definition,1
aimed,1
shows,1
acceptable,1
game,1
hardpan,1
validating,1
has,1
allan,1
coincidence,1
included,1
asserts,1
stratigraphically,1
did,1
paramount,1
intelligibility,1
appearance,1
occupations,1
print,1
accompanied,1
post,1
basin,1
erosion,1
faunal,1
planned,1
confusion,1
inclusion,1
indeed,1
p,1
confirming,1
relating,1
exotic,1
assembled,1
dunes,1
identifications,1
studied,1
deal,1
diverse,1
any,1
link,1
surfaces,1
john,1
generalizations,1
concludes,1
events,1
cautious,1
end,1
edible,1
uncovered,1
sees,1
doubt,1
number,1
detail,1
take,1
resolved,1
iron,1
help,1
basal,1
utilized,1
meager,1
uniquely,1
fragments,1
options,1
ashworth,1
merely,1
conclusions,1
outside,1
eliminates,1
companion,1
stand,1
raised,1
sheet,1
formations,1
principal,1
standardized,1
onto,1
chain,1
informed,1
surely,1
coordinated,1
posited,1
somewhat,1
where,1
vary,1
essentially,1
select,1
continuing,1
treat,1
establish,1
appears,1
whether,1
relevant,1
terms,1
offering,1
devoid,1
michael,1
versed,1
cannot,1
unconformities,1
strategies,1
involvement,1
intelligently,1
less,1
mastodonts,1
evaluation,1
particular,1
errata,1
lines,1
surrounded,1
takes,1
colder,1
contesting,1
captions,1
geologic,1
lie,1
isbn,1
directions,1
congratulated,1
merry,1
consisting,1
hindered,1
rodolfo,1
while,1
locations,1
vegetal,1
remarkably,1
argued,1
america,1
equivalences,1
damp,1
laudable,1
immediate,1
typographical,1
design,1
directly,1
information,1
account,1
uneven,1
minimal,1
holocene,1
opened,1
status,1
welcome,1
installment,1
suggests,1
basis,1
distinguish,1
charred,1
understanding,1
humanly,1
journals,1
activity,1
circularity,1
investigated,1
strangeness,1
intimate,1
inferred,1
deglaciation,1
scope,1
lost,1
denny,1
sealing,1
solid,1
phenomena,1
completed,1
mastodon,1
compass,1
upon,1
presented,1
carries,1
unquestionably,1
discontinuously,1
careful,1
heusser,1
claim,1
reader,1
cooperating,1
recognition,1
region,1
conclude,1
autochthonous,1
deposits,1
slopes,1
demonstration,1
mario,1
despite,1
scatter,1
resources,1
content,1
prevalent,1
overlay,1
increased,1
chart,1
related,1
above,1
anticipated,1
lays,1
reside,1
journal,1
tjeerd,1
waning,1
himself,1
against,1
minority,1
ritual,1
contradictions,1
assumptions,1
disappears,1
beetle,1
extended,1
fragment,1
treatise,1
hypotheses,1
contribute,1
fit,1
seriation,1
discussions,1
range,1
collection,1
during,1
place,1
botany,1
analogies,1
riverbank,1
climatic,1
contains,1
mention,1
people,1
mounded,1
isolated,1
unequivocally,1
inclusions,1
writing,1
taxa,1
geoscientists,1
natives,1
teeth,1
recovery,1
soggy,1
nothing,1
chapters,1
examination,1
prepared,1
misspelled,1
full,1
comments,1
bp,1
promoted,1
cone,1
relationships,1
chile,1
ultimately,1
stratification,1
kill,1
described,1
sediments,1
reconstructing,1
difficulties,1
artifact,1
older,1
difference,1
reveals,1
profiles,1
own,1
agent,1
clear,1
achieves,1
since,1
attributed,1
preparatory,1
adding,1
open,1
internally,1
beings,1
author,1
bracket,1
relevance,1
aware,1
seacoast,1
disappointed,1
correcting,1
incompleteness,1
stretchjournal,1
evaluated,1
overlap,1
course,1
offer,1
fauna,1
include,1
good,1
occurs,1
inconsiderable,1
price,1
d,1
would,1
field,1
cruel,1
period,1
tone,1
huts,1
specialists,1
comprises,1
tom,1
him,1
topic,1
high,1
collected,1
palaeocreek,1
serendipitous,1
piece,1
spans,1
mountain,1
interprets,1
exercise,1
simplifications,1
guided,1
earlier,1
turn,1
grapple,1
standard,1
geomorphology,1
settlement,1
event,1
association,1
old,1
latter,1
definitive,1
disconcertingly,1
allochthonous,1
summary,1
displays,1
suggesting,1
favored,1
dissent,1
caveats,1
refer,1
cemented,1
labels,1
wider,1
potential,1
smithsonian,1
highly,1
nicely,1
clarify,1
presence,1
single,1
discontinuous,1
mainly,1
optimism,1
expectations,1
coast,1
durations,1
find,1
create,1
committing,1
enthusiastically,1
uncertainty,1
texts,1
when,1
seeking,1
inability,1
drawn,1
working,1
dominance,1
minor,1
those,1
spite,1
below,1
results,1
proper,1
sea,1
details,1
strong,1
apparently,1
institution,1
supporters,1
notes,1
observed,1
infancy,1
premature,1
subjacent,1
virtue,1
provided,1
vertebrate,1
sent,1
ca,1
influence,1
adjust,1
rest,1
seemed,1
avoid,1
facies,1
covered,1
uncritical,1
formed,1
refuting,1
