WORDCOUNTS,WEIGHT
of,143
the,131
and,98
a,48
in,41
to,29
that,26
is,22
salado,22
for,21
with,18
from,18
ceramic,18
this,18
as,18
university,16
at,15
her,15
ceramics,14
it,13
by,12
crown,11
on,11
are,10
new,10
be,10
were,9
archaeology,9
analysis,8
these,8
some,8
gila,8
model,7
no,7
they,7
study,7
social,7
polychrome,7
pueblo,7
pottery,7
arizona,7
their,6
studies,6
was,6
chodistaas,6
sites,6
design,6
both,6
archaeological,6
american,6
research,6
l,5
one,5
she,5
production,5
hohokam,5
other,5
i,5
circulation,5
within,5
papers,5
series,5
vol,5
press,5
people,5
southwestern,5
approach,5
area,5
distribution,4
activation,4
groups,4
how,4
site,4
technology,4
into,4
materials,4
two,4
more,4
meaning,4
s,4
produced,4
well,4
has,4
grasshopper,4
anna,4
used,4
patricia,4
neutron,4
bishop,4
ronald,4
cambridge,4
have,4
field,4
given,4
an,4
may,3
practices,3
later,3
ideology,3
created,3
utility,3
single,3
white,3
not,3
approaches,3
distinct,3
raw,3
anthropological,3
but,3
w,3
four,3
different,3
regional,3
sources,3
painted,3
here,3
evidence,3
anthropology,3
analytical,3
analyses,3
time,3
far,3
compositional,3
problem,3
local,3
data,3
region,3
mortuary,3
elite,3
central,3
which,3
kelley,3
trade,3
three,3
period,3
exchange,3
casas,3
although,3
would,3
museum,3
can,3
james,3
southwest,3
journal,3
results,3
kidder,3
carried,2
ofdeath,2
bowls,2
second,2
o,2
south,2
mexico,2
various,2
movements,2
katcina,2
stylistic,2
represent,2
classic,2
e,2
dimensions,2
who,2
community,2
grande,2
symmetry,2
contemporaneous,2
group,2
movement,2
ware,2
volumes,2
settlement,2
interpretation,2
di,2
river,2
specialization,2
abandonment,2
emergence,2
dated,2
then,2
associated,2
proposed,2
mechanisms,2
dispersed,2
ed,2
reviewed,2
upper,2
also,2
most,2
prehistoric,2
being,2
consistent,2
useful,2
specific,2
peabody,2
index,2
book,2
originally,2
each,2
all,2
towards,2
many,2
had,2
nature,2
worth,2
hamer,2
out,2
composition,2
state,2
arthur,2
variation,2
styles,2
c,2
roosevelt,2
m,2
academic,2
phd,2
v,2
according,2
what,2
reviews,2
designs,2
religious,2
similarities,2
terms,2
system,2
pecos,2
number,2
core,2
isbn,2
shepard,2
eds,2
while,2
because,2
aspects,2
will,2
years,2
another,2
suggests,2
hondo,2
vessels,2
demonstrating,2
cult,2
careful,2
through,2
ethnology,2
household,2
ac,2
identifies,2
collection,2
exciting,2
harold,2
phenomenon,2
polychromes,2
harvard,2
focuses,2
theoretical,2
hopi,2
development,2
against,2
cibola,2
unpublished,2
interest,2
least,2
salt,2
arroyo,2
manufacture,2
earlier,2
excavation,2
skibo,2
family,2
charles,2
eleven,2
migration,2
k,2
between,2
transcendence,2
wares,2
third,2
working,2
majority,2
northern,2
among,2
technological,2
north,2
gladwin,2
termed,2
tempering,2
society,2
grandes,2
phases,1
periods,1
difficult,1
employ,1
plog,1
integrating,1
cameron,1
converge,1
huntington,1
processual,1
ruins,1
relationship,1
noteworthy,1
units,1
ceremonial,1
obligations,1
flower,1
reflects,1
strength,1
refirings,1
homolovi,1
common,1
always,1
continued,1
develops,1
economic,1
been,1
performance,1
main,1
lynn,1
centered,1
effects,1
developed,1
situ,1
broadest,1
functional,1
tech,1
fear,1
particularistic,1
support,1
considering,1
interprets,1
affected,1
lines,1
thermal,1
indication,1
naming,1
bulletin,1
process,1
reproducing,1
means,1
amerind,1
completely,1
hers,1
saladothat,1
adoption,1
mundane,1
yale,1
prevalence,1
relying,1
clays,1
contribution,1
interplay,1
b,1
center,1
settlements,1
southern,1
conducted,1
recently,1
population,1
contributions,1
assuming,1
life,1
special,1
articulate,1
methods,1
symbols,1
use,1
identify,1
whole,1
stone,1
arbor,1
mortality,1
origins,1
surprising,1
archaeometric,1
santa,1
update,1
library,1
tonto,1
aqueduct,1
types,1
subregional,1
plaza,1
fascinating,1
represents,1
makes,1
elements,1
emil,1
modern,1
serve,1
facilitated,1
plus,1
east,1
judith,1
communal,1
locally,1
challenged,1
specifics,1
procurement,1
horned,1
established,1
subfields,1
differentiated,1
or,1
explanatory,1
ian,1
hallmarks,1
hightech,1
any,1
ethnoarchaeological,1
shock,1
represented,1
pots,1
zedefio,1
moving,1
ideologies,1
exteriors,1
experimental,1
conclusion,1
al,1
experiment,1
agriculturalists,1
peoples,1
odds,1
orientation,1
demonstrate,1
jars,1
chichimeca,1
first,1
additional,1
appears,1
occupied,1
only,1
archaeologists,1
surface,1
alfred,1
drought,1
evidenced,1
beyond,1
predates,1
rival,1
southward,1
lack,1
ceremony,1
members,1
intentional,1
tribalization,1
critiques,1
mix,1
sourcing,1
crossover,1
if,1
afterlife,1
colorado,1
ii,1
power,1
flow,1
attempts,1
culturally,1
suggested,1
vols,1
might,1
others,1
necessarily,1
death,1
treatment,1
muertos,1
over,1
appear,1
rejects,1
identified,1
control,1
greater,1
linda,1
authority,1
paper,1
uses,1
specialized,1
steven,1
klaus,1
storage,1
longer,1
whom,1
idea,1
consideration,1
subdivides,1
migrant,1
washburn,1
plateau,1
did,1
best,1
explores,1
areas,1
approximately,1
theme,1
great,1
called,1
appeared,1
winnifred,1
suzanne,1
current,1
differences,1
p,1
barbara,1
pinto,1
foundation,1
seven,1
particularly,1
studied,1
associates,1
intersecting,1
material,1
venus,1
rooms,1
surfaces,1
iconological,1
countering,1
fallen,1
tribute,1
antiquity,1
subapproaches,1
mesoamerican,1
celebrations,1
clearly,1
identities,1
distinctive,1
reflect,1
there,1
reasons,1
culture,1
living,1
term,1
veletta,1
better,1
outside,1
further,1
fourth,1
mogollon,1
neglecting,1
those,1
neighboring,1
same,1
robert,1
gifts,1
understood,1
though,1
formation,1
peso,1
unlikely,1
due,1
explanations,1
f,1
relations,1
purposes,1
dorothy,1
rejected,1
accepted,1
context,1
celebrated,1
triggered,1
michael,1
heavily,1
teague,1
hammers,1
supports,1
varying,1
scale,1
monograph,1
inductively,1
thirty,1
focusing,1
perhaps,1
ruin,1
instrumental,1
required,1
enjoyed,1
dumbarton,1
medallion,1
style,1
consisting,1
task,1
assemblage,1
haury,1
primary,1
mass,1
america,1
regionally,1
studying,1
impact,1
addresses,1
cloth,1
banded,1
outstanding,1
larger,1
original,1
almost,1
network,1
basis,1
nuances,1
possible,1
r,1
pueblos,1
sonora,1
illustrate,1
travel,1
zuni,1
rio,1
coherent,1
reinterpreting,1
scope,1
contexts,1
spheres,1
radically,1
tool,1
move,1
richard,1
los,1
upon,1
level,1
boldly,1
john,1
aggregation,1
preserved,1
potters,1
flaw,1
aggregated,1
multiple,1
furniture,1
steve,1
combination,1
reported,1
ancestral,1
say,1
part,1
purpose,1
extending,1
despite,1
manufactured,1
casa,1
content,1
explicit,1
fluorescence,1
edn,1
indigenous,1
along,1
interior,1
correlation,1
its,1
expand,1
elizabeth,1
assumptions,1
significant,1
traded,1
combining,1
extended,1
hypotheses,1
describe,1
benefit,1
extramural,1
during,1
own,1
evaluating,1
discussion,1
conditions,1
controlled,1
maria,1
colonized,1
ideas,1
actually,1
oaks,1
atkins,1
questions,1
processes,1
stimulate,1
trend,1
thus,1
rituals,1
et,1
includes,1
markers,1
previous,1
question,1
advantages,1
theories,1
relationships,1
models,1
fieldwork,1
few,1
project,1
pattern,1
argument,1
differentiation,1
immediate,1
low,1
difference,1
reveals,1
significance,1
generate,1
ethnicity,1
relocates,1
meanings,1
gran,1
memoirs,1
dragoon,1
finding,1
fine,1
ushered,1
helen,1
cults,1
beliefs,1
de,1
g,1
related,1
catherine,1
citing,1
subtle,1
interpret,1
regarded,1
excavated,1
individual,1
david,1
known,1
include,1
petrographic,1
disagree,1
characterized,1
define,1
adams,1
building,1
consumption,1
tucson,1
spread,1
specialists,1
controversial,1
general,1
features,1
iconology,1
coupled,1
integration,1
trading,1
linking,1
snake,1
plasma,1
chihuahua,1
off,1
keene,1
preservation,1
black,1
glazeware,1
emerging,1
typology,1
remains,1
adding,1
defining,1
old,1
around,1
immigrants,1
small,1
roles,1
legacy,1
perspective,1
needs,1
favored,1
grapples,1
offered,1
ignore,1
contradicted,1
accomplished,1
kinds,1
smithsonian,1
highly,1
pioneering,1
components,1
schiffer,1
assumed,1
presence,1
serpents,1
choosing,1
startling,1
interpretations,1
attached,1
ancestors,1
respectively,1
glenn,1
ann,1
acquire,1
lake,1
find,1
generally,1
explore,1
up,1
ethnographically,1
progress,1
element,1
even,1
develop,1
abandoned,1
traditional,1
school,1
nieves,1
filling,1
images,1
pa,1
colleague,1
strong,1
saw,1
distinguishing,1
institution,1
often,1
tendency,1
recent,1
competing,1
discovering,1
broader,1
provided,1
hope,1
investigations,1
showed,1
delayed,1
clay,1
inhumation,1
bronitsky,1
gordon,1
geographical,1
implementation,1
examines,1
eric,1
likely,1
