WORDCOUNTS,WEIGHT
the,228
of,194
and,134
to,108
in,93
a,88
is,77
that,54
this,44
soil,42
by,37
for,33
as,33
it,32
with,24
are,23
on,23
although,21
archaeological,20
volume,19
erosion,19
such,19
be,19
have,17
an,17
field,17
which,16
not,15
from,15
book,15
or,14
landscape,13
studies,13
but,13
its,13
techniques,13
north,13
more,12
geoarchaeology,12
subject,11
these,11
chapter,11
use,11
has,11
will,10
been,10
archaeology,10
j,10
within,10
can,10
much,10
valuable,10
no,9
geoprospection,9
one,9
volumes,9
also,9
i,9
part,9
because,9
result,8
site,8
r,8
development,8
land,8
geological,8
impact,7
many,7
seems,7
other,7
new,7
sites,7
some,7
being,7
et,7
features,7
study,7
at,6
american,6
university,6
into,6
al,6
archaeologists,6
paper,6
very,6
past,6
what,6
them,6
less,6
number,6
both,6
bell,6
human,6
author,6
topic,6
results,6
dealing,5
does,5
l,5
environmental,5
phosphate,5
their,5
western,5
clearly,5
important,5
able,5
there,5
context,5
america,5
made,5
two,5
stratigraphic,5
earth,5
would,5
mediterranean,5
problems,5
w,5
between,5
even,5
valley,5
appropriate,5
should,5
may,4
van,4
science,4
crucial,4
how,4
who,4
examine,4
changes,4
under,4
undertaken,4
was,4
most,4
framework,4
only,4
text,4
omission,4
analytical,4
europe,4
do,4
cultural,4
where,4
papers,4
system,4
well,4
work,4
soils,4
example,4
role,4
geology,4
were,4
three,4
approach,4
change,4
upon,4
order,4
oxbow,4
potential,4
often,4
than,4
sedimentary,4
value,4
examines,4
f,3
therefore,3
horizons,3
true,3
his,3
catchment,3
basic,3
process,3
treat,3
e,3
detailed,3
make,3
evans,3
contribution,3
sequences,3
certain,3
complex,3
contributions,3
k,3
methods,3
fields,3
restricted,3
trace,3
us,3
lowland,3
then,3
before,3
mainly,3
partly,3
t,3
slope,3
rather,3
article,3
over,3
continental,3
greater,3
principles,3
fundamental,3
areas,3
mapping,3
out,3
phosphates,3
fills,3
considerable,3
geoarchaeologists,3
articles,3
late,3
present,3
same,3
reviews,3
terms,3
producing,3
case,3
necessary,3
despite,3
agricultural,3
isbn,3
eds,3
eastern,3
numerous,3
problem,3
waters,3
mass,3
agriculture,3
technical,3
archaeologist,3
tool,3
issues,3
mention,3
review,3
own,3
publication,3
points,3
geoarchaeological,3
relatively,3
like,3
distinction,3
vegetation,3
quite,3
settlement,3
perspective,3
m,3
research,3
early,3
probably,3
journal,3
using,3
figures,3
general,3
widely,3
final,2
european,2
somewhat,2
now,2
usda,2
interesting,2
related,2
done,2
cover,2
matter,2
practices,2
various,2
medieval,2
short,2
program,2
resistivity,2
harris,2
seen,2
c,2
starts,2
entirely,2
volcanic,2
contents,2
movement,2
analysis,2
illustrated,2
feel,2
contributing,2
addressing,2
references,2
understand,2
remains,2
applied,2
modern,2
serve,2
ash,2
evaluation,2
b,2
clark,2
marred,2
ancient,2
emphasize,2
history,2
environment,2
neglected,2
just,2
carbonate,2
n,2
summary,2
reviewing,2
monograph,2
reviewed,2
must,2
department,2
accumulation,2
calcium,2
justify,2
published,2
ralph,2
roman,2
press,2
here,2
paul,2
metal,2
deserves,2
anthropological,2
outlining,2
towards,2
raw,2
uses,2
worth,2
prehistoric,2
layout,2
lack,2
geoarchaeologist,2
treatment,2
scientists,2
grossman,2
time,2
events,2
audience,2
bound,2
survey,2
take,2
distributions,2
man,2
evident,2
impression,2
emphasized,2
hawley,2
concepts,2
ground,2
buried,2
p,2
aim,2
relevant,2
pedogenic,2
holne,2
british,2
cavanagh,2
tightly,2
world,2
aspects,2
degree,2
directly,2
influenced,2
almost,2
understated,2
understanding,2
boardman,2
illustrate,2
examples,2
clear,2
reader,2
code,2
g,2
significantly,2
through,2
altogether,2
geomorphological,2
highlight,2
donahue,2
loss,2
overview,2
unit,2
contribute,2
editorial,2
contains,2
thus,2
chapters,2
come,2
chosen,2
previous,2
reflect,2
states,2
editor,2
litton,2
illustrates,2
objective,2
against,2
geographically,2
terraces,2
aware,2
contributed,2
application,2
need,2
suggest,2
writer,2
course,2
earlier,2
turn,2
down,2
emphasizes,2
provides,2
micromorphology,2
several,2
few,2
wider,2
modeling,2
systems,2
consulted,2
alluvial,2
left,2
deposits,2
geographical,2
reeves,2
d,2
when,2
diagram,2
substantial,2
element,2
obscure,2
entire,2
little,2
hardly,2
rates,2
periods,1
increasing,1
costa,1
fails,1
distilling,1
entities,1
portion,1
gaining,1
he,1
belabor,1
applications,1
second,1
pure,1
genesis,1
off,1
farm,1
reflects,1
unglamorous,1
perspectives,1
note,1
helped,1
prefer,1
series,1
changing,1
span,1
higher,1
alike,1
indicators,1
subdivided,1
independent,1
wellproduced,1
act,1
squarely,1
statements,1
if,1
correlation,1
elaborate,1
constantly,1
indicative,1
aimed,1
beneath,1
horizon,1
sensing,1
across,1
developed,1
practical,1
correlations,1
practitioners,1
depth,1
former,1
remain,1
due,1
fractions,1
limited,1
neglecting,1
play,1
deserve,1
return,1
extreme,1
thermal,1
brief,1
catastrophist,1
hollows,1
teaching,1
coastal,1
presentation,1
notion,1
referred,1
magnetic,1
etc,1
kept,1
environments,1
combine,1
surveys,1
lessened,1
still,1
considerably,1
yale,1
examined,1
find,1
introduction,1
force,1
utility,1
mainstream,1
notably,1
effectively,1
designs,1
interactions,1
susceptibility,1
americas,1
manages,1
receives,1
flexible,1
eight,1
duckworth,1
they,1
publisher,1
importance,1
pursuade,1
becoming,1
center,1
generally,1
enlightening,1
variant,1
covering,1
direct,1
seemingly,1
standpoint,1
aligned,1
special,1
produced,1
colby,1
construction,1
biological,1
kill,1
blood,1
burials,1
about,1
united,1
spoerry,1
sheffield,1
word,1
flux,1
heavyweight,1
factors,1
elapsed,1
supposed,1
modification,1
jargon,1
edited,1
english,1
ways,1
bintliff,1
dates,1
alluviation,1
centuries,1
reference,1
wash,1
criticizes,1
itself,1
shackley,1
devoted,1
making,1
coverage,1
represents,1
read,1
association,1
involved,1
mission,1
conservation,1
blurred,1
fail,1
seeing,1
technology,1
fear,1
spirit,1
captions,1
tied,1
detail,1
neither,1
easily,1
familiar,1
allsop,1
tackle,1
mammoth,1
falls,1
dated,1
individually,1
ambitious,1
tell,1
dc,1
intrinsically,1
macphail,1
rightly,1
following,1
deneven,1
xxiv,1
induced,1
connotations,1
ed,1
nw,1
gratifying,1
complexity,1
sequential,1
frequently,1
mimbres,1
listed,1
attracts,1
upper,1
accumulating,1
maintain,1
benefited,1
phenomenon,1
age,1
leads,1
existence,1
containing,1
communities,1
demonstrate,1
simply,1
extensive,1
celtic,1
increasingly,1
damaging,1
first,1
warns,1
too,1
regional,1
strata,1
comprehensible,1
way,1
concerning,1
quine,1
bronze,1
double,1
useful,1
units,1
modeled,1
position,1
hence,1
specifically,1
plates,1
tantalizing,1
actually,1
prospection,1
starting,1
brookfield,1
terminology,1
suffice,1
successfully,1
matured,1
interests,1
index,1
column,1
lubbock,1
introduce,1
considerations,1
ii,1
wyoming,1
methodologies,1
enables,1
anomalies,1
again,1
might,1
rush,1
disturbance,1
spacious,1
shelf,1
natural,1
palaeosols,1
appear,1
satisfy,1
contextual,1
state,1
primarily,1
control,1
each,1
projects,1
endorse,1
originality,1
definition,1
my,1
contends,1
different,1
shows,1
zeist,1
reach,1
sizes,1
unfortunate,1
denigrate,1
seem,1
gone,1
leach,1
incorporating,1
ubiquitous,1
could,1
pragmatic,1
assess,1
belong,1
clarendon,1
succeeds,1
carbonized,1
any,1
undertake,1
convert,1
color,1
intended,1
confusion,1
britain,1
presence,1
compact,1
taxonomy,1
discrete,1
eidt,1
tackling,1
proportional,1
peopling,1
inevitably,1
coined,1
assembled,1
follows,1
particularly,1
objectives,1
become,1
co,1
geoscience,1
link,1
wessex,1
john,1
onto,1
rely,1
procedure,1
relate,1
end,1
rica,1
shelves,1
written,1
laudable,1
light,1
pioneer,1
associated,1
iron,1
elsewhere,1
subsequent,1
millennium,1
introduces,1
achieved,1
philosophical,1
uppermost,1
glacial,1
underutilized,1
wall,1
works,1
type,1
term,1
relegated,1
davidson,1
last,1
behind,1
date,1
further,1
hand,1
arroyos,1
gullies,1
topics,1
furthermore,1
humaninduced,1
iii,1
colluvium,1
pointing,1
normal,1
formation,1
receive,1
reading,1
ambiguous,1
vary,1
centennial,1
sheet,1
stock,1
attempting,1
continuing,1
investigation,1
based,1
combined,1
progresses,1
h,1
viewed,1
quaternary,1
selected,1
michael,1
see,1
cannot,1
meet,1
adroit,1
suffered,1
issue,1
excellent,1
tailored,1
medievalarchaeology,1
scale,1
thin,1
sciences,1
material,1
record,1
depending,1
mucking,1
sophisticated,1
conclusion,1
forcefully,1
statement,1
perhaps,1
theory,1
project,1
required,1
design,1
books,1
sunken,1
sell,1
east,1
key,1
wide,1
surveying,1
style,1
fundamentals,1
unaware,1
plug,1
constraint,1
while,1
bones,1
going,1
information,1
incorporate,1
annals,1
discuss,1
right,1
expensive,1
great,1
cloth,1
having,1
fractionation,1
interpreting,1
original,1
minimal,1
emphasizing,1
holocene,1
virtually,1
matrix,1
placing,1
prior,1
capable,1
typographic,1
remote,1
mean,1
machinery,1
correctly,1
meaningful,1
stimulated,1
fundamentally,1
divided,1
apatite,1
inferred,1
throw,1
scope,1
occluded,1
adopting,1
conference,1
already,1
magnificent,1
bodies,1
pedostratigraphy,1
heathwaite,1
level,1
range,1
writers,1
attempt,1
irrelevant,1
future,1
desert,1
transport,1
stratigraphy,1
region,1
four,1
dartmoor,1
george,1
given,1
analyze,1
conceptual,1
discusses,1
sea,1
training,1
mesopotamian,1
cited,1
knowledge,1
content,1
strictly,1
researches,1
classification,1
bottom,1
genetic,1
chaeology,1
means,1
extractable,1
lessens,1
tenure,1
concentrating,1
identity,1
plans,1
criticized,1
woodland,1
economies,1
lake,1
intentionally,1
cropping,1
ordering,1
significant,1
whole,1
slighter,1
keeley,1
prevailed,1
revealing,1
illustrating,1
intermediate,1
collection,1
during,1
place,1
discussion,1
unity,1
conditions,1
broad,1
lanes,1
specialized,1
justified,1
truncate,1
allows,1
beringia,1
introductory,1
relevance,1
aims,1
bias,1
writing,1
underestimates,1
resulting,1
processes,1
stimulate,1
statistics,1
build,1
goal,1
especially,1
contrasts,1
named,1
justification,1
collapse,1
question,1
continues,1
floors,1
dismissed,1
surely,1
il,1
layers,1
southampton,1
until,1
described,1
couple,1
recording,1
pattern,1
theme,1
instructive,1
antiquity,1
perplexing,1
years,1
buck,1
ignored,1
significance,1
average,1
since,1
strongest,1
tackled,1
hidden,1
modem,1
consult,1
stress,1
aeric,1
mead,1
sensitivity,1
finally,1
group,1
taxonomic,1
oriental,1
mode,1
integrate,1
depositional,1
spawned,1
theamerican,1
wish,1
profiles,1
large,1
rills,1
held,1
solution,1
concentrations,1
least,1
symposium,1
times,1
integrated,1
ofamerica,1
plant,1
him,1
smaller,1
speculations,1
expected,1
zangger,1
breadth,1
next,1
linking,1
stages,1
forced,1
product,1
seeks,1
anyone,1
weakness,1
area,1
tangible,1
preservation,1
exclude,1
geologist,1
curnow,1
valid,1
extremely,1
martin,1
distinct,1
hohokam,1
excavating,1
old,1
deftly,1
around,1
better,1
measures,1
heat,1
reconstructions,1
underlying,1
circulation,1
teams,1
underscore,1
needs,1
rooting,1
refer,1
sufficient,1
treats,1
driving,1
back,1
cambridge,1
pioneering,1
requires,1
six,1
inclusion,1
reads,1
handbook,1
invaluable,1
started,1
narrow,1
sensible,1
geographers,1
essentially,1
compared,1
respectively,1
point,1
libraries,1
third,1
showcase,1
bgs,1
forms,1
degradation,1
pristine,1
chalklands,1
determinations,1
debate,1
batsford,1
v,1
classes,1
weight,1
aluminum,1
deposition,1
usa,1
terrace,1
consequently,1
greece,1
interaction,1
adopted,1
those,1
southwest,1
slim,1
occupation,1
ecology,1
instances,1
dismissal,1
we,1
recent,1
traditions,1
relative,1
cross,1
remarkable,1
broader,1
leaden,1
contrast,1
subtitled,1
awareness,1
though,1
attention,1
fluventic,1
represent,1
practicing,1
impressions,1
quibble,1
activities,1
bury,1
major,1
evidently,1
justice,1
arizona,1
reluctant,1
avoid,1
hunt,1
society,1
neolithic,1
separate,1
shaping,1
