WORDCOUNTS,WEIGHT
the,737
of,405
to,191
and,185
in,147
a,113
is,112
that,89
on,87
no,83
by,72
be,65
are,60
which,48
art,48
m,47
states,47
for,46
united,45
with,44
cycladic,42
at,41
museum,41
from,39
this,38
h,37
legislation,37
would,34
or,33
as,33
state,32
it,30
convention,29
female,29
early,28
its,27
head,27
idol,27
an,26
unesco,26
such,25
cat,25
not,25
bill,24
department,24
other,23
hr,23
will,23
objects,22
was,22
has,21
archaeological,21
all,19
figure,19
section,18
left,17
reattached,17
these,17
into,16
lower,16
back,16
international,16
only,16
been,16
executive,16
proposed,16
stolen,15
neck,15
missing,15
were,15
should,15
new,14
we,14
gold,14
market,13
cultural,13
under,13
legs,13
antiquities,13
have,13
broken,12
may,12
his,12
their,12
public,12
more,12
importation,12
upon,12
findings,12
article,12
countries,12
association,12
import,12
case,11
some,11
weight,11
base,11
part,11
below,11
but,11
also,11
country,11
if,10
they,10
committee,10
right,10
g,10
l,10
earrod,10
house,10
situations,10
agreements,10
field,10
object,10
make,10
folded,10
us,10
breasts,10
implementing,10
inv,10
primitive,9
interest,9
journal,9
branch,9
could,9
hands,9
out,9
when,9
similar,9
provides,9
slightly,9
figurine,9
over,9
arms,8
either,8
prior,8
authority,8
means,8
nations,8
ways,7
mexican,7
date,7
mr,7
nose,7
thus,7
than,7
w,7
surface,7
broad,7
knees,7
subcommittee,7
metropolitan,7
leg,7
provide,7
five,7
face,7
any,7
following,7
ethnological,7
interested,7
abdomen,7
marble,7
controls,7
indicated,6
large,6
one,6
protection,6
capital,6
origin,6
there,6
rather,6
changes,6
export,6
required,6
sites,6
implement,6
seated,6
president,6
t,6
oriental,6
san,6
requirement,6
movement,6
rectangular,6
party,6
present,6
where,6
purposes,6
congress,6
office,6
i,6
exported,6
ntiquities,6
vertical,6
senate,6
form,6
through,6
crisis,6
specific,6
between,6
implemented,5
legitimate,5
determine,5
measures,5
alone,5
before,5
provision,5
central,5
nature,5
court,5
side,5
vol,5
letter,5
pillar,5
against,5
pubic,5
body,5
foot,5
without,5
legal,5
front,5
had,5
feet,5
herm,5
used,5
sculpture,5
small,5
several,5
june,5
provided,5
convictions,5
once,5
treaty,5
power,5
regulation,5
antonio,5
fragments,5
see,5
forth,5
restrictions,5
rendered,5
made,5
john,5
check,5
full,5
language,5
mexico,5
after,5
groove,5
can,5
concerted,5
incised,5
enjoyment,5
them,5
information,5
protected,5
our,5
national,5
joined,5
need,5
area,5
imported,4
revetment,4
disc,4
american,4
diplomatic,4
spirit,4
collection,4
hair,4
submitted,4
might,4
parties,4
toes,4
within,4
x,4
human,4
throughout,4
intact,4
excavations,4
type,4
exercise,4
items,4
effective,4
urged,4
york,4
leaves,4
support,4
university,4
important,4
effort,4
criticisms,4
line,4
artifacts,4
carry,4
closed,4
call,4
own,4
panel,4
dealers,4
introduced,4
world,4
portion,4
various,4
action,4
limited,4
secretary,4
above,4
conferred,4
boy,4
about,4
yet,4
same,4
two,4
museums,4
law,4
plastically,4
patrimony,4
collecting,4
trade,4
three,4
so,4
illicit,4
effect,4
signatories,4
greece,4
suggestion,4
pieces,4
citizens,4
itself,4
set,4
cm,4
did,4
aphrodisias,4
what,4
pilaster,4
making,4
th,4
middle,4
both,4
figural,4
years,4
d,4
you,4
restored,4
news,4
major,4
knee,3
now,3
flow,3
horizontal,3
commentary,3
designated,3
fingers,3
center,3
certificates,3
position,3
obligations,3
chief,3
closely,3
being,3
importing,3
taken,3
ears,3
great,3
reasons,3
government,3
take,3
advice,3
u,3
powers,3
far,3
fragment,3
since,3
stained,3
adopted,3
dear,3
assurances,3
across,3
district,3
hearing,3
possibly,3
traces,3
most,3
nited,3
view,3
dc,3
expressed,3
based,3
called,3
color,3
item,3
deal,3
shall,3
appears,3
placed,3
opposition,3
well,3
probably,3
imports,3
framed,3
unless,3
genuine,3
employed,3
participate,3
least,3
suggest,3
appropriate,3
he,3
needlessly,3
comments,3
ancient,3
eros,3
complete,3
members,3
ban,3
fact,3
figurines,3
readers,3
hand,3
necessary,3
private,3
strongly,3
longworth,3
overturned,3
directed,3
urge,3
august,3
encrusted,3
period,3
high,3
protruding,3
pompeii,3
kenan,3
fbi,3
unrelated,3
lines,3
collections,3
duties,3
contained,3
cultures,3
roman,3
half,3
ratification,3
written,3
works,3
better,3
turned,3
terms,3
vests,3
illicitly,3
require,3
property,3
almost,3
upper,3
burden,3
furniture,3
appointed,3
question,3
defined,3
off,3
ca,3
pending,3
recent,3
meeting,3
final,2
carved,2
way,2
concerned,2
groups,2
red,2
mouth,2
hearings,2
illegal,2
designed,2
word,2
rogers,2
sets,2
seq,2
approaches,2
rt,2
reasonably,2
said,2
member,2
discretion,2
attorney,2
long,2
interests,2
purchaser,2
fragmentary,2
recovery,2
damaged,2
s,2
oval,2
shoulder,2
feature,2
confers,2
alert,2
respond,2
those,2
somewhat,2
sweeping,2
spherical,2
dr,2
beard,2
america,2
rests,2
theantiquities,2
welcome,2
october,2
whatever,2
except,2
establishment,2
laws,2
interstate,2
elgure,2
severe,2
professor,2
bent,2
objective,2
author,2
merrin,2
privilege,2
bus,2
permitted,2
inclusion,2
allowing,2
consignee,2
whose,2
reflects,2
act,2
traffic,2
absent,2
edward,2
process,2
suffer,2
opportunity,2
arm,2
granted,2
b,2
certain,2
parts,2
emergency,2
white,2
feel,2
send,2
acquisition,2
marks,2
consider,2
benefits,2
clearly,2
elsewhere,2
mary,2
listed,2
four,2
recovered,2
additional,2
contemplates,2
indications,2
triangle,2
counsel,2
thrust,2
standards,2
found,2
entered,2
objectives,2
jeopardized,2
jeopardy,2
experts,2
acanthus,2
persons,2
fulfill,2
earrods,2
chips,2
your,2
wide,2
duly,2
near,2
because,2
improve,2
basis,2
crushed,2
r,2
douglas,2
received,2
future,2
brought,2
competing,2
reserve,2
tombs,2
whole,2
island,2
during,2
moulding,2
licit,2
et,2
embargo,2
approach,2
stool,2
responsibility,2
coupled,2
archaeology,2
involved,2
curls,2
whatsoever,2
fully,2
provenance,2
incision,2
appeal,2
blanket,2
arrangement,2
matter,2
letters,2
short,2
indeed,2
wings,2
return,2
forward,2
assurance,2
community,2
authorizing,2
standing,2
torso,2
idols,2
criticism,2
recognized,2
seeing,2
restricted,2
boundary,2
workmanship,2
culture,2
battered,2
defendants,2
khmer,2
appeals,2
reports,2
bar,2
pol,2
decoration,2
flat,2
many,2
efforts,2
limit,2
inevitably,2
time,2
end,2
appropriately,2
enactment,2
never,2
kdv,2
patty,2
corroded,2
sell,2
thighs,2
explicitly,2
free,2
desires,2
classes,2
considering,2
jfa,2
including,2
previously,2
top,2
spinal,2
significant,2
extraordinarily,2
previous,2
pattern,2
objection,2
counter,2
serious,2
held,2
architectural,2
general,2
appointment,2
mask,2
anyone,2
preservation,2
adequately,2
eyes,2
sensible,2
directs,2
italy,2
controversial,2
greek,2
european,2
table,2
violation,2
flower,2
wisdom,2
practical,2
bound,2
primarily,2
monuments,2
detailed,2
determination,2
recognize,2
why,2
sess,2
curving,2
respect,2
naxos,2
mounds,2
occupies,2
circuit,2
matters,2
sections,2
suggestions,2
conjunction,2
must,2
forehead,2
known,2
text,2
thefts,2
established,2
column,2
forfeiture,2
branches,2
fillet,2
concession,2
relieve,2
collectors,2
very,2
passage,2
chair,2
concrete,2
william,2
poses,2
list,2
pillage,2
statement,2
presidentially,2
institute,2
contain,2
chest,2
preserved,2
conclude,2
corinthian,2
november,2
african,2
subject,2
unable,2
mcclain,2
chin,2
certificate,2
confiscated,2
regular,2
exportation,2
restrained,2
assumed,2
rest,2
customs,2
views,2
much,2
draft,2
sa,1
go,1
does,1
torri,1
transportation,1
o,1
along,1
child,1
accomplish,1
adopt,1
treaties,1
suggested,1
separated,1
represent,1
extreme,1
jane,1
enters,1
e,1
seizure,1
extends,1
eliminated,1
starts,1
bust,1
rolled,1
told,1
becoming,1
needed,1
judged,1
shoulders,1
approved,1
provisions,1
insertion,1
terminate,1
starelsh,1
forw,1
specified,1
thegeneral,1
acorns,1
notwithstanding,1
policy,1
elnished,1
excavation,1
authorization,1
refers,1
detrimental,1
mollify,1
remedy,1
mediumto,1
eye,1
source,1
tripod,1
materials,1
properties,1
test,1
appealed,1
first,1
consistent,1
anything,1
deter,1
inc,1
please,1
wrong,1
every,1
certainly,1
drugs,1
impounded,1
undersigned,1
iegislation,1
ii,1
give,1
promulgate,1
attempt,1
rightcorner,1
promoting,1
worked,1
j,1
seems,1
height,1
individuals,1
broadly,1
together,1
undertake,1
display,1
thank,1
bead,1
potentially,1
wave,1
procedure,1
products,1
slots,1
listing,1
deemed,1
nevertheless,1
achieved,1
goldonlay,1
emphasized,1
greatly,1
inflexibile,1
prohibiting,1
staff,1
suspension,1
reading,1
revise,1
checked,1
context,1
ad,1
standstill,1
preventing,1
eastern,1
cuse,1
stretched,1
primary,1
tubular,1
useum,1
account,1
italian,1
recommended,1
possible,1
determined,1
marked,1
cooperation,1
enforcement,1
cap,1
slight,1
sale,1
april,1
mutual,1
fine,1
west,1
bends,1
point,1
say,1
reflecting,1
pairs,1
realistic,1
desirable,1
bottom,1
anticipated,1
undoubtedly,1
enter,1
opposes,1
singled,1
karen,1
succeed,1
exist,1
prerequisite,1
unopposed,1
ends,1
iron,1
ofculturalpropertyamongnations,1
hazards,1
explained,1
immediate,1
grooves,1
inevitable,1
arrested,1
stains,1
inventoried,1
confer,1
agent,1
corner,1
taenia,1
relatively,1
flurry,1
decided,1
relations,1
afford,1
tied,1
ins,1
smiling,1
despoliation,1
overly,1
comprised,1
snake,1
z,1
turn,1
thereof,1
cases,1
elements,1
developments,1
amended,1
clark,1
faceandback,1
frustrating,1
blank,1
simpson,1
amount,1
approval,1
contrary,1
fig,1
ear,1
response,1
restrict,1
difficulty,1
wiser,1
storeroom,1
find,1
died,1
arab,1
conspiracy,1
rufus,1
strengthening,1
deeply,1
regulations,1
fwlgure,1
hardly,1
acted,1
compromise,1
restore,1
loans,1
implementation,1
entebbe,1
selectively,1
aim,1
failed,1
site,1
opposed,1
exhaustively,1
philadelphia,1
wavy,1
essential,1
german,1
identification,1
expected,1
exact,1
growth,1
factual,1
developed,1
heels,1
sort,1
oversee,1
appreciation,1
convicted,1
completely,1
represented,1
determining,1
heard,1
eight,1
strands,1
importance,1
burnham,1
ix,1
contributions,1
enacted,1
envision,1
inforcer,1
deputy,1
lay,1
summarized,1
congressional,1
certifies,1
miscellaneous,1
modified,1
understand,1
treated,1
nor,1
dominican,1
consultation,1
affect,1
ensure,1
cause,1
imposing,1
exchange,1
india,1
pertinent,1
dated,1
latin,1
photographs,1
director,1
just,1
n,1
numbers,1
plaster,1
prevent,1
indefinitely,1
democratic,1
lg,1
fndings,1
yellowish,1
requested,1
undeveloped,1
procedures,1
generally,1
ornament,1
cost,1
painted,1
squatting,1
opinion,1
throwing,1
apollo,1
paragraph,1
artistic,1
andfrom,1
artexporting,1
result,1
theft,1
advance,1
lieu,1
abated,1
asserts,1
declined,1
purport,1
cloak,1
entering,1
attack,1
erim,1
dispute,1
welcomes,1
glanced,1
representative,1
late,1
discs,1
further,1
equally,1
urgent,1
informed,1
third,1
cuts,1
afforded,1
recently,1
knidos,1
retry,1
intertwined,1
otherwise,1
fish,1
representatives,1
judicial,1
advise,1
tracking,1
photo,1
licitly,1
syria,1
nstitute,1
directly,1
none,1
flgure,1
relief,1
eigurine,1
clarke,1
femaie,1
heart,1
example,1
related,1
nation,1
comment,1
brushed,1
excessive,1
description,1
authenticity,1
gave,1
kindly,1
registrar,1
policies,1
issues,1
contains,1
relevance,1
falling,1
binding,1
ephor,1
away,1
reflect,1
gently,1
artifact,1
philellenon,1
citing,1
depicting,1
statutory,1
officials,1
polybius,1
commerce,1
correct,1
successful,1
fork,1
holes,1
poet,1
amorlg,1
reaches,1
hole,1
claim,1
night,1
event,1
submit,1
moustache,1
concerns,1
highly,1
ruled,1
transfer,1
acts,1
presence,1
protect,1
panamanian,1
texas,1
boundaries,1
anterior,1
treasures,1
symposia,1
articulation,1
up,1
wife,1
proper,1
paid,1
ellen,1
interchange,1
value,1
posing,1
inform,1
am,1
actions,1
behalf,1
subsequently,1
prescribed,1
meaningfully,1
f,1
critical,1
likely,1
situation,1
critics,1
minor,1
variety,1
contact,1
employ,1
wrote,1
service,1
play,1
elizabeth,1
released,1
appreciate,1
edges,1
oscar,1
assure,1
prove,1
still,1
curtain,1
sponsored,1
negotiations,1
hold,1
ipso,1
positive,1
southeast,1
collect,1
pursuant,1
liability,1
reference,1
permission,1
refusing,1
makes,1
read,1
pendant,1
deflect,1
fifth,1
upwards,1
place,1
compiled,1
intending,1
acting,1
falls,1
adherence,1
assistance,1
delight,1
shock,1
uthority,1
guatemala,1
baltimore,1
floor,1
reprint,1
containing,1
principal,1
mich,1
noted,1
penis,1
leans,1
ev,1
picture,1
published,1
considers,1
double,1
regardless,1
countriesl,1
catalog,1
organizations,1
plundered,1
heritage,1
lapse,1
stated,1
mark,1
renewed,1
thelegsare,1
similarly,1
put,1
printing,1
july,1
smith,1
museumgoing,1
treatment,1
professed,1
temples,1
striking,1
strapped,1
classical,1
downwards,1
demonstrating,1
gray,1
substantially,1
resolved,1
charges,1
arguably,1
removal,1
behind,1
do,1
motel,1
validity,1
establish,1
unclear,1
karl,1
michael,1
less,1
material,1
conviction,1
deep,1
medusa,1
perhaps,1
belief,1
reflected,1
remarkably,1
recommend,1
custody,1
jwa,1
dormant,1
respectw,1
crown,1
understanding,1
meaningful,1
kathleen,1
extended,1
necklaces,1
expanded,1
session,1
intent,1
propertyl,1
explanation,1
endowment,1
israel,1
sides,1
discrimination,1
enhanced,1
diadem,1
judge,1
ruling,1
veraguas,1
concern,1
cripple,1
entirely,1
use,1
embargoes,1
overtones,1
additions,1
assume,1
aside,1
curb,1
insure,1
questions,1
hoc,1
engaged,1
nothing,1
continue,1
trust,1
frame,1
described,1
artimporting,1
exceedingly,1
defect,1
significance,1
exports,1
pruning,1
crises,1
clear,1
mayan,1
consult,1
publication,1
agreement,1
decorated,1
individual,1
times,1
allowed,1
covering,1
like,1
revised,1
spread,1
excavated,1
black,1
geyre,1
problems,1
internal,1
aegean,1
narrow,1
ornaments,1
airing,1
pro,1
deliberate,1
january,1
assistants,1
statue,1
story,1
furrows,1
destruction,1
professional,1
pupils,1
attention,1
adviser,1
justice,1
decision,1
thieghltfleghis,1
increasing,1
telephone,1
indication,1
broadens,1
discussing,1
stolell,1
untenable,1
steatopygous,1
raise,1
note,1
halfmoon,1
enumerated,1
delicately,1
variously,1
consent,1
ministry,1
foster,1
rough,1
unwarranted,1
urges,1
ard,1
plastic,1
male,1
rehear,1
who,1
sensitive,1
merchandise,1
eariy,1
effectively,1
philosopher,1
consignment,1
contribution,1
directorate,1
publics,1
responsible,1
analysis,1
continually,1
fall,1
achieve,1
drafted,1
extremely,1
headdress,1
appointments,1
articles,1
arts,1
grasping,1
diplomatically,1
meant,1
joseph,1
considered,1
addressed,1
acquired,1
proof,1
regularly,1
then,1
prohibited,1
repaired,1
overriding,1
accordance,1
japan,1
extension,1
disapproval,1
hiexico,1
elgurine,1
here,1
depredation,1
alternative,1
bearded,1
rerouting,1
drafting,1
know,1
dillon,1
ritualistic,1
principle,1
control,1
shipment,1
halt,1
descriptions,1
actuality,1
different,1
noses,1
share,1
seem,1
flowing,1
unknown,1
deprivation,1
print,1
appendix,1
tunisia,1
domestic,1
foundation,1
iii,1
conceivably,1
obviously,1
sustaining,1
benefit,1
bonnie,1
historical,1
past,1
innumerable,1
fruitlessly,1
february,1
merely,1
catalogue,1
rep,1
virtual,1
elnal,1
whether,1
maryland,1
supports,1
particular,1
thirty,1
usc,1
museumss,1
cooperatively,1
problem,1
dismembered,1
forma,1
her,1
while,1
mentioned,1
projection,1
explored,1
wilkens,1
photeini,1
agreed,1
threat,1
penalize,1
waist,1
abrasions,1
level,1
inserting,1
careful,1
recognition,1
reported,1
affecting,1
importcontrols,1
despite,1
conelrmed,1
dice,1
content,1
sagri,1
role,1
concessions,1
impose,1
sectional,1
obtain,1
treasury,1
writing,1
schedule,1
kohler,1
statute,1
until,1
elongated,1
breaks,1
turkey,1
drafts,1
lists,1
theflow,1
authorized,1
julius,1
wreathed,1
unilateral,1
washington,1
grant,1
wish,1
register,1
actively,1
although,1
reg,1
suffers,1
range,1
green,1
product,1
france,1
piece,1
colleagues,1
forming,1
objections,1
shift,1
roughly,1
aphrodite,1
supported,1
removed,1
c,1
charged,1
bell,1
reached,1
sits,1
solicit,1
castigating,1
bargain,1
substantial,1
deterring,1
ownership,1
little,1
whichever,1
recomposed,1
token,1
counts,1
thieves,1
whenever,1
sabina,1
broader,1
fostering,1
predicated,1
inventories,1
