WORDCOUNTS,WEIGHT
the,164
and,114
of,107
in,88
to,65
a,51
mediterranean,49
that,37
is,25
on,18
for,18
not,17
knapp,17
or,16
by,16
this,16
archaeology,16
as,15
social,15
with,14
prehistoric,14
are,14
chapter,14
blake,13
but,12
amp,12
it,11
prehistory,11
i,11
have,11
at,10
their,10
cultural,10
they,9
book,9
who,9
might,8
all,8
very,8
do,8
will,7
about,7
peoples,7
each,7
what,7
has,7
some,7
gender,7
authors,7
would,7
be,7
often,6
from,6
most,6
more,6
neolithic,6
been,6
there,6
well,6
people,6
chapters,6
which,6
approach,6
field,6
several,6
systems,6
between,6
research,6
studies,5
was,5
history,5
bronze,5
also,5
time,5
past,5
papers,5
horden,5
local,5
through,5
world,5
questions,5
trade,5
an,5
unity,5
albanian,5
mycenaean,5
interaction,5
we,5
how,4
still,4
age,4
archaeologists,4
different,4
idea,4
did,4
together,4
new,4
michael,4
theory,4
both,4
sworn,4
use,4
discussions,4
illyrian,4
isolation,4
robb,4
editors,4
talalay,4
may,3
bernard,3
high,3
metal,3
no,3
way,3
if,3
kassianidou,3
school,3
any,3
series,3
practices,3
being,3
only,3
taken,3
attempt,3
many,3
paper,3
unifying,3
beliefs,3
out,3
term,3
other,3
blackwell,3
such,3
whether,3
particular,3
add,3
those,3
while,3
almost,3
work,3
trader,3
identity,3
purcell,3
were,3
identities,3
question,3
heterogeneity,3
settlement,3
around,3
exchange,3
men,3
chose,3
study,3
women,3
virgins,3
when,3
even,3
northern,3
versus,3
than,3
value,3
nations,2
antonia,2
periods,2
difficult,2
skeates,2
therefore,2
communities,2
now,2
struggle,2
contact,2
common,2
assert,2
l,2
concede,2
across,2
held,2
affected,2
appreciate,2
becomes,2
adopted,2
make,2
similar,2
importance,2
degree,2
one,2
hold,2
identify,2
corrupting,2
list,2
once,2
addressing,2
ways,2
approaches,2
differences,2
place,2
had,2
presents,2
peasant,2
light,2
before,2
just,2
manning,2
something,2
changing,2
already,2
metals,2
two,2
first,2
considers,2
present,2
constructed,2
specific,2
lack,2
amidst,2
every,2
members,2
certainly,2
hulin,2
important,2
mentions,2
over,2
definition,2
fact,2
outside,2
global,2
lead,2
societies,2
could,2
broadly,2
argue,2
reasons,2
p,2
galaty,2
diverse,2
goods,2
graeme,2
contemporary,2
iron,2
away,2
patterns,2
state,2
reviews,2
based,2
burial,2
them,2
similarities,2
nowhere,2
emma,2
indicates,2
key,2
having,2
farr,2
made,2
upon,2
values,2
concept,2
themes,2
met,2
despite,2
press,2
along,2
its,2
description,2
ritual,2
found,2
diversity,2
central,2
interactions,2
goal,2
thus,2
our,2
rene,2
review,2
theoretical,2
described,2
ties,2
author,2
good,2
least,2
although,2
typically,2
like,2
shared,2
theoretically,2
nick,2
provides,2
extremely,2
late,2
valued,2
few,2
wider,2
potential,2
left,2
third,2
can,2
become,2
early,2
drawn,2
easily,2
journal,2
look,2
focus,2
much,2
controversial,2
meeting,2
gremaux,2
longue,2
absence,1
nicholas,1
pattern,1
albania,1
cite,1
cherished,1
does,1
landscapes,1
contributorsto,1
pertaining,1
undergraduate,1
mesolithic,1
processual,1
fernand,1
he,1
likely,1
eclectic,1
final,1
evaluates,1
me,1
forever,1
reflects,1
raise,1
liminal,1
africa,1
edits,1
overly,1
various,1
bringing,1
adriatic,1
his,1
increased,1
scientific,1
adopt,1
bring,1
usually,1
economic,1
linda,1
willingly,1
main,1
rule,1
lynn,1
highlands,1
impressive,1
testing,1
comparative,1
farflung,1
surprisingly,1
april,1
sort,1
universite,1
provincialism,1
begin,1
coy,1
processualism,1
extreme,1
notoriously,1
forward,1
sexual,1
islands,1
fascinating,1
widespread,1
determine,1
exception,1
notion,1
international,1
opposed,1
means,1
object,1
etc,1
reason,1
variety,1
drink,1
concluding,1
ultimate,1
strongly,1
mountains,1
necessary,1
introduction,1
mainstream,1
pointedly,1
whiff,1
earlier,1
contribution,1
connect,1
incredibly,1
thcannales,1
idiosyncratic,1
certain,1
perennial,1
reinforce,1
countries,1
conducted,1
obsolete,1
complex,1
cultivate,1
volumes,1
class,1
possess,1
introductory,1
minoan,1
agency,1
mobility,1
construction,1
inherit,1
white,1
robin,1
happens,1
hope,1
flux,1
rate,1
space,1
live,1
moves,1
specialist,1
reference,1
get,1
patriarch,1
coverage,1
represents,1
postprocessual,1
towards,1
defies,1
case,1
modern,1
kluwer,1
affect,1
sollars,1
continuity,1
ms,1
technology,1
under,1
meskell,1
consider,1
equally,1
respond,1
neither,1
colonialism,1
necessarily,1
luke,1
berg,1
laid,1
chris,1
built,1
national,1
rarely,1
yearconsistently,1
section,1
relates,1
practice,1
exceptions,1
same,1
mycenaeans,1
rosemary,1
ethnographic,1
kardulias,1
comes,1
conclusion,1
relativism,1
packaged,1
chief,1
mentioned,1
reviewed,1
distasteful,1
situations,1
must,1
four,1
underpins,1
department,1
commonly,1
simply,1
virgin,1
geographic,1
reportedyear,1
ever,1
came,1
island,1
tholos,1
lithic,1
maintained,1
isolated,1
follow,1
else,1
beyond,1
picture,1
wallerstein,1
useful,1
include,1
palace,1
fell,1
erect,1
narrowly,1
terminology,1
kosova,1
museums,1
creation,1
asks,1
plenum,1
answers,1
sustained,1
human,1
interests,1
index,1
heritage,1
set,1
linear,1
founding,1
challenge,1
helped,1
implications,1
attempts,1
kolb,1
know,1
again,1
others,1
ancient,1
ran,1
death,1
appear,1
europe,1
balkan,1
dictatorship,1
rejects,1
swipes,1
primarily,1
fvol,1
experienced,1
retrieve,1
whereas,1
greater,1
seems,1
cultures,1
moving,1
descriptions,1
closely,1
interesting,1
pastoral,1
tedious,1
whom,1
powwowing,1
areas,1
arrival,1
asserts,1
laundry,1
assess,1
inherent,1
here,1
short,1
intended,1
regard,1
attempting,1
disturbed,1
liege,1
relating,1
effort,1
assembled,1
years,1
admittedly,1
changed,1
stereotype,1
liked,1
format,1
incite,1
chosen,1
framework,1
zone,1
symbolically,1
expense,1
doubt,1
take,1
styles,1
cities,1
alarming,1
man,1
purposes,1
discussed,1
copious,1
rural,1
really,1
culture,1
remarkably,1
situation,1
destroyed,1
never,1
creating,1
ages,1
conclusions,1
took,1
further,1
clarity,1
remainder,1
raised,1
immanuel,1
meant,1
robert,1
standardized,1
prioritized,1
born,1
insulated,1
though,1
operating,1
manner,1
somewhat,1
where,1
committed,1
iilyrian,1
economy,1
visiting,1
within,1
proceedings,1
carefully,1
accepted,1
context,1
appears,1
seminar,1
produced,1
see,1
system,1
answer,1
references,1
applied,1
issue,1
overleaf,1
energy,1
material,1
record,1
maintain,1
covers,1
existence,1
core,1
duree,1
perhaps,1
watkinson,1
isbn,1
native,1
eastern,1
tightly,1
tie,1
wide,1
task,1
acteristics,1
draws,1
utilitarian,1
tease,1
number,1
particularly,1
politicized,1
another,1
prestige,1
agriculture,1
briefly,1
discuss,1
receive,1
because,1
innumerable,1
addresses,1
stance,1
boys,1
larger,1
wrapped,1
bonds,1
baltic,1
charted,1
quarters,1
property,1
directly,1
influenced,1
imagine,1
purcelfs,1
uneven,1
recognizing,1
possible,1
interface,1
politics,1
lauren,1
meaningful,1
artifacts,1
discussion,1
probably,1
conference,1
background,1
oath,1
own,1
helena,1
stuck,1
carry,1
occasionally,1
situating,1
evagelia,1
helps,1
overturn,1
transcend,1
odds,1
braudel,1
bent,1
g,1
unless,1
apart,1
disparate,1
sheer,1
point,1
say,1
collections,1
sea,1
example,1
conception,1
socialarchaeological,1
knowledge,1
behaviors,1
omissions,1
became,1
forcefully,1
comment,1
federal,1
europeans,1
ten,1
rendering,1
preserving,1
sturt,1
lesser,1
bears,1
territory,1
looting,1
describe,1
agentcentered,1
largely,1
collection,1
during,1
refreshingly,1
arguments,1
exciting,1
copper,1
describes,1
conditions,1
helen,1
phenomenon,1
mention,1
guilty,1
charjournal,1
ideas,1
eschewing,1
definitions,1
exist,1
actually,1
dimorphism,1
coming,1
processes,1
think,1
specifically,1
conflict,1
rituals,1
virginity,1
chiefs,1
regional,1
formation,1
runs,1
relationships,1
evidence,1
students,1
couple,1
sicily,1
vasiliki,1
theme,1
lists,1
development,1
attest,1
rendered,1
challenging,1
since,1
loosely,1
constantly,1
finding,1
archaeological,1
graduate,1
paragraphs,1
count,1
peripheral,1
regions,1
de,1
likewise,1
citing,1
points,1
accept,1
relatively,1
ability,1
large,1
counter,1
contributors,1
course,1
gun,1
viable,1
land,1
jon,1
participating,1
socially,1
need,1
direct,1
millsaps,1
stage,1
tribal,1
topic,1
tested,1
mild,1
extensively,1
regular,1
distinction,1
wideranging,1
spans,1
dukagjin,1
kind,1
defined,1
proximity,1
after,1
turn,1
thereof,1
black,1
standard,1
karimali,1
nor,1
relations,1
latter,1
family,1
artificial,1
construct,1
belief,1
needs,1
refer,1
consensus,1
charles,1
written,1
amount,1
back,1
cambridge,1
highly,1
aegean,1
holds,1
presence,1
integrated,1
served,1
themselves,1
narrow,1
insularity,1
essentially,1
limbo,1
respectively,1
portions,1
xvi,1
exactly,1
twice,1
drove,1
effect,1
dense,1
swear,1
reached,1
geographical,1
shied,1
structure,1
always,1
barely,1
up,1
geographically,1
greece,1
little,1
participant,1
astonishing,1
critique,1
prehistories,1
rowman,1
seek,1
stir,1
roots,1
north,1
tufts,1
relative,1
concise,1
strands,1
acquire,1
should,1
general,1
provided,1
political,1
nuanced,1
am,1
specialty,1
actions,1
close,1
build,1
convincingly,1
unified,1
cited,1
cites,1
justice,1
concerted,1
react,1
separate,1
malta,1
edited,1
