WORDCOUNTS,WEIGHT
the,319
of,244
and,110
in,94
a,65
to,56
as,32
is,29
tombs,28
by,27
that,26
for,26
tomb,25
been,22
an,22
new,21
was,20
from,19
this,19
are,17
have,16
on,16
at,14
kingdom,14
has,14
work,14
memphite,13
which,13
were,13
their,12
with,12
his,11
period,11
memphis,11
be,11
necropolis,10
burial,10
egypt,10
more,9
found,9
some,9
martin,9
horemheb,9
not,8
these,8
tia,8
may,7
it,7
one,7
but,7
saqqara,7
reliefs,7
reign,7
he,6
burials,6
or,6
other,6
had,6
exploration,6
maya,6
its,6
area,6
society,6
fragments,5
later,5
expedition,5
ramesses,5
titles,5
important,5
military,5
excavation,5
book,5
further,5
those,5
such,5
far,5
city,5
officials,5
so,5
administrative,5
long,5
several,5
chambers,5
unprecedented,4
religious,4
under,4
light,4
before,4
most,4
first,4
raia,4
decoration,4
official,4
time,4
survey,4
i,4
there,4
inscriptions,4
information,4
account,4
development,4
brought,4
part,4
london,4
described,4
since,4
archaeological,4
interest,4
high,4
century,4
remains,4
late,4
tutankhamun,4
between,4
present,4
site,3
poor,3
now,3
sepulchre,3
who,3
army,3
seen,3
center,3
discoveries,3
scattered,3
yet,3
theban,3
monuments,3
objects,3
nature,3
contained,3
section,3
following,3
amarna,3
being,3
sometimes,3
picture,3
besides,3
funerary,3
text,3
museums,3
into,3
all,3
many,3
court,3
loose,3
coffins,3
though,3
published,3
existence,3
lepsius,3
almost,3
future,3
private,3
king,3
already,3
made,3
discovery,3
egyptian,3
much,3
rewarding,3
craftsmen,3
discovered,3
clearance,3
national,3
excavations,3
him,3
smaller,3
subterranean,3
yielded,3
early,3
built,3
activities,3
south,2
highlights,2
whose,2
minor,2
without,2
she,2
visually,2
inhabitants,2
scientific,2
identified,2
foreign,2
pieces,2
wall,2
dynasty,2
egyptology,2
lost,2
detailed,2
still,2
team,2
surviving,2
au,2
berlin,2
they,2
large,2
ii,2
methods,2
undoubtedly,2
inferior,2
once,2
types,2
museum,2
around,2
familiar,2
reflects,2
receiving,2
traces,2
nouvel,2
unlikely,2
du,2
finest,2
mention,2
t,2
constructed,2
volume,2
sources,2
name,2
equipment,2
nicropoles,2
might,2
over,2
removed,2
osiris,2
artistic,2
editions,2
interesting,2
centre,2
able,2
geoffrey,2
pharaoh,2
main,2
blind,2
scenes,2
events,2
very,2
number,2
assessment,2
date,2
stela,2
equally,2
buried,2
reviews,2
existing,2
empire,2
selected,2
british,2
making,2
probably,2
particular,2
material,2
series,2
placed,2
recording,2
recorded,2
extent,2
after,2
depictions,2
shafts,2
commander,2
well,2
sites,2
will,2
possible,2
open,2
aspects,2
bc,2
sculpture,2
bodies,2
desert,2
region,2
point,2
carved,2
progress,2
owners,2
example,2
recherche,2
knowledge,2
realistic,2
paser,2
judge,2
role,2
data,2
subject,2
description,2
findings,2
entirely,2
et,2
significant,2
year,2
ses,2
partly,2
apartments,2
kings,2
while,2
examination,2
throughout,2
come,2
years,2
status,2
stelae,2
hidden,2
importance,2
numerous,2
dijk,2
de,2
g,2
change,2
relatively,2
regarded,2
contributed,2
excavated,2
known,2
architectural,2
lurudef,2
type,2
features,2
colleagues,2
filled,2
summary,2
specific,2
queen,2
members,2
few,2
state,2
highest,2
acts,2
presence,2
painted,2
publications,2
texts,2
when,2
including,2
substantial,2
situ,2
even,2
also,2
journal,2
jeffreys,2
among,2
than,2
here,2
about,2
provided,2
finds,2
investigations,2
la,2
sepulchres,2
increase,2
subsequently,1
survived,1
unexpected,1
final,1
van,1
difficult,1
carried,1
aim,1
suggest,1
embarked,1
critical,1
wooden,1
elderly,1
builder,1
depiction,1
respect,1
testifying,1
personage,1
urged,1
child,1
belonged,1
comment,1
patience,1
matter,1
no,1
richest,1
identification,1
european,1
way,1
continued,1
testimony,1
if,1
bulk,1
figure,1
bring,1
commentary,1
names,1
imbalance,1
docket,1
short,1
f,1
practical,1
either,1
located,1
toward,1
rough,1
carefully,1
support,1
select,1
award,1
regent,1
reconstructed,1
attitude,1
resulted,1
fewer,1
reference,1
circumstances,1
garbled,1
busy,1
pinpoint,1
positioned,1
cult,1
excavators,1
pillared,1
survives,1
cemeteryinformation,1
bears,1
clothbound,1
phrases,1
illustrating,1
form,1
notably,1
jar,1
captives,1
connected,1
standing,1
initially,1
grew,1
study,1
contents,1
becoming,1
spot,1
conducted,1
terms,1
seemingly,1
international,1
direction,1
pathologies,1
selection,1
introductory,1
newborn,1
arts,1
vicinity,1
nubia,1
illuminating,1
dynasties,1
needed,1
white,1
heralds,1
sister,1
list,1
informative,1
depicted,1
envoys,1
table,1
motivation,1
fetus,1
fringe,1
outlining,1
reason,1
simplified,1
bias,1
treated,1
drawings,1
ramose,1
makes,1
unusual,1
aten,1
modern,1
favor,1
crowded,1
monumental,1
earliest,1
bull,1
skeleton,1
j,1
undertaken,1
stray,1
harp,1
western,1
index,1
smith,1
sayed,1
history,1
unlike,1
neglected,1
title,1
included,1
usual,1
total,1
associated,1
elsewhere,1
fragile,1
marking,1
same,1
boast,1
giza,1
record,1
generally,1
candidly,1
cairo,1
unbalanced,1
chief,1
reviewed,1
incorporated,1
upper,1
edge,1
must,1
according,1
illustrated,1
containing,1
show,1
two,1
department,1
various,1
ever,1
lower,1
recovered,1
additional,1
approximate,1
cast,1
powerful,1
prussian,1
pyramidion,1
archaeologists,1
surface,1
precise,1
overseer,1
skeletons,1
inscriptional,1
museological,1
harpists,1
textual,1
tantalizing,1
provide,1
certainly,1
temple,1
s,1
ay,1
production,1
jointly,1
acquired,1
inadequately,1
djoser,1
alternative,1
established,1
rock,1
erroneous,1
gaps,1
give,1
adopt,1
limit,1
indicated,1
netherworld,1
others,1
ancient,1
death,1
plateau,1
attempt,1
hope,1
deficiencies,1
fundamental,1
disappeared,1
decorative,1
shortage,1
towards,1
england,1
whereas,1
water,1
missing,1
treasurer,1
vizier,1
did,1
incorporates,1
salvage,1
different,1
organized,1
layout,1
idea,1
aftermath,1
forming,1
depicting,1
treatment,1
available,1
mercy,1
excavating,1
tradition,1
skills,1
incorporating,1
blocks,1
areas,1
could,1
straightforward,1
broken,1
appearance,1
striking,1
together,1
entered,1
cemetery,1
daily,1
great,1
called,1
color,1
strength,1
ought,1
wine,1
current,1
apa,1
report,1
portrayal,1
potentially,1
relating,1
foundation,1
strongly,1
exploiting,1
particularly,1
borne,1
preamarna,1
cultand,1
stretching,1
kpi,1
proscription,1
relocate,1
reed,1
can,1
john,1
tradesman,1
relate,1
overwhelmingly,1
contemporary,1
doubt,1
childbirth,1
appropriately,1
considerable,1
distinctive,1
search,1
playing,1
enlarged,1
politic,1
beliefs,1
serious,1
removal,1
thebes,1
appeared,1
last,1
destroyed,1
places,1
concrete,1
written,1
accurately,1
companion,1
fullest,1
everyday,1
reserved,1
principal,1
remarkable,1
regiment,1
covered,1
third,1
where,1
what,1
youthful,1
climate,1
within,1
notable,1
reuse,1
investigation,1
ofpaser,1
excellent,1
unique,1
context,1
normal,1
karl,1
recently,1
produced,1
offering,1
ultimately,1
answer,1
sound,1
forth,1
scale,1
duties,1
monastery,1
royal,1
occasional,1
heresy,1
nocturnal,1
map,1
showing,1
expedient,1
congress,1
perhaps,1
isbn,1
belief,1
eastern,1
owing,1
employ,1
consisting,1
gods,1
gives,1
sacrifice,1
chapter,1
her,1
scene,1
bones,1
thames,1
out,1
refuted,1
influenced,1
scribe,1
practices,1
hall,1
brilliant,1
because,1
studying,1
parts,1
studied,1
original,1
reminder,1
throne,1
another,1
having,1
durham,1
demonstrated,1
mutnodjmet,1
suggests,1
basis,1
emphasis,1
understanding,1
line,1
relief,1
chamber,1
entourage,1
revealed,1
used,1
art,1
size,1
escarpment,1
soldiery,1
throw,1
nucleus,1
establishing,1
examples,1
devotes,1
spheres,1
both,1
easier,1
deduces,1
prove,1
hymn,1
richard,1
start,1
relatives,1
rhetorical,1
statue,1
speculates,1
insights,1
preserved,1
active,1
inscription,1
conjectured,1
west,1
attached,1
mycenaean,1
undistinguished,1
intermediary,1
exalted,1
reused,1
tawfik,1
despite,1
previously,1
norm,1
prospect,1
providing,1
clearer,1
three,1
unis,1
along,1
decorate,1
discoverers,1
considerably,1
inaugurated,1
crafts,1
ac,1
himself,1
succession,1
lies,1
step,1
largely,1
zivie,1
undergone,1
condition,1
target,1
concept,1
fairly,1
intermediate,1
focus,1
during,1
place,1
unrecognized,1
summarizes,1
dress,1
treasury,1
pyramid,1
constitute,1
contains,1
world,1
records,1
isolated,1
figures,1
probability,1
structures,1
ethnic,1
trend,1
rituals,1
chapters,1
our,1
includes,1
named,1
stratigraphically,1
review,1
ofmemphis,1
flexible,1
concentrated,1
sidelights,1
cemeteries,1
glimpses,1
devoted,1
dating,1
robbers,1
shown,1
until,1
symbolic,1
involves,1
fieldwork,1
project,1
reattributed,1
pattern,1
commercial,1
versions,1
locations,1
cosmopolitan,1
lists,1
suing,1
ignored,1
quality,1
clear,1
advent,1
illustrations,1
due,1
demanded,1
manifestation,1
officer,1
grossly,1
personalities,1
outer,1
points,1
d,1
decorated,1
preceded,1
good,1
superstructure,1
apis,1
general,1
considers,1
instead,1
steward,1
normally,1
land,1
walter,1
like,1
pottery,1
working,1
statues,1
regime,1
random,1
earlier,1
materially,1
little,1
buildings,1
crudely,1
integration,1
expected,1
serves,1
next,1
obtained,1
regnal,1
leiden,1
proximity,1
await,1
modest,1
emphasizes,1
rank,1
pelvis,1
black,1
standard,1
tedious,1
provides,1
individual,1
adequately,1
elements,1
latter,1
definitive,1
family,1
stored,1
causeway,1
keep,1
doubtless,1
close,1
forger,1
sufficient,1
although,1
replace,1
body,1
qualities,1
elaborate,1
ceiling,1
attested,1
rest,1
chapel,1
allusion,1
postamarna,1
indicating,1
akhenaten,1
relieft,1
wholly,1
themselves,1
suitable,1
essentially,1
archival,1
debasement,1
arranged,1
left,1
topics,1
collars,1
succeeded,1
afield,1
chapels,1
problems,1
construction,1
died,1
always,1
up,1
drawn,1
would,1
archaeologist,1
valley,1
corpus,1
given,1
eyes,1
abandoned,1
northern,1
corrected,1
wife,1
results,1
images,1
describes,1
using,1
conventions,1
details,1
plundered,1
uk,1
apparently,1
comparable,1
sun,1
recent,1
altogether,1
provenance,1
windblown,1
honorific,1
posing,1
evidence,1
adult,1
ago,1
scanty,1
daughter,1
attention,1
egyptologists,1
valuable,1
sporadic,1
flanked,1
manner,1
kingly,1
major,1
really,1
decision,1
gold,1
musician,1
atenist,1
commemorating,1
