WORDCOUNTS,WEIGHT
the,58
of,43
and,29
in,22
by,15
a,13
pp,12
isbn,12
with,9
from,9
p,8
at,7
dfl,7
m,6
volume,6
netherlands,6
will,5
site,5
that,5
to,5
richard,5
haule,5
an,5
gramly,5
archaeology,4
ills,4
reconstruction,4
incl,4
for,4
papers,4
institute,4
cloth,4
data,4
archaeological,4
north,4
la,4
appr,3
york,3
rome,3
e,3
persimmon,3
is,3
not,3
di,3
excavation,3
olduvai,3
po,3
fax,3
first,3
book,3
report,3
analyses,3
new,3
late,3
vol,3
part,3
field,3
box,3
palaeolithic,3
settlement,3
habitation,3
as,3
stone,3
federmesser,3
van,2
it,2
if,2
medieval,2
rhine,2
conoscenza,2
aa,2
expanded,2
settlements,2
antiquity,2
illustrations,2
clovis,2
send,2
studies,2
university,2
or,2
history,2
amoenissima,2
facsimile,2
scultura,2
lower,2
origins,2
antica,2
please,2
other,2
mutually,2
paper,2
are,2
s,2
available,2
satricana,2
historical,2
past,2
funk,2
robert,2
investigations,2
civitas,2
economy,2
satricum,2
fonte,2
america,2
pittura,2
r,2
art,2
international,2
through,2
press,2
african,2
its,2
geology,2
during,2
romana,2
world,2
human,2
come,2
per,2
students,2
this,2
interpret,2
held,2
parietale,2
usa,2
phone,2
antefixa,2
be,2
james,2
comparable,2
richey,2
tillinghast,1
fascist,1
european,1
steps,1
topic,1
currently,1
quarry,1
rate,1
investigating,1
americans,1
may,1
grenier,1
november,1
terracottas,1
africa,1
identification,1
restoration,1
hardcover,1
kootwijk,1
l,1
schmidt,1
boersma,1
arctic,1
maps,1
created,1
program,1
represent,1
wa,1
classic,1
gorcum,1
bulletin,1
sewn,1
red,1
adkins,1
concluding,1
dutchess,1
distributed,1
mile,1
unmatched,1
publisher,1
culto,1
va,1
contributions,1
why,1
sanctuary,1
study,1
creek,1
examine,1
about,1
guide,1
ma,1
second,1
antiquities,1
edited,1
h,1
zs,1
museum,1
exists,1
eighteen,1
monumenst,1
articles,1
amadeus,1
satisfied,1
grabau,1
earliest,1
dw,1
orange,1
orderform,1
knoop,1
western,1
river,1
established,1
sections,1
afr,1
organized,1
exciting,1
commonwealth,1
any,1
associated,1
culture,1
teaching,1
n,1
nineteenth,1
witthoft,1
matuta,1
encampment,1
w,1
upper,1
these,1
demonstrate,1
congress,1
additional,1
lithic,1
theme,1
archaeologists,1
t,1
ll,1
roderick,1
disappearing,1
members,1
buffalo,1
name,1
moormann,1
sciences,1
tuck,1
birx,1
ii,1
photos,1
cover,1
give,1
important,1
screened,1
postage,1
address,1
natural,1
whaling,1
chance,1
into,1
steadman,1
country,1
halt,1
j,1
mcintosh,1
prehistoric,1
december,1
ossuary,1
http,1
affinities,1
avenue,1
capital,1
jeanne,1
could,1
pittoriche,1
plundering,1
vail,1
rugged,1
inquiry,1
normative,1
disappearance,1
orders,1
john,1
themselves,1
concludes,1
census,1
hunting,1
i,1
introduces,1
lbookstores,1
representative,1
edition,1
february,1
bookseller,1
folding,1
merely,1
loose,1
consist,1
patterns,1
state,1
date,1
v,1
maintainance,1
journalists,1
iii,1
nel,1
mainly,1
block,1
proceedings,1
investigation,1
mondo,1
tools,1
relevant,1
population,1
form,1
analogous,1
forthcoming,1
signature,1
your,1
perhaps,1
plain,1
riemer,1
eastern,1
books,1
flaked,1
photo,1
veluwe,1
collector,1
multidisciplinary,1
well,1
sites,1
smit,1
directly,1
instructional,1
government,1
paleoenvironmental,1
technologies,1
authentic,1
contain,1
artifacts,1
discussion,1
johannes,1
indiana,1
both,1
october,1
comprise,1
boston,1
range,1
istituto,1
concept,1
mater,1
city,1
along,1
concern,1
description,1
use,1
place,1
additions,1
northwest,1
manufacturing,1
della,1
craniometry,1
binding,1
susquehanna,1
eric,1
theories,1
vii,1
seventy,1
publication,1
peter,1
applicable,1
architectural,1
excavations,1
collaboration,1
d,1
revised,1
period,1
general,1
palaeontology,1
commencing,1
sample,1
century,1
mani,1
learning,1
order,1
mundi,1
botteghe,1
sanders,1
thomas,1
remains,1
dutch,1
jl,1
caput,1
comparison,1
specific,1
rr,1
papal,1
ha,1
methods,1
columbia,1
industry,1
colorful,1
heidinga,1
exhaustive,1
publications,1
engages,1
maine,1
structure,1
orchid,1
early,1
visible,1
sept,1
journal,1
re,1
using,1
ss,1
famous,1
kentucky,1
gleaned,1
pittori,1
ica,1
society,1
tennessee,1
thorough,1
societies,1
