WORDCOUNTS,WEIGHT
the,456
of,320
and,232
a,138
in,131
to,87
from,81
was,69
site,56
at,55
cocal,54
were,52
with,49
for,45
this,44
is,44
by,38
on,38
m,37
mound,37
early,34
stone,33
period,32
cm,32
that,30
as,30
are,30
claro,30
rio,29
ne,28
been,27
have,26
some,24
these,24
pit,23
excavations,22
honduras,21
mounds,21
into,20
cit,20
op,20
be,20
note,19
an,18
several,17
or,17
remains,17
one,16
selin,16
other,16
only,16
which,15
figure,15
there,14
central,14
appears,14
very,14
excavation,13
clay,13
plaza,13
university,13
surface,13
well,13
ceramic,13
all,12
de,12
sample,12
earlier,12
late,12
soil,12
located,12
more,12
upon,12
archaeological,12
level,12
pl,11
b,11
f,11
area,11
east,10
cultural,10
below,10
settlement,10
two,10
radiocarbon,10
test,9
lower,9
j,9
side,9
than,9
house,9
recovered,9
sites,9
has,9
no,9
south,9
about,9
main,9
fragments,9
pottery,9
not,9
north,9
archaeology,8
northeast,8
e,8
american,8
bay,8
fig,8
determinations,8
obsidian,8
artifacts,8
field,8
habitation,8
preliminary,8
floor,8
but,8
department,8
new,8
america,8
form,8
sherds,8
it,7
edge,7
sterile,7
marked,7
dates,7
rather,7
levels,7
based,7
concentration,7
its,7
small,7
research,7
portion,7
also,7
paul,7
larger,7
region,7
times,7
type,7
incised,7
d,7
evidence,7
removed,7
valley,7
mesoamerica,6
t,6
x,6
river,6
most,6
charcoal,6
prehistoric,6
chipped,6
ceramics,6
produced,6
during,6
least,6
included,6
same,6
forms,6
ground,6
construction,6
quite,6
associated,6
known,6
different,6
particularly,6
both,6
ac,6
numerous,6
although,6
range,6
major,6
human,5
season,5
survey,5
dr,5
design,5
aguan,5
possible,5
west,5
point,5
along,5
blades,5
journal,5
l,5
burials,5
had,5
plateau,5
found,5
further,5
honduran,5
contrast,5
few,5
provided,5
second,5
nearly,5
atop,5
museum,5
trent,5
noted,5
sello,5
hollow,5
project,5
examples,5
low,5
general,5
date,5
probably,5
seen,5
any,5
over,5
report,5
what,5
coast,5
map,5
earthen,5
vessel,5
reached,5
common,4
considerably,4
conducted,4
anthropology,4
western,4
first,4
location,4
broken,4
court,4
raised,4
principal,4
signs,4
sq,4
eastern,4
identieled,4
cleared,4
vol,4
details,4
costa,4
his,4
basic,4
taller,4
similar,4
elaborate,4
shell,4
support,4
ramp,4
just,4
beyond,4
appear,4
though,4
placed,4
scroll,4
data,4
used,4
polychrome,4
beads,4
floors,4
recorded,4
he,4
still,4
above,4
metates,4
specimens,4
stones,4
our,4
time,4
adjacent,4
manos,4
axes,4
perhaps,4
maya,4
local,4
made,4
farming,4
postclassic,4
skeletal,4
full,4
dating,4
described,4
decorated,4
features,4
especially,4
can,4
depth,4
length,4
often,4
anthropomorphic,4
spanish,4
organization,4
ditch,4
suggests,4
chronometric,4
size,4
preserved,4
elrst,4
sizeable,4
national,4
land,4
off,4
c,4
strong,4
preclassic,3
acre,3
they,3
village,3
large,3
settlements,3
being,3
long,3
layout,3
s,3
available,3
i,3
last,3
investigations,3
designs,3
lic,3
such,3
far,3
fragment,3
doris,3
g,3
author,3
trujillo,3
z,3
ware,3
distinct,3
six,3
walkways,3
poor,3
locality,3
unit,3
their,3
parts,3
prehistory,3
proved,3
upper,3
indications,3
dug,3
out,3
centrally,3
occupation,3
varieties,3
applied,3
wide,3
possibility,3
having,3
directly,3
r,3
charred,3
flattened,3
part,3
island,3
suggest,3
healy,3
depression,3
presence,3
up,3
periods,3
various,3
attributable,3
overall,3
islands,3
ulua,3
assistance,3
darkened,3
decoration,3
many,3
legs,3
chiefdom,3
distance,3
style,3
punctation,3
situated,3
top,3
largely,3
virtually,3
harvard,3
previous,3
three,3
artificial,3
shallow,3
we,3
separate,3
fewer,3
primarily,3
strongly,3
aboriginal,3
face,3
constructed,3
temporal,3
natural,3
contained,3
foundation,3
distinctive,3
greenstone,3
utilized,3
william,3
mano,3
almost,3
four,3
reported,3
until,3
locations,3
include,3
roughly,3
corn,3
much,3
eleld,2
now,2
if,2
designated,2
nicaragua,2
stands,2
manuscript,2
center,2
complex,2
maize,2
word,2
hondureno,2
handles,2
english,2
mexican,2
studies,2
modern,2
flooring,2
boulder,2
history,2
unlike,2
before,2
materials,2
pappeamus,2
colon,2
predominantly,2
consistent,2
certainly,2
topographic,2
culturally,2
concentrated,2
utilization,2
fragmentary,2
seems,2
nature,2
cortes,2
shaped,2
height,2
leading,2
differences,2
rich,2
sra,2
state,2
platforms,2
somewhat,2
cuyamel,2
badly,2
projectile,2
bird,2
bones,2
tubular,2
placement,2
richard,2
measuring,2
quantity,2
mesoamerican,2
representations,2
development,2
interior,2
characteristic,2
relatively,2
mixed,2
century,2
compared,2
helpful,2
even,2
applique,2
lens,2
walls,2
utila,2
sw,2
censer,2
subsistence,2
olmec,2
approaches,2
vinculos,2
curvilinear,2
lasted,2
eight,2
se,2
derived,2
direct,2
special,2
space,2
determination,2
specielc,2
possibly,2
foothills,2
entry,2
retained,2
clearly,2
elevated,2
age,2
additional,2
lithic,2
painted,2
peabody,2
basin,2
color,2
typical,2
mapping,2
seven,2
zone,2
handbook,2
fourth,2
burial,2
absolute,2
near,2
impression,2
because,2
designation,2
zoomorphic,2
steep,2
prominent,2
crude,2
example,2
accidental,2
structures,2
perishable,2
border,2
away,2
surrounding,2
institution,2
showing,2
preparation,2
horizon,2
urn,2
earth,2
depositional,2
excavated,2
del,2
rutgers,2
around,2
atlantica,2
world,2
notes,2
florida,2
society,2
will,2
horizons,2
ceremonial,2
polished,2
identified,2
jewelry,2
positioned,2
indicates,2
drilled,2
southern,2
grooved,2
inhabited,2
direction,2
under,2
chronology,2
light,2
complete,2
culture,2
illustrated,2
hearth,2
social,2
fire,2
longhouse,2
toward,2
motifs,2
flat,2
efforts,2
shows,2
areas,2
instituto,2
diverse,2
pattern,2
snail,2
outside,2
antropologia,2
present,2
michael,2
material,2
native,2
number,2
encountered,2
remarkably,2
classes,2
elts,2
background,2
thanks,2
submitted,2
hardened,2
platform,2
open,2
clear,2
papayeca,2
faces,2
defensive,2
so,2
summer,2
high,2
obtained,2
mountain,2
probable,2
preservation,2
latter,2
courtyard,2
k,2
narrow,2
northern,2
la,2
brown,2
smaller,2
factors,2
geochronology,2
today,2
continued,2
suggestive,2
pieces,2
rough,2
collections,2
plumbate,2
effectively,2
analysis,2
frontier,2
table,2
composed,2
types,2
variable,2
then,2
series,2
mentioned,2
geographic,2
recognizable,2
sciences,2
ramps,2
stratieled,2
half,2
constructions,2
cultivation,2
uppermost,2
phd,2
investigation,2
them,2
selected,2
rising,2
artifactual,2
middle,2
vessels,2
outline,2
occasionally,2
entrance,2
pits,2
through,2
republic,2
indians,2
tall,2
voyage,2
prepared,2
samuel,2
americas,2
photograph,2
association,2
ranged,2
supported,2
carbon,2
between,2
intentional,2
amant,2
dark,2
substantial,2
entire,2
little,2
meeting,2
southeastern,2
ca,2
final,1
frequent,1
go,1
does,1
margins,1
clustered,1
famed,1
divisible,1
limits,1
way,1
serpent,1
stylistic,1
meaning,1
groups,1
suggested,1
moundf,1
extend,1
rattle,1
red,1
animalistic,1
menelio,1
introduction,1
debris,1
needed,1
saved,1
rtifacts,1
prevented,1
amanth,1
formed,1
terminate,1
true,1
h,1
completely,1
conical,1
fronteras,1
comparisons,1
geometric,1
mainland,1
burn,1
basalt,1
total,1
sr,1
pots,1
bp,1
pitifully,1
elnegrain,1
revision,1
source,1
tripod,1
credence,1
negative,1
cutting,1
file,1
mesa,1
ocmkh,1
unearthed,1
every,1
constituting,1
mosaics,1
progressed,1
letters,1
interested,1
handle,1
originally,1
taken,1
terrain,1
discerned,1
elelds,1
georgia,1
construcjournal,1
metate,1
comparatively,1
wooden,1
suggesting,1
undertake,1
simple,1
thank,1
unmortared,1
follows,1
farther,1
mexicana,1
hundred,1
room,1
religion,1
carnegie,1
real,1
subsequent,1
feature,1
jill,1
petty,1
vegetation,1
stoneboulder,1
loose,1
floral,1
precisely,1
influences,1
chiefdoms,1
those,1
reserved,1
robert,1
classified,1
decreased,1
alike,1
rounded,1
identielcations,1
el,1
similarities,1
less,1
system,1
nodes,1
sociedad,1
nearer,1
governmental,1
epstein,1
plain,1
cylinder,1
gaps,1
doreen,1
westernmost,1
paved,1
propensity,1
celts,1
primary,1
planted,1
right,1
amerikanistische,1
figs,1
quantities,1
lends,1
prior,1
disprove,1
paucity,1
burning,1
soils,1
solely,1
vleculos,1
fine,1
guaimoreto,1
except,1
conceptual,1
fur,1
bowls,1
sobre,1
katunob,1
undoubtedly,1
nd,1
silhouette,1
manmade,1
collection,1
sign,1
controlled,1
tons,1
usage,1
abraded,1
implements,1
punctations,1
interments,1
neutron,1
pounding,1
terra,1
bracketed,1
alignments,1
deteriorates,1
neighbours,1
quality,1
points,1
tw,1
contemporaneous,1
surrounded,1
illustrates,1
aus,1
interest,1
base,1
scrolls,1
viewing,1
reyes,1
typing,1
extensively,1
transitional,1
estimates,1
concentrations,1
elements,1
nor,1
nombre,1
perspective,1
balls,1
concerning,1
amount,1
body,1
serving,1
served,1
uncorrected,1
arranged,1
left,1
trekked,1
publications,1
identifications,1
drawn,1
student,1
practically,1
tentatively,1
apparently,1
spread,1
cooperative,1
influence,1
ma,1
poorly,1
cooperation,1
may,1
seventh,1
via,1
abbreviation,1
antropologfa,1
wishes,1
recognized,1
york,1
plotted,1
identification,1
predicted,1
exact,1
ba,1
growth,1
encompassed,1
absent,1
across,1
en,1
johnston,1
longest,1
cremation,1
remote,1
granted,1
ex,1
entrances,1
ongoing,1
tan,1
benjamin,1
adan,1
lacking,1
scales,1
illustrations,1
resettlement,1
summarized,1
cueva,1
scattered,1
miscellaneous,1
slope,1
means,1
modified,1
mrs,1
changes,1
finer,1
ltar,1
identielcation,1
congested,1
plumed,1
occupational,1
established,1
intensive,1
workmen,1
organized,1
dated,1
section,1
elsewhere,1
director,1
veriz,1
gradually,1
jersey,1
washingtontheoretical,1
frequently,1
reviewed,1
observations,1
profile,1
w,1
ventilated,1
show,1
commonly,1
conqueror,1
jars,1
connecting,1
mazama,1
defines,1
consequence,1
neither,1
adolfo,1
permanent,1
destructive,1
jan,1
ocarinas,1
important,1
faced,1
decades,1
view,1
afelliations,1
dc,1
holdings,1
greater,1
my,1
dumps,1
bearing,1
societies,1
could,1
faunal,1
called,1
explanatory,1
midden,1
attack,1
effort,1
centers,1
changed,1
international,1
criticisms,1
ortega,1
departamento,1
ethnohistorical,1
irregularly,1
term,1
marie,1
accurately,1
understood,1
equal,1
caves,1
circular,1
reservation,1
precautions,1
residential,1
recently,1
cannot,1
analogous,1
montoya,1
productively,1
xiv,1
approached,1
dumbarton,1
photo,1
subdivisions,1
acknowledgements,1
briefly,1
shape,1
vertiente,1
bulldozed,1
none,1
anna,1
line,1
honors,1
blade,1
bc,1
rocks,1
received,1
carries,1
nine,1
waterway,1
pinched,1
tapered,1
fired,1
elg,1
vito,1
tributary,1
granulite,1
predominately,1
knowledge,1
quartaroli,1
revealed,1
positions,1
description,1
ten,1
preserving,1
dozens,1
continuation,1
realm,1
gave,1
refined,1
truncated,1
work,1
oaks,1
ontario,1
transported,1
ethnohistoric,1
boriek,1
buff,1
artifact,1
cruder,1
memoirs,1
boulders,1
chemistry,1
encounters,1
refuse,1
either,1
detailed,1
change,1
tone,1
habitations,1
normally,1
composite,1
canoe,1
next,1
order,1
pond,1
diagnostic,1
shapes,1
june,1
smithsonian,1
highly,1
hafting,1
shaded,1
alluvial,1
usual,1
boundaries,1
felipe,1
tended,1
yielded,1
dem,1
core,1
llthles,1
coloration,1
fully,1
annual,1
visible,1
when,1
seed,1
proper,1
describes,1
coatings,1
structured,1
abstracted,1
finds,1
deer,1
valuable,1
gordon,1
smashed,1
chronological,1
span,1
activation,1
iiamburg,1
herein,1
edith,1
related,1
imprint,1
approximate,1
units,1
situation,1
arrangement,1
exterior,1
variety,1
contact,1
bells,1
doctoral,1
short,1
mitteilungen,1
yucatan,1
limited,1
receptive,1
edges,1
drops,1
exception,1
tropical,1
stratigraphy,1
sponsored,1
standing,1
study,1
offieldwork,1
outer,1
surveyed,1
structural,1
southeast,1
roberto,1
single,1
once,1
rubbing,1
loaded,1
portrayed,1
ekholm,1
permission,1
examined,1
prof,1
precolumbian,1
bone,1
orange,1
cylindrical,1
us,1
boundary,1
management,1
professor,1
entryways,1
barrel,1
battered,1
sharply,1
ed,1
indian,1
largest,1
ovaloidshaped,1
insights,1
reliance,1
toronto,1
disagreed,1
typed,1
regional,1
circumferentially,1
spatially,1
alteration,1
provide,1
orderliness,1
sketchy,1
fell,1
academy,1
varies,1
legged,1
decorative,1
generously,1
water,1
herbert,1
lighter,1
lengthy,1
idea,1
head,1
scholars,1
stimulus,1
blocks,1
striking,1
proposal,1
predominant,1
appeared,1
rugged,1
abstract,1
disturbed,1
watercourse,1
lacks,1
layer,1
enable,1
named,1
surfaces,1
fallen,1
end,1
rica,1
astride,1
considerable,1
pennsylvania,1
succeeding,1
man,1
discussed,1
removal,1
iiistory,1
sellos,1
patterns,1
volkerkunde,1
v,1
earthern,1
where,1
road,1
redonda,1
orderly,1
purposes,1
establish,1
vulnerable,1
heavily,1
see,1
council,1
deep,1
fieldwork,1
punctate,1
jeremiah,1
hurricane,1
elne,1
wood,1
knoll,1
remained,1
another,1
granitic,1
analyzed,1
private,1
divided,1
averaged,1
neatly,1
chiefly,1
necked,1
width,1
contours,1
endowment,1
deposits,1
ethnology,1
previously,1
looking,1
contacts,1
moundc,1
samples,1
findings,1
significant,1
use,1
food,1
factor,1
peten,1
hardpacked,1
willey,1
recovery,1
salvador,1
individuals,1
laboratory,1
examination,1
check,1
chosen,1
california,1
specimen,1
clearing,1
exceedingly,1
explorations,1
mayan,1
assignment,1
language,1
bracket,1
dominated,1
pin,1
held,1
symposium,1
christopher,1
encircles,1
caribbean,1
like,1
would,1
belongs,1
function,1
optimum,1
tribal,1
mexico,1
serves,1
filled,1
after,1
running,1
black,1
avocado,1
forestation,1
gets,1
article,1
relation,1
sequence,1
respectively,1
axe,1
structure,1
january,1
congres,1
handstone,1
looks,1
slightly,1
divides,1
equivalent,1
commence,1
quarter,1
darker,1
opposite,1
sailing,1
delineate,1
supplemental,1
heap,1
entitled,1
carried,1
consists,1
suggestion,1
topography,1
lo,1
slender,1
belonged,1
irregular,1
bureau,1
fairly,1
inhabitants,1
ecological,1
censers,1
testing,1
reasonable,1
inside,1
arqueologia,1
lines,1
whistles,1
bulletin,1
who,1
periodo,1
rapidly,1
remnants,1
indicate,1
covering,1
settled,1
casually,1
united,1
instances,1
strategically,1
itself,1
canada,1
investigate,1
beans,1
photographs,1
ash,1
meal,1
nacional,1
dissertation,1
sections,1
assistant,1
proof,1
suggestions,1
earliest,1
practised,1
heavy,1
rarely,1
panama,1
reviewing,1
version,1
peoples,1
must,1
americanfstes,1
hernando,1
farmed,1
retouch,1
rigidly,1
incognita,1
joel,1
summit,1
precise,1
dialect,1
reconnaissance,1
temple,1
text,1
set,1
ran,1
control,1
each,1
conglomerate,1
cultures,1
lying,1
inclined,1
connection,1
setting,1
seem,1
stratigraphic,1
capital,1
did,1
best,1
prominence,1
plazaa,1
southernmost,1
cc,1
civic,1
current,1
domestic,1
pigment,1
twelfth,1
bonnie,1
naco,1
associations,1
differed,1
ethnohistorians,1
barkbeaters,1
las,1
translating,1
bands,1
animal,1
according,1
entradas,1
spatial,1
kevin,1
supports,1
mahogany,1
agricultural,1
validate,1
firmly,1
dismembered,1
her,1
while,1
periphery,1
humus,1
secure,1
pitted,1
explored,1
preliminar,1
information,1
elrmly,1
too,1
reddened,1
nordeste,1
categories,1
art,1
des,1
gratitude,1
aguaon,1
trees,1
ruled,1
humanoid,1
introduced,1
practices,1
became,1
topsoil,1
durable,1
rigid,1
territory,1
measure,1
spinden,1
copper,1
isolated,1
writing,1
varied,1
terminal,1
tions,1
pair,1
relates,1
layers,1
firehardened,1
tated,1
leveled,1
similarity,1
donald,1
finding,1
vance,1
strikingly,1
unground,1
finally,1
applicable,1
approximately,1
sigma,1
dense,1
enabling,1
hardening,1
states,1
effects,1
piece,1
defined,1
plentiful,1
shells,1
lugs,1
classification,1
archaic,1
summary,1
maintaining,1
comparison,1
flora,1
specific,1
mou,1
aztecs,1
eggor,1
trader,1
plethora,1
km,1
vary,1
era,1
partial,1
element,1
traditional,1
chorotegan,1
immediately,1
ends,1
recent,1
observed,1
should,1
building,1
successive,1
learned,1
molluscan,1
showed,1
termed,1
row,1
deeper,1
grants,1
hypothesis,1
