WORDCOUNTS,WEIGHT
the,126
of,92
and,86
in,53
to,40
a,27
medieval,22
archaeology,18
is,18
archaeological,17
that,16
as,14
book,13
for,12
this,12
on,12
from,11
randsborg,10
not,9
different,9
has,9
have,9
millennium,9
an,9
can,9
roman,8
many,8
are,8
field,8
he,7
been,7
europe,7
new,7
sites,7
data,7
at,6
it,6
about,6
historical,6
past,6
which,6
such,6
between,6
research,6
be,6
through,6
illustrations,5
two,5
over,5
well,5
trends,5
early,5
evidence,5
provide,4
with,4
university,4
or,4
but,4
most,4
archaeologists,4
sources,4
also,4
time,4
written,4
information,4
author,4
change,4
times,4
period,4
settlement,4
several,4
major,4
periods,3
led,3
van,3
main,3
rescue,3
construction,3
approaches,3
by,3
age,3
klavs,3
first,3
only,3
long,3
more,3
important,3
rapid,3
history,3
prehistoric,3
there,3
material,3
will,3
both,3
deposits,3
plans,3
discussion,3
viking,3
trade,3
numerous,3
points,3
offer,3
general,3
include,3
working,3
so,3
provides,3
remains,3
textual,3
especially,3
become,3
compared,3
site,3
those,3
north,3
recent,3
aim,2
press,2
duckworth,2
second,2
town,2
practices,2
his,2
short,2
synthesis,2
how,2
techniques,2
represent,2
unconscious,2
subsistence,2
make,2
feffer,2
after,2
they,2
large,2
hodges,2
whole,2
special,2
analysis,2
towns,2
h,2
serve,2
conscious,2
western,2
into,2
graphs,2
themes,2
show,2
social,2
human,2
other,2
decades,2
whitehouse,2
growth,2
shows,2
exploration,2
did,2
maps,2
rural,2
reasons,2
ages,2
do,2
where,2
midievale,2
what,2
burial,2
ad,2
steuer,2
isbn,2
books,2
historians,2
number,2
ambrosiani,2
chapter,2
meetings,2
understanding,2
journals,2
illustrate,2
middle,2
examples,2
made,2
outline,2
four,2
point,2
including,2
subject,2
significant,2
use,2
overview,2
during,2
extensive,2
broad,2
ideas,2
structures,2
frequencies,2
chapters,2
our,2
includes,2
devoted,2
interested,2
since,2
good,2
published,2
excavated,2
countries,2
changes,2
mediterranean,2
theoretical,2
perspective,2
specific,2
few,2
subjects,2
body,2
explore,2
up,2
northern,2
results,2
much,2
world,2
among,2
professional,2
finds,2
attention,2
valuable,2
model,1
final,1
may,1
dealing,1
span,1
european,1
go,1
yields,1
coin,1
now,1
pertaining,1
decoration,1
ranging,1
recovers,1
york,1
essential,1
perspectives,1
africa,1
variety,1
various,1
way,1
testimony,1
fortified,1
english,1
reviews,1
sessions,1
identified,1
economic,1
arjournal,1
groups,1
impetus,1
developed,1
practitioners,1
illuminating,1
interpretation,1
expansion,1
funeraires,1
haithabu,1
environmental,1
argues,1
gorcum,1
primarily,1
presentation,1
reason,1
represented,1
still,1
reconstruction,1
introduction,1
clothbound,1
colin,1
zoological,1
denmark,1
debris,1
germany,1
contribution,1
church,1
attitudes,1
rapidly,1
center,1
settlements,1
rites,1
covering,1
american,1
linking,1
religious,1
archeologie,1
life,1
why,1
kinds,1
k,1
often,1
connects,1
united,1
animals,1
likely,1
abundant,1
table,1
schleswig,1
sets,1
yet,1
types,1
british,1
all,1
groenmanvan,1
drawings,1
unfortified,1
articles,1
makes,1
unusual,1
nor,1
interpretive,1
peripherally,1
east,1
considered,1
exposure,1
water,1
selective,1
us,1
index,1
encompasses,1
familiar,1
anthropological,1
organized,1
occurred,1
behavior,1
contributions,1
cornell,1
orqgins,1
before,1
culture,1
following,1
numbers,1
preface,1
farm,1
ruprecht,1
subdivisions,1
changing,1
reviewed,1
contexts,1
too,1
comparison,1
these,1
insights,1
department,1
begins,1
geographic,1
mention,1
potential,1
origins,1
pace,1
vandenhoeck,1
either,1
shed,1
disciplinary,1
useful,1
ornament,1
reconstructions,1
archiologie,1
text,1
hoo,1
helped,1
syntheses,1
cover,1
stated,1
attempts,1
pnrin,1
excavation,1
vols,1
view,1
unavailable,1
available,1
l,1
bridge,1
fragmentary,1
thinks,1
addition,1
projects,1
ranges,1
had,1
nature,1
analytical,1
interpersonal,1
efforts,1
distribution,1
christianisation,1
based,1
s,1
charlemagne,1
scholars,1
areas,1
could,1
et,1
together,1
les,1
appeared,1
right,1
differences,1
indeed,1
hoards,1
rich,1
effort,1
centers,1
particularly,1
classical,1
diverse,1
very,1
end,1
audience,1
substantially,1
diet,1
products,1
take,1
kingdom,1
distributions,1
considerable,1
introduces,1
synthesize,1
audiences,1
sozialstrukturen,1
big,1
places,1
patterns,1
roskilde,1
further,1
animal,1
learn,1
raised,1
present,1
principal,1
traced,1
somewhat,1
war,1
economy,1
relationships,1
within,1
systematic,1
relevant,1
similarities,1
recently,1
selected,1
see,1
ones,1
tell,1
forth,1
younger,1
character,1
norms,1
covers,1
fjord,1
ford,1
pollen,1
botanical,1
perhaps,1
theory,1
conferences,1
eds,1
problem,1
wide,1
public,1
draws,1
near,1
bones,1
coastal,1
america,1
receive,1
boat,1
aspects,1
require,1
dark,1
presented,1
years,1
balance,1
account,1
uneven,1
quantities,1
armand,1
felt,1
brings,1
suggests,1
some,1
emphasis,1
future,1
apt,1
urban,1
literature,1
vast,1
art,1
clarke,1
mn,1
international,1
welcome,1
conference,1
background,1
mitteleuropa,1
comprise,1
bibliography,1
insight,1
richard,1
ideal,1
level,1
comprises,1
helps,1
alone,1
reader,1
prominent,1
region,1
mental,1
part,1
purpose,1
treating,1
introduced,1
despite,1
example,1
proportions,1
apparent,1
calls,1
chaeology,1
compares,1
indigenous,1
exploring,1
sophisticated,1
its,1
disciplines,1
friihgeschichtliche,1
identifies,1
expression,1
carolingian,1
contribute,1
residues,1
place,1
jorvik,1
manufacturing,1
conditions,1
issues,1
framework,1
survey,1
exist,1
questions,1
processes,1
thus,1
contrasts,1
throughout,1
were,1
supplement,1
full,1
records,1
we,1
cemeteries,1
realms,1
sutton,1
until,1
commercial,1
locations,1
development,1
open,1
significance,1
cambridge,1
achieves,1
illustrates,1
constantly,1
three,1
bailey,1
friihmittelalterliche,1
purposely,1
scandinavia,1
regions,1
danube,1
essay,1
peter,1
publicized,1
isles,1
characteristic,1
relatively,1
held,1
considers,1
mesopotamia,1
grown,1
excavations,1
enabling,1
specialists,1
paperbound,1
employing,1
distinction,1
learning,1
order,1
earlier,1
renewal,1
emphasizes,1
graphed,1
extremely,1
developments,1
taught,1
ships,1
exchange,1
wrecks,1
pages,1
david,1
crosses,1
graves,1
took,1
ship,1
systems,1
promote,1
waateringe,1
christ,1
young,1
relation,1
arranged,1
topics,1
boundaries,1
regards,1
find,1
fully,1
texts,1
st,1
archaeologist,1
method,1
geographically,1
little,1
interaction,1
stimulating,1
communication,1
traditional,1
paid,1
versus,1
comparable,1
than,1
connections,1
building,1
productive,1
cemetery,1
inform,1
widely,1
society,1
readable,1
