WORDCOUNTS,WEIGHT
the,584
of,393
and,367
in,235
to,157
a,135
have,100
from,98
at,93
were,90
or,90
was,89
that,88
for,86
tell,85
el,76
may,70
as,60
wheat,55
age,53
with,53
on,51
during,48
been,48
ifshar,48
bronze,46
by,44
also,43
farmers,42
iia,41
storage,40
emmer,40
mb,36
we,35
middle,34
it,32
soil,32
samples,32
grain,31
university,30
crop,30
an,30
this,29
be,29
more,28
species,28
is,28
are,28
agricultural,28
field,27
seeds,27
archaeological,27
crops,26
cereal,26
locus,26
weeds,26
other,25
research,25
ancient,25
these,25
not,25
area,25
production,24
recovered,23
found,23
weed,23
would,23
they,22
such,22
sp,22
than,21
new,21
large,20
plant,20
processing,19
israel,19
iron,19
evidence,19
early,19
their,18
if,17
tel,17
w,17
m,17
could,17
used,17
which,17
remains,17
c,17
areas,16
period,16
excavation,15
state,15
some,15
phases,15
b,15
small,15
barley,15
no,15
but,15
hefer,15
strategies,15
food,15
emeq,15
fraction,14
into,14
i,14
phase,14
late,14
alluvial,14
did,14
complex,13
one,13
mm,13
journal,13
had,13
data,13
two,13
only,13
granary,12
planting,12
site,12
l,12
when,12
community,12
about,12
archaeobotanical,12
paley,12
probably,12
growing,12
project,12
both,12
through,12
e,11
h,11
studies,11
there,11
stored,11
t,11
seed,11
included,11
farming,11
unit,11
material,11
can,11
planted,11
j,10
s,10
agriculture,10
since,10
sample,10
york,10
how,10
grains,10
public,10
bc,10
its,10
fire,10
water,10
animal,10
economy,10
while,10
environmental,9
first,9
within,9
legume,9
jones,9
important,9
because,9
charred,9
work,9
few,9
yielded,9
porath,9
economic,9
social,9
less,9
fields,9
contained,9
has,9
between,9
major,9
ii,8
soils,8
cf,8
storeroom,8
similar,8
study,8
river,8
most,8
near,8
part,8
suggest,8
hebrew,8
press,8
holzner,8
many,8
cultivated,8
unidentified,8
time,8
model,8
deposits,8
high,8
figure,8
bulletin,8
table,8
alternative,8
over,8
harvest,8
forks,8
plants,8
zones,8
although,8
later,7
center,7
might,7
eastern,7
international,7
household,7
glume,7
egypt,7
levels,7
animals,7
harvested,7
various,7
adjacent,7
archaeology,7
methods,7
must,7
characteristics,7
dr,7
natural,7
rainfall,7
each,7
different,7
bin,7
what,7
role,7
our,7
models,7
store,7
history,6
political,6
botanical,6
primary,6
alluvium,6
de,6
drainage,6
destroyed,6
rather,6
cleaned,6
indet,6
kislev,6
buffalo,6
further,6
well,6
oriental,6
society,6
periods,6
yosef,6
communities,6
chernoff,6
complete,6
fragments,6
covered,6
where,6
ecology,6
low,6
dry,6
administrative,6
after,6
courtyard,6
structure,6
publishing,6
sometimes,6
contents,6
analysis,6
then,6
specialized,6
alexander,6
canary,6
produce,6
hamra,6
bupleurum,6
suggested,6
straw,6
building,6
group,5
american,5
schools,5
western,5
husks,5
all,5
nature,5
uncovered,5
products,5
ryegrass,5
system,5
plain,5
hameuchad,5
possible,5
resources,5
paradoxa,5
g,5
clay,5
mixed,5
hakibbutz,5
fig,5
vetch,5
served,5
third,5
earlier,5
sandy,5
organization,5
shimon,5
resource,5
junk,5
sharon,5
villagers,5
order,5
settlement,5
triticum,5
loci,5
will,5
likely,5
decisions,5
permission,5
under,5
same,5
regional,5
volume,5
spikelet,5
years,5
use,5
harvard,5
bitter,5
three,5
grew,5
architectural,5
so,5
played,5
systems,5
usually,5
dicoccum,5
existed,5
biology,5
sorted,5
better,5
pathogens,5
yield,5
suggests,5
despite,5
egyptian,5
reconstruct,5
influenced,5
grown,5
land,5
d,5
smaller,5
eb,5
f,4
separated,4
represent,4
miriam,4
spt,4
lower,4
either,4
secondary,4
help,4
those,4
development,4
prior,4
sand,4
central,4
intact,4
general,4
higher,4
costs,4
risk,4
certain,4
derived,4
parts,4
floated,4
factors,4
understand,4
possibly,4
habur,4
vicia,4
house,4
hordeum,4
drawing,4
erosion,4
faunal,4
cultural,4
choices,4
institute,4
hopkins,4
sparse,4
preferred,4
r,4
cleaning,4
proportions,4
spikelets,4
zohary,4
surrounding,4
ugarit,4
grow,4
samarian,4
cattle,4
using,4
provided,4
preliminary,4
south,4
variety,4
ia,4
fruit,4
willem,4
single,4
east,4
adjusted,4
ethnographic,4
department,4
lancifolium,4
wasylikowa,4
zeist,4
larger,4
see,4
number,4
another,4
local,4
region,4
recovery,4
discovered,4
like,4
collected,4
stages,4
kept,4
life,4
exchange,4
include,4
cereals,4
decision,4
buildings,4
science,4
collections,4
deposit,4
sandstone,4
ridges,4
increased,4
environment,4
capital,4
losses,4
cultivation,4
protect,4
lens,4
proceedings,4
particular,4
wetterstrom,4
pits,4
dorsal,4
varied,4
wild,4
conditions,4
specific,4
inventories,4
o,3
view,3
grasses,3
village,3
occurred,3
total,3
ruderal,3
harvests,3
being,3
long,3
interests,3
investments,3
flotation,3
compartment,3
kingdom,3
loose,3
raised,3
depleted,3
legumes,3
owing,3
vol,3
quantities,3
except,3
zone,3
granaries,3
surplus,3
human,3
component,3
millennium,3
occurs,3
alison,3
century,3
find,3
forster,3
even,3
lolium,3
walls,3
van,3
adequate,3
town,3
reflects,3
floor,3
identification,3
mountain,3
subsistence,3
represented,3
ofarchaeological,3
support,3
old,3
foothills,3
occupational,3
just,3
n,3
numbers,3
profile,3
management,3
caches,3
distribution,3
typical,3
out,3
destined,3
chaff,3
requirements,3
neighboring,3
based,3
meet,3
purchased,3
facilities,3
jewish,3
sites,3
participation,3
freethreshing,3
example,3
vitis,3
multiplied,3
stores,3
loss,3
year,3
winter,3
et,3
good,3
excavated,3
optimal,3
phalaris,3
stage,3
fallow,3
choose,3
climate,3
reducing,3
experimented,3
units,3
scientific,3
lb,3
yet,3
domesticates,3
ne,3
us,3
specimens,3
light,3
noted,3
navon,3
husk,3
addition,3
layer,3
end,3
contemporary,3
ashy,3
present,3
free,3
palestine,3
original,3
fruits,3
advantages,3
summer,3
households,3
preservation,3
malva,3
special,3
especially,3
outside,3
often,3
temulentum,3
orchard,3
destruction,3
centre,3
separate,3
processed,3
provide,3
united,3
centuries,3
burned,3
school,3
any,3
associated,3
cultivars,3
marshy,3
meat,3
distichum,3
brick,3
feed,3
contradictory,3
pit,3
elsewhere,3
heeres,3
rural,3
them,3
making,3
information,3
too,3
sea,3
city,3
horsebean,3
pests,3
families,3
formation,3
samuel,3
susan,3
potential,3
traditional,3
among,3
rachis,2
dung,2
silica,2
mallow,2
obligations,2
miller,2
stuart,2
strategy,2
judging,2
manuscript,2
debris,2
settlements,2
stone,2
formed,2
second,2
horowitz,2
drawings,2
marcus,2
modern,2
cornell,2
impeded,2
du,2
contexts,2
pathogen,2
olive,2
every,2
taken,2
identified,2
winnowing,2
route,2
belong,2
together,2
thank,2
differences,2
fao,2
chosen,2
room,2
renfrew,2
subsequent,2
inland,2
techniques,2
side,2
moisture,2
sieving,2
verlag,2
israelite,2
bones,2
right,2
figs,2
west,2
consequent,2
quantity,2
along,2
letter,2
reichert,2
behavior,2
labor,2
ononis,2
historical,2
electron,2
consumed,2
due,2
relatively,2
ease,2
relations,2
excavations,2
application,2
kind,2
distinct,2
times,2
grape,2
mailing,2
balk,2
houses,2
compared,2
publications,2
canaanite,2
his,2
remain,2
infestation,2
afterwards,2
coastal,2
proportion,2
cephalaria,2
ludwig,2
productive,2
consequences,2
extremes,2
category,2
microscope,2
byproducts,2
calcified,2
consider,2
improvement,2
specialization,2
byzantine,2
record,2
four,2
additional,2
ezra,2
glumes,2
helped,2
dug,2
irrigation,2
levant,2
diachronic,2
prehistoric,2
pastoral,2
geoffrey,2
access,2
p,2
young,2
faba,2
deir,2
worker,2
initial,2
nutrient,2
markets,2
academic,2
occupation,2
uncultivated,2
pounded,2
excellent,2
explored,2
brooklyn,2
possibility,2
pigs,2
taxes,2
marsh,2
brought,2
british,2
related,2
whole,2
broad,2
structures,2
occupied,2
reflect,2
une,2
preparation,2
archaeologists,2
own,2
famine,2
count,2
sparsely,2
least,2
tolerant,2
ratios,2
hawtin,2
grass,2
contrast,2
mediterranean,2
around,2
family,2
threshed,2
several,2
components,2
presence,2
portions,2
results,2
trumble,2
finds,2
valuable,2
geographical,2
activities,2
dictated,2
nations,2
survived,2
critical,2
insects,2
practices,2
architecture,2
return,2
museum,2
above,2
cultivar,2
make,2
expanded,2
wind,2
pastoralists,2
relied,2
interpretation,2
ruderals,2
examined,2
fifth,2
place,2
perspectives,2
rectangular,2
al,2
experiment,2
largest,2
without,2
increasingly,2
strata,2
power,2
mark,2
others,2
similarly,2
ripened,2
smith,2
husbandry,2
shows,2
brandeis,2
courtyards,2
carbonized,2
smart,2
wine,2
flocks,2
snyder,2
external,2
conclusions,2
ground,2
signifying,2
phytoliths,2
empire,2
coarse,2
patty,2
perhaps,2
reconstructing,2
encountered,2
regarding,2
classes,2
private,2
technologies,2
kerma,2
situated,2
examples,2
made,2
fungi,2
pulses,2
telaviv,2
culinaris,2
controlling,2
compositae,2
numerous,2
maria,2
archaeobotanists,2
eight,2
necessitated,2
ventral,2
loosely,2
health,2
held,2
individual,2
symposium,2
change,2
netanya,2
proximity,2
martin,2
repeated,2
k,2
editors,2
become,2
interpretations,2
accordingly,2
james,2
poisonous,2
workshop,2
staff,2
versus,2
relative,2
medicago,2
concluded,2
division,2
ranging,2
farm,2
yields,2
mikhmoret,2
richest,2
george,2
five,2
maps,2
flowed,2
lost,2
sieves,2
hierarchical,2
mortality,2
mud,2
considered,2
cicer,2
dissertation,2
anthropological,2
share,2
earliest,2
heavy,2
rarely,2
linum,2
series,2
changing,2
extensive,2
slope,2
grazing,2
avena,2
know,2
control,2
anthropology,2
paper,2
suggestions,2
ratio,2
glynis,2
unknown,2
facility,2
current,2
domestic,2
foundation,2
milk,2
very,2
beginning,2
unlikely,2
selected,2
seasonal,2
map,2
extent,2
foundations,2
generally,2
sixth,2
incorporated,2
preserved,2
reported,2
introduced,2
eleanor,2
subject,2
intended,2
carrot,2
sheets,2
world,2
insulated,2
paleorient,2
disadvantages,2
layers,2
commercial,2
arad,2
herds,2
national,2
univeristy,2
arnold,2
instead,2
integrated,2
need,2
clues,2
plentiful,2
definitive,2
removed,2
requires,2
km,2
consisted,2
hills,2
including,2
valley,2
little,2
counts,2
strong,2
mature,2
raz,2
north,2
observed,2
profiles,2
couplets,2
roles,2
close,2
costly,2
final,1
frequent,1
cultigens,1
given,1
mimic,1
does,1
lentil,1
now,1
currently,1
rainey,1
common,1
photographic,1
fortified,1
anthony,1
indicated,1
insect,1
groups,1
generous,1
revue,1
centering,1
gentler,1
sealings,1
weeding,1
cells,1
chickpea,1
jane,1
college,1
sorrels,1
huntington,1
wilbour,1
presses,1
red,1
phytolith,1
ultimate,1
mountains,1
enclosing,1
introduction,1
distributed,1
expect,1
trash,1
needed,1
he,1
concours,1
henson,1
systematically,1
agency,1
fed,1
essays,1
prime,1
picked,1
elmit,1
ma,1
authority,1
underground,1
saxon,1
true,1
english,1
ways,1
remnants,1
ankara,1
nuts,1
approaches,1
johns,1
axonometric,1
ell,1
wilma,1
eliezer,1
station,1
former,1
comparisons,1
unlike,1
pasture,1
malik,1
biostatistics,1
before,1
fragile,1
assume,1
edu,1
lenses,1
princeton,1
materials,1
women,1
hillman,1
experience,1
predominantly,1
consistent,1
highlighted,1
vandenhoeck,1
way,1
permit,1
sources,1
wool,1
grapes,1
pods,1
slaughtered,1
roman,1
krystyna,1
phi,1
capsules,1
fund,1
steady,1
military,1
attempt,1
anatolianarchaeology,1
humans,1
fragmentary,1
freely,1
binocular,1
seems,1
tion,1
zeitschrift,1
company,1
possibilities,1
silo,1
available,1
flowers,1
avec,1
agrarian,1
canaan,1
aids,1
suggesting,1
rebuilt,1
great,1
horsebeans,1
imported,1
potentially,1
rich,1
umbrellashaped,1
admittedly,1
forage,1
able,1
link,1
substantive,1
thanks,1
geshurite,1
procedure,1
issac,1
achieved,1
feature,1
kochavi,1
vegetation,1
chancellor,1
emphasized,1
greatly,1
respond,1
olea,1
situ,1
principal,1
deriving,1
colluvium,1
reading,1
ash,1
context,1
papers,1
legend,1
disposition,1
sq,1
kingdoms,1
leaching,1
occasional,1
described,1
tyson,1
collaborate,1
recorded,1
openings,1
paved,1
advice,1
almond,1
bases,1
u,1
hacilar,1
march,1
mesh,1
microscopy,1
clearly,1
chapter,1
replacement,1
activity,1
archaeobotany,1
sale,1
sieved,1
establishing,1
functions,1
october,1
ovens,1
professor,1
astragalus,1
zsoo,1
fossilized,1
reflecting,1
classics,1
timothy,1
uncertain,1
fossil,1
constrained,1
milder,1
representing,1
enter,1
harry,1
andarchaeological,1
inventory,1
diversity,1
learned,1
townsfolk,1
thus,1
centralized,1
throughout,1
apex,1
review,1
ronald,1
cluded,1
relationships,1
angles,1
fxb,1
severe,1
dynamics,1
quality,1
accounted,1
surrounded,1
dominated,1
against,1
assumes,1
silent,1
storehouse,1
necessitating,1
encyclopedia,1
pay,1
helbaek,1
dealings,1
extensively,1
suppose,1
comprised,1
z,1
mesopotamian,1
estimates,1
citdephenicienne,1
nor,1
items,1
adopted,1
patch,1
document,1
hampering,1
amount,1
architect,1
ha,1
allowing,1
suitable,1
honour,1
bone,1
kinship,1
continuous,1
nubia,1
mechanical,1
sincerely,1
barbanes,1
y,1
ira,1
oxidizing,1
spite,1
ecologies,1
corrected,1
sieve,1
apparently,1
winlock,1
protects,1
though,1
fer,1
acknowledge,1
adjust,1
stanley,1
once,1
ofmeketre,1
poorly,1
incidental,1
anglo,1
mentoring,1
glen,1
alabama,1
bimodal,1
lesser,1
drained,1
poor,1
via,1
interesting,1
library,1
papyrologie,1
magnifications,1
expected,1
exact,1
growth,1
arising,1
highlands,1
developed,1
district,1
housing,1
en,1
tertiary,1
eisenbrauns,1
obviated,1
crest,1
egyptologie,1
process,1
unintentionally,1
volcani,1
broaden,1
completely,1
sterilize,1
environments,1
cultigen,1
excavators,1
moens,1
winona,1
connected,1
neolithic,1
importance,1
graduated,1
doubted,1
contributions,1
white,1
mitekufat,1
absorbed,1
risks,1
guides,1
exceptional,1
reason,1
sown,1
changes,1
escape,1
parvicoccum,1
affect,1
ensure,1
skirting,1
locally,1
etany,1
statistical,1
established,1
benefits,1
peasant,1
dated,1
consolidate,1
underlying,1
section,1
director,1
reconstructions,1
stubble,1
argued,1
frequently,1
observations,1
upper,1
mixtures,1
preventative,1
proven,1
show,1
ofethnobiology,1
exploited,1
shorter,1
surface,1
connecting,1
drought,1
groundwater,1
shed,1
comprising,1
testament,1
cost,1
couplet,1
problems,1
method,1
kurkar,1
plenum,1
willing,1
answers,1
david,1
borders,1
preference,1
faced,1
appear,1
highest,1
nsf,1
osteological,1
cultivating,1
experimentation,1
opening,1
yielding,1
uses,1
closely,1
storerooms,1
multiroomed,1
bl,1
came,1
cradle,1
columbia,1
affiliated,1
pest,1
location,1
transmission,1
aegean,1
acknowledgments,1
amwaul,1
ofa,1
farmsteads,1
joy,1
explanatory,1
ergot,1
attack,1
adhered,1
relating,1
dunes,1
sowing,1
nutrients,1
mulholland,1
demands,1
shared,1
compartments,1
rooms,1
timbered,1
noting,1
diet,1
viking,1
quercus,1
assisted,1
fuel,1
representative,1
culture,1
density,1
accurately,1
equally,1
transactions,1
equal,1
effective,1
something,1
ofnear,1
maritima,1
appears,1
greenwood,1
intensity,1
fish,1
handled,1
extrapolation,1
representatives,1
guarantee,1
guidance,1
required,1
networks,1
foodgrains,1
thebes,1
yannouli,1
coped,1
aspects,1
failure,1
syria,1
gained,1
feeding,1
unequal,1
network,1
basis,1
relatives,1
protected,1
literature,1
inferred,1
furarchaeologie,1
intense,1
skeletons,1
piglets,1
ditches,1
start,1
bracts,1
clean,1
unless,1
story,1
exavation,1
intentionally,1
describe,1
consistently,1
intermediate,1
harlan,1
nubian,1
clapaley,1
inferences,1
partly,1
climatic,1
records,1
densely,1
rituals,1
rotation,1
adelphi,1
formations,1
employed,1
participate,1
showing,1
manage,1
mccorriston,1
interpreted,1
tsvi,1
holy,1
polity,1
trends,1
mari,1
sampled,1
approach,1
regions,1
fieldstone,1
aided,1
staple,1
microfaunal,1
climates,1
officials,1
saline,1
composite,1
caused,1
working,1
below,1
microfilms,1
trading,1
le,1
cope,1
atmosphere,1
bank,1
sufficient,1
june,1
members,1
highly,1
subsided,1
massachusetts,1
choosing,1
kernels,1
distinguished,1
villages,1
unimodal,1
methodological,1
copying,1
parivcoccum,1
fully,1
capitalized,1
offspring,1
backup,1
goat,1
purpose,1
palaestinat,1
structured,1
teo,1
dorot,1
grateful,1
flour,1
monarchy,1
gordon,1
promising,1
mechanism,1
seemed,1
sanctions,1
bedrock,1
nesbitt,1
led,1
partially,1
alternajournal,1
reduced,1
minor,1
lit,1
injournal,1
catchment,1
unpredictably,1
canalized,1
distorted,1
service,1
located,1
overall,1
ficus,1
play,1
plans,1
released,1
nearly,1
exception,1
constraints,1
gaining,1
lex,1
still,1
threshing,1
intervention,1
accumulations,1
experiences,1
southern,1
settings,1
parched,1
cultivate,1
surveyed,1
oftheamerican,1
tiwari,1
bread,1
vicinity,1
resilient,1
evenly,1
contributing,1
joshua,1
geshur,1
floods,1
auspices,1
marshes,1
requiring,1
olga,1
serve,1
evolved,1
mobile,1
populated,1
hilly,1
tax,1
informal,1
collectively,1
watson,1
refine,1
soilsassociation,1
issues,1
nw,1
ruprecht,1
deliver,1
insights,1
illustrated,1
ofpalestine,1
reports,1
reliance,1
naum,1
bar,1
stones,1
jo,1
considers,1
fellow,1
inhabitants,1
acorn,1
gain,1
kerman,1
aggregates,1
name,1
predominent,1
winnowed,1
attacks,1
divison,1
again,1
pointed,1
preferences,1
europe,1
ecological,1
varies,1
towns,1
lowering,1
tiny,1
complementary,1
release,1
signified,1
lighter,1
communal,1
limit,1
storing,1
tolerate,1
foods,1
documented,1
reform,1
culled,1
disturbed,1
choice,1
daily,1
richer,1
diverse,1
perfumed,1
featuring,1
variation,1
administrations,1
serious,1
channel,1
forms,1
enough,1
took,1
hand,1
do,1
learn,1
risked,1
increases,1
operating,1
flooded,1
yadin,1
float,1
purposes,1
superimposed,1
income,1
euphrates,1
michael,1
paired,1
japan,1
esther,1
distance,1
lel,1
gives,1
predynastic,1
wood,1
thoroughly,1
bibliographic,1
remained,1
summers,1
simon,1
grouping,1
egyptology,1
aggregation,1
analyzed,1
retaining,1
greatest,1
extended,1
discussion,1
supplies,1
galium,1
incorporation,1
sealing,1
carefiully,1
background,1
easier,1
upon,1
hundred,1
values,1
limitations,1
maximized,1
formal,1
ofbotany,1
manufactured,1
increase,1
arlene,1
recover,1
medium,1
encouraged,1
ethnography,1
waste,1
rust,1
repertory,1
largely,1
lightreflecting,1
assumption,1
iii,1
applebaum,1
sequence,1
ideas,1
resulting,1
submitted,1
actual,1
services,1
continue,1
merit,1
laboratory,1
examination,1
redistributive,1
ln,1
full,1
classicalantiquity,1
avi,1
minimize,1
prep,1
fused,1
specimen,1
inversely,1
versions,1
ties,1
trade,1
wheats,1
scanning,1
open,1
biblical,1
icit,1
hampered,1
points,1
taxonomic,1
brass,1
supportive,1
amounts,1
interpret,1
workers,1
insulating,1
keep,1
allowed,1
ny,1
innermost,1
spread,1
cache,1
lie,1
counted,1
filled,1
probable,1
inundation,1
fragility,1
borage,1
abundant,1
provides,1
why,1
hopf,1
comparing,1
satisfy,1
promote,1
constructing,1
bronzeage,1
oflsrael,1
ann,1
acquire,1
mainly,1
effect,1
butchered,1
galilee,1
clovers,1
slightly,1
differ,1
syriaca,1
northern,1
institution,1
yaa,1
minimally,1
la,1
competed,1
gleaned,1
corridor,1
exchanged,1
metrics,1
clusters,1
mordechai,1
ofmb,1
space,1
consists,1
seasons,1
testable,1
additionsm,1
iran,1
relationship,1
slender,1
governors,1
singer,1
today,1
continued,1
mixture,1
caesarea,1
chance,1
tufnell,1
outsiders,1
cheeseshaped,1
naturally,1
pomegranate,1
testing,1
ministry,1
barilan,1
bound,1
rough,1
reasonable,1
primarily,1
dimensions,1
strongly,1
ofthe,1
millennia,1
lawrence,1
grinding,1
sequences,1
remaining,1
bins,1
empires,1
dupage,1
indicate,1
frames,1
antiquity,1
nomadic,1
rutgers,1
payment,1
sakamoto,1
casually,1
extra,1
fall,1
antiquities,1
subdivided,1
types,1
saturated,1
instances,1
olives,1
gathered,1
resemble,1
conservation,1
thick,1
photographs,1
heltzer,1
partners,1
detail,1
plus,1
emerging,1
grazed,1
lahav,1
deposited,1
avigdor,1
practice,1
following,1
plitmann,1
andarchaeology,1
sorting,1
conclusion,1
oats,1
intensification,1
paralhadera,1
desiccated,1
manual,1
simply,1
mountainside,1
hadar,1
cuneiform,1
physical,1
temporal,1
publiee,1
diets,1
promotedfield,1
funding,1
sciences,1
greaterprocessing,1
quaternary,1
set,1
quickly,1
locate,1
wheatbitter,1
flow,1
punica,1
parnicoccum,1
guaranteed,1
tomb,1
sheep,1
lying,1
assumed,1
sizes,1
setting,1
exploration,1
seem,1
best,1
largerseeded,1
variegated,1
wall,1
assiros,1
stressors,1
minimized,1
proportional,1
akkadian,1
eventually,1
asters,1
pritchard,1
goods,1
recherche,1
supervisor,1
reflected,1
differed,1
proposed,1
works,1
living,1
advances,1
places,1
turned,1
liters,1
catalogue,1
annuals,1
phd,1
thejohns,1
according,1
srael,1
explanations,1
heads,1
differing,1
unique,1
whether,1
aiding,1
toumba,1
ones,1
coast,1
independently,1
imposed,1
nearby,1
flames,1
maintain,1
covers,1
artifactual,1
optimized,1
tightly,1
problem,1
adaptation,1
consisting,1
transaction,1
jack,1
densities,1
her,1
scheduling,1
correlates,1
salinization,1
fodder,1
sdacharvard,1
require,1
installations,1
rationality,1
forgreater,1
oxygen,1
emphasis,1
urban,1
categories,1
signify,1
size,1
garbage,1
remodeled,1
socioeconomic,1
bodies,1
boston,1
naked,1
john,1
occasionally,1
trees,1
altered,1
thereby,1
attached,1
slopes,1
overtake,1
became,1
eftychia,1
lies,1
investment,1
dama,1
emekhefer,1
neccesarily,1
contribute,1
necessitate,1
demanding,1
divided,1
challenges,1
allows,1
dispensed,1
representation,1
burning,1
goals,1
terminal,1
lille,1
prepared,1
charring,1
named,1
shown,1
until,1
spring,1
locations,1
urbanization,1
editor,1
generate,1
lands,1
ravikovitch,1
finding,1
jacques,1
temperature,1
unknowns,1
finally,1
accept,1
dangerous,1
parallels,1
documentation,1
course,1
contributed,1
actively,1
approximately,1
gravel,1
enabling,1
mandates,1
consumption,1
canadian,1
regime,1
product,1
regular,1
anatomical,1
effects,1
defined,1
vervilia,1
oldest,1
association,1
shift,1
campaign,1
ofdaily,1
yiftahel,1
ranged,1
practiced,1
summary,1
ruth,1
flooding,1
needs,1
pharea,1
restored,1
trimestrielle,1
searching,1
modeling,1
textures,1
optimize,1
themselves,1
commodity,1
ervilia,1
temperatures,1
briend,1
dampness,1
partial,1
damp,1
uncertainty,1
texts,1
substantial,1
equipment,1
entire,1
keisan,1
backwards,1
develop,1
divergent,1
statistician,1
focus,1
arientinum,1
recent,1
should,1
broader,1
retcherches,1
sowedfields,1
doing,1
built,1
hans,1
silene,1
johanna,1
occur,1
arizona,1
cahier,1
bce,1
