WORDCOUNTS,WEIGHT
the,134
of,112
and,87
in,44
a,35
by,19
new,19
archaeology,19
to,18
cloth,16
this,16
archaeological,13
university,12
series,12
maya,12
on,12
as,11
edited,11
for,11
illus,11
art,11
history,10
world,9
with,8
paper,8
book,8
that,7
i,7
american,6
from,6
first,6
petexbatun,6
its,6
warfare,6
at,5
center,5
ancient,5
color,5
paperback,5
r,5
period,5
an,5
york,4
classic,4
e,4
published,4
every,4
great,4
time,4
data,4
through,4
city,4
press,4
our,4
vima,4
state,4
aguateca,4
major,4
society,4
f,3
linda,3
maps,3
mexican,3
importance,3
studies,3
study,3
interpretation,3
into,3
presents,3
culture,3
illustrated,3
t,3
volume,3
long,3
offers,3
heritage,3
m,3
prehistoric,3
scholars,3
wall,3
cultural,3
florida,3
books,3
james,3
multidisciplinary,3
well,3
sites,3
gardens,3
cantwell,3
collapse,3
have,3
mississippian,3
thomas,3
association,3
k,3
research,3
c,3
valley,3
journal,3
southeastern,3
depth,2
it,2
states,2
second,2
machu,2
vanderbilt,2
architecture,2
his,2
fortified,2
leading,2
synthesis,2
breadth,2
environmental,2
order,2
ten,2
yale,2
manuscript,2
supplement,2
their,2
one,2
volumes,2
mobility,2
analysis,2
fall,2
guide,2
united,2
iconography,2
teresa,2
museum,2
osteological,2
walking,2
array,2
source,2
ambitious,2
latin,2
indian,2
w,2
insights,2
spanish,2
demarest,2
two,2
picchu,2
joe,2
regional,2
archaeologists,2
izapan,2
rpl,2
titles,2
river,2
ies,2
kenneth,2
mark,2
social,2
addition,2
many,2
neil,2
j,2
tours,2
lozano,2
iii,2
narrative,2
john,2
end,2
mesoamerican,2
arthur,2
kingdom,2
historical,2
late,2
written,2
political,2
investigations,2
what,2
award,2
russell,2
cahokia,2
native,2
has,2
style,2
institute,2
exploring,2
artifacts,2
literature,2
work,2
breglia,2
latino,2
hartswick,2
richard,2
synagogue,2
dizerega,2
elizabeth,2
ritual,2
findings,2
whole,2
masterful,2
reconstruct,2
questions,2
takeshi,2
unpublished,2
california,2
project,2
can,2
comprehensive,2
times,2
field,2
range,2
peninsula,2
winner,2
antiquity,2
diana,2
provides,2
sallust,2
am,2
charles,2
guernsey,2
beautifully,2
dramatic,2
interpretations,2
lisa,2
schele,2
kim,2
codices,2
barbara,1
indians,1
south,1
hellenistic,1
carried,1
civilization,1
pasion,1
tance,1
now,1
online,1
simultaneously,1
he,1
variables,1
table,1
panoramic,1
fresno,1
laboring,1
done,1
madison,1
today,1
mexico,1
raise,1
contact,1
digs,1
way,1
masterfully,1
ambivalence,1
if,1
concerned,1
camp,1
cosmological,1
meticulously,1
meaning,1
l,1
been,1
five,1
generations,1
preclassic,1
prize,1
service,1
remain,1
illustration,1
yucatan,1
hill,1
lie,1
indispensable,1
secrets,1
landscape,1
foreword,1
resulted,1
midwest,1
arkush,1
brings,1
dimensions,1
logogram,1
who,1
cult,1
allen,1
detailed,1
introduction,1
blends,1
folded,1
h,1
eight,1
standing,1
they,1
hinterlands,1
transformation,1
b,1
jhjhtt,1
offieldwork,1
recreating,1
deals,1
settlements,1
spot,1
discover,1
complex,1
fort,1
skowronek,1
special,1
fate,1
use,1
hierarchical,1
biological,1
corpus,1
fe,1
impressed,1
about,1
ma,1
is,1
shoals,1
space,1
antiquities,1
communities,1
library,1
confronts,1
transcribed,1
rhir,1
uniquely,1
sets,1
ways,1
looting,1
fields,1
hann,1
reference,1
monuments,1
approaches,1
walker,1
revealed,1
category,1
chichen,1
changes,1
modern,1
monumental,1
precolumbian,1
chattahoochee,1
marks,1
region,1
prehistory,1
visit,1
trade,1
mortimer,1
objects,1
organization,1
western,1
cycles,1
was,1
or,1
virtually,1
wwwupfcom,1
stefan,1
quilter,1
chris,1
yalebookscom,1
emergence,1
commonwealth,1
apalachee,1
sive,1
light,1
complete,1
communicating,1
fortifications,1
byers,1
lord,1
n,1
vanderbtlt,1
traces,1
ethnographic,1
milner,1
wright,1
archaeologies,1
changing,1
pastoral,1
peoples,1
these,1
disputed,1
preeminent,1
aubrey,1
different,1
literary,1
geographic,1
linguistics,1
savannah,1
recovered,1
people,1
origins,1
abundantly,1
gap,1
beyond,1
discoverjio,1
thousand,1
shed,1
useful,1
sources,1
catalog,1
conducted,1
jackson,1
more,1
science,1
s,1
answers,1
chronicles,1
engagingly,1
interests,1
ihiiijbi,1
power,1
mawr,1
website,1
pan,1
over,1
appear,1
ajar,1
lucy,1
lori,1
extant,1
trafficking,1
control,1
kent,1
conquest,1
morag,1
toll,1
anthropology,1
performance,1
nature,1
analytical,1
cultures,1
halftones,1
subproject,1
arguing,1
ethnoarchaeology,1
based,1
including,1
roman,1
introduce,1
hopewell,1
societies,1
available,1
nancy,1
avenue,1
capital,1
best,1
twenty,1
okay,1
areas,1
xncllsl,1
appearance,1
together,1
kingship,1
milanich,1
current,1
p,1
cheryl,1
scholar,1
recognize,1
classical,1
vernon,1
substantive,1
seller,1
how,1
mississippi,1
twelfth,1
jerald,1
mystery,1
wwwvanderbiltuniversitypresscom,1
fills,1
survey,1
examining,1
reilly,1
emblem,1
past,1
initial,1
discussed,1
featured,1
mk,1
prehistories,1
experts,1
passage,1
burger,1
advances,1
julie,1
frederic,1
further,1
hand,1
sacred,1
bryn,1
william,1
remarkable,1
vincas,1
conventional,1
buried,1
alabama,1
appalachian,1
developing,1
investigation,1
unique,1
burial,1
unearthing,1
recently,1
moore,1
produced,1
system,1
kingdoms,1
strategies,1
case,1
excellent,1
scale,1
era,1
inomata,1
outstanding,1
htliyji,1
baja,1
rich,1
jane,1
belief,1
metropolitan,1
recorded,1
controversy,1
autonomous,1
extent,1
wide,1
public,1
heterarchy,1
draws,1
chief,1
while,1
touring,1
free,1
compete,1
marie,1
america,1
influenced,1
kathryn,1
jibfe,1
remained,1
violent,1
original,1
argues,1
baition,1
guidebook,1
information,1
application,1
don,1
mats,1
some,1
gotham,1
genre,1
private,1
politics,1
bloomsburg,1
understanding,1
dom,1
theoretical,1
douglas,1
tang,1
laylander,1
magnificent,1
explanation,1
analyze,1
provocative,1
west,1
julia,1
chunchucmil,1
borgia,1
unveiling,1
extravagantly,1
ewen,1
nesoamerican,1
x,1
tribes,1
most,1
booklet,1
athens,1
role,1
anticipated,1
undoubtedly,1
journals,1
touringgotham,1
subject,1
top,1
pocket,1
reappraisal,1
beneath,1
year,1
undergone,1
engage,1
overview,1
describe,1
benefit,1
split,1
exciting,1
describes,1
issues,1
colonial,1
contains,1
peten,1
tackles,1
structures,1
coming,1
evolution,1
ellen,1
townsend,1
london,1
styles,1
announcing,1
nothing,1
which,1
salazar,1
named,1
white,1
review,1
surrounding,1
wbmbbbmi,1
rise,1
than,1
realms,1
until,1
spring,1
fieldwork,1
missions,1
rulership,1
such,1
years,1
status,1
deeanne,1
open,1
explorations,1
cambridge,1
incas,1
there,1
historic,1
illinois,1
approach,1
oc,1
national,1
annotated,1
regions,1
boston,1
integral,1
finally,1
points,1
divine,1
forgotten,1
codex,1
yj,1
hhhhhi,1
documentation,1
individual,1
controversies,1
piracy,1
santa,1
excavations,1
d,1
jones,1
boca,1
smaller,1
raiding,1
steponaitis,1
century,1
tubb,1
finds,1
mountain,1
multitude,1
undertakes,1
illicit,1
periods,1
renewal,1
boone,1
standard,1
presenting,1
martin,1
browse,1
garber,1
involved,1
fast,1
instruction,1
heterarchical,1
document,1
concerning,1
specific,1
few,1
back,1
news,1
stallings,1
topic,1
extraordinary,1
mi,1
single,1
invaluable,1
spectacular,1
itza,1
myers,1
texas,1
george,1
site,1
examine,1
chicago,1
patricia,1
patrimony,1
coast,1
publications,1
be,1
debate,1
buikstra,1
inonata,1
glyph,1
when,1
substantial,1
ffj,1
entire,1
essays,1
sassaman,1
utah,1
look,1
astonishing,1
gulf,1
appealing,1
results,1
much,1
save,1
among,1
institution,1
deeply,1
here,1
recent,1
stone,1
jerry,1
chinese,1
evidence,1
wwwutexaspresscom,1
preliminary,1
christina,1
generation,1
divinatory,1
burl,1
influence,1
groundbreaking,1
valuable,1
widely,1
yu,1
jeffrey,1
