WORDCOUNTS,WEIGHT
the,66
of,61
and,57
in,42
by,23
a,22
university,18
archaeology,17
to,13
this,10
boston,10
for,9
hardcover,8
from,8
prehistoric,8
new,8
at,7
cambridge,7
archaeological,7
field,7
is,6
book,6
edited,5
manuals,5
editor,5
published,5
an,5
on,5
its,4
southern,4
study,4
studies,4
or,4
ancient,4
w,4
paper,4
s,4
information,4
richard,4
subscription,4
press,4
editorial,4
office,4
g,4
arkansas,4
change,4
journal,4
edward,3
with,3
h,3
mounds,3
was,3
fishes,3
mary,3
only,3
volume,3
drawing,3
all,3
research,3
john,3
historical,3
burial,3
ny,3
agriculture,3
human,3
winter,3
andrew,3
peter,3
david,3
martin,3
state,3
massachusetts,3
c,3
early,3
about,3
it,2
now,2
l,2
sensing,2
illustration,2
emergence,2
e,2
adkins,2
american,2
one,2
pages,2
methods,2
cave,2
single,2
analysis,2
mammal,2
white,2
burials,2
robin,2
united,2
wheeler,2
museum,2
modern,2
prehistory,2
history,2
micromorphology,2
commonwealth,2
these,2
first,2
t,2
paul,2
pleistocene,2
important,2
postage,2
address,2
social,2
been,2
j,2
cultures,2
geoffrey,2
available,2
marvin,2
current,2
preclassic,2
survey,2
i,2
jeter,2
past,2
outside,2
robert,2
william,2
reviews,2
hall,2
models,2
fossils,2
ford,2
manuscripts,2
paperback,2
behavioral,2
metropolitan,2
eastern,2
cranborne,2
style,2
number,2
america,2
maya,2
cloth,2
account,2
kg,2
oscar,2
some,2
remote,2
r,2
prehispanic,2
who,2
bibliography,2
arkansaw,2
african,2
modem,2
during,2
has,2
central,2
teeth,2
development,2
since,2
andrews,2
bone,2
d,2
period,2
states,2
bookstores,2
thomas,2
included,2
small,2
soil,2
west,2
editors,2
chicago,2
be,2
norman,2
essays,2
greece,2
belize,2
quarterly,2
jones,2
brown,2
applies,2
alwyne,2
society,2
industries,1
south,1
van,1
european,1
will,1
f,1
trustees,1
than,1
he,1
westbury,1
o,1
biocultural,1
request,1
diagrams,1
ofart,1
demitrack,1
africa,1
bookthe,1
identification,1
economy,1
architecture,1
his,1
science,1
chase,1
medieval,1
later,1
crucial,1
ecological,1
growth,1
linda,1
wrote,1
developed,1
synthesis,1
rights,1
practical,1
ibz,1
civilization,1
tartaron,1
market,1
foreword,1
environmental,1
sw,1
classic,1
college,1
intriguing,1
institutions,1
tenango,1
hammond,1
christine,1
directions,1
un,1
wh,1
introduction,1
manuscript,1
earlier,1
yet,1
contribution,1
hastorf,1
transformation,1
importance,1
b,1
payson,1
mus,1
discover,1
hester,1
significant,1
rick,1
alongside,1
coatepec,1
stockherders,1
nubia,1
construction,1
designed,1
horton,1
stone,1
consequences,1
archaeometric,1
plog,1
antiquities,1
provides,1
rchaeology,1
managing,1
chalco,1
recognized,1
lesley,1
monuments,1
nondestructive,1
typeset,1
thought,1
minc,1
involved,1
historians,1
england,1
forest,1
sealy,1
chronology,1
stephen,1
organization,1
goldberg,1
index,1
school,1
excavation,1
image,1
processing,1
tells,1
macphail,1
hillson,1
director,1
culture,1
nineteenth,1
bruce,1
are,1
series,1
al,1
but,1
mimbres,1
rome,1
ournal,1
must,1
torrence,1
illustrated,1
most,1
patterning,1
reports,1
unusually,1
extensive,1
toronto,1
accumulation,1
additional,1
rise,1
oi,1
surface,1
kemp,1
bronze,1
loten,1
please,1
that,1
cynthia,1
lead,1
creighton,1
more,1
sciences,1
archeological,1
aspect,1
other,1
recruited,1
founding,1
implications,1
forty,1
tepetlaoztoc,1
mark,1
erik,1
providing,1
attractive,1
academy,1
natural,1
over,1
europe,1
assist,1
humans,1
anthropological,1
kent,1
steadman,1
advanced,1
had,1
bard,1
different,1
ceramic,1
exploration,1
cartwright,1
board,1
copy,1
mcgill,1
avenue,1
best,1
explores,1
societies,1
minnesota,1
together,1
found,1
printed,1
direct,1
erosion,1
puritan,1
farmers,1
mapping,1
rich,1
effort,1
alounds,1
deal,1
ar,1
any,1
chimalhuacan,1
amecameca,1
launched,1
radical,1
dekr,1
while,1
hundred,1
examining,1
man,1
fresh,1
anne,1
cc,1
late,1
places,1
those,1
reserved,1
sociopolitical,1
cultural,1
scholarly,1
studio,1
technical,1
where,1
questions,1
surveys,1
genera,1
aspects,1
accepted,1
tools,1
spatial,1
whether,1
seminar,1
form,1
british,1
td,1
side,1
fish,1
forum,1
theory,1
juliette,1
roy,1
hodge,1
books,1
herrmann,1
wiseman,1
hantman,1
public,1
draws,1
coatlinchan,1
fully,1
near,1
bones,1
mass,1
advisory,1
es,1
wesolowsky,1
biographies,1
thoroughly,1
jc,1
require,1
addresses,1
kathryn,1
discuss,1
sherratr,1
periodical,1
simon,1
line,1
greatest,1
data,1
artifacts,1
art,1
work,1
soils,1
subscriptions,1
inferred,1
indiana,1
background,1
both,1
avery,1
outline,1
upon,1
andes,1
fine,1
mtlalmanalco,1
documentary,1
barry,1
region,1
story,1
patricia,1
part,1
through,1
somerset,1
far,1
timothy,1
ingenious,1
sent,1
muscarella,1
became,1
related,1
dental,1
curt,1
hiautl,1
tjeerd,1
subject,1
disciplines,1
economies,1
sheets,1
jewett,1
use,1
faunas,1
reconstructs,1
ross,1
citation,1
contemporary,1
issues,1
climatic,1
records,1
people,1
twin,1
aztec,1
regarding,1
individuals,1
call,1
includes,1
accessible,1
throughout,1
which,1
full,1
review,1
ian,1
hampshire,1
california,1
il,1
southwestern,1
tell,1
students,1
project,1
pattern,1
alxtapaluca,1
explorations,1
georgina,1
descriptions,1
chemistry,1
have,1
tables,1
approach,1
authors,1
realized,1
bogucki,1
traders,1
assemblages,1
predators,1
exemplary,1
issn,1
contributors,1
individual,1
bc,1
ibr,1
architectural,1
gilman,1
land,1
ellis,1
price,1
range,1
seltzer,1
huexotla,1
prices,1
features,1
mexico,1
extensively,1
vanished,1
submissions,1
roberta,1
peruvian,1
gerhardt,1
rutgers,1
wendy,1
sally,1
remains,1
bradley,1
cognate,1
classification,1
exchange,1
archaic,1
gabel,1
vassar,1
carr,1
eberhard,1
special,1
concerning,1
especially,1
preucel,1
potential,1
smithsonian,1
highly,1
systems,1
fellows,1
texas,1
topics,1
adams,1
as,1
effect,1
describing,1
haviland,1
detecting,1
illustrations,1
sorayya,1
debate,1
texcoco,1
structure,1
james,1
wills,1
biological,1
herzog,1
major,1
y,1
valley,1
equipment,1
clearinghouse,1
stimulating,1
southwest,1
adaptations,1
copyright,1
morris,1
focus,1
paid,1
world,1
correspondence,1
city,1
institution,1
north,1
appropriate,1
guide,1
bonafide,1
should,1
finds,1
built,1
greek,1
stanley,1
rates,1
massive,1
leah,1
anatomy,1
jeffrey,1
