WORDCOUNTS,WEIGHT
the,113
of,97
a,48
is,40
in,36
and,36
to,33
that,30
he,24
for,19
tainter,17
collapse,17
it,16
on,14
be,13
his,12
roman,11
what,11
which,11
society,11
from,10
by,9
are,9
this,9
archaeological,9
with,8
complex,8
but,8
more,8
empire,8
we,8
as,7
not,7
complexity,7
an,7
decline,7
societies,6
archaeology,6
no,5
if,5
means,5
western,5
or,5
must,5
book,5
has,5
discussion,5
say,5
so,5
than,5
evidence,5
at,4
process,4
literary,4
any,4
most,4
seems,4
work,4
its,4
texts,4
matter,3
who,3
one,3
about,3
studies,3
university,3
history,3
social,3
different,3
p,3
time,3
new,3
very,3
historical,3
judgments,3
state,3
do,3
political,3
case,3
when,3
investment,3
training,3
nothing,3
facts,3
g,3
like,3
would,3
pages,3
much,3
value,3
will,2
civilization,2
without,2
factual,2
becomes,2
recognize,2
told,2
collapsed,2
yet,2
marginal,2
thought,2
civilizations,2
matters,2
place,2
image,2
then,2
presumably,2
something,2
bruce,2
these,2
begins,2
said,2
only,2
sources,2
tries,2
textual,2
rather,2
certainly,2
other,2
theory,2
important,2
view,2
all,2
anthropology,2
great,2
current,2
analyses,2
inevitably,2
out,2
late,2
turned,2
those,2
terms,2
population,2
less,2
see,2
cannot,2
sophisticated,2
eastern,2
problem,2
free,2
maya,2
civilized,2
account,2
some,2
upon,2
concept,2
unfortunately,2
during,2
own,2
causes,2
mathematical,2
were,2
cambridge,2
objective,2
have,2
documentation,2
occurs,2
period,2
century,2
earlier,2
cases,2
disintegration,2
old,2
few,2
between,2
second,2
sacred,2
substantial,2
present,2
recent,2
hypothesis,2
may,1
entitled,1
therefore,1
press,1
sixteen,1
explanations,1
interesting,1
colin,1
fly,1
whose,1
today,1
since,1
decomposed,1
license,1
reviewer,1
difficult,1
common,1
way,1
george,1
science,1
statements,1
bold,1
sometimes,1
crucial,1
develops,1
l,1
economic,1
tion,1
across,1
plays,1
scholar,1
how,1
nonsense,1
comparative,1
illustration,1
excerpts,1
mystical,1
does,1
everyone,1
return,1
unconscious,1
argues,1
classic,1
discredited,1
fewer,1
nearly,1
notion,1
mean,1
dissolution,1
lost,1
prove,1
downright,1
attempt,1
insist,1
seen,1
goes,1
clothbound,1
says,1
make,1
after,1
contribution,1
importance,1
center,1
large,1
southern,1
mesoamerica,1
american,1
ofpetitio,1
religious,1
life,1
why,1
systematically,1
unimportance,1
literacy,1
study,1
methods,1
fate,1
analysis,1
practicing,1
depends,1
factors,1
denunciation,1
authority,1
constitutes,1
true,1
interpretation,1
exists,1
approaches,1
itself,1
face,1
empires,1
competence,1
theorists,1
joseph,1
devotes,1
us,1
organization,1
established,1
differentiated,1
organized,1
symptomatic,1
amid,1
just,1
lack,1
feels,1
same,1
postulates,1
dominate,1
gradually,1
series,1
preoccupation,1
prisoner,1
reviewed,1
too,1
w,1
already,1
founded,1
test,1
simply,1
scarcely,1
recovered,1
solidly,1
based,1
statement,1
else,1
either,1
explaining,1
considers,1
persuasive,1
claims,1
every,1
favorable,1
asks,1
posed,1
disdain,1
willing,1
contemptuously,1
index,1
odd,1
school,1
later,1
know,1
tax,1
might,1
others,1
board,1
natural,1
empirefacts,1
ofancient,1
intellectual,1
thinks,1
advanced,1
many,1
chacoan,1
nature,1
definition,1
specialized,1
dislikes,1
came,1
ratio,1
longer,1
comparatively,1
consideration,1
treatment,1
available,1
could,1
scholars,1
did,1
declined,1
collapsing,1
public,1
excepjournal,1
confusion,1
attempting,1
returns,1
centers,1
years,1
tells,1
obviously,1
perfectly,1
generalizations,1
light,1
overwhelmingly,1
contemporary,1
insisting,1
examining,1
considerable,1
unsubstantiated,1
there,1
reinterpret,1
essentially,1
assessment,1
term,1
never,1
hand,1
fourth,1
concepts,1
knows,1
remarkable,1
scholarly,1
focused,1
discipline,1
somewhat,1
where,1
declines,1
reviews,1
developing,1
them,1
system,1
biases,1
issue,1
lines,1
grounds,1
takes,1
material,1
record,1
xiv,1
inflationary,1
perhaps,1
isbn,1
belief,1
unnecessary,1
books,1
find,1
premise,1
repugnant,1
unaware,1
yoffee,1
going,1
really,1
discuss,1
institute,1
because,1
require,1
having,1
clearly,1
almost,1
directly,1
shrill,1
original,1
observations,1
brings,1
analyzed,1
data,1
sabloff,1
vitiated,1
fieldarchaeologylvol,1
background,1
solely,1
toys,1
nj,1
explanation,1
level,1
feat,1
reader,1
whatever,1
point,1
reflecting,1
far,1
calls,1
clearer,1
judge,1
illumination,1
role,1
along,1
lays,1
innocent,1
predecessors,1
subject,1
unhappy,1
mesoamerican,1
entirely,1
significant,1
expression,1
combining,1
renfrew,1
engage,1
hypotheses,1
citation,1
largely,1
discussions,1
presupposes,1
virtually,1
divided,1
people,1
pretend,1
net,1
segregation,1
questions,1
actual,1
call,1
proceeds,1
susceptible,1
illustrative,1
search,1
relocation,1
solipsistic,1
theoretical,1
shils,1
instructive,1
argument,1
such,1
interpreted,1
clear,1
disarray,1
three,1
redistribution,1
approach,1
stress,1
errors,1
comprehensive,1
professes,1
accept,1
gw,1
logic,1
interpret,1
moment,1
general,1
decided,1
keep,1
successful,1
characterized,1
jeremy,1
presented,1
impelled,1
questionable,1
states,1
writer,1
antiquity,1
generation,1
lie,1
interprets,1
kind,1
imposition,1
turn,1
reaches,1
provides,1
event,1
around,1
curiously,1
small,1
written,1
potential,1
highly,1
elaborate,1
breaking,1
difficulty,1
research,1
interpretations,1
suddenly,1
excavations,1
scholarship,1
exactly,1
third,1
accordingly,1
can,1
patronizing,1
part,1
debate,1
helpful,1
semantic,1
learn,1
norman,1
major,1
views,1
up,1
exclusively,1
probably,1
even,1
entire,1
little,1
dependent,1
stimulating,1
southwest,1
look,1
looked,1
reconciling,1
world,1
need,1
avoid,1
enormous,1
basically,1
ago,1
controversial,1
finds,1
sociopolitical,1
humanistic,1
rates,1
intuition,1
occur,1
arizona,1
casts,1
decision,1
china,1
