WORDCOUNTS,WEIGHT
the,448
of,311
and,173
in,121
a,111
to,75
at,56
chan,55
by,48
as,44
with,43
were,38
for,36
rural,35
on,35
was,34
is,32
from,32
that,32
site,31
cerro,31
road,31
la,31
are,29
rooms,26
which,26
virgen,26
this,24
have,23
an,23
been,22
village,22
settlement,22
chimu,20
or,19
figure,18
found,18
storage,18
their,17
these,17
m,16
other,16
sustaining,16
room,16
be,16
valley,16
systems,15
such,14
excavations,14
no,13
e,13
note,13
moche,13
area,13
not,12
located,12
it,12
one,12
w,12
only,12
r,12
used,12
its,12
field,12
also,11
areas,11
i,11
some,11
floor,10
excavation,10
but,10
prehistoric,10
michael,10
sites,10
urban,10
use,10
vessels,10
harvard,10
canal,10
into,9
t,9
over,9
there,9
midden,9
part,9
fields,9
remains,9
c,9
subsistence,8
large,8
opcit,8
j,8
agricultural,8
cotton,8
excavated,8
research,8
probably,8
types,7
pampa,7
ancient,7
university,7
two,7
had,7
location,7
state,7
may,7
economy,7
population,7
can,7
while,7
rio,7
seco,7
during,7
structures,7
would,7
evidence,7
small,7
km,7
photograph,6
indicated,6
represented,6
analysis,6
all,6
studies,6
undertaken,6
main,6
plan,6
centers,6
william,6
has,6
well,6
data,6
intermediate,6
either,6
activities,6
alley,5
testing,5
they,5
intensive,5
same,5
variety,5
extensive,5
more,5
s,5
kent,5
water,5
cm,5
intervalley,5
time,5
personal,5
floors,5
robert,5
where,5
keatinge,5
selected,5
side,5
nearby,5
map,5
richard,5
moseley,5
through,5
city,5
resources,5
copper,5
pits,5
siar,5
described,5
refuse,5
g,5
period,5
features,5
administrative,5
characterized,5
coast,5
entire,5
journal,5
than,5
north,5
up,5
cemetery,5
built,5
along,4
looted,4
various,4
architecture,4
if,4
within,4
functional,4
seen,4
presence,4
center,4
study,4
itself,4
parts,4
middens,4
contained,4
associated,4
before,4
deep,4
marine,4
peru,4
constriction,4
wool,4
important,4
control,4
raw,4
similar,4
together,4
cities,4
occupation,4
scale,4
material,4
wide,4
number,4
encountered,4
vol,4
contain,4
suggests,4
farming,4
plastered,4
rene,4
showing,4
immediate,4
since,4
numerous,4
stones,4
base,4
land,4
like,4
peruvian,4
around,4
late,4
architectural,4
served,4
point,4
villages,4
focus,4
stone,4
massive,4
walls,4
moro,3
o,3
south,3
oriented,3
sterile,3
usually,3
across,3
program,3
andean,3
brief,3
order,3
coastal,3
northeast,3
highway,3
lined,3
platforms,3
indicate,3
terms,3
kinds,3
often,3
responsible,3
scattered,3
communities,3
organization,3
just,3
determine,3
conjunction,3
must,3
chosen,3
lower,3
recovered,3
additional,3
textile,3
functioned,3
exploitation,3
production,3
set,3
meters,3
cut,3
fig,3
addition,3
residence,3
paper,3
different,3
based,3
delineation,3
least,3
could,3
broken,3
called,3
compounds,3
carol,3
larger,3
ocean,3
john,3
mcc,3
contemporary,3
pit,3
considerable,3
pattern,3
weights,3
representative,3
patterns,3
outside,3
layout,3
finished,3
agglutinated,3
cultural,3
delineated,3
pozorski,3
hinterland,3
system,3
rim,3
courtesy,3
low,3
situated,3
work,3
dog,3
made,3
domestic,3
llama,3
region,3
textiles,3
communication,3
above,3
canals,3
revealed,3
though,3
cobbles,3
sand,3
results,3
approximately,3
net,3
runs,3
project,3
implements,3
clearing,3
years,3
three,3
archaeological,3
urbanism,3
watered,3
loom,3
level,3
holes,3
piece,3
earlier,3
after,3
several,3
few,3
gravel,3
between,3
civic,3
deposition,3
including,3
among,3
gourd,3
headdress,3
final,2
chronological,2
consists,2
eleld,2
indication,2
operation,2
teotehuacan,2
lo,2
high,2
likely,2
theresa,2
cumbre,2
operations,2
way,2
inhabitants,2
science,2
l,2
december,2
dry,2
comparative,2
pieces,2
sort,2
organizing,2
wa,2
defined,2
empire,2
rather,2
burial,2
dirt,2
appears,2
tools,2
beneath,2
elaborately,2
importance,2
group,2
method,2
complex,2
fiber,2
sandy,2
structural,2
shed,2
policy,2
multifaceted,2
width,2
about,2
once,2
string,2
ways,2
h,2
wash,2
thought,2
modern,2
park,2
possibly,2
established,2
history,2
b,2
share,2
impurities,2
total,2
descends,2
any,2
light,2
n,2
bruce,2
covered,2
source,2
profile,2
four,2
nawpa,2
shelia,2
being,2
extension,2
anthropology,2
social,2
every,2
topographic,2
text,2
metallic,2
peabody,2
here,2
jeffrey,2
wearing,2
controlled,2
facilities,2
management,2
villagers,2
mace,2
methodology,2
primarily,2
each,2
irrigation,2
towards,2
taking,2
geoffrey,2
llamas,2
sizes,2
height,2
future,2
half,2
expanses,2
mollusks,2
p,2
pacha,2
shellelsh,2
dennis,2
accomplished,2
particularly,2
new,2
chisels,2
mesoamerican,2
survey,2
foundations,2
almost,2
spinning,2
bone,2
urbanization,2
do,2
beginning,2
henry,2
political,2
somewhat,2
because,2
elevation,2
setting,2
inside,2
legend,2
sq,2
hectares,2
less,2
boats,2
particular,2
grossman,2
weaving,2
near,2
artifactual,2
bulldozer,2
tikal,2
plain,2
preparation,2
heather,2
tightly,2
heavily,2
inca,2
wood,2
maya,2
backstrap,2
degree,2
directly,2
huge,2
quantities,2
basis,2
chicama,2
marked,2
artifacts,2
aspects,2
hydraulic,2
examples,2
both,2
presented,2
teotihuacan,2
neatly,2
desert,2
west,2
formal,2
fired,2
x,2
individual,2
collecting,2
bottom,2
related,2
fairly,2
northwest,2
concern,2
administration,2
entry,2
largely,2
manufacturing,2
products,2
aspect,2
thus,2
examination,2
lifeways,2
dating,2
systematic,2
residents,2
points,2
lands,2
contemporaneous,2
national,2
de,2
author,2
huanchaco,2
relations,2
interrelationships,2
application,2
tied,2
fishing,2
so,2
suggest,2
plants,2
colleagues,2
filled,2
proximity,2
checkpoint,2
clay,2
leaves,2
leads,2
problems,2
vessel,2
ear,2
bridge,2
k,2
compulsory,2
columbia,2
thread,2
garbed,2
diet,2
algarroba,2
brown,2
enterprise,2
needles,2
networks,2
early,2
annual,2
even,2
caballitos,2
abandoned,2
world,2
burials,2
recent,2
joel,2
provided,2
meeting,2
preliminary,2
close,2
digging,2
major,2
society,2
plant,2
means,1
countryside,1
manner,1
dealing,1
seems,1
spools,1
will,1
f,1
depth,1
watering,1
pertaining,1
simultaneous,1
ja,1
rchaeological,1
ministerio,1
currently,1
relationship,1
what,1
noteworthy,1
pure,1
alleys,1
spectrography,1
york,1
town,1
dual,1
metal,1
today,1
irregular,1
air,1
without,1
circular,1
independent,1
george,1
his,1
opening,1
polished,1
bureaucrats,1
anthony,1
crucial,1
populations,1
growth,1
drilled,1
screened,1
encompassed,1
trapping,1
wendell,1
backdirt,1
focal,1
naturally,1
floods,1
portion,1
formality,1
gathering,1
encouraged,1
hill,1
represent,1
already,1
rchaeology,1
iln,1
square,1
institution,1
interiors,1
ant,1
levels,1
rigidly,1
burr,1
evidenced,1
process,1
referred,1
alleyways,1
hammond,1
middles,1
foci,1
rectilinear,1
rectangular,1
still,1
dealt,1
minimum,1
contour,1
introduction,1
packed,1
dogs,1
indicates,1
accumulations,1
pig,1
los,1
sarah,1
trash,1
grew,1
definable,1
culvert,1
elshhook,1
settlements,1
southern,1
covering,1
pproaches,1
littoral,1
ceramics,1
hearths,1
partially,1
assuming,1
deposit,1
class,1
rubble,1
scales,1
vicinity,1
supremas,1
properly,1
vast,1
rise,1
fall,1
guide,1
arbor,1
ma,1
result,1
periodic,1
activity,1
kings,1
flat,1
animal,1
ncient,1
yet,1
mexican,1
support,1
when,1
making,1
permission,1
completely,1
raising,1
examine,1
gg,1
rt,1
easily,1
unusual,1
mit,1
read,1
filshnet,1
obtainedfrom,1
block,1
many,1
facilitated,1
precolumbian,1
southwest,1
spun,1
supports,1
civilizations,1
greater,1
restricted,1
resourees,1
upwards,1
preclude,1
ranges,1
identifiable,1
likelihood,1
place,1
length,1
seem,1
nacional,1
western,1
circumscribed,1
undertook,1
assistant,1
containers,1
spectrum,1
educacion,1
cf,1
emission,1
included,1
lowland,1
heavy,1
connotation,1
contiguous,1
preindustrial,1
specify,1
assistance,1
complete,1
culture,1
gibson,1
guatemala,1
except,1
numbers,1
lowlands,1
taken,1
veights,1
house,1
conlemporary,1
mentioned,1
version,1
bulldozing,1
cultivable,1
cliff,1
prevent,1
largest,1
materials,1
industrial,1
specificity,1
photomicrography,1
existence,1
most,1
arsenical,1
test,1
wastelands,1
unusually,1
limit,1
begins,1
geographic,1
fashioned,1
concerned,1
noted,1
determinants,1
regional,1
fishings,1
archaeologists,1
kms,1
enterprises,1
shows,1
precise,1
concerning,1
concentrate,1
unsuitable,1
sources,1
complements,1
comprising,1
lack,1
long,1
provide,1
burned,1
mcg,1
name,1
fabric,1
human,1
alternative,1
objects,1
restriction,1
subjected,1
heritage,1
ciudadela,1
sections,1
hoyt,1
erosion,1
flash,1
natgeog,1
cszv,1
stratieled,1
drafting,1
estimated,1
concentrated,1
concentration,1
kilometers,1
natural,1
appear,1
corridors,1
fruitfully,1
straightened,1
identified,1
worked,1
charcoal,1
adobe,1
readily,1
generously,1
nature,1
headquarters,1
intravalley,1
centres,1
cultura,1
crops,1
drawn,1
my,1
storerooms,1
worth,1
fact,1
expanding,1
conelgurations,1
ceramic,1
separators,1
consideration,1
societies,1
arrival,1
capital,1
did,1
best,1
centralized,1
advantage,1
suggesting,1
downing,1
undertake,1
nt,1
instituto,1
wall,1
planned,1
typical,1
facility,1
thank,1
access,1
throughout,1
mapping,1
report,1
owned,1
unprepared,1
rich,1
foundation,1
effort,1
seven,1
out,1
range,1
wellorganized,1
alexandra,1
presumably,1
banks,1
clearly,1
reed,1
nucleated,1
thanks,1
maps,1
themselves,1
powell,1
far,1
end,1
lambergkarlovsky,1
figurines,1
pavement,1
cultivation,1
primary,1
kingdom,1
examining,1
eleldwork,1
connotes,1
inland,1
discussed,1
damage,1
arable,1
superstructure,1
protein,1
simple,1
conrad,1
type,1
constructions,1
metalworking,1
channel,1
fishhooks,1
never,1
consist,1
mind,1
conclusions,1
took,1
meter,1
further,1
phd,1
adobes,1
leaving,1
understood,1
investigations,1
fishermen,1
clusters,1
condiments,1
rests,1
diyala,1
heads,1
michigan,1
behind,1
impact,1
elucidating,1
lead,1
whitney,1
combined,1
spectrographic,1
papers,1
designs,1
stylized,1
hinterlands,1
viewed,1
residential,1
recently,1
sticks,1
form,1
yarn,1
strategies,1
extend,1
case,1
privately,1
analyses,1
necessary,1
expedition,1
takes,1
series,1
covers,1
dark,1
common,1
plains,1
nonmetropolitan,1
jfa,1
dayi,1
flexed,1
perhaps,1
overall,1
native,1
ruin,1
theory,1
sunk,1
layer,1
attacked,1
sunken,1
ignoring,1
problem,1
stretched,1
consisting,1
illustrated,1
repetitive,1
always,1
bones,1
possibility,1
destroyed,1
mass,1
subststence,1
cleared,1
agriculture,1
briefly,1
silver,1
institute,1
ecology,1
mixed,1
discovered,1
gramly,1
northwestern,1
scant,1
weight,1
construction,1
resident,1
property,1
local,1
keeping,1
epiphytic,1
palacesof,1
occupying,1
prior,1
bar,1
analyzed,1
dimbleby,1
exclusively,1
size,1
sabloff,1
overlying,1
reaching,1
who,1
planning,1
rocks,1
chang,1
contexts,1
solely,1
socioeconomic,1
functions,1
easier,1
ascend,1
craig,1
completed,1
upon,1
insights,1
preserved,1
ulana,1
professor,1
entrance,1
resoluciones,1
irrigated,1
brought,1
rosell,1
reported,1
given,1
characterization,1
deposits,1
dr,1
cleaning,1
bank,1
guinea,1
example,1
composition,1
apparent,1
tombs,1
clustered,1
apply,1
confirms,1
positions,1
top,1
plans,1
ritual,1
ten,1
bennett,1
barren,1
terrace,1
controlling,1
lavirgen,1
significant,1
whole,1
measure,1
food,1
cultivated,1
emphasize,1
virtually,1
specialized,1
facets,1
constitute,1
contains,1
funded,1
procurement,1
maintained,1
isolated,1
rims,1
cover,1
labor,1
falling,1
mentioning,1
trend,1
specifically,1
perishable,1
central,1
fans,1
riehard,1
argicultural,1
resource,1
saved,1
ty,1
retaining,1
supposition,1
relates,1
prepared,1
firepits,1
redistributive,1
apparently,1
actam,1
hind,1
chemical,1
actual,1
legs,1
separator,1
urbanrural,1
minor,1
ian,1
figurine,1
uruk,1
mortared,1
deelnite,1
single,1
shown,1
balls,1
reverse,1
platform,1
component,1
locations,1
background,1
weave,1
authorized,1
known,1
received,1
attest,1
wooden,1
disposal,1
rediscovery,1
initiated,1
margaret,1
advent,1
initial,1
exit,1
boulders,1
graduate,1
directed,1
welcomed,1
leone,1
publication,1
finances,1
d,1
crab,1
depicting,1
maintenance,1
paul,1
neck,1
worn,1
permit,1
enclosures,1
postdates,1
sp,1
indications,1
running,1
product,1
computer,1
christopher,1
grown,1
include,1
fragments,1
bird,1
afford,1
caused,1
proceeding,1
hard,1
american,1
netting,1
preservation,1
manufacture,1
buildings,1
smaller,1
chimb,1
straight,1
topic,1
tested,1
mexico,1
pj,1
conquered,1
relating,1
variously,1
alto,1
forced,1
archaeology,1
rocky,1
practiced,1
mesopotamian,1
reaches,1
pelvis,1
metallographic,1
provides,1
extremely,1
thomas,1
maintaining,1
old,1
avocado,1
quantitative,1
sides,1
summary,1
perspective,1
cowgill,1
spanish,1
strongly,1
crosses,1
averaging,1
especially,1
elshing,1
sewing,1
highly,1
mining,1
executed,1
statistically,1
mark,1
indicating,1
middle,1
interregional,1
design,1
narrow,1
junius,1
vacuum,1
opeit,1
tillandsia,1
alluvial,1
left,1
nucleation,1
third,1
vary,1
depictions,1
fish,1
seeds,1
tended,1
publications,1
zonal,1
derived,1
texcoco,1
adams,1
james,1
v,1
miehael,1
hearting,1
maximum,1
evidently,1
suspend,1
implication,1
little,1
lechtman,1
purpose,1
griffis,1
sectioned,1
aji,1
rchitectural,1
much,1
paid,1
occupied,1
remembered,1
zones,1
cross,1
should,1
stick,1
grateful,1
ca,1
valleys,1
attention,1
elucidate,1
sj,1
am,1
hans,1
strategy,1
rest,1
multifunctional,1
japhet,1
carefully,1
occur,1
arizona,1
motif,1
uniformly,1
sample,1
subsisted,1
pestles,1
highwalled,1
