WORDCOUNTS,WEIGHT
the,192
of,167
and,127
in,104
a,72
to,62
that,49
is,44
for,22
paleopathology,22
disease,21
an,21
as,19
from,19
analysis,16
by,15
are,15
on,15
it,13
j,13
human,11
tuberculosis,11
has,11
c,11
be,11
diagnosis,10
infectious,10
ortner,10
skeletal,10
populations,9
their,9
contributions,9
not,9
population,9
were,9
this,9
have,9
study,8
with,8
or,8
many,8
there,8
health,8
research,8
george,7
they,7
diseases,7
used,7
use,7
evolution,7
such,7
would,7
science,6
was,6
book,6
individuals,6
approach,6
new,6
we,6
at,5
he,5
m,5
methodology,5
changes,5
studies,5
issue,5
university,5
long,5
leprosy,5
contemporary,5
porotic,5
existence,5
discussion,5
these,5
armelagos,5
anthropology,5
between,5
response,5
evidence,5
hyperostosis,5
will,4
relationship,4
may,4
comparative,4
h,4
one,4
methods,4
about,4
technology,4
history,4
but,4
w,4
alternative,4
smithsonian,4
each,4
shows,4
lack,4
been,4
i,4
pattern,4
what,4
reviews,4
until,4
can,4
theory,4
her,4
well,4
future,4
pathology,4
medical,4
r,4
its,4
hypotheses,4
during,4
aufderheide,4
which,4
development,4
donald,4
although,4
ancient,4
bone,4
period,4
forced,4
remains,4
also,4
using,4
should,4
hypothesis,4
interesting,3
testing,3
determine,3
e,3
mortality,3
thomas,3
tissue,3
biology,3
most,3
show,3
toronto,3
provide,3
more,3
sciences,3
press,3
alan,3
all,3
cancer,3
prehistoric,3
s,3
could,3
occurrence,3
current,3
john,3
arthur,3
do,3
inductive,3
infection,3
them,3
rose,3
method,3
possibility,3
suggests,3
examples,3
increase,3
journal,3
issues,3
immunological,3
exposed,3
our,3
question,3
theoretical,3
g,3
pathological,3
advances,3
provides,3
indicator,3
views,3
given,3
institution,3
notes,3
showed,3
osteoporosis,3
van,2
difficult,2
biocultural,2
prevalence,2
thoughtful,2
without,2
she,2
rather,2
developed,2
leatherman,2
support,2
does,2
environmental,2
jane,2
concerns,2
who,2
determining,2
aldine,2
american,2
syphilis,2
three,2
surprising,2
kent,2
edited,2
interpretation,2
means,2
epidemiological,2
prehistory,2
increased,2
had,2
presents,2
present,2
then,2
gerven,2
paleopathologists,2
mary,2
al,2
changing,2
must,2
age,2
two,2
department,2
being,2
only,2
based,2
t,2
physical,2
requires,2
arthritis,2
other,2
civilization,2
clinicians,2
lesions,2
anthropological,2
control,2
emerged,2
zoonotic,2
cemetery,2
experiments,2
uses,2
sampling,2
secondary,2
debra,2
argue,2
simple,2
origin,2
children,2
out,2
any,2
end,2
diet,2
historical,2
interest,2
man,2
evaluate,2
ages,2
density,2
state,2
phd,2
protocols,2
evolutionary,2
developing,2
rheumatoid,2
reached,2
see,2
answer,2
applied,2
evaluation,2
excellent,2
native,2
problem,2
jacobs,2
primary,2
wood,2
discuss,2
impact,2
require,2
failure,2
studied,2
microscopy,2
argues,2
chapter,2
some,2
goodman,2
understanding,2
data,2
papers,2
nubian,2
work,2
putschar,2
middle,2
douglas,2
christine,2
establishing,2
bibliography,2
weaknesses,2
individual,2
discusses,2
knowledge,2
f,2
adaptive,2
variability,2
techniques,2
chronic,2
et,2
thalassemia,2
size,2
james,2
questions,2
conditions,2
iron,2
differential,2
than,2
soft,2
difficulties,2
dickson,2
tumors,2
clear,2
since,2
due,2
chemistry,2
stress,2
unpublished,2
relatively,2
held,2
symposium,2
medieval,2
buikstra,2
field,2
useful,2
acromial,2
effects,2
after,2
perspective,2
academic,2
often,2
six,2
manchester,2
topics,2
effective,2
methodological,2
d,2
early,2
when,2
even,2
interaction,2
traditional,2
forefront,2
technological,2
influence,2
valuable,2
bacillus,2
contributes,1
model,1
variation,1
transforming,1
resolve,1
periods,1
oxford,1
permits,1
archaeological,1
critical,1
indication,1
poor,1
suggestion,1
weiss,1
horizons,1
christian,1
san,1
produces,1
second,1
modification,1
o,1
evaluates,1
diagnostic,1
chains,1
essential,1
raise,1
no,1
span,1
identification,1
summarize,1
way,1
scan,1
his,1
if,1
scientific,1
sometimes,1
indicated,1
answered,1
interested,1
libben,1
cedar,1
amherst,1
groups,1
short,1
denmark,1
mollerchristensen,1
result,1
site,1
concern,1
reevaluate,1
limited,1
histological,1
curtis,1
cells,1
paleopathologist,1
inferences,1
harris,1
murine,1
college,1
frustrated,1
presentation,1
intriguing,1
responded,1
hemoglobin,1
oscar,1
prevailing,1
get,1
amputation,1
host,1
stloukal,1
concluding,1
mortui,1
collections,1
july,1
realizes,1
diagnose,1
calcification,1
plagues,1
introduction,1
says,1
make,1
evans,1
effectively,1
proportion,1
jerome,1
pathogenesis,1
progressive,1
contribution,1
whether,1
relevant,1
initially,1
b,1
se,1
pia,1
group,1
lucas,1
direct,1
led,1
complex,1
enrique,1
direction,1
pages,1
investigators,1
positive,1
reconsider,1
comprise,1
brothwell,1
hierarchical,1
biological,1
paleoparasitological,1
white,1
burials,1
extant,1
artwork,1
researcher,1
united,1
nonexperimental,1
fenner,1
assuring,1
dead,1
motto,1
criticism,1
yet,1
taphonomical,1
museum,1
nonhuman,1
osteological,1
approaches,1
understand,1
canada,1
susceptibility,1
combines,1
mounds,1
environment,1
case,1
country,1
susan,1
sickle,1
affect,1
documenting,1
treponematosis,1
stable,1
females,1
carcinogenic,1
consider,1
equally,1
stephen,1
us,1
position,1
sign,1
fertility,1
enamel,1
noma,1
compiled,1
into,1
severity,1
predicting,1
sol,1
share,1
emergence,1
paper,1
clearly,1
perspectives,1
ofanthropology,1
culture,1
following,1
arikara,1
lessons,1
placed,1
gruyer,1
experimental,1
ed,1
ethnological,1
source,1
complexity,1
reviewed,1
observations,1
pathogens,1
conjunction,1
septum,1
suspend,1
lallo,1
orientation,1
japan,1
milan,1
demonstrate,1
reliance,1
extensive,1
experienced,1
biologists,1
lower,1
williams,1
first,1
vyhnanek,1
continues,1
extension,1
powerful,1
paleopathological,1
inhibited,1
ambiguities,1
beyond,1
peru,1
published,1
possibilities,1
pleural,1
declining,1
inference,1
temporal,1
capability,1
confalonieri,1
claims,1
contract,1
tantalizing,1
simulation,1
mound,1
besides,1
etiology,1
bright,1
destructive,1
index,1
specimens,1
endemic,1
syntheses,1
macerated,1
cover,1
give,1
colors,1
taken,1
monitor,1
predictor,1
organization,1
kenneth,1
know,1
providing,1
roy,1
defining,1
others,1
sloan,1
possesses,1
globulin,1
polgar,1
takao,1
natural,1
view,1
over,1
progression,1
ask,1
fundamental,1
disappeared,1
artistic,1
puzzle,1
addition,1
towards,1
advanced,1
england,1
significantly,1
narrow,1
asia,1
standards,1
did,1
distribution,1
different,1
fact,1
penetrated,1
subject,1
wendover,1
extraction,1
nasal,1
ga,1
ramses,1
plateau,1
europe,1
believe,1
allow,1
scholars,1
transmission,1
declined,1
hauswirth,1
equivocal,1
restrictive,1
supplemented,1
medicine,1
carrying,1
together,1
found,1
shoulder,1
pressure,1
great,1
agree,1
documents,1
marvin,1
exclusion,1
stressors,1
p,1
rodents,1
analyses,1
dennis,1
sudan,1
vectors,1
become,1
lewin,1
diverse,1
international,1
paleoepidemiological,1
antonio,1
process,1
rely,1
powell,1
very,1
census,1
pulmonary,1
styles,1
yearbook,1
considerable,1
medicines,1
foundations,1
reinterpret,1
damage,1
integrate,1
vitality,1
called,1
serious,1
anne,1
assessment,1
options,1
extracting,1
puzzling,1
late,1
pushing,1
patterns,1
hydatid,1
treatment,1
infected,1
animal,1
v,1
raised,1
heartening,1
occupation,1
robert,1
cell,1
lubos,1
larger,1
according,1
manner,1
resistant,1
reading,1
discussing,1
jofs,1
lifetimes,1
accurate,1
exposing,1
restricts,1
proceedings,1
daniel,1
treat,1
context,1
reactions,1
establish,1
spatial,1
leishmaniasis,1
offield,1
recently,1
adults,1
produced,1
renaissance,1
noninfective,1
cause,1
promise,1
coexisted,1
cloth,1
constitutional,1
necessary,1
takes,1
material,1
noreen,1
dna,1
sophisticated,1
tyson,1
forcefully,1
statement,1
procedures,1
isbn,1
explain,1
required,1
eds,1
virginia,1
frequency,1
bow,1
key,1
died,1
earlier,1
while,1
bones,1
gladykowskarzecczycka,1
u,1
expressions,1
baud,1
america,1
demography,1
criteria,1
mummies,1
aspects,1
appetizers,1
representations,1
bison,1
produce,1
deal,1
another,1
information,1
dynamics,1
almost,1
too,1
application,1
don,1
followed,1
status,1
felt,1
brings,1
marc,1
possible,1
distinguish,1
apt,1
compelling,1
line,1
bacteria,1
those,1
art,1
belies,1
beginning,1
incidence,1
drive,1
substantive,1
effectiveness,1
mensforth,1
treated,1
ills,1
researchers,1
system,1
paintings,1
range,1
implicated,1
vital,1
bear,1
represented,1
claim,1
code,1
community,1
gersten,1
vertebral,1
little,1
ohio,1
uniform,1
enhanced,1
competing,1
example,1
british,1
apparent,1
calls,1
genetic,1
italy,1
related,1
commonalities,1
role,1
test,1
newest,1
platt,1
woodland,1
step,1
decrease,1
significant,1
adapted,1
cranial,1
describe,1
radiographs,1
audience,1
michael,1
antibiotic,1
docent,1
helen,1
assume,1
diversity,1
lymph,1
bennike,1
congress,1
relevance,1
tuberculoid,1
goals,1
particle,1
extinct,1
goal,1
recovery,1
jan,1
like,1
multiply,1
paradox,1
come,1
named,1
personal,1
justification,1
grauer,1
electron,1
rigor,1
origins,1
relationships,1
cortical,1
anemia,1
christiane,1
de,1
youth,1
vii,1
strengths,1
argument,1
grove,1
interpreted,1
reveals,1
quality,1
ethnicity,1
runnels,1
objective,1
synopsis,1
analyzing,1
hartnady,1
importance,1
authors,1
tissues,1
opens,1
iconographic,1
cockburn,1
differentially,1
descriptor,1
points,1
leisen,1
peter,1
good,1
change,1
social,1
documentation,1
contributors,1
legacy,1
times,1
volume,1
painting,1
sense,1
correct,1
currentanthropology,1
hypoferremia,1
describing,1
define,1
so,1
suggest,1
states,1
assured,1
century,1
surgical,1
immunologically,1
distinction,1
brain,1
protein,1
colleagues,1
order,1
leprae,1
kramer,1
limitations,1
initiate,1
emory,1
standard,1
inferring,1
primer,1
boyden,1
martin,1
computer,1
mummified,1
developments,1
items,1
ct,1
latter,1
definitive,1
life,1
ofdeath,1
rejecting,1
summary,1
david,1
sufficient,1
specific,1
problems,1
profound,1
multiple,1
potential,1
viventies,1
biomedical,1
body,1
k,1
owsley,1
tenny,1
young,1
theamericas,1
served,1
periosteal,1
gene,1
egypt,1
ally,1
eugen,1
examine,1
anderson,1
highlighting,1
philip,1
publications,1
find,1
keith,1
fully,1
texts,1
ascenzi,1
substantial,1
exclusively,1
st,1
thickness,1
os,1
develop,1
dental,1
articles,1
spite,1
much,1
details,1
need,1
strong,1
existed,1
among,1
palate,1
perplexing,1
william,1
joint,1
aids,1
descriptive,1
quarterly,1
general,1
adult,1
broader,1
stirland,1
hammurabi,1
diana,1
allison,1
termed,1
law,1
delayed,1
brevity,1
gleaned,1
coworkers,1
judyta,1
growth,1
serum,1
avoid,1
champion,1
deficiency,1
verano,1
infants,1
