WORDCOUNTS,WEIGHT
the,122
of,106
and,90
in,41
by,32
a,31
university,25
to,25
from,17
archaeological,15
at,13
pp,13
new,13
is,12
isbn,12
this,12
boston,12
on,12
book,12
archaeology,11
as,10
for,10
an,10
m,9
or,8
available,8
richard,8
press,8
ancient,7
john,7
field,7
c,7
james,7
its,6
has,6
hardcover,5
their,5
one,5
edited,5
was,5
first,5
published,5
maya,5
information,5
r,5
social,5
gramly,5
journal,5
site,4
his,4
how,4
edward,4
village,4
illustrations,4
stone,4
with,4
history,4
mary,4
about,4
illustrated,4
paul,4
evidence,4
j,4
paper,4
prehistoric,4
survey,4
bones,4
subscription,4
editorial,4
issues,4
human,4
our,4
office,4
editor,4
professor,4
comprehensive,4
arkansas,4
d,4
period,4
bookstores,4
texas,4
early,4
society,4
now,3
york,3
neanderthal,3
during,3
curtis,3
classic,3
e,3
detailed,3
persimmon,3
study,3
not,3
h,3
fascinating,3
abrams,3
western,3
w,3
most,3
only,3
volume,3
that,3
more,3
index,3
postage,3
judean,3
anthropology,3
gorge,3
excavations,3
culture,3
late,3
state,3
illus,3
animal,3
robert,3
tools,3
making,3
be,3
paperback,3
eastern,3
well,3
middle,3
bibliography,3
desert,3
winter,3
call,3
olduvai,3
mellars,3
have,3
david,3
revised,3
order,3
remains,3
perspective,3
research,3
massachusetts,3
world,3
vertebrate,3
built,3
nicholas,2
he,2
shimada,2
provide,2
medieval,2
populations,2
college,2
bulletin,2
who,2
grande,2
izumi,2
yale,2
associate,2
b,2
southern,2
been,2
overview,2
clovis,2
ram,2
understand,2
studies,2
mounds,2
earliest,2
pampa,2
assistant,2
included,2
commonwealth,2
byzantine,2
edition,2
discoveries,2
but,2
facsimile,2
upper,2
these,2
monasteries,2
wharram,2
additional,2
lithic,2
archaeologists,2
australia,2
bronze,2
physical,2
caroline,2
here,2
other,2
neanderthals,2
address,2
natural,2
europe,2
all,2
are,2
s,2
interested,2
exploration,2
found,2
marvin,2
current,2
p,2
report,2
behavioral,2
whittaker,2
beds,2
jeter,2
maurice,2
do,2
funk,2
occupation,2
investigations,2
reviews,2
accepted,2
burial,2
publications,2
material,2
ford,2
manuscripts,2
time,2
number,2
america,2
simon,2
leakey,2
artifacts,2
art,2
work,2
background,2
abstracts,2
fine,2
patricia,2
through,2
timothy,2
arkansaw,2
related,2
beresford,2
techniques,2
geology,2
use,2
deserted,2
records,2
structures,2
story,2
which,2
g,2
tell,2
hurst,2
project,2
years,2
development,2
runnels,2
author,2
peter,2
rome,2
change,2
christopher,2
features,2
thomas,2
old,2
rackham,2
chamberlain,2
editors,2
become,2
structure,2
archaeologist,2
sciences,2
flintknapping,2
north,2
recent,2
gubbio,2
quarterly,2
ago,2
finds,2
richey,2
rates,2
massive,2
geographical,2
brown,2
knowledge,2
tillinghast,1
costa,1
barbara,1
countryside,1
erik,1
mochica,1
van,1
activation,1
will,1
rachel,1
lipscomb,1
rights,1
trustees,1
states,1
currently,1
quarry,1
americans,1
hofman,1
grenier,1
perspectives,1
mckee,1
complex,1
richest,1
costs,1
architecture,1
way,1
science,1
l,1
economic,1
energetics,1
linda,1
rio,1
sensing,1
short,1
wrote,1
civilization,1
synthesis,1
f,1
impressive,1
service,1
ibz,1
telephone,1
hierarchic,1
mastercard,1
does,1
monks,1
market,1
elliot,1
wa,1
environmental,1
ritual,1
harris,1
nearly,1
intriguing,1
sewn,1
red,1
oscar,1
adkins,1
christine,1
warship,1
environments,1
formative,1
reconstruction,1
over,1
eighteen,1
dutchess,1
expanded,1
manuscript,1
drawer,1
distributed,1
domination,1
mile,1
life,1
they,1
wilson,1
importance,1
copan,1
told,1
athlit,1
payson,1
covering,1
conducted,1
discover,1
hester,1
stoddart,1
volumes,1
contributions,1
greatest,1
why,1
es,1
creek,1
construction,1
analysis,1
biological,1
identify,1
white,1
designed,1
ulua,1
fall,1
guide,1
united,1
sheffield,1
animals,1
archaeometric,1
antiquities,1
simultaneous,1
library,1
english,1
managing,1
interpretation,1
museum,1
nyamweru,1
monuments,1
itself,1
typeset,1
bermann,1
drawings,1
bedore,1
amadeus,1
environment,1
we,1
modern,1
grounded,1
fluting,1
sociocultural,1
hotly,1
under,1
bogs,1
fifth,1
ranges,1
allow,1
populated,1
ne,1
orange,1
us,1
river,1
birx,1
excavation,1
castillo,1
into,1
presents,1
behavior,1
emergence,1
ofprehistoric,1
tells,1
greenberg,1
associated,1
before,1
celia,1
director,1
just,1
historian,1
following,1
n,1
nineteenth,1
dominate,1
francesco,1
bruce,1
result,1
witthoft,1
princeton,1
al,1
too,1
encampment,1
materials,1
must,1
age,1
arenal,1
reports,1
unusually,1
extensive,1
toronto,1
ever,1
increasingly,1
common,1
came,1
dept,1
her,1
sketch,1
present,1
lee,1
sources,1
please,1
catalog,1
testament,1
long,1
lead,1
labor,1
buffalo,1
temple,1
monasticism,1
peat,1
lyman,1
also,1
archeological,1
tuck,1
grinnell,1
offers,1
layton,1
wilkins,1
pleistocene,1
gained,1
recruited,1
jan,1
founding,1
comparison,1
photos,1
cover,1
important,1
historians,1
provenience,1
rupert,1
view,1
homo,1
whaling,1
nancy,1
disappeared,1
anthropological,1
lavishly,1
steadman,1
towards,1
many,1
honduras,1
results,1
tanzania,1
raw,1
had,1
nature,1
analytical,1
yizhar,1
steven,1
request,1
based,1
shows,1
subject,1
outside,1
geoffrey,1
ossuary,1
principles,1
board,1
copy,1
mcgill,1
gone,1
capital,1
explores,1
folsom,1
yorkshire,1
occupations,1
minnesota,1
medicine,1
public,1
derk,1
kingship,1
basin,1
printed,1
vail,1
strength,1
rugged,1
domestic,1
rl,1
rich,1
effort,1
centers,1
grave,1
together,1
out,1
classical,1
bolivian,1
reliability,1
link,1
brian,1
launched,1
rica,1
hunting,1
religion,1
debated,1
contemporary,1
historical,1
i,1
kres,1
elia,1
translating,1
there,1
rural,1
experts,1
puritan,1
living,1
advances,1
patterns,1
conclusions,1
date,1
handbook,1
arcaooy,1
latest,1
warships,1
v,1
neolithic,1
reserved,1
institution,1
political,1
posit,1
scholarly,1
manner,1
biographies,1
mcanany,1
intelligence,1
taphonomy,1
economy,1
michigan,1
continuing,1
steffy,1
casting,1
investigation,1
empire,1
them,1
whether,1
relevant,1
residential,1
jenny,1
symbols,1
michael,1
british,1
foremost,1
hoss,1
case,1
cloth,1
side,1
waugh,1
fossils,1
dreamtime,1
handled,1
forum,1
record,1
lovell,1
map,1
subsistence,1
theory,1
payne,1
metropolitan,1
books,1
find,1
wiseman,1
topical,1
wide,1
stexas,1
style,1
method,1
flaked,1
jack,1
photo,1
paleontologists,1
chapter,1
fully,1
directly,1
iv,1
advisory,1
wesolowsky,1
technical,1
gillian,1
require,1
addresses,1
failure,1
outstanding,1
sites,1
institutions,1
bookgives,1
christianity,1
trade,1
interpreting,1
almost,1
periodical,1
estevez,1
account,1
vol,1
brings,1
some,1
marc,1
remote,1
california,1
compelling,1
paleoenvironmental,1
tasmania,1
nordic,1
urban,1
journals,1
ar,1
literature,1
mirjam,1
updated,1
subscriptions,1
translated,1
kalavasostenta,1
indiana,1
gordon,1
examples,1
pr,1
both,1
avery,1
bodies,1
julian,1
edoardo,1
tool,1
move,1
upon,1
investigator,1
hundred,1
preserved,1
israel,1
west,1
taking,1
leads,1
attached,1
point,1
transformed,1
part,1
ohio,1
understanding,1
discusses,1
sent,1
january,1
household,1
jose,1
became,1
along,1
elite,1
louis,1
raphael,1
transition,1
era,1
northern,1
sheets,1
todd,1
repertory,1
absorbing,1
citation,1
station,1
roe,1
dw,1
place,1
additions,1
manufacturing,1
manuals,1
consolidants,1
climatic,1
people,1
twin,1
elisha,1
ricardo,1
regarding,1
roman,1
neutron,1
craniometry,1
million,1
binding,1
susquehanna,1
andrew,1
individuals,1
timbers,1
throughout,1
hirschfeld,1
full,1
rene,1
review,1
question,1
falconer,1
hampshire,1
dating,1
southwestern,1
students,1
ulrich,1
it,1
stanford,1
artifact,1
roger,1
destruction,1
explorations,1
color,1
cambridge,1
help,1
lionel,1
percy,1
since,1
ny,1
unprecedented,1
illinois,1
times,1
web,1
approach,1
josephine,1
researchers,1
irim,1
publication,1
write,1
catherine,1
assemblages,1
neighbors,1
responses,1
issn,1
contributors,1
bonafide,1
individual,1
ibr,1
architectural,1
land,1
bone,1
ellis,1
provides,1
direct,1
fellow,1
mauro,1
manufacture,1
saggs,1
dunning,1
century,1
basil,1
visa,1
france,1
box,1
submissions,1
clues,1
accurate,1
earlier,1
area,1
cultivated,1
preservation,1
adam,1
settlement,1
wendy,1
sanders,1
involved,1
ct,1
direction,1
wellington,1
relationship,1
anatomically,1
legacy,1
smounds,1
habitation,1
firmly,1
estimating,1
special,1
especially,1
written,1
amount,1
smithsonian,1
news,1
santa,1
ship,1
prices,1
paiaeontology,1
k,1
between,1
casson,1
methods,1
columbia,1
industry,1
rila,1
ancestors,1
flood,1
applying,1
kinship,1
shott,1
single,1
da,1
can,1
activities,1
masek,1
obsidian,1
maine,1
orchid,1
norman,1
when,1
seeking,1
schortman,1
jordan,1
even,1
greece,1
clearinghouse,1
those,1
abandoned,1
copyright,1
re,1
introduced,1
focus,1
paid,1
principal,1
correspondence,1
leah,1
production,1
than,1
enjoyable,1
famous,1
grabau,1
kentucky,1
posing,1
should,1
controversial,1
predation,1
groundbreaking,1
portrait,1
jerusalem,1
major,1
examines,1
decision,1
amnon,1
tennessee,1
thorough,1
dorica,1
