WORDCOUNTS,WEIGHT
scouting,6
the,4
boy,4
to,4
young,4
a,4
alumni,4
helping,4
national,4
that,4
ideals,3
is,3
has,2
in,2
good,2
achievement,2
will,2
for,2
encourage,2
do,2
hill,2
by,2
enroll,2
university,2
satisfaction,2
high,2
m,2
people,2
shape,2
scout,2
just,2
walnut,2
you,2
reward,2
badge,2
today,2
texas,2
write,2
turn,2
follow,2
be,2
scouts,2
your,2
used,2
always,2
family,2
lane,2
taught,2
lives,2
st,1
re,1
b,1
field,1
journal,1
of,1
knowing,1
now,1
w,1
avenue,1
ohio,1
massachusetts,1
archaeology,1
figllresw,1
boston,1
state,1
press,1
t,1
commonwealth,1
kent,1
leact,1
p,1
novv,1
