WORDCOUNTS,WEIGHT
of,51
the,50
a,22
and,22
in,16
by,11
from,10
archaeological,10
franchthi,9
university,8
paper,8
to,8
at,7
volume,7
this,7
on,7
fascicle,7
archaeology,6
most,6
w,5
that,5
cloth,5
excavations,5
is,4
t,4
for,4
industries,3
site,3
mendoza,3
one,3
les,3
ancient,3
before,3
complete,3
ever,3
published,3
was,3
ii,3
important,3
or,3
book,3
isbn,3
sites,3
facsimile,3
illustrated,3
press,3
celtic,3
writing,3
an,3
will,2
crete,2
civilization,2
edited,2
lithiques,2
palenque,2
foreword,2
e,2
study,2
cave,2
hallo,2
perles,2
with,2
h,2
drawings,2
taillees,2
susan,2
stephen,2
culture,2
rosemary,2
series,2
source,2
du,2
four,2
first,2
aztec,2
catalog,2
more,2
s,2
power,2
m,2
berkeley,2
j,2
joyce,2
europe,2
our,2
together,2
i,2
cerro,2
edition,2
william,2
cultural,2
unique,2
material,2
eastern,2
paralia,2
r,2
line,2
new,2
region,2
world,2
california,2
until,2
editor,2
de,2
g,2
catherine,2
codex,2
bookstores,2
general,2
field,2
period,2
evidence,2
places,2
research,2
texas,2
as,2
greece,2
than,2
major,2
argolid,1
countryside,1
miller,1
van,1
marvelous,1
f,1
not,1
mesolithic,1
gerald,1
reconstructed,1
york,1
perspectives,1
frangoise,1
argos,1
rather,1
epigraphic,1
economic,1
been,1
lynn,1
angeles,1
located,1
comparative,1
program,1
play,1
landscape,1
revolutionary,1
hansen,1
team,1
mainstream,1
sponsored,1
wilson,1
b,1
large,1
their,1
ongoing,1
inhabited,1
volumes,1
religious,1
denise,1
single,1
illustrations,1
essays,1
about,1
ma,1
rs,1
oxford,1
uniquely,1
supporting,1
sets,1
portrayed,1
interpretation,1
altitude,1
monuments,1
sudden,1
studies,1
combines,1
marks,1
evaluation,1
detail,1
anawalt,1
sections,1
tome,1
offshore,1
revolutionized,1
anthropological,1
conquest,1
presents,1
emergence,1
commonwealth,1
publishing,1
aerial,1
duhon,1
something,1
cadogan,1
po,1
ethnographic,1
shore,1
but,1
excellence,1
these,1
experience,1
demonstrate,1
lower,1
resource,1
symbolic,1
symbols,1
cuneiform,1
constructed,1
inhabitants,1
text,1
neolithic,1
projected,1
providing,1
social,1
rapid,1
cleere,1
many,1
ranges,1
complementary,1
uses,1
result,1
advance,1
spontaneous,1
worth,1
based,1
reach,1
roman,1
avenue,1
scholars,1
twenty,1
explores,1
great,1
color,1
p,1
report,1
inquiry,1
counting,1
time,1
achievement,1
stretching,1
able,1
format,1
international,1
atlantic,1
wilkinson,1
far,1
end,1
near,1
audience,1
past,1
initial,1
ethnohistorical,1
advances,1
julie,1
late,1
embedded,1
state,1
manipulating,1
sacred,1
mesolithique,1
marine,1
henry,1
present,1
rieff,1
remarkable,1
investigations,1
virtual,1
neolithique,1
within,1
berdan,1
maya,1
produced,1
selected,1
offering,1
jacobsen,1
emlen,1
judith,1
record,1
perhaps,1
theory,1
books,1
has,1
olivier,1
method,1
her,1
celts,1
suspended,1
periphery,1
outgrowth,1
aspects,1
such,1
directly,1
information,1
thousands,1
grouping,1
some,1
possible,1
audouze,1
understanding,1
revealed,1
vast,1
topographical,1
prehispanic,1
romans,1
work,1
translated,1
indiana,1
boston,1
discovery,1
pjto,1
los,1
level,1
nine,1
bath,1
formal,1
nemea,1
since,1
advancement,1
x,1
through,1
farrand,1
previously,1
eleanor,1
palaeoethnobotany,1
related,1
role,1
promises,1
data,1
identity,1
tjeerd,1
findings,1
significant,1
overview,1
reconstruct,1
arguments,1
broad,1
constitute,1
people,1
twin,1
shackleton,1
evolution,1
et,1
call,1
frances,1
lifeways,1
andel,1
il,1
sutton,1
representations,1
cameras,1
have,1
comprehensive,1
write,1
atlas,1
danube,1
tokens,1
offer,1
christopher,1
architectural,1
gardin,1
so,1
high,1
century,1
extensively,1
box,1
photograph,1
order,1
palaeolithic,1
unity,1
standard,1
remains,1
peebles,1
definitive,1
document,1
buichsenschutz,1
convincing,1
purdue,1
become,1
myers,1
c,1
villages,1
patricia,1
can,1
be,1
slvb,1
monographs,1
texts,1
progress,1
valley,1
journal,1
astonishing,1
gulf,1
much,1
using,1
ulua,1
coasts,1
though,1
molluscan,1
greek,1
darice,1
gleaned,1
society,1
continuously,1
hypothesis,1
