WORDCOUNTS,WEIGHT
the,192
of,138
and,111
in,65
a,61
to,37
archaeology,32
for,25
by,21
archaeological,21
this,19
is,18
on,18
as,16
an,16
at,15
with,13
from,13
book,12
all,12
university,11
or,10
v,10
its,9
g,9
site,8
hardcover,8
each,8
are,8
new,8
will,7
culture,7
first,7
that,7
press,7
metropolitan,7
has,7
maya,7
r,7
e,6
american,6
use,6
ancient,6
only,6
well,6
ny,6
material,6
which,6
cambridge,6
david,6
museum,6
be,6
early,6
i,5
their,5
analysis,5
h,5
orders,5
w,5
archaeologists,5
volume,5
also,5
j,5
it,5
written,5
herd,5
role,5
dynamics,5
copies,5
texts,5
journal,5
islamic,4
practical,4
study,4
guide,4
edited,4
series,4
llama,4
workbook,4
over,4
between,4
paper,4
call,4
john,4
excavations,4
present,4
robert,4
political,4
papers,4
art,4
record,4
theory,4
method,4
structure,4
work,4
data,4
subject,4
used,4
examination,4
includes,4
editor,4
publication,4
buildings,4
mediterranean,4
settlement,4
provides,4
clark,4
civilization,3
now,3
order,3
he,3
clothbound,3
his,3
economic,3
been,3
service,3
illustration,3
model,3
formative,3
send,3
special,3
sheffield,3
ma,3
illus,3
susan,3
east,3
prehistory,3
included,3
n,3
georgia,3
cuneiform,3
bronze,3
long,3
more,3
paul,3
m,3
important,3
drawing,3
conflict,3
advanced,3
prehistoric,3
s,3
principles,3
societies,3
time,3
out,3
state,3
historical,3
academic,3
william,3
photography,3
michael,3
levant,3
king,3
near,3
years,3
understanding,3
ethnohistory,3
both,3
west,3
illustrated,3
collection,3
human,3
review,3
dating,3
students,3
interested,3
have,3
comprehensive,3
peter,3
most,3
next,3
charles,3
research,3
c,3
d,3
x,3
quarterly,3
professional,3
grahame,3
nicholas,2
set,2
carried,2
states,2
o,2
me,2
frederick,2
mexico,2
africa,2
debating,2
l,2
how,2
edward,2
institutions,2
adkins,2
above,2
period,2
unprecedented,2
b,2
antiquity,2
olmec,2
life,2
pages,2
k,2
often,2
solecki,2
illustrations,2
white,2
about,2
second,2
not,2
yet,2
indispensable,2
reason,2
articles,2
studies,2
many,2
stephen,2
development,2
was,2
excavation,2
presents,2
history,2
tax,2
associated,2
before,2
dorrell,2
teaching,2
ethnographic,2
communities,2
department,2
extensive,2
postbellum,2
isaac,2
peru,2
inc,2
street,2
analyzing,2
index,2
jeffrey,2
address,2
available,2
nature,2
basic,2
joyce,2
different,2
evidence,2
exercises,2
p,2
deal,2
carolina,2
mesoamerican,2
arthur,2
iron,2
free,2
past,2
interpretations,2
edition,2
beginning,2
henry,2
cultural,2
accepted,2
them,2
andean,2
plant,2
ford,2
forthcoming,2
effort,2
key,2
manuals,2
sedentism,2
wood,2
isotope,2
information,2
some,2
basis,2
waytakuy,2
literature,2
empiricism,2
decipherment,2
middle,2
subscriptions,2
douglas,2
richard,2
presented,2
city,2
detailed,2
experience,2
photographs,2
assumptions,2
significant,2
discussions,2
individuals,2
our,2
devoted,2
donald,2
prices,2
interest,2
change,2
social,2
computer,2
known,2
harris,2
field,2
current,2
jr,2
pearsall,2
sufiay,2
played,2
anyone,2
glynn,2
spanish,2
educational,2
ceremony,2
march,2
region,2
tolstoy,2
nemea,2
editors,2
interdisciplinary,2
can,2
hunters,2
when,2
through,2
decoration,2
sales,2
north,2
pottery,2
metalwork,2
widely,2
major,2
scholarly,2
nishapur,2
society,2
solar,1
barbara,1
final,1
may,1
south,1
dealing,1
four,1
bernard,1
oxford,1
rights,1
increasing,1
cover,1
paleoethnobotany,1
dale,1
pictorial,1
bellwood,1
christian,1
innovative,1
san,1
relationship,1
technique,1
derek,1
arrangement,1
dual,1
ashmolean,1
graphics,1
iroquois,1
today,1
tablets,1
miller,1
no,1
contact,1
wisdom,1
anatolian,1
tenant,1
science,1
subjected,1
medieval,1
punas,1
kenneth,1
crucial,1
stylistic,1
ecological,1
linda,1
five,1
aimed,1
groups,1
hadleigh,1
across,1
indeed,1
signs,1
result,1
ia,1
techniques,1
reevaluate,1
mastercard,1
jouronal,1
warwick,1
does,1
various,1
landscape,1
christy,1
foreword,1
entity,1
classic,1
ritual,1
siqnal,1
levels,1
guides,1
college,1
widespread,1
funny,1
process,1
foraging,1
oscar,1
hammond,1
isue,1
april,1
awaken,1
burkhart,1
directions,1
community,1
phytoliths,1
consonant,1
strongly,1
evolutionary,1
yale,1
anta,1
christ,1
priority,1
surviving,1
several,1
millennia,1
interactions,1
ice,1
rigor,1
contribution,1
legal,1
they,1
similar,1
village,1
importance,1
domestication,1
center,1
deals,1
direct,1
complex,1
janusz,1
achievements,1
volumes,1
religious,1
produced,1
lacking,1
southeast,1
mobility,1
larry,1
lay,1
hominids,1
grade,1
united,1
presenting,1
contributing,1
seton,1
sapwuahfik,1
tooker,1
instructs,1
sets,1
managing,1
shell,1
types,1
recognized,1
zip,1
raymond,1
item,1
reference,1
lesley,1
di,1
references,1
examine,1
icr,1
tower,1
lloyd,1
jonathan,1
coverage,1
combining,1
arts,1
results,1
thought,1
usa,1
monumental,1
joseph,1
vastly,1
continuity,1
duke,1
technology,1
stable,1
station,1
evaluation,1
spurring,1
formally,1
chronology,1
robertj,1
reconstruct,1
auspicious,1
extra,1
official,1
objects,1
publications,1
position,1
established,1
school,1
description,1
reflects,1
into,1
environment,1
pose,1
reciprocal,1
louise,1
elisabeth,1
metr,1
extinction,1
qra,1
reynolds,1
greenberg,1
section,1
relates,1
pioneered,1
same,1
olsen,1
dena,1
considered,1
reexamination,1
thematic,1
po,1
elaborate,1
farm,1
broad,1
expedition,1
princeton,1
chief,1
facilitator,1
binford,1
indian,1
but,1
frequently,1
blakely,1
accumulating,1
without,1
these,1
advancing,1
covers,1
subscription,1
age,1
steve,1
farrand,1
show,1
contains,1
tenancy,1
commonly,1
hampden,1
geographic,1
superior,1
being,1
williams,1
catalogue,1
regional,1
origins,1
classical,1
inheritance,1
t,1
beyond,1
published,1
permanence,1
knapp,1
roderick,1
ralph,1
membership,1
provide,1
dorsey,1
md,1
lewis,1
support,1
name,1
acquired,1
questions,1
houston,1
stoltman,1
portrait,1
sections,1
inventive,1
essays,1
ii,1
syntheses,1
modeling,1
give,1
taken,1
stimulate,1
sequences,1
glassware,1
culturally,1
postage,1
outcome,1
decades,1
berkeley,1
shelf,1
view,1
constitution,1
undocumented,1
central,1
binually,1
encyclopedic,1
graduates,1
anthropological,1
principle,1
kent,1
charcoal,1
addition,1
lilt,1
england,1
circuma,1
strontium,1
liberty,1
moving,1
dramatically,1
december,1
ratio,1
shows,1
outside,1
iiiii,1
other,1
krueger,1
wide,1
location,1
allow,1
avenue,1
toll,1
scholars,1
skills,1
aifo,1
text,1
leading,1
deliveries,1
professions,1
seal,1
llwelyn,1
style,1
ira,1
prepaid,1
terra,1
printed,1
entering,1
theme,1
great,1
appeared,1
spokesman,1
nly,1
farmers,1
transliteration,1
analyses,1
iii,1
particularly,1
range,1
format,1
impressions,1
hassan,1
any,1
maps,1
austin,1
full,1
events,1
very,1
radical,1
end,1
rckaeojo,1
cones,1
survey,1
comparative,1
notice,1
away,1
going,1
pennsylvania,1
gimbutas,1
there,1
montmollin,1
simple,1
guanaco,1
describes,1
citations,1
evaluate,1
merely,1
plantation,1
never,1
colinvaux,1
handbook,1
companion,1
sociobiological,1
stand,1
following,1
animal,1
id,1
sprague,1
reserved,1
geography,1
dincauze,1
anatolia,1
roles,1
elemental,1
third,1
discipline,1
reading,1
bioarchaeology,1
entertaining,1
committed,1
card,1
synthetic,1
artides,1
developing,1
conservation,1
aspects,1
unique,1
based,1
empire,1
tell,1
worldwide,1
setting,1
drawings,1
relevant,1
seminar,1
rose,1
terms,1
ad,1
selected,1
endoftheiceage,1
mary,1
accounts,1
abraham,1
opolitan,1
issue,1
side,1
delights,1
appearing,1
takes,1
preventing,1
thirty,1
poyer,1
add,1
wilkinson,1
fictitious,1
textbook,1
agricultural,1
spar,1
procedures,1
paperback,1
your,1
native,1
narrative,1
recording,1
trade,1
jelinek,1
leslie,1
adaptation,1
olivier,1
commercial,1
theoretician,1
gareth,1
iranian,1
millwood,1
number,1
partial,1
orser,1
america,1
agriculture,1
institute,1
chupa,1
bibliographic,1
cloth,1
studes,1
outstanding,1
sites,1
explored,1
specifically,1
chapter,1
nicholasdavand,1
ubli,1
account,1
original,1
polity,1
participation,1
delightful,1
scenarios,1
welcome,1
credit,1
recommended,1
apt,1
lr,1
cost,1
urban,1
journals,1
artifacts,1
size,1
divided,1
wamani,1
fundamental,1
nry,1
scope,1
christine,1
place,1
chang,1
initial,1
turkey,1
marking,1
boston,1
discovery,1
explanation,1
moseley,1
driver,1
farming,1
emergent,1
student,1
decipherments,1
future,1
mastery,1
extrapolated,1
recognition,1
stratigraphy,1
prominent,1
bray,1
doctrinal,1
rightmire,1
stop,1
characterization,1
europe,1
part,1
twelfth,1
fulwood,1
uses,1
sharer,1
sea,1
civilisation,1
commonwealth,1
example,1
sixteenthcentury,1
staffing,1
marketing,1
knowledge,1
fl,1
muscarella,1
kozlowski,1
related,1
along,1
object,1
publishers,1
elizabeth,1
transition,1
ten,1
brightman,1
erial,1
hunting,1
entirely,1
introduction,1
year,1
food,1
implications,1
firner,1
domesticates,1
internationally,1
concept,1
fonathandriert,1
during,1
atr,1
titles,1
northwest,1
who,1
guidance,1
revuiew,1
assume,1
colonial,1
herds,1
challenges,1
indians,1
world,1
glyphic,1
people,1
ideas,1
reports,1
institutional,1
underscored,1
piedmont,1
glyphs,1
regarding,1
think,1
paula,1
rare,1
intimate,1
much,1
services,1
nov,1
rrrnia,1
radiocarbon,1
come,1
fantastic,1
check,1
focuses,1
chaeoloy,1
previous,1
genesis,1
ronald,1
rsnl,1
office,1
bion,1
de,1
wild,1
rcl,1
employed,1
puna,1
harcourt,1
requests,1
until,1
sediments,1
reconstructing,1
helga,1
sigficance,1
instructive,1
amateur,1
such,1
geochron,1
week,1
report,1
explorers,1
conn,1
coosa,1
professor,1
challenging,1
margaret,1
illustrates,1
interior,1
bandi,1
against,1
tackled,1
weeks,1
laboratories,1
approach,1
authors,1
welcomed,1
frame,1
conflicts,1
guthrie,1
author,1
essay,1
findings,1
tool,1
ecosystem,1
evaluated,1
sixth,1
contributors,1
brain,1
offer,1
excavated,1
stratigraphic,1
mesopotamia,1
include,1
architectural,1
typically,1
symbolic,1
bone,1
registration,1
competitor,1
walter,1
price,1
like,1
working,1
isi,1
below,1
tone,1
vierich,1
flocks,1
features,1
sample,1
retrieved,1
barrier,1
ge,1
daniels,1
visa,1
tenth,1
effects,1
box,1
stages,1
learning,1
kind,1
please,1
deborah,1
attempted,1
bookstores,1
manufacturers,1
after,1
discourse,1
zoologists,1
black,1
standard,1
theoretical,1
routes,1
thomas,1
developments,1
involved,1
dean,1
flourishing,1
lin,1
definitive,1
panhellenic,1
coupon,1
bricks,1
underlying,1
marija,1
perspective,1
document,1
patterns,1
influence,1
windigo,1
offered,1
problems,1
discussed,1
concerns,1
carbon,1
formal,1
pioneering,1
routine,1
ninth,1
schiffer,1
vol,1
close,1
become,1
suitable,1
brace,1
archival,1
geographically,1
illustrator,1
authoritatively,1
correction,1
diversified,1
johnson,1
britain,1
eastern,1
yielded,1
philip,1
enclose,1
michigan,1
find,1
color,1
james,1
fekri,1
norman,1
shipping,1
equipment,1
exclusively,1
sanctuaries,1
bower,1
archaeologist,1
analyze,1
sciences,1
handling,1
syllables,1
greece,1
surveys,1
those,1
traditional,1
boksifom,1
roe,1
proper,1
pa,1
herders,1
using,1
enhanced,1
principal,1
kelley,1
herding,1
than,1
explains,1
inquiries,1
recent,1
copiously,1
value,1
nahuatl,1
should,1
newly,1
oso,1
provided,1
southeastern,1
catalogues,1
quote,1
delimited,1
ca,1
frank,1
iiiiiiiiiii,1
groundbreaking,1
valuable,1
stanley,1
division,1
chola,1
potential,1
visitors,1
blackstone,1
names,1
culminate,1
appeal,1
