WORDCOUNTS,WEIGHT
the,140
of,128
and,99
in,48
a,36
university,30
by,26
to,21
this,19
is,18
an,15
from,15
ancient,14
archaeology,14
on,14
new,13
at,12
book,12
boston,12
as,11
maya,11
archaeological,11
for,9
press,9
was,8
available,8
field,8
c,8
their,7
one,7
illustrations,7
edited,7
or,7
history,7
volume,7
richard,7
texas,7
hardcover,6
s,6
john,6
been,5
it,5
study,5
not,5
studies,5
excavation,5
w,5
known,5
published,5
that,5
j,5
prehistoric,5
survey,5
late,5
has,5
its,5
during,5
editorial,5
have,5
pottery,5
research,5
journal,5
his,4
with,4
h,4
most,4
first,4
only,4
bronze,4
social,4
are,4
our,4
making,4
information,4
work,4
subscription,4
illustrated,4
writing,4
call,4
which,4
office,4
editor,4
professor,4
arkansas,4
built,4
greek,4
site,3
civilization,3
l,3
edward,3
college,3
who,3
detailed,3
village,3
complex,3
methods,3
minoan,3
white,3
interpretation,3
museum,3
marcus,3
mounds,3
abrams,3
but,3
age,3
t,3
ii,3
over,3
other,3
anthropology,3
judean,3
p,3
very,3
i,3
illus,3
william,3
pitt,3
paperback,3
isbn,3
well,3
r,3
art,3
both,3
desert,3
through,3
timothy,3
rivers,3
development,3
comprehensive,3
g,3
bookstores,3
david,3
period,3
evidence,3
features,3
k,3
massachusetts,3
be,3
early,3
we,3
imported,3
society,3
four,2
now,2
he,2
sardinia,2
mexico,2
shimada,2
medieval,2
linda,2
fields,2
how,2
e,2
grande,2
izumi,2
yale,2
drawer,2
associate,2
b,2
american,2
life,2
special,2
ernest,2
stone,2
discoveries,2
yet,2
fascinating,2
drawings,2
pp,2
ram,2
earliest,2
pampa,2
index,2
assistant,2
into,2
included,2
artifact,2
commonwealth,2
any,2
section,2
byzantine,2
civilizations,2
series,2
princeton,2
al,2
monasteries,2
wharram,2
toronto,2
ever,2
architecture,2
origins,2
kay,2
australia,2
also,2
here,2
photos,2
postage,2
address,2
natural,2
all,2
royal,2
joyce,2
exploration,2
wooden,2
found,2
color,2
marvin,2
current,2
report,2
rich,2
iii,2
whittaker,2
practical,2
classical,2
ar,2
mesoamerican,2
historical,2
lazrus,2
maurice,2
experts,2
culture,2
written,2
date,2
kommos,2
robert,2
political,2
cultural,2
what,2
reviews,2
continuing,2
steffy,2
accepted,2
tools,2
material,2
ford,2
manuscripts,2
project,2
eastern,2
public,2
while,2
number,2
addresses,2
cloth,2
sites,2
some,2
line,2
translated,2
douglas,2
hurst,2
bibliography,2
little,2
fine,2
classifications,2
knowledge,2
arkansaw,2
these,2
elite,2
use,2
deserted,2
archaeologists,2
structures,2
paula,2
spring,2
jeter,2
years,2
interested,2
macedonia,2
andrews,2
author,2
change,2
d,2
revised,2
classification,2
perspective,2
cambridge,2
ship,2
aegean,2
editors,2
adams,2
publications,2
norman,2
archaeologist,2
greece,2
story,2
beresford,2
wet,2
flintknapping,2
about,2
quarterly,2
portrait,2
massive,2
brown,2
thorough,2
barbara,1
final,1
countryside,1
south,1
mochica,1
f,1
crete,1
symbolism,1
competition,1
states,1
relationship,1
o,1
may,1
two,1
whose,1
absorbing,1
stratified,1
variety,1
rome,1
various,1
european,1
wiseman,1
george,1
provide,1
economic,1
ways,1
short,1
wrote,1
thoughts,1
synthesis,1
rights,1
impressive,1
box,1
created,1
ibz,1
presents,1
hierarchic,1
carefully,1
mastercard,1
represent,1
trustees,1
influential,1
select,1
curtis,1
wyllys,1
elliot,1
sw,1
classic,1
ritual,1
order,1
coast,1
shipbuilding,1
overstated,1
presentation,1
intriguing,1
bulletin,1
oscar,1
christine,1
approaches,1
warship,1
community,1
seen,1
transformed,1
reconstruction,1
seventeenth,1
force,1
yizhar,1
manuscript,1
americas,1
production,1
philosopher,1
ns,1
they,1
wilson,1
importance,1
copan,1
group,1
told,1
athlit,1
southern,1
discover,1
balanced,1
ongoing,1
kennett,1
testifies,1
volumes,1
contributions,1
why,1
conveys,1
construction,1
analysis,1
identify,1
designed,1
burials,1
fall,1
united,1
hull,1
archaeometric,1
antiquities,1
library,1
scholarship,1
coastal,1
education,1
english,1
managing,1
auspices,1
centuries,1
monte,1
modern,1
itself,1
typeset,1
bedore,1
projects,1
town,1
widest,1
had,1
historians,1
joseph,1
photographs,1
sociocultural,1
mariam,1
technology,1
under,1
prehistory,1
fifth,1
ideals,1
labor,1
organization,1
biomolecules,1
school,1
organic,1
telephone,1
environment,1
jay,1
deposited,1
general,1
ofprehistoric,1
greenberg,1
before,1
director,1
actually,1
just,1
edition,1
historian,1
practice,1
nineteenth,1
fsa,1
mary,1
bruce,1
sorting,1
elaborate,1
excitement,1
si,1
frequently,1
mimbres,1
updated,1
glossary,1
biography,1
must,1
enjoyable,1
athens,1
reports,1
unusually,1
extensive,1
increasingly,1
curts,1
additional,1
dept,1
sit,1
sketch,1
considers,1
stabilization,1
lavish,1
please,1
catalog,1
cordell,1
lead,1
yorkshire,1
votive,1
temple,1
text,1
exploitation,1
grinnell,1
offers,1
layton,1
paul,1
established,1
neolithic,1
recruited,1
set,1
scientific,1
founding,1
m,1
attempts,1
important,1
military,1
mark,1
provenience,1
bring,1
board,1
view,1
julian,1
body,1
tamsey,1
central,1
translating,1
nancy,1
anthropological,1
artistic,1
emerged,1
lavishly,1
shipwrecks,1
towards,1
shaw,1
many,1
raw,1
paper,1
request,1
based,1
subject,1
geoffrey,1
roman,1
monks,1
seem,1
copy,1
mcgill,1
sullivan,1
assembling,1
textiles,1
leading,1
could,1
quoted,1
biographies,1
minnesota,1
tuross,1
method,1
kingship,1
printed,1
documented,1
great,1
strength,1
ubelaker,1
bowden,1
livingston,1
hoards,1
misunderstood,1
behavioral,1
centers,1
pertula,1
particularly,1
exhibits,1
can,1
tells,1
maps,1
focuses,1
launched,1
raphael,1
flamboyant,1
hundred,1
contends,1
ago,1
islet,1
complete,1
distinctive,1
man,1
elia,1
monasticism,1
feature,1
passage,1
puritan,1
living,1
describe,1
apps,1
archival,1
museums,1
conclusions,1
handbook,1
kinship,1
warships,1
do,1
henry,1
present,1
reserved,1
occupation,1
lieutenantgeneral,1
posit,1
scholarly,1
buried,1
career,1
innovative,1
archeological,1
mcanany,1
market,1
literature,1
periodical,1
does,1
empire,1
burial,1
them,1
whether,1
residential,1
ad,1
symbols,1
persons,1
dialectical,1
tell,1
truly,1
hoss,1
together,1
lane,1
side,1
balmuth,1
era,1
sciences,1
character,1
dreamtime,1
wealth,1
ginouves,1
forum,1
noreen,1
tykot,1
saronic,1
converting,1
jed,1
map,1
your,1
effort,1
pleistocene,1
theory,1
shafer,1
metropolitan,1
fox,1
books,1
halftones,1
problem,1
ethnography,1
style,1
antique,1
clearinghouse,1
misrepresented,1
chapter,1
always,1
u,1
marie,1
demography,1
advisory,1
wesolowsky,1
brilliant,1
casting,1
require,1
kathryn,1
outstanding,1
institutions,1
bookgives,1
christianity,1
trade,1
interpreting,1
gained,1
directly,1
dynamics,1
account,1
long,1
subsistence,1
marriages,1
understanding,1
greatest,1
reveals,1
data,1
contain,1
artifacts,1
used,1
discussion,1
prehispanic,1
international,1
middle,1
fax,1
subscriptions,1
disease,1
indiana,1
conference,1
background,1
nj,1
avery,1
tour,1
tool,1
tulane,1
move,1
upon,1
investigator,1
range,1
augustus,1
israel,1
west,1
recording,1
sawmiller,1
attached,1
point,1
patricia,1
deliberately,1
treasures,1
x,1
watrous,1
sea,1
tasmania,1
enormous,1
sent,1
tombs,1
pecos,1
became,1
arms,1
role,1
comment,1
journals,1
hieroglyphic,1
abandoned,1
techniques,1
harry,1
plans,1
sardinian,1
reality,1
bears,1
combining,1
overview,1
masterful,1
looting,1
citation,1
station,1
focus,1
meet,1
demonstrates,1
maria,1
bradley,1
gloss,1
using,1
people,1
twin,1
elisha,1
ricardo,1
human,1
regarding,1
father,1
ontario,1
actual,1
bc,1
winter,1
individuals,1
past,1
et,1
includes,1
timbers,1
conquest,1
throughout,1
fruits,1
hirschfeld,1
full,1
rene,1
imagery,1
regions,1
ends,1
wilshusen,1
hampshire,1
tarleton,1
southwestern,1
theoretical,1
students,1
scatters,1
described,1
y,1
reconstructing,1
stanford,1
locations,1
alan,1
recent,1
explorations,1
own,1
runnels,1
lionel,1
percy,1
since,1
margaret,1
ny,1
illinois,1
modem,1
tables,1
approach,1
vance,1
josephine,1
write,1
de,1
prices,1
neighbors,1
peter,1
issn,1
contributors,1
offer,1
excavated,1
bonafide,1
individual,1
ibr,1
architectural,1
sense,1
occurs,1
land,1
presented,1
direct,1
so,1
effectively,1
tom,1
amnon,1
saggs,1
reliable,1
gumerman,1
century,1
documentation,1
visa,1
southeastern,1
costs,1
piece,1
submissions,1
minority,1
nick,1
philosophy,1
transitional,1
hester,1
mediterranean,1
area,1
dillehay,1
preservation,1
black,1
settlement,1
wendy,1
thomas,1
typology,1
involved,1
old,1
ct,1
around,1
preclassic,1
wellington,1
times,1
needs,1
leads,1
especially,1
outside,1
smithsonian,1
news,1
systems,1
footprint,1
best,1
between,1
casson,1
often,1
brought,1
presence,1
ancestors,1
applying,1
latest,1
johnson,1
single,1
tangle,1
deposits,1
foremost,1
philip,1
bookstore,1
structure,1
james,1
ohio,1
hardy,1
thirteenth,1
question,1
flood,1
pueblo,1
bib,1
those,1
southwest,1
traditional,1
preserving,1
copyright,1
reasoned,1
results,1
much,1
paid,1
world,1
principal,1
details,1
correspondence,1
belize,1
among,1
institution,1
french,1
destruction,1
connections,1
soconusco,1
cross,1
posing,1
should,1
fellow,1
building,1
controversial,1
provided,1
voorhies,1
finds,1
vergina,1
nuanced,1
sheffield,1
groundbreaking,1
energetics,1
rates,1
convincingly,1
jerusalem,1
major,1
mechanism,1
decision,1
seaside,1
verano,1
local,1
