WORDCOUNTS,WEIGHT
the,277
and,225
of,195
in,83
a,52
to,49
this,46
isbn,44
index,40
white,39
black,39
from,31
on,29
cloth,28
university,27
by,24
paper,23
press,22
no,20
that,20
new,19
author,19
an,18
at,17
volume,17
for,17
as,16
archaeology,16
with,15
is,14
book,14
sites,13
studies,11
are,10
papers,10
archaeological,10
human,10
de,10
research,10
history,9
prehistoric,9
other,9
explores,9
maya,9
ancient,8
historical,8
price,8
into,7
also,7
color,7
argues,7
society,7
it,6
study,6
methods,6
analysis,6
age,6
john,6
material,6
work,6
range,6
such,6
archaeologists,6
cambridge,6
social,6
period,6
mediterranean,6
editors,6
world,6
evidence,6
paleolithic,5
e,5
life,5
stone,5
guide,5
or,5
but,5
two,5
published,5
production,5
europe,5
cultures,5
uses,5
written,5
robert,5
understanding,5
data,5
both,5
part,5
use,5
copper,5
includes,5
years,5
editor,5
issn,5
field,5
spanish,5
can,5
be,5
recent,5
pottery,5
la,5
l,4
site,4
tools,4
their,4
museum,4
presents,4
series,4
these,4
textile,4
lithic,4
origins,4
present,4
angel,4
more,4
peabody,4
excavation,4
nature,4
together,4
documents,4
time,4
state,4
kingdom,4
publications,4
monograph,4
eastern,4
wide,4
inca,4
near,4
art,4
region,4
lake,4
role,4
dynasties,4
much,4
southwestern,4
have,4
publication,4
american,4
mexico,4
iron,4
interpretations,4
topics,4
early,4
southwest,4
than,4
argolid,3
european,3
civilization,3
address,3
environmental,3
who,3
approaches,3
olmec,3
volumes,3
symbols,3
interpretation,3
mounds,3
western,3
fertility,3
xi,3
most,3
first,3
xiv,3
sources,3
provide,3
all,3
honduras,3
through,3
ceramic,3
exploration,3
xii,3
histories,3
current,3
how,3
rural,3
excavations,3
patterns,3
those,3
political,3
centre,3
war,3
investigation,3
terms,3
models,3
native,3
project,3
protoclassic,3
books,3
xix,3
development,3
some,3
xiii,3
translated,3
examples,3
wisconsin,3
including,3
its,3
intended,3
introduction,3
overview,3
authors,3
using,3
des,3
regarding,3
chapters,3
xv,3
general,3
bronze,3
revolution,3
del,3
settlement,3
indices,3
between,3
c,3
egypt,3
objects,3
x,3
sciences,3
greece,3
focus,3
describes,3
oklahoma,3
north,3
ranging,2
periods,2
oxford,2
he,2
she,2
taken,2
rather,2
letters,2
stylistic,2
hasa,2
comparative,2
iowa,2
variety,2
translation,2
spatial,2
visual,2
importance,2
b,2
approach,2
southern,2
mesoamerica,2
conducted,2
one,2
contributions,2
civil,2
chronicle,2
industrial,2
kings,2
mayas,2
english,2
types,2
h,2
means,2
case,2
modern,2
park,2
susan,2
investigate,2
east,2
civilizations,2
chronology,2
school,2
royal,2
critical,2
organized,2
included,2
introduced,2
thinking,2
culture,2
practice,2
descriptions,2
w,2
upper,2
covers,2
illustrated,2
various,2
superior,2
architecture,2
jon,2
oral,2
utah,2
principles,2
questions,2
paul,2
medieval,2
power,2
drawing,2
academy,2
ofancient,2
anthropological,2
many,2
greater,2
smith,2
based,2
s,2
tula,2
offers,2
available,2
found,2
chipped,2
beliefs,2
britain,2
p,2
young,2
iii,2
regidn,2
describe,2
survey,2
past,2
m,2
forms,2
readers,2
sacred,2
neolithic,2
cultural,2
reading,2
lerna,2
kom,2
armed,2
ceramics,2
drawn,2
polis,2
well,2
thirty,2
maps,2
xvii,2
sophisticated,2
public,2
ecology,2
accordia,2
anasazi,2
original,2
vol,2
rock,2
emphasis,2
danish,2
artifacts,2
discussion,2
rulers,2
made,2
presented,2
ruled,2
previously,2
pecos,2
ac,2
transition,2
geophysics,2
afar,2
vironique,2
results,2
needed,2
issues,2
contains,2
framework,2
central,2
et,2
which,2
national,2
regional,2
french,2
eras,2
students,2
vii,2
artifact,2
copenhagen,2
significance,2
problems,2
since,2
comprehensive,2
essay,2
interest,2
contributors,2
held,2
david,2
salt,2
d,2
ago,2
working,2
encyclopedia,2
heartland,2
features,2
antiquity,2
after,2
area,2
provides,2
remains,2
around,2
late,2
exchange,2
each,2
depression,2
assumed,2
wadi,2
craft,2
single,2
bilingual,2
symposia,2
explore,2
prehistory,2
valley,2
pueblo,2
story,2
journal,2
paleobiology,2
among,2
y,2
professional,2
greek,2
major,2
arizona,2
naissance,2
separate,2
atlantic,1
nicholas,1
alabama,1
processes,1
dynamic,1
chronological,1
toltec,1
will,1
basketmaker,1
f,1
consists,1
brian,1
ofdeath,1
coin,1
operation,1
soil,1
now,1
kluwer,1
mississipian,1
entrada,1
findings,1
interesting,1
competition,1
poland,1
relationship,1
applications,1
what,1
eclectic,1
reconstruction,1
final,1
phenotypic,1
done,1
norah,1
theoretical,1
dual,1
copernicus,1
page,1
detectors,1
harpers,1
played,1
publishing,1
body,1
during,1
contact,1
supernatural,1
bringing,1
restoration,1
george,1
his,1
avoiding,1
contingent,1
camp,1
kenneth,1
bring,1
garvey,1
meaning,1
economic,1
been,1
five,1
sophie,1
italy,1
groups,1
pittsburgh,1
short,1
wrote,1
developed,1
synthesis,1
practical,1
testing,1
theancientmaya,1
located,1
created,1
cnrs,1
functional,1
edward,1
vols,1
pyrotechnology,1
tepetitlain,1
represent,1
dangers,1
mediated,1
en,1
landscape,1
heath,1
arqueologia,1
borrowing,1
classic,1
inferences,1
brief,1
levels,1
reference,1
visited,1
defined,1
model,1
dawn,1
death,1
bulletin,1
alba,1
holistic,1
rome,1
egyptology,1
lasting,1
frangais,1
echanges,1
un,1
stratigraphy,1
analyzes,1
detailed,1
still,1
el,1
estado,1
yale,1
determining,1
magnetism,1
though,1
synthesizes,1
ecological,1
cosmological,1
lives,1
sponsored,1
ofarchaeology,1
position,1
they,1
suggestions,1
village,1
se,1
seminar,1
entre,1
large,1
settlements,1
discover,1
elementary,1
parts,1
ix,1
archeologie,1
why,1
whole,1
parker,1
special,1
intend,1
caspar,1
florence,1
illustrations,1
shed,1
jonathon,1
xxi,1
lasie,1
animals,1
xxx,1
collect,1
result,1
les,1
lineages,1
land,1
specialist,1
guides,1
ways,1
strategies,1
assays,1
understand,1
canada,1
combines,1
figured,1
advanced,1
populations,1
involved,1
favor,1
affect,1
photographs,1
whose,1
excavated,1
former,1
collection,1
skeleton,1
trace,1
j,1
length,1
organization,1
nacional,1
was,1
specialization,1
ethiopia,1
reciprocal,1
cover,1
occurred,1
lowland,1
hominid,1
une,1
small,1
tells,1
latin,1
ofanthropology,1
associated,1
before,1
section,1
activities,1
director,1
editions,1
instituto,1
antebellum,1
xculoc,1
accomplishments,1
same,1
coins,1
memphis,1
summary,1
tectonics,1
skrifter,1
mary,1
ethnographic,1
nw,1
nonetheless,1
mexicaines,1
broad,1
source,1
characterizations,1
inclusive,1
indian,1
given,1
glossary,1
ferran,1
du,1
peoples,1
materials,1
circumstances,1
dictionaries,1
show,1
hudson,1
reports,1
fluctuations,1
garland,1
nicolai,1
ordnance,1
eisenberg,1
theory,1
lower,1
being,1
epipaleolithic,1
bar,1
management,1
additional,1
powerful,1
xxii,1
known,1
unifying,1
either,1
recognizable,1
disastrous,1
considers,1
rival,1
physical,1
familiarity,1
not,1
shipped,1
long,1
artesanal,1
painted,1
pam,1
creation,1
valle,1
henrickson,1
chronologically,1
hieroglyphics,1
gran,1
exclusive,1
pleistocene,1
monographies,1
care,1
challenge,1
ii,1
jean,1
gobierno,1
metal,1
give,1
stories,1
important,1
serpent,1
historians,1
santa,1
toward,1
geography,1
aftab,1
ian,1
dynastic,1
view,1
over,1
grube,1
dependency,1
humans,1
nancy,1
emerged,1
image,1
kroner,1
causes,1
projects,1
anthropology,1
official,1
authority,1
preclassical,1
expressed,1
words,1
incorporates,1
campsites,1
different,1
lowry,1
sculpted,1
shows,1
duncan,1
concepts,1
votive,1
identifying,1
allan,1
religious,1
encyclopedic,1
latinamericanarchaeology,1
stratification,1
skills,1
best,1
societies,1
species,1
penelope,1
materialist,1
supplemented,1
ofnatural,1
broadly,1
here,1
basin,1
sensational,1
begun,1
largest,1
faunal,1
match,1
universal,1
usewear,1
extended,1
domestic,1
threats,1
inquiry,1
post,1
textuality,1
dennis,1
rich,1
particularly,1
objectives,1
jeannoel,1
collectors,1
demands,1
character,1
summaries,1
breuil,1
service,1
process,1
personages,1
concludes,1
events,1
far,1
end,1
uncovered,1
any,1
mesoamerican,1
andarchaeological,1
bound,1
cities,1
examining,1
i,1
deciphering,1
subsequent,1
dead,1
discussed,1
integrate,1
lyme,1
mined,1
works,1
honor,1
century,1
quantitative,1
ruler,1
last,1
merely,1
places,1
cra,1
blackwell,1
fire,1
do,1
monographs,1
v,1
occupation,1
effigy,1
oflerna,1
adventures,1
zichun,1
dena,1
classical,1
geophysical,1
mainly,1
climate,1
arrival,1
techniques,1
german,1
aspects,1
reign,1
empire,1
worldwide,1
context,1
burial,1
annales,1
relevant,1
smallpox,1
residential,1
produced,1
selected,1
form,1
less,1
british,1
making,1
thirtyfive,1
particular,1
iceland,1
expedition,1
compares,1
occasional,1
khan,1
textbook,1
assortment,1
destruction,1
geologic,1
alfred,1
chiefdoms,1
phyletic,1
ofartifact,1
narrative,1
belief,1
andre,1
college,1
caskey,1
distribution,1
routledge,1
has,1
key,1
observable,1
olivier,1
gods,1
draws,1
stanford,1
chapter,1
molecular,1
wayne,1
brooks,1
foundations,1
thames,1
america,1
information,1
memory,1
draw,1
watkins,1
sherri,1
originates,1
domestico,1
addresses,1
account,1
shape,1
yield,1
timelines,1
deal,1
interpreting,1
rodolfo,1
structures,1
instructional,1
meetings,1
kwangchih,1
biological,1
brings,1
discriminant,1
possible,1
analyzed,1
r,1
paleoecology,1
cdramiques,1
line,1
greatest,1
scientific,1
used,1
engineer,1
geared,1
international,1
updated,1
bc,1
neanderthals,1
reissue,1
douglas,1
conference,1
martha,1
birth,1
genres,1
bibliography,1
guadalupe,1
unexploded,1
centramericaines,1
richard,1
los,1
vandenbosch,1
incidents,1
measuring,1
incorporating,1
claim,1
reader,1
caesar,1
mastery,1
multivariant,1
microanalytical,1
longevity,1
historiskfilosofiske,1
surveys,1
characterization,1
trevor,1
ohio,1
arose,1
emperor,1
city,1
explains,1
competing,1
ethnology,1
nohmul,1
river,1
practices,1
lovaniensia,1
recovery,1
journeys,1
knowledge,1
looking,1
edn,1
reduction,1
related,1
indigenous,1
ruling,1
department,1
urban,1
publishers,1
journals,1
hieroglyphic,1
against,1
europeans,1
campeche,1
egyptian,1
restructuring,1
assumptions,1
analyze,1
identifies,1
replaces,1
established,1
complement,1
recounts,1
geographic,1
discussions,1
wonderful,1
reconstruct,1
summarizes,1
travel,1
conditions,1
although,1
colonial,1
hennequin,1
constitute,1
light,1
people,1
ideas,1
products,1
harvard,1
definitions,1
au,1
ndolithique,1
mentality,1
participated,1
imagery,1
meuse,1
roman,1
conflict,1
london,1
contribute,1
especializacidn,1
resource,1
rituals,1
examination,1
mathematical,1
throughout,1
radiocarbon,1
were,1
eric,1
athens,1
vessels,1
middle,1
collapse,1
chemical,1
schwartz,1
surrounding,1
hazards,1
employed,1
xviii,1
tell,1
described,1
genealogies,1
versions,1
background,1
received,1
ethical,1
report,1
compositions,1
ethnicity,1
memoir,1
memoirs,1
discovered,1
claudette,1
functions,1
three,1
contract,1
mitigating,1
analyzing,1
monumental,1
numerous,1
manipulation,1
leslie,1
scandinavia,1
unpublished,1
regions,1
morphological,1
catherine,1
beyond,1
liticamenor,1
helladic,1
divine,1
center,1
ethnohistorical,1
change,1
dangerous,1
rdvolution,1
dozen,1
copdn,1
fecundity,1
relations,1
symposium,1
interpret,1
controversies,1
petrographic,1
influenced,1
theamericas,1
correlated,1
bone,1
revised,1
need,1
formsas,1
defines,1
disciplines,1
compiling,1
symbolic,1
things,1
peninsula,1
dictionary,1
glass,1
rafael,1
level,1
narratives,1
sidebars,1
effects,1
publishes,1
stages,1
mountain,1
changes,1
colleagues,1
espacio,1
palaeolithic,1
mesopotamian,1
diverse,1
ca,1
bank,1
oman,1
old,1
notes,1
acta,1
mike,1
repeated,1
ofpittsburgh,1
atangel,1
teams,1
perspective,1
dynamics,1
ruth,1
academic,1
vi,1
mogens,1
specific,1
behind,1
pierre,1
potential,1
wilkins,1
architectural,1
leuven,1
encompass,1
systems,1
pioneering,1
imaginative,1
introductory,1
specialties,1
grow,1
evolutionary,1
archaeologica,1
julien,1
unaltered,1
extant,1
become,1
funerary,1
decline,1
vanda,1
ancestors,1
texas,1
haile,1
crimes,1
xvi,1
continuous,1
effective,1
deposits,1
lisa,1
bergin,1
jordan,1
plate,1
ancientmaya,1
compare,1
debate,1
structure,1
james,1
isotopes,1
texts,1
cdpan,1
antropologia,1
geological,1
progress,1
structuralist,1
element,1
method,1
residue,1
essays,1
divides,1
evidencia,1
develop,1
adaptations,1
monographiae,1
cauvin,1
victorian,1
morris,1
images,1
ground,1
comparable,1
roots,1
joel,1
kidder,1
about,1
obtained,1
appropriate,1
symboles,1
discoveries,1
provided,1
scarecrow,1
finds,1
visit,1
investigations,1
overthrew,1
interests,1
attention,1
race,1
collects,1
federmesser,1
geographical,1
scholars,1
household,1
eiler,1
bolstered,1
readership,1
examines,1
laurie,1
