WORDCOUNTS,WEIGHT
the,1427
of,937
and,433
a,333
in,331
to,213
m,183
by,137
harbor,131
was,128
on,121
is,116
from,116
at,112
for,106
that,100
this,93
breakwater,87
have,84
as,73
with,69
been,68
it,66
were,63
blocks,62
or,61
sea,59
caesarea,57
ca,57
kurkar,53
area,51
concrete,49
rubble,49
along,48
be,43
but,41
excavation,40
are,40
its,40
sand,39
an,39
l,39
has,36
wall,36
may,35
southern,34
face,34
north,34
ancient,33
level,33
survey,32
south,31
which,31
some,31
out,30
below,30
above,29
see,29
built,29
university,28
roman,27
line,27
large,26
two,26
into,25
would,25
tower,25
structure,25
their,24
r,24
outer,24
note,24
west,23
basin,23
o,22
cit,22
inner,22
figure,22
not,22
laid,21
several,21
more,21
op,21
j,20
there,20
most,20
block,20
up,20
these,20
only,20
present,20
century,19
he,19
also,19
mass,18
than,18
had,18
used,18
hellenistic,18
main,18
channel,18
northern,18
depth,18
lines,18
construction,18
raban,18
towers,17
bay,17
josephus,17
small,17
materials,17
no,17
carried,17
one,16
breakwaters,16
formwork,16
east,16
design,16
x,16
such,16
shore,16
surface,16
found,16
p,16
bc,16
through,16
vann,16
they,15
modern,15
seems,15
side,15
bottom,15
wide,15
field,15
same,15
can,15
any,15
upper,15
c,15
long,14
great,14
structures,14
will,14
portion,14
material,14
composed,14
remains,14
other,13
herodian,13
since,13
journal,13
site,13
sandy,13
recovered,13
scale,13
revealed,13
t,13
still,13
water,13
quay,13
d,13
between,13
edge,12
stone,12
first,12
s,12
very,12
even,12
mortar,12
could,12
during,12
layer,12
probably,12
port,12
archaeologylvol,12
now,11
use,11
h,11
all,11
within,11
stratum,11
work,11
part,11
mediterranean,11
few,11
end,11
made,11
features,11
each,11
entrance,11
e,10
history,10
meters,10
wooden,10
i,10
beneath,10
g,10
excavations,10
view,10
base,10
well,10
around,10
presence,10
rest,10
areas,10
plan,10
maritime,10
feature,10
sebastos,10
then,10
masses,10
set,10
type,10
city,10
waves,10
evidence,10
harbors,10
coast,9
center,9
designed,9
either,9
those,9
marked,9
served,9
his,9
spill,9
elsewhere,9
air,9
preparation,9
excavated,9
archaeology,9
visible,9
fill,9
new,9
where,9
project,9
width,9
period,9
who,9
thick,9
did,9
both,9
early,9
major,9
if,8
western,8
season,8
last,8
second,8
paving,8
de,8
corner,8
poured,8
section,8
underwater,8
typical,8
late,8
protected,8
whole,8
research,8
once,8
shoreline,8
structural,8
complete,8
many,8
cahep,8
local,8
original,8
israel,8
described,8
platform,8
three,8
so,8
high,8
filled,8
probe,8
pottery,8
irregular,8
sections,8
foundation,8
them,8
form,8
plans,8
our,8
until,8
off,8
much,8
studies,7
divers,7
lower,7
nature,7
containing,7
immense,7
together,7
professor,7
central,7
trench,7
recess,7
walls,7
across,7
sw,7
after,7
white,7
w,7
crusader,7
subsidiary,7
erosion,7
final,7
directly,7
ship,7
tip,7
provided,7
f,7
various,7
action,7
about,7
beams,7
rectangular,7
noted,7
ceramic,7
discussed,7
square,7
coherent,7
full,7
architectural,7
k,7
sloping,7
far,7
past,7
destroyed,7
preserved,7
numerous,7
position,7
land,7
close,7
later,6
drawings,6
best,6
damage,6
date,6
robert,6
dr,6
eastern,6
vol,6
eroded,6
exposed,6
against,6
crest,6
means,6
result,6
ijna,6
received,6
data,6
massive,6
bedrock,6
projecting,6
pp,6
nw,6
herod,6
number,6
airjet,6
least,6
feet,6
italy,6
we,6
provide,6
inside,6
deposit,6
length,6
antiquity,6
when,6
series,6
mentioned,6
constructed,6
over,6
fault,6
down,6
report,6
byzantine,6
courses,6
course,6
smaller,6
regular,6
removed,6
region,6
passages,6
horizontal,5
sterile,5
expedition,5
determine,5
anchor,5
formed,5
protection,5
before,5
ii,5
attempt,5
marine,5
mr,5
badly,5
tie,5
haifa,5
intact,5
mixed,5
tumbled,5
complex,5
dates,5
storage,5
architects,5
apparently,5
floor,5
storms,5
study,5
possibly,5
show,5
map,5
important,5
stands,5
called,5
difficult,5
maritima,5
appears,5
because,5
description,5
point,5
et,5
portions,5
ashlar,5
preliminary,5
likely,5
nearly,5
planks,5
surveyed,5
serve,5
moat,5
under,5
name,5
mark,5
outside,5
elevation,5
deposits,5
top,5
significant,5
archaeological,5
held,5
narrow,5
quarter,5
seasons,5
bulk,5
pieces,5
detailed,5
curving,5
itself,5
vaulted,5
aerial,5
seem,5
current,5
phd,5
unlikely,5
what,5
volcanic,5
selected,5
maryland,5
while,5
size,5
prepared,5
years,5
slope,5
although,5
roughly,5
little,5
jw,5
ja,4
imported,4
represent,4
columns,4
hull,4
starboard,4
round,4
being,4
fabric,4
every,4
location,4
height,4
suggesting,4
wave,4
link,4
promontory,4
locus,4
sq,4
system,4
recorded,4
clearly,4
italian,4
possible,4
crossed,4
interior,4
clay,4
fig,4
left,4
process,4
just,4
placed,4
traces,4
prevent,4
drawing,4
lead,4
portable,4
lamps,4
projection,4
produced,4
fish,4
slumping,4
jewish,4
near,4
sites,4
hydraulic,4
london,4
working,4
suggest,4
breaking,4
tuff,4
absence,4
identified,4
overall,4
intended,4
direction,4
flat,4
chronology,4
termination,4
planned,4
appear,4
published,4
rock,4
towards,4
shows,4
time,4
gray,4
hohlfelder,4
pattern,4
worn,4
fragments,4
forms,4
adjacent,4
v,4
paris,4
shipwreck,4
less,4
notch,4
ports,4
distance,4
wood,4
palestine,4
vast,4
discussion,4
barge,4
completed,4
sides,4
fed,4
engineers,4
discovered,4
points,4
allowed,4
standard,4
special,4
shallow,4
occupied,4
anchored,4
attention,4
berm,4
usually,4
maps,4
seen,4
analysis,4
mud,4
photographs,4
victoria,4
extending,4
bronze,4
perhaps,4
colorado,4
connection,4
oleson,4
proceedings,4
avner,4
idem,4
character,4
isexpj,4
must,4
slopes,4
marble,4
ac,4
sectional,4
world,4
national,4
parallels,4
tanks,4
supported,4
recent,4
should,4
oriented,3
faced,3
separated,3
extends,3
airlift,3
organic,3
limestone,3
anything,3
originally,3
biblarch,3
worked,3
broken,3
simple,3
origin,3
assembled,3
farther,3
procedure,3
mooring,3
protrude,3
platforms,3
sophisticated,3
yoked,3
king,3
rests,3
activity,3
open,3
reconstruction,3
diver,3
terra,3
review,3
promontories,3
republished,3
development,3
surrounded,3
sample,3
z,3
turn,3
seaward,3
better,3
causing,3
body,3
wares,3
allowing,3
third,3
heavy,3
packing,3
geological,3
spread,3
shipping,3
upright,3
rather,3
prefabricated,3
similar,3
soundings,3
se,3
parts,3
scattered,3
front,3
sheave,3
literary,3
presumably,3
director,3
landing,3
too,3
four,3
submerged,3
intentional,3
caesar,3
allow,3
entering,3
search,3
further,3
cultural,3
buried,3
war,3
circular,3
record,3
procedures,3
huge,3
place,3
partly,3
probes,3
colossal,3
rows,3
currents,3
presented,3
lowest,3
quite,3
intervals,3
june,3
yielded,3
results,3
proper,3
describes,3
clamps,3
finds,3
bedding,3
periods,3
sleeper,3
exception,3
phoenician,3
harbour,3
pile,3
wind,3
engineering,3
yet,3
represents,3
technology,3
department,3
members,3
mentions,3
hollow,3
put,3
forming,3
appeared,3
larger,3
john,3
state,3
empire,3
boats,3
deep,3
poles,3
another,3
oil,3
enormous,3
tank,3
virtually,3
xv,3
biblical,3
publication,3
peter,3
faces,3
statues,3
stages,3
slightly,3
greek,3
widely,3
heap,3
sealed,3
vertical,3
dimensions,3
lost,3
palestinian,3
team,3
frames,3
antiquities,3
supporting,3
earliest,3
detail,3
school,3
assistant,3
revetted,3
drew,3
descriptions,3
submarine,3
incorporating,3
expense,3
half,3
goods,3
associated,3
chairman,3
iron,3
stamped,3
crusaders,3
n,3
reign,3
nearby,3
consisting,3
foundations,3
information,3
almost,3
anchorage,3
vessels,3
sounding,3
subject,3
encircled,3
dock,3
pine,3
joined,3
approximately,3
gravel,3
km,3
among,3
here,3
building,3
rbibl,3
fir,2
does,2
headers,2
extend,2
college,2
totally,2
pushed,2
debris,2
partially,2
incorporated,2
di,2
arrangement,2
lighthouse,2
cement,2
procopius,2
rlv,2
offshore,2
silted,2
total,2
assisted,2
bp,2
po,2
princeton,2
rome,2
consistent,2
anastasius,2
production,2
taken,2
rested,2
rapid,2
discerned,2
shaped,2
leading,2
secondary,2
assertion,2
display,2
skies,2
stood,2
rich,2
spray,2
sometime,2
reveal,2
mgo,2
seams,2
subsequent,2
maurice,2
jill,2
kerem,2
loose,2
consist,2
stand,2
quays,2
opposite,2
papyrus,2
behind,2
british,2
case,2
paved,2
spruce,2
bases,2
cleared,2
prior,2
magnificent,2
probing,2
determined,2
condition,2
pumice,2
dl,2
terminus,2
apart,2
supply,2
quantity,2
undoubtedly,2
abraded,2
human,2
phase,2
timber,2
calculated,2
visited,2
relatively,2
barrier,2
slabs,2
perspective,2
refer,2
concerning,2
architect,2
young,2
neev,2
single,2
thin,2
y,2
terrace,2
consequently,2
details,2
jerusalem,2
depths,2
parks,2
ridge,2
higher,2
york,2
folles,2
madrague,2
without,2
waterjet,2
clodius,2
coastal,2
outward,2
flexible,2
eight,2
b,2
cooking,2
lay,2
miscellaneous,2
determination,2
dolia,2
marks,2
siltation,2
dated,2
weather,2
volute,2
quoted,2
jars,2
additional,2
origins,2
connecting,2
problems,2
amount,2
closely,2
based,2
smm,2
chunks,2
cub,2
rule,2
effort,2
encounter,2
changed,2
deal,2
international,2
fishery,2
let,2
ceramics,2
pounded,2
cannot,2
rubber,2
bastion,2
keyed,2
pierhead,2
start,2
framed,2
prominent,2
example,2
knowledge,2
overlay,2
pocket,2
aja,2
year,2
broad,2
accidental,2
des,2
halfway,2
away,2
surrounding,2
sidebotham,2
relative,2
holy,2
boulders,2
sink,2
construct,2
corresponds,2
holes,2
teams,2
soil,2
decay,2
executed,2
blunt,2
protect,2
tiberius,2
core,2
lindley,2
warehouses,2
st,2
universities,2
inaccessible,2
using,2
promenade,2
undergoing,2
appropriate,2
tallest,2
aggregate,2
survived,2
chronological,2
approximate,2
coastline,2
demand,2
gradual,2
fractured,2
brings,2
strains,2
july,2
stepson,2
surviving,2
standing,2
sigillata,2
movement,2
ware,2
reception,2
mention,2
elaboration,2
swept,2
makes,2
us,2
longshore,2
already,2
towed,2
reports,2
strata,2
stones,2
double,2
volume,2
hebrew,2
paul,2
technique,2
toward,2
again,2
others,2
piled,2
varies,2
gentle,2
harbours,2
idea,2
break,2
classical,2
zenon,2
surfaces,2
how,2
variation,2
program,2
external,2
patterns,2
plate,2
covered,2
manner,2
necessary,2
begun,2
flooring,2
featureless,2
free,2
outlines,2
ahep,2
survive,2
range,2
cao,2
locate,2
thickness,2
cosa,2
varying,2
began,2
vitruvius,2
weizmann,2
net,2
proportion,2
chosen,2
previous,2
california,2
dating,2
trade,2
sherd,2
rapidly,2
decayed,2
encrusted,2
function,2
dry,2
lie,2
kept,2
claudius,2
artificial,2
lifts,2
jannaeus,2
become,2
mainly,2
do,2
galilee,2
pipe,2
workshop,2
portus,2
joint,2
separate,2
naturally,2
rough,2
compressor,2
force,2
remaining,2
piscina,2
la,2
indicate,2
life,2
why,2
settled,2
existed,2
deposited,2
uprights,2
extensive,2
known,2
trenches,2
funding,2
equipment,2
amphorae,2
natural,2
masonry,2
strengthened,2
cushion,2
sissela,2
exploration,2
pilings,2
alexander,2
facility,2
particularly,2
pebbles,2
proposed,2
carefully,2
unique,2
stability,2
storm,2
waters,2
periphery,2
imperial,2
suggests,2
middle,2
demarcated,2
careful,2
transport,2
attached,2
uniform,2
beach,2
elucidate,2
lies,2
extended,2
substance,2
elevations,2
merchant,2
salvaged,2
coins,2
isolated,2
named,2
sediments,2
recording,2
average,2
redrawn,2
curing,2
fathoms,2
clearest,2
measured,2
association,2
ships,2
exhaustive,2
scuba,2
smooth,2
sherds,2
including,2
viscous,2
sciences,2
entire,2
immediately,2
observed,2
chambers,2
row,2
hypothesis,2
admirably,1
overlaid,1
geographique,1
carved,1
given,1
go,1
ending,1
siedlung,1
jutting,1
inward,1
transportation,1
chnstian,1
currently,1
zero,1
dlat,1
flow,1
investigated,1
narrowest,1
common,1
way,1
leucippe,1
fortified,1
concerned,1
medieval,1
generated,1
dug,1
groups,1
secoxidary,1
designated,1
created,1
expending,1
archeologia,1
deserve,1
ient,1
thrown,1
trans,1
loading,1
calm,1
yam,1
alone,1
ultimate,1
revetment,1
stroll,1
notably,1
originate,1
mouth,1
passing,1
expect,1
unsuccessful,1
tasks,1
group,1
needed,1
conducted,1
led,1
drawback,1
residences,1
khalll,1
saved,1
systematically,1
kinds,1
mobility,1
properly,1
picked,1
terminated,1
referring,1
handles,1
schools,1
dump,1
completely,1
easily,1
nl,1
intermittent,1
candidate,1
park,1
boulder,1
former,1
navigational,1
elnished,1
cargo,1
shop,1
title,1
diving,1
cornell,1
shrunken,1
leaked,1
steeply,1
suffered,1
accomplishments,1
kibbutz,1
corresponding,1
du,1
undercutting,1
laura,1
prosperous,1
pyroclastic,1
mortise,1
permit,1
conforms,1
stajf,1
sources,1
davis,1
clitophon,1
basor,1
certainly,1
container,1
preceding,1
jointly,1
statuary,1
fortielcations,1
fund,1
give,1
attempts,1
undermining,1
might,1
anywhere,1
beautiful,1
fragmentary,1
supplied,1
uncovering,1
handling,1
reach,1
displacement,1
excavating,1
assembling,1
accommodate,1
belong,1
accompanied,1
shoulder,1
pollutants,1
indeed,1
linder,1
helle,1
seamanship,1
studied,1
check,1
closer,1
hundred,1
entered,1
uncovered,1
furtherexcavationis,1
mediterraneenne,1
scoperte,1
take,1
yearbook,1
slippage,1
basins,1
crucial,1
written,1
situ,1
tv,1
reserved,1
political,1
ruined,1
springing,1
subsidence,1
checked,1
surveys,1
superficially,1
augusti,1
rooftiles,1
intersection,1
context,1
ilfn,1
cote,1
datable,1
employs,1
pl,1
occasional,1
depending,1
swells,1
existence,1
bending,1
forthcoming,1
shaken,1
probers,1
ering,1
histoire,1
primary,1
firm,1
right,1
zur,1
sheathed,1
pleasant,1
cap,1
schedule,1
reaction,1
bibliography,1
meiers,1
disembarking,1
taking,1
combination,1
variations,1
consequent,1
aalen,1
classics,1
sousmarine,1
sent,1
cited,1
foun,1
chart,1
phoenicians,1
dirty,1
objective,1
enter,1
himself,1
qadmoniot,1
frova,1
prevented,1
stretchers,1
tied,1
crystallized,1
controlled,1
mistake,1
goal,1
thus,1
andrew,1
historical,1
throughout,1
collapse,1
radios,1
hazards,1
faulting,1
seawall,1
concretions,1
run,1
tennis,1
due,1
sabinus,1
thls,1
longitudinal,1
cooperate,1
seismic,1
pier,1
eo,1
characteristic,1
ease,1
reproduced,1
moment,1
tira,1
occurs,1
hooks,1
veneer,1
american,1
cf,1
restore,1
workers,1
scarp,1
moslem,1
comprised,1
forced,1
guided,1
priority,1
aligned,1
tape,1
resting,1
elements,1
nor,1
old,1
cesaree,1
underlying,1
kleistos,1
irregularities,1
seeing,1
crosses,1
infrequently,1
back,1
etruscan,1
speed,1
columbia,1
channels,1
tyre,1
levantine,1
amphora,1
massivelybuilt,1
mechanical,1
compare,1
find,1
died,1
undertaking,1
weight,1
drawn,1
archaeologist,1
student,1
remarkably,1
interlocking,1
bennett,1
sidon,1
deeply,1
protects,1
eolianite,1
pallet,1
ziek,1
summer,1
poorly,1
sears,1
focused,1
industries,1
smoothed,1
wiesbaden,1
navigable,1
lesser,1
awkward,1
steps,1
operation,1
opposed,1
alexandria,1
simultaneously,1
loaded,1
slowed,1
town,1
whose,1
bull,1
finish,1
exact,1
sockets,1
subjected,1
patron,1
bring,1
principally,1
encompassed,1
superficial,1
developed,1
hopfe,1
faults,1
watch,1
ecoles,1
ra,1
sort,1
en,1
unit,1
conflation,1
tectonic,1
levels,1
corinth,1
mean,1
knew,1
fissures,1
environments,1
js,1
suffer,1
opportunity,1
taller,1
tel,1
granted,1
slipped,1
amphoras,1
associate,1
supplement,1
summanzed,1
ns,1
caissons,1
generally,1
derived,1
floated,1
possess,1
liquefaction,1
danger,1
samos,1
summarized,1
laying,1
bcs,1
overlooked,1
factors,1
gianfrotta,1
consistency,1
wash,1
references,1
category,1
changes,1
supports,1
civilizations,1
dredging,1
established,1
sheeting,1
laterll,1
southwesterly,1
branch,1
levelled,1
proved,1
edition,1
completion,1
sponsonng,1
reviewed,1
profile,1
incorrectly,1
age,1
bedded,1
milan,1
accurate,1
gleaming,1
shorter,1
follow,1
beyond,1
lumps,1
followed,1
disembarked,1
undertaken,1
ofelcial,1
random,1
consequence,1
surge,1
hasmonean,1
mix,1
sultan,1
lu,1
poplar,1
shifted,1
silt,1
strategy,1
suggested,1
providing,1
trained,1
cut,1
fibrous,1
tatius,1
dc,1
mainland,1
encircling,1
disappeared,1
conquest,1
felling,1
headland,1
sdot,1
dunng,1
salvage,1
incomplete,1
bibliotheque,1
basalt,1
extent,1
concentration,1
bearing,1
declined,1
harder,1
rl,1
forrning,1
color,1
access,1
ambitious,1
gradually,1
stratonos,1
outcrops,1
quarried,1
prepare,1
kamnousa,1
austin,1
suitable,1
buoyancy,1
cables,1
morticed,1
shoes,1
apobasis,1
initial,1
philosophical,1
term,1
meter,1
bathymetric,1
equally,1
lude,1
though,1
pulled,1
disturbance,1
repair,1
ibly,1
recently,1
dispersal,1
hammers,1
applied,1
lenses,1
otherwise,1
safe,1
liste,1
your,1
breathing,1
xn,1
explain,1
required,1
freighters,1
zantine,1
answer,1
corners,1
eustatic,1
oh,1
possibility,1
follis,1
timokles,1
coin,1
receive,1
eyewitness,1
oceangon,1
none,1
having,1
petering,1
basis,1
crushed,1
interface,1
amencan,1
correctly,1
conduit,1
artifacts,1
literature,1
pr,1
steep,1
pliny,1
admired,1
unless,1
stake,1
heavily,1
purpose,1
soundin,1
watts,1
stacked,1
reserve,1
apparent,1
calls,1
edn,1
peppery,1
related,1
silts,1
penetrating,1
thoughts,1
positions,1
wiring,1
geology,1
intentionally,1
continuation,1
photographed,1
citation,1
fit,1
discussions,1
roadway,1
obscured,1
alten,1
clad,1
actually,1
superstructure,1
leukos,1
nach,1
winter,1
romaine,1
documented,1
gear,1
neutestamentliche,1
stationary,1
buff,1
showing,1
sidonian,1
rhodian,1
rafts,1
own,1
memoirs,1
markedly,1
hidden,1
beam,1
approach,1
earth,1
oriental,1
preceded,1
good,1
social,1
crew,1
submergence,1
ruinous,1
correct,1
caused,1
fostered,1
reinforces,1
wished,1
straight,1
hired,1
servers,1
box,1
dissipating,1
screw,1
contrast,1
theater,1
aluminum,1
stimulated,1
reaches,1
sharp,1
settlement,1
bank,1
arretine,1
ignore,1
driving,1
pickled,1
constucted,1
anchorages,1
spoiling,1
temporary,1
subsided,1
decline,1
interlocked,1
underavater,1
mixing,1
impossible,1
characterizes,1
managed,1
annual,1
progress,1
fortress,1
notice,1
jnes,1
preferable,1
notes,1
diminished,1
value,1
scientia,1
pot,1
am,1
incrustation,1
activities,1
immersed,1
holding,1
mechanism,1
society,1
shorieh,1
inspection,1
esp,1
critical,1
republican,1
damaged,1
stubby,1
electrical,1
fortunate,1
exterior,1
istic,1
relitti,1
protecting,1
architecture,1
functioning,1
monoliths,1
casarea,1
inset,1
interference,1
economic,1
short,1
service,1
located,1
patrologia,1
abhandlungen,1
fencing,1
recueil,1
rendering,1
upward,1
capacity,1
make,1
indicates,1
cable,1
strips,1
escaping,1
strategic,1
airplane,1
josome,1
corpus,1
robin,1
rectangle,1
valves,1
communications,1
springs,1
kitchenware,1
pewter,1
bearings,1
interpretation,1
pompey,1
push,1
desilting,1
addition,1
suited,1
accident,1
happened,1
ring,1
fleets,1
pattems,1
exposure,1
ne,1
neither,1
alternating,1
bo,1
fragile,1
included,1
nat,1
apron,1
quarries,1
assistance,1
culture,1
congruent,1
yoke,1
rising,1
colored,1
subdivisions,1
largest,1
steve,1
yossi,1
virgin,1
volunteers,1
pozzolana,1
walkway,1
rise,1
surveyors,1
geologists,1
picture,1
wieron,1
fix,1
alteration,1
routes,1
worst,1
mound,1
resolution,1
cavities,1
impediment,1
westward,1
trpos,1
houston,1
bits,1
inundated,1
fritsch,1
challenge,1
business,1
kenneth,1
compaction,1
washed,1
renewed,1
conder,1
forrned,1
printing,1
lowering,1
tremendous,1
projects,1
lime,1
missing,1
piling,1
efforts,1
fact,1
joints,1
longer,1
preserve,1
head,1
scholars,1
slumped,1
striking,1
importation,1
signielcance,1
wine,1
palastinas,1
flimsy,1
disturbed,1
catalogued,1
remain,1
doubt,1
diameter,1
munster,1
bewailing,1
removal,1
reasons,1
interim,1
hand,1
monographs,1
topped,1
operating,1
orderly,1
surf,1
receives,1
projections,1
axes,1
hectares,1
spot,1
tures,1
undisturbed,1
council,1
dowels,1
heaps,1
schick,1
simplicity,1
producing,1
shifting,1
exceeds,1
corroded,1
zodiac,1
style,1
horizontally,1
counterpart,1
encountered,1
extremities,1
posited,1
giens,1
degree,1
saidah,1
remove,1
planking,1
analyzed,1
private,1
understanding,1
ingenious,1
withstand,1
lap,1
proves,1
supplies,1
sluice,1
treated,1
easier,1
upon,1
dllring,1
augustus,1
endowment,1
jfa,1
concreted,1
gazda,1
closed,1
enhanced,1
sn,1
increase,1
judge,1
perforation,1
skeletal,1
tenon,1
arm,1
entirely,1
pierheads,1
phrases,1
slump,1
largely,1
emphasize,1
conditions,1
congress,1
sequence,1
resulting,1
harvard,1
bed,1
questions,1
processes,1
rare,1
continue,1
ibid,1
mole,1
raising,1
chemical,1
seaworn,1
connected,1
theories,1
necessitated,1
nevertheless,1
internal,1
students,1
army,1
low,1
explorations,1
shielded,1
clear,1
fracturing,1
compressed,1
directed,1
comprehensive,1
perpendicular,1
ottoman,1
bonn,1
spawned,1
amounts,1
warding,1
leave,1
individual,1
sliding,1
characterized,1
threw,1
collaboration,1
like,1
mittelmeers,1
belongs,1
prodigious,1
general,1
gates,1
protruding,1
curve,1
played,1
serves,1
tennination,1
maharal,1
loeb,1
probable,1
earlier,1
volumes,1
segment,1
ep,1
reuse,1
exchange,1
inscribed,1
wrecks,1
redgloss,1
graphic,1
especially,1
facing,1
enough,1
bowls,1
include,1
article,1
unstratieled,1
parallel,1
conduits,1
aegean,1
relation,1
suffers,1
overcome,1
wreck,1
effect,1
vasorum,1
beachrock,1
securely,1
tapers,1
enjoyed,1
remainder,1
james,1
confusing,1
dumping,1
statue,1
horse,1
admiralty,1
equivalent,1
attracted,1
haven,1
destruction,1
centumcellae,1
sticky,1
lannedfor,1
jss,1
united,1
sur,1
footings,1
sailing,1
xxviii,1
brown,1
species,1
decision,1
seaside,1
clusters,1
seized,1
indication,1
tance,1
topography,1
christian,1
yale,1
wasteland,1
lrr,1
aid,1
today,1
raise,1
humanities,1
she,1
fairly,1
continued,1
involving,1
carned,1
mixture,1
science,1
segments,1
sometimes,1
diesel,1
mortised,1
practical,1
tm,1
suspected,1
franfaises,1
bare,1
plastic,1
negev,1
institutions,1
sluices,1
translation,1
rim,1
histonan,1
visual,1
downward,1
palimpsest,1
countries,1
chorages,1
vaults,1
often,1
spared,1
arretinorum,1
continually,1
diagnostic,1
surprising,1
chamber,1
respect,1
types,1
centuries,1
hutchinson,1
sandstone,1
canada,1
gathered,1
crowded,1
ioq,1
vasicular,1
dalongeville,1
stephen,1
pitiable,1
sephus,1
meer,1
moldmade,1
baseline,1
meant,1
anrw,1
rises,1
sketches,1
westernmost,1
striations,1
practice,1
following,1
dispersed,1
comes,1
staggered,1
circumstances,1
manual,1
gaza,1
simply,1
steel,1
geographic,1
ever,1
extension,1
xf,1
her,1
mantime,1
sufficient,1
numismatic,1
temple,1
text,1
dovetail,1
sweden,1
emperors,1
alternative,1
quickly,1
dimension,1
ran,1
punica,1
initsinnermostrecesses,1
stem,1
principle,1
granular,1
cm,1
interrupted,1
steven,1
different,1
lamp,1
rescale,1
lying,1
contained,1
industry,1
capital,1
equivocal,1
intrusive,1
unloading,1
visiting,1
keel,1
constantius,1
attractiveness,1
donors,1
atlit,1
denver,1
limen,1
docking,1
pococke,1
dumped,1
unusable,1
cities,1
nailed,1
hafenanlagen,1
recorder,1
propitious,1
prokumia,1
places,1
stamps,1
resembled,1
consisted,1
beginning,1
william,1
economy,1
exposing,1
investigation,1
gladiator,1
list,1
making,1
involvement,1
cause,1
particular,1
ballast,1
noticeable,1
dive,1
conclusion,1
armies,1
earthenware,1
lengths,1
beaches,1
axis,1
ceased,1
ostracea,1
adaptation,1
heavier,1
medallion,1
surveying,1
supplemented,1
always,1
utilitarian,1
weights,1
institute,1
abruptly,1
wateror,1
installations,1
pouzzoles,1
barely,1
produce,1
elrmly,1
agreed,1
moller,1
emphasis,1
threat,1
fissured,1
ses,1
matenal,1
spaces,1
conveniently,1
conference,1
burden,1
beitrage,1
outline,1
intense,1
apparatus,1
boldly,1
occasionally,1
trees,1
son,1
logical,1
stroudsberg,1
affecting,1
despite,1
piers,1
particles,1
became,1
ec,1
role,1
november,1
stairs,1
sl,1
die,1
adapted,1
obtain,1
divided,1
dropping,1
ner,1
maintained,1
au,1
comprehend,1
fine,1
goals,1
southem,1
varied,1
pair,1
antique,1
indiana,1
ends,1
formation,1
ultimately,1
argument,1
fi,1
reveals,1
flavius,1
cambridge,1
valve,1
initiated,1
paradigm,1
wali,1
diam,1
waterline,1
pierced,1
newsletter,1
faltand,1
documentation,1
typically,1
tricky,1
need,1
product,1
bear,1
states,1
disintegrated,1
col,1
conquered,1
you,1
scavi,1
defined,1
leiden,1
quartz,1
increased,1
pillars,1
puddled,1
tipped,1
summary,1
comparison,1
observation,1
searching,1
news,1
deciding,1
assumed,1
client,1
jeff,1
basln,1
carthage,1
reached,1
antiken,1
beiheft,1
partial,1
oxe,1
composing,1
views,1
restaurant,1
abandoned,1
focus,1
seemed,1
reel,1
strong,1
comparable,1
terracotta,1
cross,1
asked,1
signals,1
showed,1
tube,1
anchors,1
looking,1
seawater,1
grants,1
dessauer,1
