WORDCOUNTS,WEIGHT
the,439
of,356
to,219
a,178
in,147
or,137
that,129
and,128
be,103
an,76
for,73
shall,63
is,63
such,62
as,60
not,60
with,53
excavation,51
any,50
it,47
by,43
ethical,42
have,41
archaeological,40
would,39
are,38
on,38
chief,34
from,32
might,31
excavator,31
at,30
code,30
may,27
archaeology,27
i,26
their,25
canon,24
archaeologist,24
they,23
some,23
her,23
archaeologists,22
his,22
which,22
this,22
has,21
only,21
all,20
there,20
staff,20
standards,20
field,20
if,19
most,18
he,18
ethics,17
other,17
but,17
should,17
than,16
sponsor,16
these,16
site,15
upon,15
canons,15
member,14
when,14
conduct,14
so,14
antiquities,14
artifacts,13
what,13
into,12
more,12
she,12
been,12
since,11
no,11
information,11
well,11
many,11
them,11
one,10
those,10
excavators,10
could,10
work,10
its,10
scientific,10
do,10
professional,10
american,9
certain,9
we,9
issues,9
society,9
under,9
also,9
where,9
concern,9
can,9
practice,9
seem,9
whether,9
statement,9
remains,9
given,9
attempt,8
possible,8
concerning,8
general,8
further,8
otherwise,8
records,8
codes,8
avoid,8
question,8
perhaps,8
here,8
report,8
come,8
need,8
among,8
being,7
anything,7
government,7
within,7
guidelines,7
except,7
means,7
problems,7
cannot,7
aspects,7
am,7
will,7
members,7
sometimes,7
particularly,7
scholarly,7
particular,7
principles,6
prior,6
himself,6
operations,6
organization,6
care,6
out,6
part,6
own,6
sponsorship,6
about,6
ancient,6
organizations,6
inclined,6
purchase,6
through,6
association,6
college,5
kinds,5
definition,5
taking,5
approval,5
excavations,5
without,5
rather,5
result,5
cultural,5
let,5
basis,5
data,5
related,5
during,5
personal,5
excavated,5
least,5
responsibility,5
appropriate,5
matter,5
museum,5
two,5
request,5
toward,5
responsibilities,5
discussion,5
made,5
herself,5
three,5
written,5
me,5
matters,5
text,5
each,5
best,5
regard,5
art,5
must,5
although,5
themselves,5
final,4
does,4
tend,4
said,4
either,4
provision,4
nature,4
were,4
issue,4
right,4
desirable,4
funds,4
even,4
act,4
statements,4
risk,4
special,4
preservation,4
nor,4
prevent,4
surface,4
faced,4
found,4
persons,4
procedures,4
place,4
good,4
warrant,4
order,4
few,4
proper,4
herein,4
merits,4
party,4
stating,4
time,4
considerable,4
employment,4
present,4
relevant,4
another,4
private,4
sufficiently,4
use,4
nothing,4
keep,4
like,4
him,4
educational,4
provide,4
support,4
who,4
wooster,4
circumstances,4
extent,4
content,4
role,4
subject,4
years,4
national,4
include,4
undertakings,3
now,3
way,3
ultimate,3
pertaining,3
group,3
favor,3
before,3
practices,3
certainly,3
interests,3
give,3
follows,3
robert,3
cooperation,3
laws,3
controlled,3
human,3
thus,3
mores,3
lectures,3
relatively,3
reproduced,3
adopted,3
codified,3
find,3
undertaking,3
journal,3
legal,3
parts,3
study,3
discoveries,3
director,3
four,3
beyond,3
permanent,3
restriction,3
deal,3
recently,3
having,3
participation,3
concept,3
purpose,3
people,3
reflect,3
legislation,3
working,3
next,3
involved,3
always,3
jordan,3
value,3
activities,3
materials,3
various,3
licensing,3
limited,3
social,3
houston,3
fact,3
scholars,3
enough,3
orderly,3
less,3
see,3
including,3
actual,3
recovery,3
engaged,3
laboratory,3
clear,3
publication,3
become,3
institution,3
widely,3
carried,3
guideline,3
recognize,3
often,3
instances,3
preclude,3
repository,3
principle,3
country,3
argue,3
conceivably,3
past,3
works,3
regulations,3
according,3
appears,3
making,3
unethical,3
problem,3
institute,3
property,3
agreed,3
intention,3
think,3
varied,3
prepared,3
definitive,3
whenever,3
major,3
concerned,2
dictate,2
introduction,2
debris,2
expect,2
conducted,2
complex,2
screening,2
illegal,2
provisions,2
lnternational,2
second,2
easily,2
considerations,2
policy,2
protection,2
first,2
permit,2
professions,2
reasons,2
fully,2
hundred,2
take,2
state,2
precisely,2
prohibiting,2
discipline,2
committed,2
context,2
contents,2
preventing,2
formulation,2
advisory,2
vol,2
sale,2
dignity,2
engage,2
evaluating,2
make,2
accessible,2
development,2
objective,2
against,2
author,2
issued,2
convention,2
commencing,2
turn,2
distinct,2
elements,2
developments,2
manifestly,2
underlying,2
elicit,2
suitable,2
helpful,2
colleague,2
occasion,2
though,2
acknowledge,2
wishes,2
bring,2
basic,2
process,2
connected,2
leave,2
direct,2
feel,2
discernible,2
university,2
consider,2
bribery,2
just,2
argued,2
too,2
maintain,2
situations,2
archeological,2
opinion,2
export,2
my,2
acceptable,2
dumps,2
whom,2
societies,2
traditionally,2
employee,2
base,2
academic,2
informed,2
treat,2
prohibit,2
meet,2
facilities,2
public,2
because,2
future,2
planning,2
publish,2
carry,2
unless,2
numerous,2
apparent,2
realm,2
broad,2
constitute,2
contains,2
relevance,2
preparation,2
manipulation,2
suggest,2
qualielcation,2
several,2
disposition,2
routine,2
governments,2
decline,2
protect,2
progress,2
majority,2
world,2
notes,2
provided,2
actions,2
nations,2
therefore,2
likely,2
identified,2
return,2
brief,2
community,2
direction,2
selection,2
consulted,2
guide,2
once,2
yet,2
interpretation,2
permission,2
serve,2
us,2
assistance,2
same,2
qualified,2
penalties,2
resolution,2
name,2
law,2
others,2
smith,2
outside,2
consideration,2
ought,2
sanctions,2
inevitably,2
new,2
appropriately,2
man,2
discussed,2
ground,2
manner,2
purposes,2
existing,2
norms,2
number,2
free,2
local,2
acknowledgment,2
collecting,2
intent,2
completed,2
region,2
increase,2
entirely,2
licensed,2
full,2
moral,2
directed,2
fellow,2
lie,2
earlier,2
illicit,2
provides,2
latter,2
interpretations,2
greatly,2
probably,2
accord,2
tendency,2
destruction,2
evaluated,2
attention,2
dealing,2
assigned,2
violation,2
today,2
raise,2
foreign,2
practical,2
reasonable,2
begin,2
select,2
fairly,2
institutions,2
detailed,2
countries,2
antiquity,2
united,2
respect,2
education,2
sound,2
environment,2
contained,2
conclusion,2
incorporated,2
extensive,2
cover,2
over,2
stamina,2
sure,2
worth,2
interested,2
current,2
eventually,2
linked,2
obviously,2
research,2
historical,2
terms,2
list,2
ones,2
orally,2
amant,2
contain,2
both,2
conclude,2
ohio,2
uniform,2
impose,2
mention,2
our,2
nov,2
obliged,2
repositories,2
conditions,2
accept,2
wish,2
course,2
physical,2
opinions,2
states,2
you,2
colleagues,2
objections,2
specific,2
supported,2
pertain,2
individualistic,2
early,2
ownership,2
token,2
focus,2
seek,2
recent,2
operational,2
virtue,2
fostering,2
close,2
unethically,1
resolve,1
frequent,1
deception,1
difficult,1
go,1
formulated,1
done,1
discourage,1
limits,1
stuart,1
declared,1
representing,1
avoiding,1
materiel,1
names,1
devolves,1
ready,1
truth,1
affected,1
extend,1
counsel,1
enjoins,1
accords,1
adoption,1
scientielc,1
necessitates,1
likewise,1
replaced,1
approved,1
agency,1
word,1
constitutes,1
true,1
ways,1
unwritten,1
drawings,1
studies,1
specified,1
competence,1
modern,1
candidate,1
spirit,1
deny,1
position,1
enjoys,1
necessarily,1
history,1
encourage,1
detrimental,1
guise,1
something,1
descriptions,1
meaningless,1
societal,1
qualification,1
negative,1
experience,1
consistent,1
functioning,1
discretion,1
explaining,1
beneficial,1
unearthed,1
sources,1
long,1
preceding,1
posed,1
distinguishing,1
jindings,1
handle,1
ii,1
disscussed,1
attempts,1
taken,1
disturbance,1
assist,1
permanently,1
emerged,1
advanced,1
official,1
seems,1
parties,1
handling,1
delineation,1
available,1
stringent,1
lengthiest,1
accompanied,1
borders,1
undertake,1
great,1
display,1
confusion,1
altruistic,1
potentially,1
analyses,1
train,1
assembled,1
able,1
uncovered,1
religion,1
survey,1
deemed,1
help,1
outset,1
rudimentary,1
commercialism,1
practicable,1
monopolistic,1
primitive,1
deriving,1
reading,1
somewhat,1
becauve,1
hostility,1
behind,1
el,1
violating,1
bluntly,1
case,1
expedition,1
governmental,1
dissemination,1
pretext,1
suspect,1
sophisticated,1
lest,1
key,1
knowledgeable,1
advice,1
encouraging,1
mass,1
budgeted,1
knowingly,1
discuss,1
disseminated,1
retain,1
custom,1
difelcult,1
suppress,1
welcome,1
recommended,1
determined,1
enforcement,1
activity,1
attaching,1
schedule,1
adopting,1
solely,1
functions,1
obvious,1
purchases,1
professor,1
point,1
say,1
supervision,1
very,1
coordinating,1
cautious,1
resources,1
apply,1
undoubtedly,1
enter,1
demanded,1
withhold,1
letter,1
prevented,1
urging,1
collection,1
framework,1
learned,1
regarding,1
conflict,1
goal,1
includes,1
procrastinates,1
nullify,1
relationships,1
facts,1
uncodified,1
run,1
countless,1
calculated,1
pursuit,1
cognizant,1
unpublished,1
de,1
jib,1
intact,1
interest,1
regarded,1
afford,1
avocational,1
grouped,1
unhealthy,1
century,1
manager,1
learning,1
interprets,1
guided,1
priority,1
rank,1
cases,1
blame,1
channeled,1
proclivitiev,1
commercialization,1
times,1
enhancement,1
refer,1
subjects,1
highest,1
withdraw,1
serving,1
restrict,1
holds,1
inclusion,1
forbid,1
effective,1
inadequately,1
publications,1
formulate,1
sincerely,1
designating,1
slightest,1
resolutions,1
hardly,1
whichever,1
focused,1
purchasing,1
lesser,1
operation,1
gaining,1
weapon,1
alleged,1
adequate,1
whose,1
license,1
monopolies,1
growth,1
traffic,1
negatively,1
untainted,1
declaring,1
sort,1
appreciation,1
explicit,1
realistically,1
presentation,1
myself,1
responded,1
pressing,1
associate,1
loses,1
inculcating,1
b,1
derived,1
balanced,1
contributions,1
lacking,1
practicing,1
factors,1
emanate,1
expressing,1
inanimate,1
suffice,1
reason,1
involvement,1
enjoined,1
lives,1
solutions,1
paragraphs,1
monumental,1
consultation,1
marks,1
locally,1
was,1
emergence,1
presumably,1
clearly,1
specify,1
elevated,1
irregularities,1
completion,1
objectivity,1
placed,1
nationals,1
welfare,1
age,1
unavoidable,1
show,1
additional,1
contemplates,1
fndings,1
follow,1
honorary,1
ssa,1
undertaken,1
cost,1
parsimonious,1
destructive,1
discouraging,1
referral,1
archaeologicalcode,1
view,1
stands,1
hope,1
methodology,1
epilogue,1
union,1
had,1
expressed,1
closely,1
advance,1
came,1
based,1
lead,1
contravened,1
channels,1
scientifically,1
carrying,1
method,1
begun,1
hands,1
called,1
critically,1
p,1
inappropriate,1
relating,1
effort,1
objectives,1
ridicule,1
international,1
endeavor,1
evaluate,1
gratuities,1
fourth,1
topics,1
equally,1
understood,1
equal,1
vocational,1
expressly,1
irc,1
province,1
opprobrium,1
teacher,1
impropriety,1
promise,1
applied,1
record,1
ignorance,1
perform,1
guidance,1
fox,1
abreast,1
opposition,1
temptations,1
scientijic,1
near,1
briefly,1
receive,1
electing,1
sites,1
trznsfer,1
distinguish,1
stances,1
closed,1
used,1
mandatory,1
idealistic,1
paraphrase,1
archaeologistss,1
deelnitive,1
r,1
psychological,1
divulging,1
devising,1
civil,1
kuf,1
description,1
whole,1
fail,1
collective,1
reportedly,1
mcgimsey,1
officers,1
projournal,1
sanetions,1
participate,1
resort,1
conform,1
endorsement,1
trends,1
approach,1
shortcomings,1
khirbet,1
circumventing,1
earth,1
arkansas,1
published,1
creating,1
arise,1
fulfilled,1
retired,1
stage,1
tested,1
sponsors,1
event,1
sake,1
specifically,1
sole,1
small,1
autonomy,1
ethies,1
issuing,1
adversely,1
choose,1
transfer,1
exigencies,1
acts,1
observe,1
adhere,1
distinguished,1
differing,1
methodological,1
hindrance,1
customary,1
offending,1
paid,1
plausible,1
participates,1
propriety,1
invidious,1
sophistication,1
undesirable,1
mechanism,1
seemed,1
conceal,1
commensurate,1
hireling,1
f,1
critical,1
deelnitions,1
responsibly,1
led,1
unscrupulous,1
noteworthy,1
situation,1
arrangement,1
demand,1
reduced,1
promulgation,1
territorial,1
misrepresent,1
short,1
indeed,1
located,1
overall,1
decapolis,1
acknowledged,1
nearly,1
courtesies,1
becqome,1
poor,1
vocation,1
above,1
realizing,1
presently,1
surviving,1
argument,1
went,1
initially,1
ssnew,1
suppose,1
put,1
allfield,1
improper,1
fgure,1
ethically,1
contributing,1
pursuant,1
misuse,1
competition,1
auspices,1
curators,1
recommendation,1
read,1
ulterior,1
thought,1
deflect,1
challenged,1
neither,1
favorable,1
classroom,1
disparage,1
achieve,1
sociological,1
publishing,1
complete,1
culture,1
sharply,1
insights,1
visitors,1
reports,1
violations,1
noted,1
increasingly,1
bar,1
directions,1
useful,1
heritage,1
book,1
attacks,1
inventive,1
power,1
stated,1
humanitarian,1
grips,1
again,1
pointed,1
europe,1
reporting,1
similarly,1
ask,1
trafficking,1
addition,1
towards,1
usefulness,1
leading,1
admit,1
idea,1
shade,1
abilities,1
occupations,1
offact,1
agree,1
documents,1
attempting,1
regulation,1
enable,1
really,1
classical,1
reacted,1
clause,1
formulating,1
descended,1
venture,1
minimize,1
imperfect,1
seldom,1
removal,1
maker,1
conclusions,1
hand,1
intervene,1
covered,1
secular,1
accepted,1
vulnerable,1
contracted,1
tell,1
homer,1
council,1
duties,1
necessary,1
material,1
conviction,1
agencies,1
deep,1
fewer,1
metropolitan,1
assorted,1
codieled,1
admittedly,1
explicitly,1
thoroughly,1
anticipate,1
degree,1
scant,1
notion,1
submit,1
provenance,1
hesitate,1
greatest,1
supplies,1
restrictions,1
discovery,1
chiefly,1
range,1
values,1
limitations,1
impart,1
doorstep,1
thereto,1
deliberately,1
fictional,1
conceivable,1
contacts,1
discrediting,1
findings,1
lecture,1
waste,1
significant,1
food,1
assumption,1
virtually,1
assume,1
morality,1
ideas,1
questions,1
trend,1
maintains,1
merit,1
golden,1
aesthetic,1
dealer,1
optimistic,1
pennsylvania,1
theoretical,1
students,1
specielc,1
platitudinous,1
trade,1
significance,1
quotation,1
subtle,1
communicated,1
peripheral,1
express,1
obtaining,1
health,1
urge,1
individual,1
professionalization,1
attach,1
collaboration,1
slander,1
spread,1
inadequacies,1
high,1
sideration,1
devise,1
peer,1
worded,1
standard,1
imagination,1
sufelciently,1
nonprofit,1
readers,1
article,1
promote,1
methods,1
sense,1
narrow,1
suit,1
correction,1
displayed,1
accordingly,1
effect,1
accrue,1
cluttering,1
availability,1
james,1
percent,1
conscience,1
controversial,1
propose,1
standout,1
irresponsible,1
ephemerae,1
unrelated,1
unwittingly,1
cautionary,1
ethic,1
increasing,1
asking,1
fraternal,1
declaration,1
digs,1
evolve,1
science,1
legalism,1
program,1
fear,1
alternate,1
discard,1
widespread,1
primarily,1
statutes,1
dimensions,1
ting,1
qualify,1
concluding,1
returned,1
effectively,1
circumstance,1
understand,1
contribution,1
compromising,1
deals,1
length,1
contributor,1
distort,1
class,1
strive,1
responsible,1
analysis,1
fall,1
supporting,1
bestow,1
itself,1
face,1
enunciated,1
interpretive,1
pressures,1
conservation,1
bala,1
photographs,1
increased,1
coterie,1
detail,1
claims,1
school,1
laborer,1
anthropological,1
warrants,1
authorities,1
then,1
regrettably,1
dumping,1
mentioned,1
gratuity,1
simply,1
officially,1
invoked,1
enunciation,1
mulgated,1
reciprocity,1
satisfactory,1
favors,1
constructed,1
temporal,1
charles,1
borrow,1
narrowly,1
funding,1
equipment,1
set,1
natural,1
control,1
readily,1
proponents,1
different,1
connection,1
historians,1
innovations,1
restrictive,1
denoted,1
printed,1
obscurely,1
half,1
surprised,1
intrusion,1
foundation,1
iii,1
compliance,1
job,1
pella,1
exhaustive,1
far,1
asserting,1
benefit,1
primary,1
associations,1
thompson,1
proposed,1
person,1
consisted,1
clarity,1
beginning,1
carefully,1
offield,1
worthwhile,1
form,1
accounts,1
want,1
supports,1
briejfly,1
add,1
vigorously,1
announcements,1
tending,1
appropriated,1
prepare,1
while,1
prestige,1
withoutthe,1
influenced,1
indifference,1
generally,1
minimal,1
suggests,1
emphasis,1
categories,1
felt,1
popular,1
arbiter,1
excavational,1
gratitude,1
owner,1
occasionally,1
antimonopolistic,1
courses,1
easy,1
intended,1
preached,1
step,1
bona,1
obtain,1
ever,1
using,1
definitions,1
associating,1
writing,1
detect,1
reducible,1
examinations,1
timate,1
bargaining,1
until,1
commercial,1
locations,1
touch,1
authorized,1
difference,1
disposal,1
donald,1
lately,1
grant,1
finally,1
explanation,1
applicable,1
actively,1
approximately,1
efficient,1
evidence,1
clearest,1
selfimprovement,1
voluntary,1
promptly,1
doubtless,1
needs,1
treats,1
potential,1
between,1
humanistic,1
arrange,1
conscientiously,1
third,1
justify,1
supply,1
vary,1
inasmuch,1
stipulations,1
obligation,1
solicit,1
irrelevant,1
sharing,1
partial,1
uncertainty,1
bounds,1
northwestern,1
traditional,1
duration,1
strong,1
north,1
beings,1
premature,1
broader,1
doing,1
attendance,1
frankly,1
draft,1
customs,1
discern,1
