WORDCOUNTS,WEIGHT
the,121
of,117
and,76
in,69
to,52
a,34
that,31
is,29
as,23
power,18
by,17
this,15
not,14
for,14
it,13
volume,13
meaning,12
archaeology,12
on,12
anthropology,11
an,11
world,10
one,9
with,9
social,9
material,9
has,9
are,8
have,8
be,8
his,7
university,7
or,7
culture,7
hodder,7
domination,6
life,6
from,6
present,6
new,6
through,6
press,6
at,5
he,5
approaches,5
interpretive,5
mary,5
symbolic,5
all,5
many,5
other,5
multiple,5
its,5
models,5
than,5
so,5
way,4
rather,4
their,4
analysis,4
we,4
but,4
text,4
more,4
offers,4
c,4
those,4
editorial,4
chapters,4
archaeological,4
third,4
make,3
linguistic,3
they,3
us,3
anthropological,3
ucko,3
most,3
human,3
book,3
might,3
seems,3
out,3
while,3
inherently,3
historical,3
review,3
what,3
proceedings,3
theory,3
well,3
conference,3
cambridge,3
reader,3
lies,3
use,3
ideas,3
which,3
were,3
language,3
such,3
meanings,3
relations,3
especially,3
become,3
structure,3
james,3
up,3
even,3
journal,3
critique,3
aim,2
critical,2
may,2
page,2
george,2
will,2
been,2
truth,2
who,2
etc,2
deliberately,2
introduction,2
certain,2
contents,2
contributions,2
studies,2
structural,2
study,2
often,2
once,2
authority,2
table,2
marcus,2
borrowed,2
neither,2
ian,2
prehistorians,2
thinking,2
too,2
must,2
being,2
e,2
first,2
voices,2
set,2
deetz,2
address,2
attempt,2
intellectual,2
control,2
into,2
clifford,2
j,2
scholars,2
analyses,2
ideology,2
served,2
end,2
examining,2
question,2
further,2
though,2
cultural,2
according,2
california,2
discipline,2
where,2
within,2
whether,2
see,2
theoretical,2
forth,2
series,2
invitation,2
perhaps,2
some,2
artifacts,2
discussion,2
work,2
made,2
documentary,2
point,2
part,2
issues,2
people,2
device,2
come,2
away,2
editor,2
points,2
clear,2
past,2
scrambling,2
aware,2
least,2
although,2
analogy,2
fischer,2
order,2
quite,2
mainstream,2
around,2
perspective,2
recognition,2
folk,2
cohen,2
can,2
debate,2
texts,2
when,2
essays,2
resistance,2
tendency,2
notes,2
attention,2
americanist,2
ranging,1
critics,1
marshall,1
reactive,1
f,1
states,1
dipping,1
transform,1
actors,1
revisionist,1
reflects,1
perspectives,1
note,1
limits,1
no,1
reviewer,1
various,1
mix,1
if,1
usually,1
minorities,1
preference,1
developed,1
practical,1
practitioners,1
scrambled,1
remain,1
functional,1
ironic,1
pieces,1
offieldarchaeology,1
housing,1
basic,1
does,1
return,1
inarticulate,1
explicit,1
presentation,1
implies,1
liberating,1
get,1
dimensions,1
active,1
detailed,1
clothbound,1
risk,1
weighting,1
semiotic,1
house,1
grinding,1
large,1
phonemes,1
hold,1
responsible,1
conventional,1
scales,1
manipulative,1
oversimplified,1
whole,1
guide,1
feel,1
productive,1
ma,1
formed,1
space,1
lip,1
criticism,1
true,1
ways,1
fields,1
interpretation,1
victor,1
strictly,1
criticizes,1
reason,1
repressive,1
makes,1
postprocessual,1
read,1
nor,1
suspicious,1
old,1
array,1
sociocultural,1
prehistory,1
greater,1
dichotomy,1
stephen,1
objects,1
claims,1
academe,1
established,1
sections,1
had,1
familiar,1
unwin,1
antidote,1
presents,1
organized,1
included,1
exercised,1
commonwealth,1
overturning,1
any,1
intrinsically,1
rightly,1
postmodernism,1
producers,1
consciousness,1
idealist,1
withstands,1
preface,1
ethnographic,1
ed,1
al,1
version,1
natural,1
reviewed,1
these,1
provocative,1
cautions,1
literary,1
negative,1
department,1
criado,1
ballerino,1
noted,1
resource,1
exposed,1
beside,1
theme,1
archaeologists,1
colleen,1
foucault,1
phyllis,1
either,1
eschewing,1
failing,1
hence,1
long,1
transformative,1
certainly,1
preceding,1
creation,1
instance,1
alternative,1
index,1
was,1
anthony,1
comparative,1
m,1
attempts,1
historians,1
toward,1
kassam,1
positivist,1
drawing,1
view,1
over,1
appear,1
ask,1
beaudry,1
history,1
chock,1
each,1
honduras,1
cultureproduced,1
nature,1
adherence,1
uses,1
efforts,1
result,1
closely,1
steven,1
worth,1
suggestions,1
prehistoric,1
fact,1
whom,1
idea,1
limit,1
sampling,1
seem,1
treatment,1
nothing,1
diligently,1
distraction,1
could,1
materialist,1
critic,1
call,1
straightforward,1
argue,1
cape,1
great,1
explicated,1
simple,1
universal,1
exclusion,1
derrida,1
regard,1
p,1
capacity,1
boon,1
origin,1
rich,1
inevitably,1
confront,1
objectives,1
subscribe,1
format,1
service,1
giddens,1
concludes,1
far,1
goods,1
reductionist,1
benefit,1
contemporary,1
take,1
formemes,1
elsewhere,1
beast,1
initial,1
struggles,1
equivalents,1
richardson,1
proposed,1
anne,1
works,1
rhetoric,1
forms,1
never,1
embedded,1
feminist,1
state,1
took,1
miles,1
sangren,1
do,1
beginning,1
learn,1
quietly,1
current,1
offactemes,1
focused,1
alike,1
somewhat,1
innovative,1
hostile,1
reviews,1
confused,1
women,1
equate,1
context,1
tools,1
papers,1
relevant,1
offield,1
terms,1
worthwhile,1
selected,1
michael,1
less,1
answer,1
probate,1
akin,1
case,1
pease,1
tilley,1
sciences,1
experimental,1
takes,1
ignorance,1
flaws,1
existence,1
assortment,1
isbn,1
eds,1
find,1
anthropologists,1
premise,1
wide,1
formulation,1
vein,1
creates,1
her,1
stunning,1
primary,1
because,1
studying,1
number,1
interpreting,1
chapter,1
property,1
skillfully,1
original,1
vol,1
uneven,1
rock,1
reassembled,1
suggests,1
basis,1
emphasis,1
possible,1
reorganization,1
r,1
politics,1
understanding,1
processualist,1
glassie,1
used,1
freedom,1
art,1
yentsch,1
middle,1
coherent,1
both,1
grossly,1
boston,1
explanation,1
chiefly,1
whence,1
renders,1
heard,1
inimical,1
careful,1
heart,1
hoping,1
pass,1
except,1
collections,1
sea,1
sixth,1
laws,1
knowledge,1
looking,1
related,1
role,1
along,1
negotiation,1
easy,1
manifold,1
subject,1
criticized,1
tenets,1
disciplines,1
reminded,1
et,1
controlling,1
ethnography,1
rationale,1
morphemes,1
expression,1
measure,1
genuine,1
largely,1
assumption,1
positivists,1
assume,1
congress,1
aims,1
writing,1
centred,1
aspect,1
runs,1
conflict,1
central,1
internalized,1
thus,1
our,1
music,1
frances,1
reproduction,1
ends,1
institution,1
achieving,1
weakened,1
only,1
own,1
since,1
swirled,1
sprang,1
approach,1
authors,1
piecemeal,1
integral,1
reputation,1
peter,1
logic,1
relatively,1
creating,1
held,1
offer,1
moment,1
accused,1
keep,1
raises,1
sense,1
powerful,1
land,1
characterized,1
richness,1
field,1
range,1
useful,1
overemphasize,1
responsibility,1
employing,1
things,1
stage,1
structuralist,1
sample,1
prevalence,1
thoughtful,1
collected,1
politically,1
structuring,1
defined,1
turn,1
discourse,1
action,1
enriched,1
browse,1
elements,1
developments,1
better,1
direction,1
rejecting,1
teams,1
david,1
poetics,1
gets,1
random,1
few,1
june,1
coercive,1
smithsonian,1
highly,1
edmund,1
postmodernist,1
between,1
materialism,1
restrict,1
encouraging,1
inclusion,1
editors,1
theorists,1
alert,1
wont,1
essentially,1
interpretations,1
felipe,1
chicago,1
right,1
effect,1
patricia,1
methodological,1
experiential,1
clever,1
henry,1
views,1
explore,1
probably,1
indoctrinated,1
application,1
given,1
look,1
traditional,1
much,1
among,1
seek,1
tyler,1
recent,1
overdetermined,1
general,1
hermeneutical,1
recurring,1
outright,1
subversion,1
showed,1
influence,1
infinite,1
close,1
processualistspractitioners,1
repays,1
society,1
tennessee,1
