WORDCOUNTS,WEIGHT
the,507
of,351
and,237
a,123
in,120
to,106
at,71
by,60
for,55
was,49
from,48
on,44
were,42
is,40
have,35
that,32
university,31
been,31
as,29
are,29
with,26
an,25
be,25
which,23
it,21
museum,21
has,20
art,20
objects,19
will,19
its,17
or,17
but,17
gordion,17
archaeological,16
some,15
exhibition,15
new,14
not,14
lydian,13
many,13
made,13
gold,13
one,12
century,12
their,12
study,12
found,12
this,12
early,12
all,11
bc,11
field,11
south,11
ancient,11
these,11
material,11
remains,11
cypriote,11
m,10
other,10
most,10
department,10
only,10
also,10
would,10
tomb,10
ca,10
east,9
short,9
two,9
paper,9
both,9
news,9
building,9
large,8
there,8
may,8
important,8
excavation,8
part,8
about,8
three,8
we,8
conservation,8
hasanlu,7
s,7
side,7
excavations,7
his,7
contributions,7
excavated,7
boston,7
period,7
pottery,7
greek,7
known,7
roman,7
wall,7
area,7
now,6
they,6
western,6
into,6
first,6
archaeologists,6
tumulus,6
state,6
robert,6
along,6
central,6
iron,6
such,6
no,6
burials,6
late,6
further,6
near,6
tombs,6
year,6
place,6
than,6
buildings,6
around,6
several,6
texas,6
still,6
never,6
archaeology,6
historical,6
marble,6
national,6
evidence,6
between,6
north,6
geometric,5
royal,5
before,5
hittite,5
display,5
young,5
journal,5
white,5
argued,5
beams,5
had,5
out,5
burial,5
sites,5
work,5
research,5
finds,5
more,5
time,5
metropolitan,5
harvard,5
sardis,5
figure,5
when,5
bronze,5
set,5
moutes,5
while,5
city,5
plans,5
phrygian,5
include,5
glass,5
anatolian,4
if,4
mosaic,4
village,4
complex,4
stone,4
columns,4
h,4
modern,4
able,4
date,4
staff,4
papers,4
system,4
king,4
west,4
thus,4
conducted,4
colin,4
york,4
rather,4
main,4
four,4
painted,4
james,4
used,4
london,4
partly,4
alambra,4
project,4
least,4
second,4
reports,4
members,4
fact,4
john,4
where,4
perhaps,4
previously,4
dating,4
held,4
problems,4
structure,4
consists,4
pactolus,4
who,4
collections,4
altai,4
school,4
then,4
any,4
hermitage,4
works,4
seals,4
them,4
visible,4
archaic,4
fellowship,4
studies,3
originally,3
ii,3
j,3
textiles,3
together,3
accompanied,3
those,3
case,3
expedition,3
burning,3
representing,3
cemeteries,3
since,3
interest,3
apparently,3
walls,3
ridge,3
site,3
camp,3
scattered,3
support,3
river,3
section,3
director,3
n,3
house,3
upper,3
recovered,3
metal,3
dug,3
view,3
appear,3
could,3
called,3
academic,3
institute,3
ceramics,3
because,3
well,3
having,3
revealed,3
los,3
r,3
purpose,3
related,3
shapes,3
australian,3
through,3
world,3
colloquium,3
he,3
various,3
architecture,3
scientific,3
doctoral,3
pile,3
sponsored,3
religious,3
hellenistic,3
foot,3
yet,3
lifting,3
interment,3
under,3
during,3
us,3
included,3
same,3
iic,3
mound,3
plundered,3
paul,3
scholars,3
classical,3
contemporary,3
pennsylvania,3
fragments,3
road,3
coarse,3
shown,3
less,3
see,3
represented,3
inscription,3
including,3
sixth,3
use,3
exhibited,3
laboratory,3
historic,3
earlier,3
men,3
principal,3
brown,3
carpet,3
program,3
hill,3
analysis,3
fields,3
series,3
few,3
sherds,3
column,3
know,3
cultures,3
international,3
form,3
stobi,3
announcements,3
local,3
awarded,3
information,3
middle,3
conference,3
preserved,3
slopes,3
bronzes,3
our,3
recording,3
c,3
reached,3
exclusively,3
grants,3
carved,2
does,2
done,2
fortified,2
later,2
top,2
tou,2
e,2
berlin,2
debris,2
american,2
achievements,2
cyprus,2
leningrad,2
superb,2
sets,2
athenian,2
duke,2
ravine,2
history,2
laid,2
cornell,2
sor,2
contexts,2
limestone,2
women,2
being,2
said,2
balcony,2
sources,2
oba,2
basor,2
concentrated,2
might,2
balconies,2
england,2
memorial,2
gymnasium,2
wooden,2
secondary,2
rodney,2
analyses,2
origin,2
assembled,2
survey,2
sacred,2
keith,2
within,2
badly,2
plain,2
recorded,2
eastern,2
u,2
placement,2
felt,2
possible,2
fine,2
except,2
stag,2
above,2
collection,2
exposed,2
review,2
reused,2
inner,2
against,2
g,2
scarp,2
turn,2
clay,2
elements,2
old,2
refer,2
body,2
extraordinary,2
served,2
left,2
find,2
weight,2
achaemenid,2
parks,2
megaron,2
town,2
without,2
ba,2
sessions,2
soviet,2
angeles,2
titov,2
cremation,2
certain,2
denise,2
monumental,2
exhibitions,2
literary,2
dated,2
byzantine,2
impact,2
kul,2
w,2
age,2
show,2
doric,2
additional,2
facing,2
plates,2
wiseman,2
spectrographic,2
pavements,2
panther,2
acropolis,2
block,2
placed,2
facilities,2
public,2
triumph,2
phrygia,2
charred,2
artifacts,2
even,2
county,2
elg,2
structures,2
documented,2
personal,2
approach,2
oriental,2
legacy,2
below,2
suggest,2
stage,2
specifically,2
small,2
smithsonian,2
leather,2
executed,2
presence,2
clytemnestra,2
up,2
piers,2
corinthian,2
ashlar,2
preliminary,2
annex,2
awards,2
letters,2
yugoslavia,2
sargent,2
coleman,2
nearly,2
hypocaust,2
single,2
examined,2
read,2
albert,2
fifth,2
floor,2
already,2
noted,2
anthropology,2
street,2
others,2
spend,2
addition,2
treatment,2
plan,2
documents,2
end,2
sumerian,2
discussed,2
outside,2
took,2
drinking,2
do,2
present,2
machteld,2
wood,2
logs,2
identity,2
lecture,2
significant,2
congress,2
students,2
clear,2
discovered,2
gate,2
times,2
so,2
summer,2
housed,2
black,2
inscribed,2
anderson,2
can,2
probably,2
greece,2
southwest,2
figures,2
joint,2
concluded,2
panel,2
suggestion,2
christian,2
tepe,2
plastic,2
ordinary,2
primarily,2
slow,2
monuments,2
remaining,2
methods,2
arts,2
burned,2
corning,2
sections,2
contained,2
heavy,2
associated,2
conjunction,2
pomerance,2
must,2
wear,2
ever,2
tholos,2
palace,2
here,2
over,2
persian,2
cemetery,2
board,2
capital,2
half,2
reminiscent,2
particularly,2
ff,2
goods,2
written,2
bin,2
comb,2
catalogue,2
william,2
according,2
what,2
investigation,2
unique,2
nearby,2
vol,2
paintings,2
given,2
sea,2
ashes,2
techniques,2
investigated,2
come,2
question,2
commercial,2
worcester,2
tumuli,2
donald,2
finally,2
land,2
supported,2
interdisciplinary,2
create,2
gestures,2
deposition,2
much,2
among,2
prison,2
recent,2
terracotta,2
should,2
pillars,2
scandinavian,1
final,1
difficult,1
eleld,1
undergraduate,1
handsome,1
currently,1
frequent,1
edge,1
common,1
estimated,1
statuette,1
implying,1
names,1
suggested,1
louis,1
sealings,1
arches,1
mnemon,1
represent,1
acre,1
career,1
market,1
reconstructed,1
enjoins,1
jane,1
mysteries,1
thrown,1
determine,1
northeast,1
red,1
awarding,1
snively,1
apadana,1
notably,1
distributed,1
defenses,1
sympathetic,1
speakers,1
vine,1
group,1
center,1
partially,1
judged,1
systematically,1
offerings,1
fate,1
identify,1
essays,1
designed,1
entries,1
djordje,1
ma,1
formed,1
handles,1
klzllbel,1
westernization,1
drawings,1
candidate,1
conscious,1
historiska,1
hair,1
semester,1
policy,1
proveniences,1
staatliche,1
batches,1
unlike,1
total,1
holding,1
pipes,1
hypaepa,1
civic,1
source,1
test,1
experience,1
hostetter,1
lower,1
round,1
moderated,1
stressed,1
leon,1
titles,1
long,1
caroline,1
mosaics,1
elgurines,1
jointly,1
finger,1
neolithic,1
colors,1
rested,1
military,1
viewer,1
season,1
assist,1
beautiful,1
episcopal,1
plunderers,1
jambs,1
handling,1
sculpted,1
shaped,1
oval,1
archaeologically,1
available,1
excavating,1
tradition,1
leading,1
carter,1
elisabeth,1
undertake,1
reasons,1
differences,1
location,1
pressed,1
rich,1
adhesives,1
follows,1
sardian,1
exhibitors,1
lydia,1
harriet,1
court,1
room,1
festivities,1
karaburun,1
kingdom,1
packages,1
i,1
inland,1
niversity,1
imprinted,1
miles,1
dubrux,1
precisely,1
situ,1
investigations,1
cistern,1
reading,1
somewhat,1
context,1
extend,1
employs,1
devries,1
issue,1
connoted,1
ascribed,1
existence,1
forthcoming,1
veles,1
owing,1
key,1
pulled,1
bird,1
adverse,1
primary,1
shafts,1
cleared,1
right,1
design,1
figs,1
backing,1
quantities,1
pervolia,1
logical,1
activity,1
april,1
october,1
ammos,1
flank,1
whatever,1
apart,1
combination,1
desired,1
far,1
classics,1
exchanges,1
indicating,1
bottom,1
agora,1
himself,1
varadates,1
beneath,1
prototype,1
sketched,1
fragment,1
ross,1
stockholms,1
inventory,1
harold,1
corresponding,1
framework,1
acres,1
learned,1
mellink,1
human,1
coils,1
artaxerxes,1
neutron,1
phase,1
palais,1
sumer,1
southwestern,1
crai,1
erection,1
immediate,1
roger,1
vitrines,1
quality,1
patient,1
unsuccessful,1
interior,1
visited,1
analyzing,1
september,1
intact,1
noel,1
pier,1
dag,1
ability,1
trench,1
mixed,1
petrographic,1
shaft,1
issued,1
participating,1
eski,1
spans,1
organizer,1
kind,1
taste,1
aligned,1
rank,1
candidates,1
resting,1
items,1
urbanization,1
cultic,1
displays,1
document,1
balls,1
concerning,1
poros,1
stamps,1
back,1
subjects,1
spanned,1
etruscan,1
fig,1
hopefully,1
columbia,1
wares,1
provisions,1
dates,1
compared,1
twice,1
incarceration,1
truly,1
thin,1
converging,1
packing,1
drawn,1
obscure,1
blue,1
seal,1
details,1
appreciated,1
guard,1
occasion,1
delivered,1
crawford,1
scripts,1
jerusalem,1
capitals,1
trom,1
celebrating,1
electrum,1
languages,1
lesser,1
live,1
talks,1
civilization,1
operation,1
fixes,1
philadelphia,1
urged,1
whose,1
essential,1
carpets,1
russian,1
identification,1
heraldically,1
exact,1
english,1
bring,1
aimed,1
adds,1
how,1
interpretation,1
ra,1
possession,1
basic,1
na,1
award,1
sw,1
preparing,1
presentation,1
knotted,1
cult,1
goes,1
contour,1
mortar,1
supplement,1
whether,1
similar,1
leave,1
rose,1
assuming,1
pages,1
herodotus,1
sanctuary,1
special,1
cave,1
lecturers,1
repeats,1
yeri,1
shell,1
means,1
send,1
earrings,1
katherine,1
wagon,1
prehistory,1
greeks,1
locally,1
possibly,1
organization,1
goldwoven,1
devoting,1
serviced,1
just,1
numbers,1
traces,1
northeastern,1
weak,1
facsimile,1
solid,1
orientation,1
spina,1
jars,1
comparisons,1
surface,1
edinburgh,1
lumps,1
followed,1
protocorinthian,1
definite,1
vettersfelde,1
megarons,1
peabody,1
permanent,1
catapult,1
phrygians,1
hardware,1
windowless,1
footnote,1
redoubt,1
artistic,1
thinks,1
union,1
whereas,1
greater,1
ranges,1
moving,1
standards,1
closely,1
advance,1
came,1
ayea,1
geoffrey,1
identifying,1
concentration,1
nancy,1
bearing,1
pano,1
scientifically,1
appearance,1
six,1
medicine,1
erosion,1
chipped,1
color,1
typical,1
homogeneous,1
attack,1
livingston,1
amsterdam,1
speaker,1
relating,1
effort,1
seven,1
shared,1
events,1
relate,1
getting,1
jug,1
shield,1
dyes,1
equally,1
travlos,1
neighboring,1
occupation,1
though,1
cultural,1
focused,1
war,1
fellowships,1
mantle,1
leonard,1
reservation,1
tools,1
appears,1
residential,1
produced,1
applied,1
seth,1
scale,1
publications,1
otherwise,1
metals,1
hemispheroid,1
spur,1
crinkly,1
levant,1
dumbarton,1
olivia,1
dictaean,1
professionals,1
silver,1
technical,1
aspects,1
garments,1
syria,1
throne,1
none,1
kiev,1
identifications,1
basis,1
future,1
line,1
planning,1
publish,1
received,1
resurveyed,1
industrial,1
comprises,1
nine,1
unless,1
substantiating,1
example,1
chti,1
basilicas,1
knowledge,1
muscarella,1
positions,1
description,1
bowl,1
continuation,1
photographed,1
describe,1
consistently,1
older,1
remarks,1
contains,1
people,1
grain,1
densely,1
actually,1
oaks,1
rows,1
winter,1
forces,1
breathtaking,1
delphi,1
surrounding,1
floors,1
participate,1
showing,1
olive,1
nkf,1
presentations,1
graduate,1
thread,1
bibliographies,1
stockholm,1
gma,1
working,1
carry,1
distances,1
revolution,1
theoretically,1
order,1
peruvian,1
clothes,1
wrestling,1
gyges,1
settlement,1
event,1
bank,1
loomweight,1
family,1
eleven,1
june,1
accomplished,1
highly,1
revealing,1
scattering,1
brought,1
proof,1
massachusetts,1
climate,1
usual,1
philip,1
fully,1
solokha,1
annual,1
patience,1
generally,1
wife,1
results,1
proper,1
coatings,1
ellen,1
coloredj,1
cycle,1
notes,1
siberian,1
value,1
contracting,1
fluted,1
beverages,1
majewski,1
rest,1
sporadic,1
activities,1
promising,1
elnds,1
society,1
periods,1
chronological,1
span,1
activation,1
girl,1
tasks,1
edith,1
led,1
approximate,1
units,1
allahdiyen,1
lentoid,1
minor,1
restoration,1
gather,1
economic,1
indeed,1
vanderpool,1
located,1
provenience,1
essex,1
antiochus,1
socalled,1
crete,1
limited,1
intended,1
unstable,1
female,1
oscar,1
prevailing,1
gift,1
etc,1
remodelled,1
supplementing,1
community,1
slag,1
khoriou,1
reconstruction,1
harry,1
make,1
currency,1
went,1
longitudinal,1
dentillated,1
collapsed,1
southern,1
procession,1
hitherto,1
ware,1
direction,1
containing,1
spectacular,1
southeast,1
vicinity,1
relationship,1
woolley,1
once,1
depicted,1
simultaneous,1
recognized,1
auspices,1
sri,1
hugh,1
permission,1
makes,1
towards,1
artery,1
ring,1
seeing,1
metallurgical,1
chronology,1
ne,1
compiled,1
processing,1
enigmatic,1
treasury,1
complete,1
professor,1
rectangular,1
ethnographic,1
baltimore,1
nw,1
colored,1
silk,1
damaged,1
unusually,1
detergents,1
dado,1
awe,1
social,1
hallmark,1
double,1
lavish,1
catalog,1
successfully,1
french,1
kiln,1
law,1
flanked,1
athlete,1
carolyn,1
mckerrell,1
factory,1
accompanies,1
toward,1
again,1
death,1
pointed,1
deserves,1
put,1
flat,1
added,1
projects,1
nave,1
complementary,1
dissertations,1
herbert,1
efforts,1
clothed,1
aisle,1
universlty,1
traceable,1
ceramic,1
birgit,1
doorway,1
glazes,1
representatives,1
preserve,1
conduct,1
head,1
kostromskaya,1
blocks,1
areas,1
villa,1
minnesota,1
departments,1
environs,1
goddesses,1
attempting,1
unobtrusive,1
rebuilding,1
grave,1
fallen,1
chanouta,1
resolved,1
diameter,1
ionian,1
konservatorforbund,1
man,1
roof,1
fasten,1
simple,1
rhetoric,1
forms,1
patterns,1
readers,1
proverbial,1
lions,1
v,1
conserving,1
everyday,1
paris,1
ground,1
crowns,1
continuing,1
purposes,1
dorothy,1
empire,1
seventeenth,1
relevant,1
homer,1
forth,1
irwin,1
decorations,1
fieldwork,1
preparation,1
number,1
transparent,1
mcguire,1
remained,1
palestine,1
remove,1
another,1
thousands,1
published,1
original,1
demonstrated,1
synonym,1
meetings,1
credit,1
private,1
understanding,1
pitched,1
collecting,1
bathing,1
situated,1
hulla,1
divided,1
father,1
sealing,1
examples,1
turkey,1
background,1
comprise,1
completed,1
width,1
bear,1
refining,1
endowment,1
sides,1
region,1
presiding,1
ethnology,1
muriel,1
tiho,1
ruling,1
recover,1
epigraphic,1
skeletal,1
concern,1
yale,1
columnar,1
dye,1
virtually,1
aesthetics,1
vance,1
meles,1
products,1
gjerstad,1
processes,1
actual,1
continue,1
examination,1
moesia,1
full,1
office,1
acn,1
persepolis,1
described,1
homeric,1
margaret,1
directed,1
publication,1
mt,1
costumes,1
victory,1
america,1
recipient,1
ankles,1
workers,1
august,1
architectural,1
anne,1
exquisite,1
collaboration,1
like,1
belongs,1
high,1
collected,1
administrative,1
pyramidal,1
accurate,1
preservation,1
standard,1
commentaries,1
provides,1
latter,1
exchange,1
artificial,1
chariot,1
roofs,1
cup,1
annually,1
internal,1
feet,1
topic,1
unguentarium,1
become,1
touloupistra,1
respectively,1
displayed,1
effect,1
marine,1
january,1
statue,1
horse,1
looked,1
galleries,1
carriage,1
relative,1
irex,1
governor,1
professional,1
quarter,1
controversial,1
inhumation,1
corridor,1
justice,1
attended,1
separate,1
caucasus,1
model,1
pazyryk,1
ranging,1
carried,1
socrates,1
indication,1
fifty,1
vassos,1
kings,1
flesh,1
slender,1
stemikovsky,1
fringed,1
irregular,1
lot,1
independent,1
george,1
provide,1
chitons,1
recall,1
assert,1
sometimes,1
five,1
foreign,1
husband,1
spindle,1
begin,1
lekythos,1
celebration,1
inside,1
lines,1
burr,1
attempted,1
ambelia,1
seen,1
ernestine,1
deposit,1
detailed,1
watrous,1
dissimilarity,1
team,1
jar,1
lawrence,1
contribution,1
thirteen,1
ch,1
originated,1
intensive,1
antiquity,1
vaults,1
life,1
minoan,1
construction,1
travelled,1
gorman,1
fall,1
michael,1
united,1
hope,1
chamber,1
tesserae,1
dead,1
respect,1
ornamenting,1
commemoration,1
centuries,1
exists,1
itself,1
orient,1
eugene,1
mud,1
lycian,1
earliest,1
announces,1
door,1
nordisk,1
matters,1
campaign,1
anthropological,1
historique,1
environment,1
share,1
victoria,1
believed,1
harness,1
mentioned,1
grand,1
finest,1
measurements,1
receive,1
extending,1
athens,1
solitary,1
extension,1
implied,1
maikop,1
recognizable,1
dialect,1
charles,1
tastefully,1
griffin,1
temple,1
offers,1
bright,1
ulski,1
masonry,1
each,1
scythian,1
conglomerate,1
cm,1
different,1
ratio,1
sampling,1
believe,1
ivory,1
did,1
best,1
unknown,1
ft,1
brick,1
periodl,1
report,1
proportional,1
foundation,1
iii,1
dat,1
woad,1
very,1
porcelain,1
separating,1
pit,1
izmir,1
placing,1
prospects,1
adduced,1
type,1
musee,1
prehellenistic,1
merely,1
preussischer,1
following,1
altars,1
scholarly,1
korona,1
purchase,1
notable,1
carefully,1
reign,1
banqueting,1
boz,1
list,1
making,1
particular,1
noticeable,1
containwd,1
covers,1
juxtaposed,1
map,1
manuscripts,1
hermus,1
heavier,1
her,1
saddle,1
studying,1
secure,1
explored,1
strings,1
skillfully,1
almost,1
apartment,1
anna,1
suggests,1
virginia,1
contain,1
atreus,1
bodies,1
idiom,1
presented,1
bath,1
careful,1
multiple,1
ruled,1
extracts,1
attachments,1
palaia,1
edwards,1
thereby,1
reported,1
scott,1
beer,1
press,1
elrst,1
ac,1
rash,1
consereation,1
manufacturing,1
adhesive,1
discussion,1
equipped,1
consolidants,1
mention,1
games,1
representation,1
savva,1
correspondences,1
varied,1
turkish,1
pair,1
prepared,1
eric,1
alabastron,1
technological,1
kohler,1
fred,1
ultimately,1
until,1
models,1
plision,1
chaired,1
editor,1
similarity,1
travelling,1
institutional,1
diam,1
samuel,1
position,1
grant,1
veselovsky,1
laymen,1
contributed,1
joined,1
dense,1
citadel,1
d,1
green,1
relics,1
states,1
firewood,1
integration,1
cairn,1
defined,1
forming,1
off,1
inoan,1
constantinian,1
ruth,1
aia,1
restored,1
evelyn,1
offered,1
specific,1
mounting,1
jfa,1
paracas,1
clarify,1
preserves,1
themselves,1
extradition,1
necropolis,1
zeus,1
lehman,1
hiatt,1
belgrade,1
element,1
severely,1
little,1
pat,1
traditional,1
strong,1
famous,1
broader,1
mektep,1
fermented,1
manufactured,1
hans,1
close,1
tragic,1
inventories,1
evidently,1
