WORDCOUNTS,WEIGHT
the,90
of,68
and,67
in,62
to,52
for,46
a,34
at,20
from,20
archaeology,18
new,16
had,15
we,15
with,14
been,13
camera,13
field,13
an,12
that,11
our,11
is,10
was,10
i,10
systems,10
it,9
as,9
university,9
by,9
underwater,9
first,9
other,9
whittlesey,9
on,9
be,9
aerial,8
work,8
who,7
one,7
over,7
foundation,7
has,7
city,7
used,7
archaeological,7
no,6
eleld,6
but,6
m,6
are,6
disciplines,6
which,6
york,5
george,5
his,5
techniques,5
use,5
designed,5
not,5
into,5
my,5
photography,5
balloon,5
archaeologists,5
this,5
since,5
have,5
photogrammetric,5
metric,5
may,4
stereo,4
their,4
or,4
air,4
yassi,4
terrestrial,4
more,4
each,4
carrying,4
time,4
objectives,4
system,4
photo,4
some,4
julian,4
erial,4
such,4
expeditions,4
so,4
those,4
much,4
ada,4
than,4
built,4
mexico,3
various,3
h,3
whatever,3
they,3
ma,3
rchaeology,3
fields,3
studies,3
pp,3
cornell,3
submarine,3
gimbaled,3
airfoil,3
many,3
introduce,3
board,3
mapping,3
survey,3
marine,3
shipwreck,3
scholarly,3
motorized,3
well,3
sites,3
another,3
vol,3
brought,3
cameras,3
training,3
learned,3
bar,3
were,3
recording,3
flights,3
own,3
photogrammetry,3
tethered,3
owe,3
will,2
f,2
where,2
he,2
done,2
dual,2
traverse,2
scientific,2
bring,2
variously,2
developed,2
created,2
expedition,2
success,2
variety,2
above,2
opportunity,2
team,2
yet,2
american,2
michael,2
bipod,2
english,2
support,2
planner,2
us,2
ancient,2
same,2
bruce,2
eye,2
reviewed,2
these,2
must,2
most,2
two,2
being,2
only,2
unmanned,2
again,2
hot,2
worked,2
all,2
between,2
water,2
came,2
whom,2
east,2
book,2
believe,2
found,2
able,2
ocean,2
program,2
there,2
fellow,2
term,2
turned,2
lens,2
discipline,2
somewhat,2
what,2
them,2
bass,2
while,2
out,2
firm,2
technical,2
account,2
having,2
development,2
leo,2
middle,2
planning,2
received,2
richard,2
interdisciplinary,2
swimmable,2
sea,2
role,2
its,2
yale,2
went,2
warfare,2
controlled,2
winter,2
precision,2
personal,2
employed,2
nicosia,2
ogs,2
both,2
pilot,2
seasons,2
national,2
land,2
cyprus,2
nor,2
latter,2
radio,2
engineering,2
can,2
norman,2
annual,2
through,2
drawn,2
st,2
even,2
greece,2
story,2
william,2
among,2
recent,2
cummer,2
hanfmann,2
elmer,2
join,2
draw,2
subsequently,1
contributes,1
optics,1
cite,1
otis,1
directors,1
masthead,1
press,1
now,1
relying,1
practicing,1
recognized,1
aid,1
antoine,1
me,1
along,1
demand,1
german,1
today,1
pw,1
bright,1
calibrated,1
wiseman,1
operations,1
bringing,1
recall,1
sometimes,1
meaning,1
privately,1
adds,1
practical,1
pair,1
ia,1
edward,1
intervalometer,1
limited,1
museum,1
basic,1
lines,1
attitude,1
corinth,1
yugoslavia,1
heights,1
implies,1
off,1
seen,1
still,1
mundane,1
introduction,1
send,1
began,1
returned,1
experiences,1
landscapes,1
wilson,1
try,1
saved,1
makes,1
masca,1
inspired,1
methods,1
rudolph,1
construction,1
analysis,1
tapped,1
united,1
schliemann,1
supporting,1
tactile,1
when,1
instances,1
willson,1
opportunities,1
understand,1
porto,1
park,1
association,1
favor,1
proving,1
soon,1
automatic,1
array,1
borrowed,1
seeing,1
under,1
mobile,1
civilizations,1
greeks,1
karius,1
detail,1
jacobi,1
entry,1
afghanistan,1
school,1
seems,1
photgrammetric,1
share,1
seriously,1
authorities,1
bit,1
then,1
clearly,1
associated,1
before,1
ivanhoff,1
bay,1
ed,1
outlined,1
humanities,1
annals,1
frequently,1
w,1
simplifies,1
illustrated,1
stationed,1
department,1
cum,1
ever,1
said,1
fitted,1
canyon,1
known,1
overwater,1
shop,1
beyond,1
social,1
present,1
especially,1
useful,1
position,1
cost,1
reconnaissance,1
geoffrey,1
name,1
science,1
equipment,1
production,1
answers,1
athens,1
ba,1
later,1
mysterious,1
important,1
military,1
photogrammetrist,1
others,1
terrain,1
control,1
towards,1
advanced,1
greater,1
paper,1
advance,1
engaged,1
rchitecture,1
company,1
lack,1
laid,1
pursuits,1
available,1
head,1
scholars,1
skills,1
unknown,1
alexander,1
could,1
portable,1
et,1
six,1
accompanied,1
plan,1
undertake,1
search,1
capacity,1
er,1
any,1
service,1
thanks,1
john,1
far,1
contemporary,1
take,1
cities,1
manned,1
conklin,1
utilized,1
thompson,1
stillwell,1
better,1
never,1
hand,1
henry,1
paris,1
napoleon,1
nikonos,1
geography,1
enthusiasm,1
political,1
though,1
explanations,1
classical,1
war,1
devoted,1
remote,1
similar,1
combined,1
worldwide,1
whether,1
photographer,1
list,1
namely,1
cannot,1
british,1
homer,1
duplication,1
acquaintance,1
budgets,1
material,1
ilewsletter,1
however,1
ford,1
imboden,1
rounds,1
project,1
sicily,1
college,1
taught,1
dumbarton,1
task,1
deuel,1
number,1
sought,1
theretofore,1
briefly,1
hasselblad,1
tripod,1
detweiler,1
fruitfully,1
design,1
abundantly,1
virginia,1
interface,1
logical,1
strobe,1
jameson,1
literature,1
engineer,1
fourteen,1
des,1
fondazioni,1
intimate,1
abroad,1
mm,1
background,1
trainee,1
already,1
made,1
tool,1
chiefly,1
spectral,1
uniting,1
upon,1
carries,1
represented,1
israel,1
met,1
except,1
part,1
x,1
including,1
ardour,1
civil,1
modifiled,1
bottom,1
develop,1
related,1
november,1
photographic,1
elrst,1
irish,1
subject,1
newsletters,1
extensive,1
conventional,1
institute,1
internationally,1
lights,1
during,1
place,1
hydrogen,1
congress,1
people,1
questions,1
participated,1
runs,1
engineers,1
thus,1
named,1
eric,1
heinrich,1
germany,1
lerici,1
talents,1
explained,1
platform,1
distortion,1
flying,1
three,1
demanded,1
approach,1
october,1
newsletter,1
cheli,1
skipped,1
submerged,1
rollei,1
magnet,1
joined,1
warrent,1
defense,1
airborne,1
christopher,1
americas,1
raises,1
include,1
newly,1
plotting,1
successful,1
issued,1
sardis,1
hard,1
would,1
hunter,1
systemsl,1
jr,1
specialists,1
constructed,1
him,1
employing,1
august,1
things,1
preparation,1
writer,1
housed,1
played,1
next,1
balloons,1
playing,1
kept,1
aluminum,1
area,1
indian,1
geologist,1
quite,1
thomas,1
involved,1
exchange,1
men,1
small,1
teams,1
ssociation,1
mind,1
observation,1
few,1
june,1
wider,1
architect,1
floating,1
refreshed,1
ole,1
often,1
columbia,1
industry,1
multiband,1
research,1
jks,1
myers,1
startling,1
recherche,1
egypt,1
respectively,1
usual,1
effective,1
find,1
clever,1
james,1
early,1
generally,1
civilian,1
archaeologist,1
chaco,1
katzev,1
communication,1
journal,1
slim,1
corrected,1
kitimat,1
world,1
ground,1
galaxy,1
resist,1
persuading,1
combinedfor,1
professional,1
evidence,1
crawford,1
graupner,1
normal,1
waiting,1
valuable,1
master,1
seemed,1
