WORDCOUNTS,WEIGHT
the,180
of,140
a,111
to,92
and,83
in,69
map,47
is,39
that,36
maps,32
are,31
with,31
for,29
be,28
as,26
data,25
on,25
or,23
mapping,21
not,20
this,20
it,18
can,17
by,16
more,16
from,15
while,15
monmonier,15
has,14
may,13
such,13
have,13
also,12
book,12
how,12
some,12
use,12
cartographic,12
an,12
important,11
information,11
issues,11
they,10
most,10
used,10
reader,10
at,9
will,9
illustrations,9
but,9
many,9
chapter,9
he,8
been,8
basic,8
one,8
about,8
two,8
text,8
different,8
author,8
i,8
discussion,8
should,8
cartography,7
complex,7
archaeologists,7
there,7
academic,7
well,7
graphic,7
journal,7
professional,7
his,6
addressed,6
these,6
show,6
useful,6
other,6
do,6
archaeological,6
software,6
between,6
research,6
represent,5
does,5
who,5
their,5
no,5
might,5
out,5
clear,5
very,5
distributions,5
help,5
type,5
symbols,5
less,5
understanding,5
line,5
examples,5
presented,5
jfa,5
through,5
which,5
since,5
cartographer,5
recent,5
critical,4
preparing,4
variety,4
visual,4
deals,4
study,4
artwork,4
understand,4
quantitative,4
social,4
article,4
mark,4
each,4
shade,4
new,4
concepts,4
those,4
what,4
selected,4
particular,4
art,4
work,4
both,4
along,4
correlation,4
its,4
meaningful,4
students,4
artifact,4
publication,4
computer,4
instead,4
field,4
features,4
patterns,4
specific,4
single,4
find,4
archaeologist,4
even,4
much,4
notes,4
reviewer,3
if,3
ready,3
site,3
presentation,3
process,3
success,3
publisher,3
selection,3
ways,3
approaches,3
compilation,3
into,3
clearly,3
light,3
thematic,3
frequently,3
university,3
experience,3
being,3
readings,3
symbol,3
here,3
over,3
my,3
principles,3
producing,3
linked,3
state,3
take,3
utilize,3
within,3
them,3
projections,3
style,3
public,3
design,3
programs,3
emphasis,3
size,3
made,3
range,3
careful,3
given,3
wording,3
related,3
techniques,3
expertise,3
section,3
generalized,3
throughout,3
were,3
illustrative,3
shown,3
showing,3
interested,3
applied,3
authors,3
change,3
david,3
states,3
anyone,3
after,3
caption,3
cases,3
keep,3
displays,3
several,3
problems,3
themselves,3
chicago,3
sciences,3
look,3
readership,3
grasp,3
using,2
frequent,2
interesting,2
second,2
final,2
reflects,2
humanities,2
various,2
visually,2
provide,2
migration,2
lines,2
above,2
indicates,2
scale,2
similar,2
importance,2
often,2
novice,2
properly,2
percentage,2
united,2
mortality,2
control,2
true,2
sets,2
making,2
easily,2
rules,2
greater,2
statistical,2
presents,2
suggestions,2
then,2
comparison,2
archaeology,2
without,2
must,2
included,2
geographic,2
visualize,2
common,2
first,2
legends,2
only,2
diagonal,2
either,2
thousand,2
volume,2
sources,2
titles,2
certainly,2
puts,2
press,2
production,2
comfortable,2
set,2
challenge,2
give,2
taken,2
drawing,2
remedial,2
continental,2
printing,2
all,2
nature,2
paper,2
result,2
worth,2
shows,2
areas,2
appendix,2
departments,2
any,2
proportional,2
choice,2
particularly,2
gray,2
camera,2
styles,2
base,2
simple,2
works,2
evident,2
readers,2
written,2
hand,2
clarity,2
geography,2
begin,2
reading,2
stock,2
behind,2
reviews,2
legend,2
relevant,2
list,2
standard,2
issue,2
eye,2
produced,2
distribution,2
wide,2
surveying,2
gives,2
prepare,2
number,2
mean,2
produce,2
another,2
imagine,2
having,2
correctly,2
urban,2
infant,2
background,2
socioeconomic,2
pixel,2
insight,2
symbolism,2
approach,2
variation,2
shading,2
submitted,2
goal,2
chapters,2
newspaper,2
until,2
years,2
editor,2
own,2
numerous,2
points,2
logic,2
good,2
course,2
revised,2
below,2
so,2
collected,2
level,2
lie,2
order,2
area,2
last,2
quite,2
presenting,2
provides,2
around,2
classification,2
density,2
back,2
news,2
systems,2
region,2
suitable,2
geographers,2
meet,2
illustrator,2
topics,2
always,2
create,2
up,2
present,2
traditional,2
appropriate,2
value,2
am,2
valuable,2
perception,2
means,2
troop,1
problem,1
ranging,1
becoming,1
dealing,1
gis,1
integrating,1
opposed,1
poor,1
discussing,1
applications,1
wishes,1
graphics,1
essential,1
publishing,1
note,1
materials,1
generalization,1
processed,1
symbolized,1
personable,1
exposing,1
concerned,1
hints,1
populations,1
wanting,1
grid,1
medium,1
across,1
centered,1
short,1
scholar,1
box,1
remain,1
learning,1
subject,1
sort,1
affairs,1
jostled,1
deserve,1
deaths,1
brief,1
cartograms,1
college,1
lettering,1
intriguing,1
becomes,1
decades,1
constraints,1
permission,1
aesthetically,1
reason,1
concluding,1
seen,1
detailed,1
totally,1
necessary,1
force,1
manuscript,1
distributed,1
per,1
eight,1
remaining,1
chaeological,1
certain,1
group,1
movement,1
clarifies,1
enlightening,1
methodology,1
direct,1
elementary,1
volumes,1
displaying,1
imposed,1
changes,1
kinds,1
pity,1
scales,1
expectations,1
enhance,1
identify,1
continually,1
designed,1
read,1
guide,1
researcher,1
ma,1
referring,1
rate,1
space,1
live,1
asiatic,1
types,1
forced,1
housing,1
reference,1
get,1
examined,1
category,1
studies,1
maintaining,1
thought,1
country,1
serve,1
old,1
publishable,1
message,1
photographs,1
superimpose,1
under,1
fear,1
forth,1
females,1
exposure,1
stems,1
consider,1
exposes,1
matters,1
ne,1
plus,1
sorts,1
school,1
physically,1
necessarily,1
familiar,1
benefits,1
history,1
unlike,1
tackle,1
sketches,1
adjusted,1
thinking,1
aerial,1
eliza,1
director,1
dig,1
just,1
historian,1
placing,1
teaching,1
regard,1
performed,1
squares,1
po,1
revision,1
naval,1
manipulation,1
source,1
reviewed,1
too,1
age,1
simply,1
extensive,1
noted,1
warns,1
would,1
detail,1
beyond,1
picture,1
satisfactory,1
physical,1
position,1
long,1
every,1
organizations,1
boundary,1
smooth,1
successfully,1
tour,1
attainable,1
movements,1
law,1
dominant,1
warn,1
technique,1
flow,1
think,1
know,1
excavation,1
providing,1
trained,1
address,1
viewer,1
location,1
natural,1
locating,1
darkness,1
painless,1
utilization,1
responsibilities,1
put,1
worked,1
principle,1
warrants,1
experienced,1
descriptive,1
ranges,1
uses,1
standards,1
textbooks,1
closely,1
conscientious,1
distracting,1
fact,1
based,1
ceramic,1
deal,1
guarantees,1
seem,1
treatment,1
variable,1
project,1
best,1
leading,1
could,1
down,1
discount,1
print,1
inherent,1
plan,1
task,1
display,1
reasons,1
journals,1
right,1
differences,1
time,1
educated,1
scaling,1
format,1
guidelines,1
minute,1
diverse,1
link,1
wholly,1
utilizing,1
census,1
inspired,1
relate,1
attempt,1
appreciative,1
labeled,1
expository,1
contemporary,1
reflected,1
resulting,1
packages,1
historical,1
appropriately,1
pattern,1
illustration,1
discussed,1
attained,1
articles,1
clutter,1
sends,1
improved,1
merely,1
better,1
rudimentary,1
further,1
stand,1
blotchy,1
similarly,1
assist,1
available,1
warnings,1
cultural,1
scholarly,1
manner,1
discipline,1
where,1
displayed,1
carefully,1
spatial,1
whether,1
population,1
citizenship,1
system,1
answer,1
historically,1
strategies,1
case,1
cut,1
employs,1
sociology,1
jersey,1
practice,1
acetate,1
captions,1
sophisticated,1
perform,1
counties,1
isbn,1
guidance,1
symbolizing,1
directions,1
compare,1
books,1
comprehension,1
tracking,1
boxes,1
repetitive,1
really,1
outlines,1
local,1
lists,1
improve,1
projection,1
dark,1
degree,1
failure,1
shape,1
misused,1
distortion,1
influenced,1
thousands,1
almost,1
placement,1
grouping,1
possible,1
analyzed,1
classes,1
mapped,1
open,1
categories,1
shame,1
theoretical,1
directing,1
completed,1
concludes,1
insights,1
helps,1
represented,1
claim,1
fine,1
scarcer,1
multiple,1
reported,1
part,1
city,1
training,1
previously,1
content,1
maxwell,1
courses,1
dynamic,1
overlays,1
samples,1
publishers,1
representing,1
recommends,1
thoughts,1
presentations,1
transition,1
disciplines,1
step,1
minimum,1
largely,1
significant,1
overview,1
condition,1
symbolization,1
older,1
illustrators,1
obtain,1
discussions,1
collection,1
during,1
expecting,1
proper,1
obscured,1
editorial,1
citations,1
broad,1
qualitative,1
academics,1
allows,1
exposed,1
ideas,1
labor,1
tips,1
counts,1
ethnic,1
said,1
actual,1
possessing,1
like,1
pen,1
device,1
our,1
examination,1
accessible,1
personal,1
full,1
sees,1
suggested,1
question,1
injfa,1
sound,1
relationships,1
preparation,1
annotated,1
spectrum,1
arranging,1
quality,1
professor,1
discovered,1
initial,1
against,1
graduate,1
directed,1
hierarchy,1
comprehensive,1
language,1
integral,1
feature,1
depicting,1
mastered,1
makes,1
interest,1
plotting,1
appreciates,1
ofefield,1
relatively,1
published,1
excavated,1
least,1
evils,1
include,1
needed,1
allowed,1
integrated,1
successful,1
skip,1
price,1
helpful,1
introduces,1
need,1
printed,1
fill,1
opinions,1
ease,1
stage,1
average,1
comprised,1
stresses,1
scattergrams,1
kind,1
off,1
stimulated,1
emphasizes,1
extremely,1
officials,1
association,1
occupancy,1
small,1
influence,1
characteristics,1
refer,1
especially,1
labels,1
pleasing,1
internal,1
although,1
mediocre,1
trying,1
eyes,1
requires,1
executed,1
methods,1
syracuse,1
assures,1
become,1
dates,1
russia,1
texas,1
libraries,1
vary,1
effect,1
dedicated,1
women,1
structure,1
early,1
when,1
explore,1
probably,1
working,1
method,1
analyze,1
white,1
little,1
dependent,1
communication,1
copyright,1
results,1
critique,1
world,1
ink,1
staff,1
details,1
tones,1
among,1
saw,1
than,1
whenever,1
smoother,1
limitation,1
concise,1
general,1
asked,1
informed,1
attention,1
himself,1
close,1
rates,1
conceptually,1
geographical,1
poorly,1
avoid,1
thorough,1
