WORDCOUNTS,WEIGHT
the,235
of,178
and,80
in,60
a,53
to,53
this,37
is,29
soconusco,28
on,26
that,25
as,23
which,21
by,20
are,19
at,16
with,16
was,16
from,16
for,16
production,13
archaeological,13
an,13
voorhies,12
chapter,11
period,11
area,11
it,10
economic,10
aztec,10
distribution,10
be,9
pottery,9
but,8
volume,8
political,8
were,8
have,8
obsidian,8
early,8
one,7
analysis,7
not,7
more,7
maya,7
well,7
trade,7
protohistoric,7
subsistence,6
archaic,6
only,6
very,6
ethnohistorical,6
gasco,6
within,6
sites,6
its,6
during,6
place,6
tribute,6
such,6
between,6
triple,5
been,5
university,5
into,5
book,5
new,5
economy,5
record,5
source,5
region,5
postclassic,5
colonial,5
alliance,5
cacao,5
craft,5
barbara,4
proyecto,4
rio,4
classic,4
mesoamerica,4
or,4
their,4
ed,4
these,4
regional,4
each,4
many,4
prehistoric,4
section,4
there,4
has,4
data,4
despite,4
press,4
evolution,4
chapters,4
mexico,4
politically,4
archaeology,4
after,4
spanish,4
research,4
general,4
periods,3
may,3
no,3
continued,3
inhabitants,3
site,3
market,3
model,3
plumbate,3
middens,3
following,3
framework,3
sources,3
environment,3
seems,3
faunal,3
time,3
patterns,3
cultural,3
empire,3
tools,3
coast,3
perhaps,3
her,3
utilitarian,3
while,3
local,3
e,3
prehispanic,3
received,3
made,3
salcedo,3
patricia,3
part,3
through,3
example,3
economies,3
used,3
thus,3
until,3
since,3
although,3
organized,3
land,3
settlement,3
thomas,3
latter,3
clark,3
small,3
documentary,3
tributary,3
results,3
belize,3
bipolar,3
species,3
dealing,2
will,2
hector,2
preclassic,2
portion,2
critical,2
suggestion,2
informs,2
reduced,2
independent,2
if,2
l,2
across,2
located,2
iowa,2
coastal,2
who,2
sphere,2
debris,2
eight,2
center,2
large,2
interpretation,2
debitage,2
represents,2
ancient,2
conquest,2
lowland,2
linked,2
mary,2
two,2
reports,2
being,2
resource,2
demand,2
known,2
peru,2
cotton,2
long,2
rather,2
exploitation,2
orchards,2
native,2
evidence,2
put,2
control,2
all,2
chapman,2
uses,2
based,2
available,2
capital,2
could,2
highland,2
documents,2
farmers,2
analyses,2
harvest,2
out,2
stretching,2
able,2
never,2
john,2
goods,2
primary,2
anne,2
late,2
places,2
further,2
chiefdoms,2
pozorski,2
somewhat,2
because,2
hostile,2
reviews,2
province,2
karl,2
lithic,2
produced,2
cannot,2
excellent,2
material,2
neitzel,2
cambridge,2
w,2
prismatic,2
aspects,2
polities,2
cloth,2
larger,2
information,2
prior,2
some,2
examples,2
own,2
transport,2
barry,2
characterization,2
previously,2
reduction,2
along,2
elite,2
mesoamerican,2
year,2
jai,2
controlled,2
records,2
archaeologists,2
strong,2
includes,2
supplement,2
review,2
wild,2
project,2
initial,2
demanded,2
pulltrouser,2
deposits,2
include,2
like,2
arriba,2
so,2
inc,2
suggest,2
states,2
presenting,2
extremely,2
drainage,2
exchange,2
amount,2
highly,2
desired,2
world,2
left,2
twice,2
also,2
traditional,2
much,2
using,2
we,2
seemed,2
perfect,1
increasing,1
costa,1
final,1
farm,1
mechanisms,1
ahuitzotl,1
communities,1
now,1
interesting,1
assigned,1
relationship,1
flesh,1
technique,1
units,1
wore,1
encountering,1
lineup,1
pochteca,1
m,1
neff,1
characterize,1
composed,1
limits,1
nonlithic,1
bright,1
various,1
she,1
morenas,1
phillip,1
scientific,1
sometimes,1
usually,1
populous,1
five,1
foreign,1
short,1
imported,1
happy,1
testing,1
mexican,1
spindle,1
both,1
represent,1
museum,1
does,1
administrative,1
clams,1
sorely,1
levels,1
insufficient,1
harvests,1
exhausted,1
exception,1
state,1
remote,1
dimensions,1
mendoza,1
whatever,1
mountains,1
concurrence,1
harry,1
arm,1
compensated,1
technically,1
papers,1
clays,1
tamara,1
they,1
similar,1
blending,1
se,1
relaxed,1
settlements,1
indicate,1
conducted,1
terms,1
plots,1
plenty,1
spanning,1
surveyed,1
hold,1
reception,1
class,1
changes,1
signatures,1
leaves,1
often,1
scales,1
essays,1
close,1
existed,1
fall,1
stone,1
michael,1
ma,1
formed,1
surprising,1
pacific,1
table,1
confines,1
habitats,1
sumptuary,1
shell,1
strictly,1
dump,1
scene,1
get,1
rubric,1
empires,1
coverage,1
analogous,1
compilation,1
pastoral,1
modern,1
candidate,1
circulated,1
interspersed,1
raison,1
later,1
forest,1
wearing,1
under,1
considered,1
quantify,1
forests,1
isaac,1
us,1
organization,1
western,1
river,1
index,1
then,1
had,1
guatemalan,1
presents,1
swamp,1
laid,1
symptomatic,1
included,1
home,1
shadow,1
commonwealth,1
total,1
eventually,1
eschew,1
panama,1
just,1
pots,1
same,1
population,1
ethnographic,1
result,1
broad,1
topical,1
diversity,1
sequential,1
changing,1
intensification,1
reviewed,1
observations,1
fare,1
incorporated,1
must,1
potters,1
leads,1
most,1
indians,1
department,1
extensive,1
equivocation,1
satisfying,1
enclaves,1
first,1
fabric,1
textile,1
origins,1
frameworks,1
symbolic,1
scrutiny,1
precise,1
biannual,1
published,1
considers,1
exact,1
isthmus,1
temporal,1
substantiated,1
cargas,1
timed,1
undisturbed,1
reconnaissance,1
requires,1
convincing,1
mix,1
utah,1
peabody,1
chronicles,1
straddles,1
other,1
coexist,1
erroneous,1
vinton,1
jean,1
power,1
regarding,1
gather,1
export,1
military,1
shortcoming,1
equivalent,1
coincide,1
know,1
providing,1
again,1
might,1
others,1
drawing,1
natural,1
over,1
stands,1
conceived,1
deserves,1
substantively,1
beaudry,1
towns,1
addition,1
towards,1
advanced,1
flowing,1
tourist,1
linda,1
contemporary,1
efforts,1
casma,1
joins,1
problem,1
strip,1
different,1
dramatically,1
tax,1
came,1
expanding,1
including,1
quetzal,1
comparatively,1
east,1
hospitality,1
societies,1
treatment,1
tradition,1
crops,1
best,1
ubiquitous,1
secondary,1
down,1
candle,1
wares,1
suggesting,1
method,1
found,1
prestate,1
creative,1
transported,1
decreases,1
great,1
battery,1
turtle,1
exotic,1
rich,1
foundation,1
patrick,1
particularly,1
importation,1
any,1
garments,1
school,1
how,1
reveal,1
facilitate,1
concludes,1
end,1
rica,1
orative,1
zone,1
autonomous,1
survey,1
styles,1
cities,1
historical,1
infers,1
i,1
las,1
inland,1
search,1
graters,1
rural,1
experts,1
works,1
chiefdom,1
rough,1
moot,1
evaluate,1
texas,1
loose,1
readers,1
written,1
took,1
weakest,1
topics,1
learn,1
those,1
standardized,1
remarkable,1
understood,1
particular,1
according,1
elemental,1
focused,1
manner,1
where,1
catastrophic,1
landscape,1
berdan,1
subjugation,1
accepted,1
spatial,1
whether,1
relevant,1
recently,1
selected,1
form,1
less,1
typologies,1
see,1
accounts,1
case,1
failure,1
fish,1
takes,1
origin,1
series,1
refute,1
maintain,1
seasonal,1
core,1
expedient,1
tikal,1
isbn,1
firmly,1
acapetahua,1
theory,1
preparation,1
eds,1
eastern,1
frequency,1
availability,1
leaving,1
distance,1
dimensionless,1
bird,1
threaded,1
chiefi,1
creates,1
number,1
bones,1
free,1
periphery,1
mentioned,1
criteria,1
technical,1
valleys,1
addresses,1
representatives,1
produce,1
entity,1
wellreasoned,1
another,1
having,1
isolate,1
porter,1
application,1
network,1
welcome,1
emphasis,1
bookshelves,1
up,1
marsh,1
line,1
identification,1
activity,1
situated,1
artifacts,1
extended,1
migration,1
divided,1
blade,1
brewed,1
popular,1
scope,1
bounded,1
replicated,1
background,1
sedentary,1
boston,1
tool,1
upon,1
level,1
polynesian,1
preserved,1
careful,1
formal,1
savored,1
respect,1
fragments,1
far,1
emperor,1
eliminating,1
ethnology,1
sent,1
uncertain,1
focusing,1
sufficiently,1
trends,1
contacts,1
maguey,1
matricula,1
enter,1
revealed,1
causes,1
thoughts,1
skeletal,1
excessive,1
durable,1
neutrality,1
identifies,1
traded,1
significant,1
struck,1
overview,1
masterful,1
commodities,1
paints,1
database,1
cloaks,1
art,1
focus,1
merchant,1
francis,1
reliably,1
discussion,1
frei,1
ranks,1
localized,1
specialized,1
contains,1
immediately,1
mineralogical,1
usage,1
harvard,1
dispensed,1
point,1
actually,1
increasingly,1
aspect,1
mesoamericanists,1
frequencies,1
technologically,1
refutation,1
jaguar,1
examination,1
analysts,1
throughout,1
come,1
apex,1
focuses,1
janine,1
transect,1
surrounding,1
question,1
nodules,1
basin,1
systematic,1
models,1
involves,1
blades,1
fibers,1
explained,1
platform,1
commercial,1
spectrum,1
difficulties,1
lists,1
status,1
coexists,1
quality,1
decjournal,1
eccentrics,1
sample,1
interpreted,1
lithics,1
wastage,1
conditions,1
impressions,1
traders,1
de,1
ocelocalco,1
author,1
decorated,1
recycle,1
picture,1
jill,1
codex,1
change,1
defeat,1
parallels,1
hawaii,1
least,1
times,1
fauna,1
grown,1
salt,1
occurs,1
carlos,1
describing,1
presented,1
working,1
field,1
american,1
conrad,1
inference,1
specialists,1
manufacture,1
gross,1
ease,1
plant,1
geometry,1
smaller,1
features,1
high,1
collected,1
serves,1
conquered,1
antiquity,1
applicability,1
interprets,1
defined,1
advances,1
coupling,1
emphasizes,1
eluded,1
volumes,1
diagnostic,1
routes,1
provides,1
typology,1
repeated,1
items,1
forms,1
neutral,1
payment,1
perspective,1
academic,1
ceramics,1
burgeoning,1
preponderance,1
mexica,1
specific,1
few,1
drift,1
back,1
aztecs,1
characteristics,1
ha,1
study,1
consumer,1
evolutionary,1
distinctions,1
lightweight,1
pfeiffer,1
channels,1
six,1
topic,1
classificatory,1
presence,1
become,1
narrow,1
broadening,1
elites,1
adroit,1
boundaries,1
commodity,1
single,1
lake,1
widely,1
truly,1
can,1
networks,1
whorls,1
structure,1
nayarit,1
hybrid,1
richness,1
manioc,1
inability,1
import,1
consumption,1
spheres,1
even,1
valley,1
communication,1
journal,1
northern,1
oscillations,1
looming,1
skins,1
poorly,1
details,1
apparently,1
technological,1
than,1
recent,1
zones,1
decline,1
waterfowl,1
totally,1
operational,1
provided,1
opposite,1
attention,1
chert,1
rest,1
quiche,1
rates,1
gauzelike,1
enjoy,1
geographical,1
major,1
too,1
richly,1
