WORDCOUNTS,WEIGHT
the,81
of,80
and,61
a,30
in,27
by,21
university,19
to,15
from,13
for,11
boston,11
this,11
volume,9
archaeological,9
is,8
on,8
at,7
study,7
writing,7
archaeology,7
an,7
w,6
i,6
isbn,6
field,6
pottery,6
site,5
published,5
joyce,5
prehistoric,5
book,5
new,5
editorial,5
journal,5
american,4
not,4
studies,4
or,4
excavation,4
ancient,4
ii,4
with,4
paper,4
survey,4
m,4
william,4
maya,4
r,4
subscription,4
office,4
g,4
social,4
c,4
l,3
imported,3
e,3
minoan,3
edited,3
s,3
museum,3
marcus,3
rosemary,3
series,3
t,3
that,3
other,3
evidence,3
ceramic,3
near,3
late,3
neolithic,3
po,3
information,3
role,3
data,3
during,3
editor,3
box,3
editors,3
massachusetts,3
texas,3
be,3
hallo,2
european,2
it,2
fort,2
inhabitants,2
civilization,2
f,2
maps,2
palenque,2
curtis,2
foreword,2
sw,2
transformation,2
hester,2
pages,2
single,2
illustrations,2
dales,2
reference,2
pp,2
was,2
anthropological,2
commonwealth,2
any,2
before,2
culture,2
bruce,2
but,2
changing,2
age,2
most,2
toronto,2
only,2
bronze,2
catalog,2
also,2
power,2
postage,2
address,2
makran,2
history,2
j,2
available,2
search,2
p,2
john,2
polynesian,2
cerro,2
political,2
reviews,2
strategies,2
case,2
cover,2
forum,2
ford,2
manuscripts,2
eastern,2
books,2
public,2
chalcolithic,2
number,2
sites,2
vol,2
prehispanic,2
work,2
bc,2
bibliography,2
richard,2
upon,2
illustrated,2
tel,2
press,2
along,2
hieroglyphic,2
mesoamerican,2
ross,2
our,2
kommos,2
california,2
students,2
spring,2
trade,2
offer,2
david,2
excavations,2
mediterranean,2
aviv,2
exchange,2
between,2
aegean,2
research,2
publications,2
james,2
we,2
quarterly,2
anatolia,2
greek,2
brown,2
may,1
south,1
will,1
rights,1
crete,1
does,1
antiquities,1
highlights,1
lipo,1
carla,1
o,1
town,1
implications,1
icomos,1
no,1
russian,1
contact,1
george,1
his,1
promises,1
been,1
linda,1
main,1
synthesis,1
created,1
ibz,1
functional,1
trustees,1
market,1
wyllys,1
expedition,1
order,1
college,1
revolutionary,1
ulua,1
overstated,1
presentation,1
institutions,1
process,1
oscar,1
tropical,1
approaches,1
cult,1
deliberately,1
detailed,1
still,1
watrous,1
dosh,1
force,1
winona,1
manuscript,1
effectively,1
millennia,1
village,1
b,1
linea,1
deals,1
their,1
direct,1
balanced,1
one,1
jak,1
ware,1
evolution,1
life,1
special,1
archaeoloy,1
combines,1
bookstore,1
analysis,1
white,1
designed,1
about,1
schiff,1
archaeometric,1
miriam,1
competition,1
indus,1
stratified,1
illus,1
managing,1
h,1
mexican,1
auspices,1
centuries,1
ofanna,1
recounts,1
sudden,1
wake,1
typeset,1
lloyd,1
roman,1
barker,1
modern,1
widest,1
susan,1
joseph,1
east,1
under,1
civilizations,1
fifth,1
reconstruct,1
northern,1
occupational,1
periods,1
index,1
school,1
description,1
revolutionized,1
into,1
shaw,1
presents,1
andethnohistory,1
basalt,1
included,1
yellow,1
emergence,1
section,1
complete,1
director,1
something,1
shaffer,1
thematic,1
mary,1
monograph,1
princeton,1
complexity,1
al,1
updated,1
mercantile,1
must,1
four,1
ethnoarchaeology,1
athens,1
experience,1
extensive,1
ever,1
recovered,1
first,1
additional,1
regional,1
millennium,1
yakar,1
jeddito,1
sonia,1
physical,1
please,1
davis,1
plates,1
diary,1
ricardo,1
rather,1
carl,1
convincing,1
creighton,1
lewis,1
wattle,1
archeological,1
production,1
paul,1
heritage,1
founding,1
colorado,1
request,1
shepard,1
drawing,1
academy,1
natural,1
over,1
revealing,1
humans,1
each,1
all,1
paleobotanical,1
commentary,1
royal,1
cultures,1
uses,1
are,1
spontaneous,1
hohokam,1
worth,1
frederick,1
december,1
based,1
geoffrey,1
tour,1
board,1
copy,1
mcgill,1
societies,1
could,1
daub,1
minnesota,1
printed,1
puritan,1
current,1
domestic,1
livingston,1
which,1
counting,1
iii,1
behavioral,1
patrick,1
vectors,1
classical,1
exhibits,1
international,1
mapper,1
procedure,1
end,1
dekr,1
graeme,1
biota,1
contends,1
pattern,1
elia,1
simple,1
describe,1
zooarchaeological,1
outside,1
date,1
manipulating,1
tangle,1
v,1
reserved,1
occupation,1
robert,1
cultural,1
scholarly,1
thousands,1
institute,1
what,1
thearchaeology,1
gary,1
landscape,1
warriors,1
continuing,1
carefully,1
investigation,1
unique,1
seventeenth,1
spatial,1
them,1
whether,1
domestication,1
ceramics,1
symbols,1
persons,1
truly,1
particular,1
lane,1
side,1
classic,1
material,1
your,1
native,1
theory,1
metropolitan,1
halftones,1
distribution,1
wiseman,1
key,1
style,1
adopts,1
her,1
while,1
kirch,1
periphery,1
advisory,1
wesolowsky,1
brilliant,1
alcock,1
require,1
addresses,1
cloth,1
outstanding,1
periodical,1
local,1
subsistence,1
showalter,1
remote,1
marriages,1
understanding,1
line,1
journals,1
artifacts,1
used,1
art,1
divided,1
paradisee,1
indiana,1
turkey,1
nj,1
avery,1
discovery,1
tool,1
tulane,1
presented,1
range,1
israel,1
region,1
beck,1
surveys,1
copdn,1
through,1
timothy,1
sent,1
contacts,1
play,1
two,1
comment,1
elite,1
curt,1
identity,1
sinopoli,1
minority,1
ritual,1
horticulturalists,1
masterful,1
citation,1
island,1
samoa,1
demonstrates,1
maria,1
write,1
bradley,1
twin,1
regarding,1
ontario,1
archaeomagnetic,1
actual,1
subscriptions,1
winter,1
individuals,1
chapters,1
call,1
includes,1
pakistan,1
lifeways,1
bishop,1
focuses,1
collapse,1
ronald,1
hampshire,1
estimating,1
commercial,1
differentiation,1
such,1
epigraphic,1
reveals,1
explorations,1
runnels,1
zones,1
margaret,1
three,1
pamela,1
andrews,1
have,1
authors,1
vance,1
comprehensive,1
regions,1
de,1
tl,1
arkansas,1
peter,1
geoarchaeological,1
change,1
ecosystem,1
responses,1
tokens,1
documentation,1
excavated,1
individual,1
ibr,1
include,1
architectural,1
sense,1
marco,1
d,1
building,1
thirteenth,1
usa,1
period,1
so,1
fellow,1
reliable,1
features,1
mexico,1
issn,1
sands,1
adequacy,1
piece,1
submissions,1
deborah,1
nelson,1
wendy,1
skibo,1
thomas,1
around,1
jij,1
gabel,1
legacy,1
canal,1
vassar,1
fauna,1
mathematical,1
charles,1
written,1
highly,1
systems,1
body,1
cuneiform,1
k,1
eighth,1
paleozoological,1
denise,1
six,1
presence,1
photographic,1
southeast,1
princeto,1
scholarship,1
ann,1
text,1
fash,1
coast,1
philip,1
activities,1
norman,1
early,1
hard,1
progress,1
ethnohistory,1
valley,1
sciences,1
clearinghouse,1
ta,1
copyright,1
reasoned,1
paid,1
figures,1
correspondence,1
longdistance,1
city,1
among,1
ramenofsky,1
engaging,1
recent,1
connections,1
outgrowth,1
arnold,1
bonafide,1
should,1
sundstrom,1
adzes,1
rates,1
convincingly,1
gleaned,1
major,1
arizona,1
bce,1
examines,1
seaside,1
readable,1
thorough,1
hypothesis,1
