WORDCOUNTS,WEIGHT
the,107
of,74
is,36
to,36
and,36
in,35
a,24
that,22
it,19
by,16
neolithic,16
for,16
this,16
at,13
he,12
an,12
his,9
which,9
as,8
with,8
culture,8
these,8
be,8
europe,8
hodder,8
not,7
but,7
too,7
was,7
are,7
has,7
book,7
they,6
study,6
first,6
on,6
archaeology,5
from,5
seem,5
domestication,5
some,5
its,5
will,4
their,4
often,4
about,4
studies,4
also,4
ideas,4
approach,4
kind,4
between,4
rather,3
process,3
se,3
one,3
life,3
or,3
ian,3
more,3
again,3
stands,3
different,3
together,3
new,3
there,3
term,3
cultural,3
what,3
terms,3
practice,3
house,3
work,3
both,3
refers,3
human,3
wild,3
argument,3
although,3
period,3
so,3
structure,3
than,3
major,3
does,2
press,2
now,2
colin,2
me,2
no,2
way,2
been,2
across,2
how,2
certain,2
large,2
parts,2
use,2
criticism,2
continent,2
nor,2
case,2
university,2
consider,2
into,2
languages,2
then,2
thinking,2
material,2
same,2
traces,2
series,2
most,2
two,2
experience,2
organization,2
starting,2
lucid,2
puts,2
theory,2
attempt,2
fundamental,2
many,2
definition,2
my,2
other,2
own,2
simple,2
analyses,2
follows,2
changed,2
atlantic,2
very,2
radical,2
i,2
distinctive,2
such,2
do,2
reading,2
economy,2
farmers,2
them,2
scale,2
metaphor,2
agricultural,2
perhaps,2
isbn,2
problem,2
extent,2
draw,2
art,2
areas,2
far,2
along,2
entirely,2
extended,2
arguments,2
writing,2
thus,2
were,2
question,2
development,2
cambridge,2
three,2
archaeological,2
have,2
scandinavia,2
peter,2
working,2
earlier,2
developments,2
long,2
better,2
recalls,2
create,2
much,2
recent,2
doing,2
gordon,2
geographical,2
activities,2
may,1
carried,1
converge,1
naming,1
processual,1
relationship,1
modification,1
off,1
dominates,1
century,1
transformations,1
composed,1
common,1
fairly,1
polished,1
if,1
links,1
bring,1
domains,1
short,1
service,1
remain,1
elasticity,1
program,1
site,1
tempted,1
breadth,1
basic,1
unit,1
deserve,1
borrowing,1
insufficient,1
merits,1
subsistence,1
mean,1
monuments,1
active,1
adoption,1
still,1
yale,1
clothbound,1
after,1
coastlines,1
yet,1
bewildering,1
experiences,1
interplay,1
wilson,1
remaining,1
entrances,1
movement,1
length,1
direct,1
recently,1
reception,1
illustrations,1
fall,1
united,1
animals,1
second,1
edited,1
addressing,1
means,1
testability,1
itself,1
jonathan,1
articles,1
yearsabout,1
read,1
interpretive,1
monumental,1
soon,1
prehistory,1
us,1
echoes,1
index,1
equated,1
school,1
character,1
history,1
title,1
home,1
layout,1
constant,1
loess,1
just,1
appear,1
following,1
something,1
ethnographic,1
reviewed,1
focusing,1
peoples,1
appeals,1
department,1
begins,1
handling,1
extension,1
theme,1
archaeologists,1
follow,1
social,1
isolation,1
physical,1
persuasive,1
titles,1
specifically,1
domus,1
name,1
successfully,1
principles,1
questions,1
interests,1
helped,1
feeling,1
others,1
death,1
over,1
colonization,1
each,1
all,1
reworkings,1
towards,1
literary,1
had,1
nature,1
prehistoric,1
came,1
based,1
ceramic,1
reach,1
idea,1
innovations,1
treatment,1
agenda,1
gone,1
did,1
contextual,1
could,1
appearance,1
remit,1
found,1
creative,1
half,1
p,1
domestic,1
attempting,1
rhineland,1
time,1
really,1
able,1
renfrew,1
bound,1
take,1
kingdom,1
help,1
discussed,1
integrate,1
works,1
respects,1
late,1
men,1
patterns,1
readers,1
outside,1
took,1
evoke,1
concepts,1
taming,1
let,1
manner,1
where,1
performed,1
foris,1
reviews,1
broader,1
threshold,1
combined,1
spatial,1
appears,1
whether,1
ceramics,1
offering,1
references,1
plants,1
particular,1
independently,1
well,1
record,1
maintain,1
statement,1
axis,1
ideological,1
belief,1
style,1
number,1
agriculture,1
discuss,1
because,1
pursued,1
overemphasized,1
catal,1
oppositions,1
tame,1
another,1
observations,1
brings,1
marked,1
revealed,1
activity,1
artifacts,1
used,1
illustrate,1
discussion,1
radically,1
made,1
researchers,1
bibliography,1
outline,1
richard,1
obvious,1
outwards,1
alone,1
careful,1
fine,1
reader,1
concept,1
disadvantage,1
taking,1
brought,1
point,1
extends,1
introduced,1
distinctly,1
tombs,1
develop,1
convinced,1
subject,1
preached,1
empirical,1
analyzing,1
rigid,1
withhold,1
whole,1
tracing,1
place,1
persevere,1
broad,1
chancy,1
coins,1
cape,1
sequence,1
representation,1
central,1
rewarding,1
nothing,1
chapters,1
our,1
deployed,1
widened,1
language,1
shown,1
theoretical,1
only,1
difficulties,1
artifact,1
representations,1
years,1
irradiation,1
meanings,1
modem,1
express,1
recognize,1
author,1
dominated,1
aware,1
decorated,1
harm,1
good,1
characteristic,1
published,1
whilst,1
adopted,1
raises,1
include,1
normally,1
hunter,1
spread,1
paperbound,1
buildings,1
played,1
basil,1
static,1
order,1
defined,1
practiced,1
mediterranean,1
area,1
haphazard,1
emphasizes,1
volumes,1
standard,1
settlement,1
elements,1
collections,1
around,1
dialogue,1
contingency,1
several,1
needs,1
written,1
amount,1
internal,1
trying,1
root,1
houses,1
research,1
sight,1
distinguished,1
stand,1
boundaries,1
effective,1
coast,1
can,1
diffusionist,1
find,1
crux,1
when,1
views,1
deposition,1
up,1
through,1
probably,1
even,1
little,1
journal,1
look,1
traditional,1
northern,1
discusses,1
world,1
details,1
among,1
we,1
connections,1
appropriate,1
should,1
evidence,1
controversial,1
provided,1
finds,1
attention,1
roles,1
species,1
decision,1
society,1
societies,1
