WORDCOUNTS,WEIGHT
the,675
of,435
and,337
in,199
a,161
to,121
early,78
is,75
archaic,72
are,70
at,67
o,66
lookingbill,66
site,65
layer,63
from,57
as,51
late,50
with,50
this,49
for,48
paleoindian,42
stone,40
chipped,40
or,38
points,38
projectile,37
on,37
that,35
by,35
artifacts,34
excavation,33
i,33
were,32
m,30
but,29
v,27
than,26
items,25
tools,25
no,24
be,24
other,23
an,23
was,23
units,23
more,23
all,22
bone,22
rocky,22
cultural,21
these,21
between,21
during,20
flake,19
university,19
wyoming,19
assemblage,19
we,19
chert,19
while,19
production,18
some,18
unit,18
level,18
years,18
expected,17
may,17
two,17
high,17
not,17
quartzite,17
flakes,16
density,16
deer,16
obsidian,16
material,16
frison,16
backplot,16
layers,16
have,16
bp,15
most,15
field,15
local,15
analysis,15
artifact,15
size,15
although,15
area,15
body,14
main,14
raw,14
occupation,14
been,14
through,14
elements,13
separation,13
about,13
only,13
assemblages,13
formal,13
low,13
fishtail,13
figure,13
both,13
c,13
it,12
one,12
hunting,12
point,12
dates,12
excavations,12
charcoal,12
out,12
block,12
contains,12
diagnostic,12
presence,12
materials,12
lanceolate,12
meadow,12
which,12
three,12
bighorn,12
vertical,12
cm,12
suggests,12
much,12
their,11
faunal,11
above,11
new,11
distal,11
less,11
frequency,11
use,11
very,11
middle,11
proximal,11
sterile,10
represent,10
mountains,10
side,10
x,10
altitude,10
used,10
rapson,10
research,10
time,10
present,10
number,10
deposits,10
radiocarbon,10
archaeological,10
associated,10
few,10
information,10
dense,10
remains,10
e,9
j,9
date,9
helen,9
relatively,9
mary,9
cut,9
part,9
several,9
identified,9
slope,9
has,9
investigation,9
significant,8
available,8
levels,8
solid,8
four,8
prehistoric,8
could,8
below,8
small,8
specimens,8
strata,8
also,8
period,8
can,8
consists,8
deposit,8
sheep,8
our,8
evidence,8
defined,8
technological,8
later,7
into,7
total,7
investigations,7
within,7
bottom,7
such,7
plotted,7
l,7
earlier,7
marks,7
clearly,7
recovered,7
because,7
well,7
department,7
excavated,7
stage,7
heat,7
located,7
areas,7
where,7
made,7
including,7
laboratory,7
often,7
series,7
lou,7
contain,7
press,7
include,7
debris,6
studies,6
test,6
lower,6
sources,6
retouched,6
those,6
human,6
frequencies,6
left,6
journal,6
biface,6
process,6
b,6
w,6
upper,6
pleistocene,6
based,6
academic,6
backplots,6
surrounding,6
yielded,6
periods,6
end,6
another,6
range,6
manufactured,6
david,6
would,6
table,6
over,6
type,6
marcel,6
association,6
archaeology,5
they,5
large,5
complex,5
occurred,5
before,5
nature,5
differences,5
possible,5
throughout,5
component,5
since,5
against,5
sediment,5
z,5
occurs,5
third,5
his,5
subsistence,5
represented,5
organization,5
record,5
surface,5
greater,5
processing,5
term,5
absolute,5
charred,5
work,5
away,5
regional,5
depositional,5
lowest,5
components,5
essentially,5
south,5
will,5
likely,5
nearly,5
southern,5
represents,5
again,5
treatment,5
strategies,5
perhaps,5
skeletal,5
virtually,5
mountain,5
adaptations,5
vv,5
george,5
pieces,5
methods,5
when,5
stratigraphic,5
paper,5
report,5
elevation,5
larson,5
oo,5
d,5
major,5
pinner,4
opalitic,4
peaks,4
history,4
gap,4
long,4
gulch,4
analyses,4
there,4
u,4
marked,4
west,4
g,4
corner,4
nutrient,4
pelvis,4
distinct,4
camp,4
how,4
similar,4
study,4
animals,4
changes,4
n,4
numbers,4
frequently,4
orientation,4
show,4
additional,4
view,4
appear,4
concentration,4
plot,4
wide,4
near,4
tool,4
backhoe,4
aa,4
event,4
eleven,4
highly,4
up,4
results,4
provided,4
activities,4
society,4
variety,4
various,4
indicates,4
chronology,4
ne,4
professor,4
rock,4
many,4
longer,4
channel,4
primarily,4
understanding,4
yellowstone,4
open,4
plains,4
provides,4
discarded,4
absaroka,4
easting,4
separate,4
foramen,4
types,4
thick,4
any,4
following,4
complexes,4
each,4
anthropology,4
different,4
past,4
utilized,4
game,4
densities,4
varieties,4
little,4
formation,4
numerous,4
km,4
meat,4
north,4
difficult,3
if,3
created,3
separated,3
affected,3
episodes,3
utility,3
per,3
screening,3
mobility,3
identify,3
second,3
position,3
uj,3
being,3
first,3
interests,3
season,3
fragmentary,3
mau,3
heating,3
context,3
debitage,3
fused,3
recorded,3
bones,3
quantities,3
holocene,3
burning,3
minimum,3
thus,3
bison,3
clay,3
times,3
thin,3
geological,3
even,3
bifaces,3
sw,3
excavators,3
plots,3
locally,3
elsewhere,3
observations,3
profile,3
age,3
suggested,3
providing,3
whereas,3
had,3
found,3
base,3
further,3
cuts,3
residential,3
line,3
overlying,3
related,3
place,3
change,3
p,3
least,3
around,3
sufficient,3
portions,3
coordinate,3
portion,3
he,3
restricted,3
useful,3
angular,3
towards,3
water,3
shows,3
deep,3
fieldwork,3
distance,3
analyzed,3
classes,3
northing,3
bear,3
bed,3
questions,3
perpendicular,3
so,3
summer,3
k,3
structure,3
hunters,3
northern,3
occupied,3
y,3
anatomy,3
ranging,3
relationship,3
inhabitants,3
chance,3
five,3
detailed,3
indicate,3
associate,3
considered,3
pl,3
demonstrate,3
known,3
down,3
appendix,3
pebbles,3
mass,3
terms,3
particular,3
axis,3
techniques,3
goals,3
protohistoric,3
national,3
approximately,3
fauna,3
manufacture,3
element,3
observed,3
occur,3
does,2
now,2
flow,2
edge,2
horizontal,2
common,2
way,2
representing,2
concerned,2
alone,2
camping,2
gridline,2
h,2
unanswered,2
easily,2
notched,2
source,2
predominantly,2
hm,2
upland,2
t,2
wilfred,2
pink,2
taken,2
culturally,2
location,2
heated,2
containing,2
limb,2
archaeologically,2
secondary,2
sedimentation,2
potentially,2
ilium,2
consist,2
state,2
robert,2
targhee,2
sq,2
case,2
geologic,2
eastern,2
primary,2
jack,2
establishing,2
far,2
quantity,2
fragmented,2
chronic,2
behavior,2
exist,2
central,2
includes,2
collapse,2
colluvial,2
southwestern,2
consumed,2
barton,2
unpublished,2
spot,2
sample,2
perspective,2
served,2
compared,2
storage,2
identifications,2
greiser,2
acknowledge,2
hofman,2
without,2
across,2
square,2
centimeters,2
longest,2
ungulate,2
ischium,2
carcass,2
parts,2
summarized,2
miscellaneous,2
tooth,2
cherts,2
possibly,2
river,2
horizontally,2
important,2
screened,2
preference,2
radial,2
root,2
basin,2
called,2
seven,2
objectives,2
her,2
cores,2
im,2
meter,2
fourth,2
buried,2
appears,2
otherwise,2
fish,2
facilities,2
designations,2
technical,2
aspects,2
sites,2
revealed,2
mapped,2
significantly,2
occupants,2
mule,2
its,2
whole,2
year,2
transported,2
reflect,2
employed,2
either,2
statistically,2
computer,2
tested,2
order,2
smithsonian,2
peak,2
generally,2
majority,2
ta,2
using,2
fossa,2
preliminary,2
tuberosity,2
bugasholding,2
chronological,2
short,2
projecting,2
direction,2
structural,2
kills,2
vicinity,2
kornfeld,2
robin,2
springs,2
interpretation,2
thought,2
us,2
bo,2
included,2
same,2
sharply,2
largest,2
patterning,2
fan,2
provide,2
boggy,2
provenience,2
death,2
addition,2
fact,2
occupations,2
broken,2
appeared,2
mne,2
break,2
surfaces,2
pattern,2
minisink,2
never,2
adjacent,2
ground,2
necessary,2
investigated,2
vast,2
masses,2
previously,2
increase,2
concern,2
varying,2
lumbar,2
moss,2
cranial,2
dating,2
clear,2
fades,2
characterized,2
stages,2
latter,2
especially,2
cs,2
improving,2
james,2
probably,2
looks,2
slightly,2
institution,2
pht,2
ago,2
fork,2
species,2
undifferentiated,2
topography,2
triangles,2
modification,2
science,2
usually,2
begin,2
fewer,2
referred,2
ea,2
began,2
antiquity,2
responsible,2
existed,2
fall,2
subdivided,2
epi,2
exists,2
regularly,2
addressed,2
anthropological,2
border,2
contained,2
must,2
simply,2
charles,2
pea,2
assigned,2
know,2
dimension,2
ui,2
wall,2
current,2
superposition,2
caudal,2
distinctive,2
advances,2
animal,2
what,2
combined,2
spatial,2
them,2
plants,2
temporally,2
distribution,2
limbs,2
consisting,2
almost,2
minimal,2
finished,2
supracondyloid,2
lpi,2
transport,2
reported,2
variability,2
barrows,2
lab,2
cp,2
difference,2
camps,2
course,2
instead,2
define,2
consumption,2
increased,2
comparison,2
ramus,2
df,2
focus,2
among,2
recent,2
profiles,2
close,2
row,2
dip,1
final,1
exhibiting,1
miller,1
titude,1
currently,1
mostly,1
assembill,1
oriented,1
indicated,1
microstructures,1
dug,1
ligament,1
imported,1
faced,1
maxilla,1
extend,1
resulted,1
extends,1
introduction,1
differentiating,1
calcaneus,1
pushed,1
group,1
center,1
american,1
achievements,1
kinds,1
ma,1
etching,1
schools,1
colluviation,1
constitutes,1
remnants,1
alluviation,1
bifacial,1
thickest,1
bamboo,1
additionally,1
ly,1
intermittent,1
cminor,1
modern,1
undetected,1
ramifications,1
western,1
ian,1
unlike,1
evaluating,1
carpals,1
underlain,1
fw,1
exceptions,1
something,1
sagittal,1
practices,1
contexts,1
limestone,1
salvage,1
cutting,1
clarifying,1
accumulation,1
consistent,1
fabric,1
expanding,1
canyon,1
nitecki,1
archaeologists,1
washakie,1
lateral,1
lightly,1
certainly,1
jackson,1
pubis,1
experimented,1
implications,1
address,1
palynological,1
waldo,1
utilization,1
steadman,1
departure,1
experiments,1
joins,1
eruption,1
s,1
gorge,1
elevational,1
stratigraphically,1
notching,1
together,1
spokeshave,1
simple,1
thank,1
pedogenic,1
tarsals,1
producing,1
able,1
reveal,1
onto,1
procedure,1
bodysize,1
products,1
styles,1
assays,1
subsequent,1
help,1
achieved,1
keiter,1
malleolus,1
last,1
mr,1
primitive,1
proprietary,1
principal,1
regularized,1
vertebrate,1
boyce,1
somewhat,1
glenoid,1
papers,1
similarities,1
datable,1
erosional,1
environmental,1
skyward,1
nunamiut,1
takes,1
hell,1
downhill,1
linear,1
owing,1
east,1
unheated,1
bases,1
america,1
agriculture,1
right,1
addresses,1
centrum,1
mesh,1
vol,1
inverse,1
prior,1
ax,1
publishers,1
mandibular,1
activity,1
illustrate,1
characterize,1
laramie,1
functions,1
alter,1
richard,1
petrous,1
campground,1
fine,1
internet,1
occurring,1
interdisciplinary,1
except,1
coxae,1
desirable,1
geomorphological,1
along,1
undoubtedly,1
enter,1
interviews,1
blends,1
dentari,1
collection,1
hudson,1
wherever,1
expanded,1
prey,1
differential,1
bracketed,1
quality,1
reject,1
rotating,1
pursuit,1
unassociated,1
muscle,1
agent,1
interest,1
trench,1
sp,1
thinned,1
mailing,1
plotting,1
shatter,1
acetabular,1
jr,1
extensively,1
nested,1
learning,1
deepest,1
midsummer,1
ecosystem,1
drainage,1
nor,1
old,1
spanned,1
fig,1
fm,1
channels,1
six,1
inclusion,1
allowing,1
ingbar,1
unequivocally,1
landmark,1
suitability,1
archaeologist,1
terrace,1
lobe,1
communication,1
hodder,1
excavator,1
outflow,1
ecosystems,1
demonstration,1
stratum,1
deeply,1
palaeoenvironmental,1
stephen,1
acetabulum,1
transshipment,1
poorly,1
cobbles,1
higher,1
seventh,1
permits,1
deviation,1
excavate,1
disposed,1
scapula,1
graphics,1
reflects,1
adjunct,1
astragulus,1
grid,1
aimed,1
haskett,1
morrison,1
trochanter,1
radius,1
crest,1
notion,1
wobst,1
styloid,1
proportion,1
eight,1
importance,1
se,1
ah,1
shawnee,1
disarticulated,1
special,1
creek,1
cave,1
tree,1
illustrations,1
ascending,1
evolution,1
diminishes,1
kroeberanthropological,1
geomorphologcluding,1
clarification,1
paleolithic,1
scattered,1
space,1
raymond,1
consejournal,1
modified,1
category,1
rib,1
gravels,1
surfer,1
consider,1
objects,1
occupational,1
established,1
intensive,1
dated,1
contiguous,1
proved,1
director,1
just,1
moderately,1
impact,1
squares,1
eolian,1
commonly,1
resource,1
shorter,1
albuquerque,1
emeritus,1
stripping,1
follow,1
beyond,1
wy,1
followed,1
requires,1
husted,1
method,1
archeological,1
plenum,1
permanent,1
firmly,1
care,1
hardware,1
lookingtion,1
metal,1
exits,1
beaver,1
meaty,1
denticulate,1
yielding,1
uses,1
result,1
ulnar,1
came,1
petrified,1
extent,1
plateau,1
allow,1
societies,1
appearance,1
techthe,1
carcasses,1
begun,1
erosion,1
aaa,1
item,1
mapping,1
foreground,1
underneath,1
changed,1
outcrops,1
vironmental,1
international,1
pass,1
events,1
relate,1
taphonomy,1
zone,1
eu,1
approximation,1
midway,1
evaluate,1
sacrum,1
standardized,1
pointing,1
understood,1
focused,1
shawanee,1
caves,1
crn,1
luster,1
treat,1
secure,1
intensity,1
meet,1
scale,1
publications,1
discus,1
placed,1
procedures,1
medial,1
explain,1
required,1
acknowledgments,1
oooa,1
unraveled,1
failure,1
multipurpose,1
directly,1
none,1
having,1
anna,1
future,1
degrees,1
paleoenvironmental,1
kelly,1
occugations,1
overviews,1
logarmmi,1
pr,1
comprises,1
preferred,1
nine,1
nearest,1
r,1
prominent,1
brought,1
characterization,1
discusses,1
sharon,1
example,1
wildesen,1
clearer,1
ilu,1
vertebrae,1
data,1
positions,1
stores,1
geology,1
roll,1
piecing,1
tale,1
consistently,1
intermediate,1
toolsflake,1
refined,1
obscured,1
toric,1
broad,1
records,1
people,1
blade,1
actually,1
survey,1
tr,1
winter,1
versus,1
phalanx,1
documented,1
personal,1
liestman,1
archeologist,1
subdivide,1
il,1
predominance,1
showing,1
project,1
alan,1
doubtful,1
horizon,1
trends,1
approach,1
mcnett,1
regions,1
flaking,1
oao,1
social,1
optimal,1
refitting,1
caused,1
working,1
spatially,1
tta,1
tom,1
unexpected,1
suggest,1
prevalence,1
indicators,1
box,1
plainsanthropologist,1
reaches,1
hole,1
settlement,1
arbitrary,1
involved,1
signifies,1
quantification,1
deltoid,1
characteristics,1
shapes,1
oc,1
pointprovenienced,1
accomplished,1
behavioralarchaeology,1
metacarpal,1
alluvial,1
thoracic,1
anterior,1
core,1
characterizes,1
reider,1
barely,1
progress,1
os,1
regardless,1
informaalthough,1
grateful,1
wiggins,1
finds,1
nv,1
frontal,1
ninth,1
seemed,1
barbara,1
morphology,1
uncommon,1
underlies,1
investigating,1
computerarchaeology,1
occipital,1
exterior,1
absence,1
transverse,1
summarize,1
condylar,1
bringing,1
anconeal,1
gather,1
economic,1
gradual,1
synthesis,1
service,1
overall,1
judy,1
limited,1
appreciate,1
transmontane,1
exception,1
solute,1
stratigraphy,1
still,1
bill,1
ofarchaeology,1
initially,1
collapsed,1
themill,1
selection,1
positive,1
dimensional,1
percentage,1
shareware,1
applications,1
depicted,1
glossy,1
kahin,1
yet,1
museum,1
vs,1
coverage,1
marginal,1
reshaping,1
patella,1
cliff,1
boundary,1
ancient,1
idaho,1
tn,1
tebiwa,1
refine,1
experimental,1
nw,1
al,1
belonging,1
illustrated,1
begins,1
volunteers,1
warranted,1
noted,1
hadrian,1
bar,1
predominate,1
truncated,1
rise,1
published,1
considers,1
harper,1
seasonally,1
starting,1
lewis,1
pinning,1
fremont,1
technique,1
stronger,1
mark,1
others,1
rx,1
trapping,1
calcanei,1
varies,1
put,1
lucy,1
perfected,1
lovell,1
condyle,1
analytical,1
communal,1
lack,1
encompassed,1
overwhelming,1
deterioration,1
blocks,1
predominant,1
documents,1
predominated,1
lasca,1
mummy,1
coordinates,1
john,1
feu,1
variation,1
trowels,1
golden,1
distributions,1
millimeter,1
discussed,1
roof,1
removal,1
fragments,1
terry,1
forms,1
patterns,1
outside,1
hand,1
model,1
touted,1
preforms,1
tertiary,1
carpal,1
continuing,1
francois,1
purposes,1
arrays,1
michael,1
until,1
practice,1
ul,1
carnivore,1
chronologically,1
asv,1
masl,1
gives,1
wood,1
encountered,1
identifiable,1
thoroughly,1
lanceolates,1
degree,1
demonstrated,1
investigators,1
exhibit,1
comprise,1
discovery,1
chronostratigraphic,1
values,1
active,1
region,1
drills,1
thickness,1
sesamoid,1
quads,1
scatter,1
intermountain,1
recover,1
samples,1
top,1
complement,1
unfortunately,1
largely,1
station,1
ulna,1
refers,1
privileges,1
factor,1
sequence,1
prominently,1
tips,1
processes,1
assign,1
variables,1
recovery,1
nothing,1
individuals,1
reproduction,1
chosen,1
previous,1
positional,1
ob,1
remanufacture,1
described,1
specimen,1
significance,1
meanings,1
femur,1
elk,1
aaf,1
mt,1
faces,1
amounts,1
mississippian,1
individual,1
blend,1
patterned,1
general,1
function,1
features,1
mexico,1
collected,1
tarsal,1
obtained,1
maximize,1
mammals,1
proximity,1
after,1
standard,1
abundant,1
sally,1
martin,1
adequately,1
permitting,1
leg,1
skull,1
outrepasse,1
favored,1
cataloged,1
problems,1
internal,1
metatarsal,1
editors,1
narrow,1
mainly,1
phf,1
preand,1
fishtails,1
arisen,1
uninterrupted,1
hind,1
relative,1
atlas,1
investiassociated,1
bordes,1
kunselman,1
attention,1
specialties,1
gleaned,1
applies,1
increasing,1
frisoh,1
depth,1
seasons,1
rodent,1
informs,1
me,1
teres,1
diagrams,1
richest,1
reviewer,1
processed,1
collateral,1
independent,1
continued,1
bulk,1
sometimes,1
crucial,1
testing,1
program,1
obscuring,1
rough,1
support,1
cutfigure,1
discard,1
leslie,1
wash,1
tuber,1
dimensions,1
cranium,1
seen,1
yale,1
curation,1
returned,1
overlap,1
nological,1
displaying,1
life,1
kill,1
united,1
homogenizes,1
resemble,1
forest,1
earliest,1
vn,1
pronghorn,1
isaac,1
burned,1
sections,1
dubois,1
graphs,1
deposited,1
then,1
gatherer,1
dispersed,1
furthest,1
prehistory,1
sloping,1
lookingjournal,1
complexity,1
grand,1
skeleton,1
torrence,1
ethnoarchaeology,1
wear,1
geographic,1
constituted,1
substrate,1
too,1
continues,1
symbolic,1
diagonal,1
discrepancy,1
eskimo,1
notches,1
physical,1
temporal,1
separately,1
vw,1
set,1
colorado,1
wyomingarchaeologist,1
archeologists,1
ecologic,1
natural,1
control,1
investigative,1
country,1
attribute,1
ratio,1
sizes,1
believe,1
best,1
unknown,1
contextual,1
intrusive,1
genus,1
half,1
southernmost,1
post,1
iii,1
alternatively,1
particularly,1
linked,1
picks,1
edible,1
bonnie,1
separating,1
cervical,1
iron,1
closest,1
proposed,1
recorder,1
tibia,1
merely,1
better,1
phd,1
lens,1
according,1
explanations,1
month,1
depicts,1
whether,1
accounts,1
mandible,1
pertinent,1
nearby,1
males,1
passed,1
vf,1
mni,1
chantllb,1
always,1
thames,1
institute,1
densest,1
projection,1
lm,1
cloth,1
yield,1
episode,1
tubercle,1
missed,1
apparently,1
ideal,1
categories,1
rises,1
quartzites,1
logical,1
cl,1
uniform,1
introduced,1
prevalent,1
datum,1
verification,1
disappears,1
extended,1
elevations,1
contribute,1
obtain,1
reconstruct,1
humerus,1
isolated,1
articular,1
come,1
eric,1
diagram,1
enthusiasm,1
porcellanite,1
centennial,1
moderate,1
ungulates,1
elongated,1
sediments,1
locations,1
differentiation,1
reveals,1
electronic,1
generate,1
cambridge,1
donald,1
finding,1
decrease,1
phalanges,1
chemical,1
grant,1
wish,1
public,1
depressing,1
typically,1
land,1
hunter,1
cobble,1
green,1
gross,1
ll,1
product,1
smaller,1
postearly,1
reflexive,1
states,1
forming,1
gridlines,1
alder,1
oldest,1
extremely,1
shift,1
lj,1
summary,1
ruth,1
anonymous,1
olecranon,1
moved,1
retouch,1
inclination,1
observation,1
specific,1
supported,1
removed,1
drying,1
combination,1
themselves,1
denser,1
butchering,1
vary,1
chicago,1
reached,1
yearround,1
ruby,1
create,1
deposition,1
maximum,1
exclusively,1
predictable,1
nisp,1
valley,1
northwestern,1
given,1
splits,1
paleobiology,1
immediately,1
eb,1
counts,1
comparable,1
glaciation,1
beings,1
cross,1
should,1
abical,1
showed,1
axial,1
arizona,1
deeper,1
symphysis,1
