WORDCOUNTS,WEIGHT
the,144
of,97
and,90
in,66
that,50
to,40
a,35
di,29
as,20
southwest,19
american,16
with,16
culture,15
by,15
casas,15
is,14
peso,12
southwestern,12
at,11
have,11
northern,11
grandes,11
was,10
from,10
change,10
but,9
on,9
university,8
or,8
many,8
for,8
mesoamerican,8
were,8
such,8
not,7
mexico,7
schemes,7
are,7
others,7
cultural,7
dynamics,7
we,7
he,6
his,6
who,6
they,6
mesoamerica,6
j,6
had,6
prehistoric,6
key,6
this,6
archaeological,6
charles,6
one,5
often,5
h,5
prehistory,5
grand,5
most,5
time,5
new,5
both,5
broad,5
perspective,5
site,4
been,4
it,4
environmental,4
their,4
southern,4
study,4
construction,4
into,4
w,4
these,4
only,4
gran,4
over,4
other,4
last,4
understanding,4
samples,4
central,4
regional,4
years,4
area,4
dean,4
exchange,4
few,4
c,4
world,4
major,4
george,3
if,3
linda,3
groups,3
e,3
similar,3
center,3
large,3
studies,3
stephen,3
perspectives,3
contact,3
department,3
beyond,3
volume,3
rings,3
cordell,3
more,3
s,3
production,3
power,3
greater,3
societies,3
amerind,3
forces,3
foundation,3
i,3
there,3
interpretations,3
relationships,3
state,3
mcguire,3
ravesloot,3
haury,3
wiegand,3
local,3
data,3
work,3
some,3
randall,3
press,3
consistently,3
processes,3
chaco,3
polity,3
field,3
between,3
research,3
external,3
debate,3
when,3
kelley,3
institution,3
may,2
south,2
book,2
will,2
r,2
units,2
pochteca,2
no,2
van,2
materials,2
various,2
inhabitants,2
influence,2
highlands,2
florescence,2
resulted,2
archaeology,2
dimensions,2
lost,2
still,2
vol,2
contributions,2
envisioned,2
about,2
frontier,2
plog,2
yet,2
ways,2
mexican,2
steadman,2
examine,2
technology,2
whitecotton,2
history,2
then,2
sapwood,2
conclusion,2
too,2
four,2
two,2
woosley,2
people,2
canyon,2
also,2
paul,2
explain,2
jeffrey,2
phil,2
anthropological,2
control,2
irrigation,2
faulty,2
scholars,2
doolittle,2
centers,2
reed,2
john,2
very,2
highland,2
considerable,2
anne,2
mogollon,2
occupation,2
robert,2
what,2
reviews,2
see,2
system,2
riley,2
has,2
number,2
periphery,2
sites,2
explored,2
argues,2
spheres,2
used,2
hydraulic,2
conference,2
pueblo,2
region,2
along,2
olinger,2
fluctuations,2
variable,2
hantman,2
illinois,2
emphasize,2
vocabulary,2
framework,2
long,2
thus,2
than,2
devoted,2
theoretical,2
models,2
commercial,2
whalen,2
originated,2
authors,2
washington,2
like,2
pottery,2
an,2
diversity,2
trading,2
reaches,2
extremely,2
minnis,2
chichimeca,2
problems,2
smithsonian,2
architectural,2
systems,2
brought,2
always,2
early,2
little,2
traditional,2
north,2
notes,2
evidence,2
dates,2
championed,2
model,1
toltec,1
carried,1
fifty,1
challenge,1
san,1
relationship,1
noteworthy,1
likely,1
recognized,1
town,1
exterior,1
whose,1
viewed,1
flow,1
today,1
reexamine,1
absence,1
mesa,1
school,1
way,1
independent,1
statements,1
sometimes,1
links,1
l,1
economic,1
modeling,1
southerly,1
sonoran,1
centered,1
although,1
how,1
organizing,1
begin,1
return,1
address,1
expedition,1
islands,1
primarily,1
intriguing,1
responded,1
holistic,1
allen,1
profusion,1
pailes,1
clothbound,1
reworked,1
juan,1
expanded,1
distributed,1
interactions,1
mathien,1
sponsored,1
contribution,1
contemporaneous,1
zacatecas,1
recognize,1
group,1
terms,1
complex,1
heidi,1
va,1
life,1
why,1
selection,1
symbols,1
environjournal,1
scales,1
analysis,1
distant,1
postulate,1
confronting,1
michael,1
united,1
comparatiie,1
formed,1
fenner,1
misuse,1
specialist,1
types,1
instances,1
reason,1
modified,1
understand,1
breitburg,1
articles,1
developments,1
interpretive,1
emil,1
sound,1
conscious,1
joseph,1
supervised,1
ring,1
evolved,1
repair,1
supports,1
chronology,1
addressed,1
detail,1
organization,1
neither,1
western,1
index,1
coeval,1
explanatory,1
reassessments,1
reflects,1
environment,1
carroll,1
seriously,1
occurred,1
included,1
small,1
considerations,1
any,1
director,1
impact,1
series,1
exploratory,1
argued,1
changing,1
mimbres,1
reviewed,1
must,1
agricultural,1
different,1
show,1
cutting,1
reports,1
demonstrate,1
agents,1
extensive,1
maverick,1
controlled,1
chichimecan,1
highlighted,1
rise,1
piety,1
archaeologists,1
else,1
t,1
sector,1
social,1
useful,1
constructed,1
prchistory,1
rather,1
certainly,1
oklahoma,1
exclusive,1
carla,1
theory,1
equation,1
coincides,1
important,1
agriculture,1
know,1
concentrated,1
contrasted,1
decades,1
advocated,1
trajectories,1
santa,1
postdated,1
kent,1
each,1
added,1
chacoan,1
water,1
raw,1
correspond,1
cultures,1
efforts,1
reevaluation,1
incorporates,1
hohokam,1
chemically,1
company,1
outside,1
shaped,1
east,1
idea,1
extent,1
available,1
believe,1
westviewx,1
did,1
leading,1
areas,1
indies,1
found,1
entered,1
demise,1
argue,1
endeavored,1
search,1
color,1
strength,1
careers,1
ben,1
regard,1
p,1
post,1
fully,1
effort,1
encompassed,1
selectionist,1
proposal,1
concludes,1
cautious,1
resulting,1
originate,1
domesticated,1
ramos,1
brokers,1
type,1
better,1
never,1
places,1
patterns,1
conclusions,1
rebellious,1
emphasized,1
do,1
concepts,1
chichimec,1
those,1
william,1
webs,1
political,1
centre,1
manner,1
where,1
innovative,1
wishing,1
within,1
anthropology,1
proceedings,1
investigation,1
leonard,1
existing,1
spatial,1
them,1
imperfections,1
similarities,1
recently,1
produced,1
offering,1
list,1
until,1
promise,1
case,1
issue,1
particular,1
cornerstones,1
rohn,1
fish,1
practice,1
ed,1
placed,1
southwesternists,1
nothing,1
perhaps,1
isbn,1
native,1
ideological,1
belief,1
recognizes,1
eds,1
stretched,1
distance,1
method,1
modify,1
task,1
hegemony,1
her,1
another,1
create,1
because,1
fore,1
addresses,1
overemphasized,1
degree,1
well,1
main,1
chapter,1
proposing,1
precedent,1
almost,1
editor,1
phenomena,1
capable,1
aggregation,1
future,1
urban,1
activity,1
encounter,1
peoples,1
international,1
characterize,1
knew,1
nucleus,1
treated,1
basis,1
transplanted,1
exploitative,1
preserved,1
limitations,1
dutch,1
flaw,1
desert,1
fallen,1
concept,1
recognition,1
west,1
mental,1
founded,1
recipients,1
conclude,1
part,1
timely,1
complexes,1
establishment,1
despite,1
merge,1
indigenous,1
patterning,1
ac,1
identification,1
top,1
economies,1
controlling,1
significant,1
loss,1
expression,1
use,1
alien,1
emanuel,1
arthur,1
station,1
utility,1
merchant,1
francis,1
postulated,1
families,1
climatic,1
sequence,1
exploit,1
ideas,1
survey,1
aztec,1
writing,1
tribute,1
energized,1
questions,1
participated,1
zone,1
phase,1
continue,1
centralized,1
documented,1
which,1
regions,1
complemented,1
connected,1
employed,1
theories,1
realms,1
internal,1
differentially,1
merchants,1
conducive,1
delimit,1
turkey,1
estimating,1
severe,1
received,1
reject,1
cambridge,1
bonito,1
provoked,1
reality,1
encapsulates,1
approach,1
purposely,1
frame,1
publication,1
traders,1
g,1
recognizable,1
decorated,1
forgotten,1
amounts,1
relatively,1
regarded,1
contributors,1
contributed,1
offer,1
general,1
least,1
interregional,1
times,1
include,1
indicate,1
integrated,1
excavations,1
anasazi,1
need,1
jr,1
so,1
symbolic,1
gumerman,1
played,1
antiquity,1
stresses,1
applicability,1
praising,1
roberta,1
order,1
contrast,1
anyone,1
after,1
turn,1
black,1
nelson,1
abundant,1
nor,1
latter,1
generating,1
bay,1
david,1
drastically,1
dissent,1
acknowledge,1
specific,1
heartwood,1
causing,1
article,1
replace,1
acoma,1
response,1
nicely,1
assumed,1
gis,1
bart,1
wares,1
km,1
disparate,1
importance,1
point,1
single,1
interconnections,1
tended,1
philip,1
be,1
structure,1
wills,1
exclusively,1
northwestern,1
interaction,1
gloria,1
productivity,1
journal,1
focus,1
proper,1
much,1
colleague,1
strong,1
corners,1
among,1
recent,1
structured,1
evaluated,1
occasion,1
should,1
building,1
outright,1
sociopolitical,1
passive,1
attention,1
roles,1
moved,1
la,1
ripples,1
concluded,1
interact,1
cites,1
arizona,1
poorly,1
avoid,1
