WORDCOUNTS,WEIGHT
the,93
of,87
and,75
in,44
to,25
a,20
aztec,19
by,15
as,14
that,11
de,11
is,10
were,10
are,9
on,9
this,8
imagination,8
university,7
was,7
papers,7
it,6
with,6
or,6
broda,6
volume,6
natural,6
an,6
johanna,6
van,5
mesoamerican,5
part,5
ritual,5
nahuatl,5
how,4
their,4
physical,4
all,4
nature,4
particularly,4
religion,4
matos,4
what,4
her,4
number,4
data,4
del,4
use,4
such,4
have,4
religious,4
mexico,3
one,3
not,3
had,3
environment,3
included,3
its,3
but,3
only,3
der,3
heyden,3
other,3
beliefs,3
carrasco,3
el,3
pedro,3
eduardo,3
some,3
understanding,3
expression,3
which,3
clear,3
mayor,3
david,3
features,3
study,3
between,3
ortiz,3
be,3
world,3
oklahoma,3
general,3
at,2
relationship,2
his,2
calendric,2
site,2
en,2
landscape,2
center,2
templo,2
garibay,2
about,2
respect,2
ways,2
h,2
articles,2
hair,2
addressed,2
us,2
into,2
amaranth,2
liked,2
any,2
elsewhere,2
culture,2
same,2
skin,2
from,2
townsend,2
notions,2
sources,2
temple,2
name,2
philosophy,2
important,2
others,2
each,2
many,2
based,2
for,2
principles,2
great,2
ethnohistoric,2
international,2
closer,2
investigaciones,2
man,2
there,2
conclusions,2
those,2
economia,2
montellano,2
plants,2
has,2
periphery,2
used,2
prehispanic,2
work,2
new,2
prominent,2
press,2
indigenous,2
worship,2
elizabeth,2
politica,2
people,2
california,2
i,2
doris,2
authors,2
symposium,2
cultural,2
would,2
things,2
mountain,2
elements,2
latter,2
body,2
climate,2
probably,2
even,2
among,2
we,2
la,2
society,2
observational,1
superiores,1
alfonso,1
will,1
worldview,1
f,1
seasons,1
hymns,1
opposed,1
now,1
interesting,1
he,1
currently,1
likely,1
loo,1
underground,1
done,1
ceremonial,1
m,1
degli,1
she,1
tlaltecuhtli,1
way,1
if,1
scientific,1
anthony,1
cosmological,1
bring,1
been,1
performance,1
essence,1
integrating,1
sol,1
comparative,1
limited,1
basic,1
begin,1
affected,1
deduced,1
address,1
environmental,1
trans,1
archives,1
e,1
investigators,1
who,1
miguel,1
detailed,1
goes,1
mountains,1
determining,1
make,1
ideologia,1
xl,1
vol,1
earlier,1
they,1
torial,1
importance,1
grew,1
group,1
congreso,1
american,1
boone,1
contributions,1
studies,1
aquatic,1
k,1
offerings,1
myth,1
mundial,1
maize,1
guide,1
presenting,1
second,1
roma,1
yet,1
interpretation,1
museum,1
centuries,1
thought,1
months,1
examine,1
understand,1
makes,1
fondo,1
case,1
susan,1
etymological,1
continuity,1
under,1
fifth,1
nacional,1
ancient,1
history,1
india,1
evaluating,1
bit,1
lowell,1
internationale,1
believed,1
impact,1
ethnographic,1
cultura,1
series,1
mexican,1
reviewed,1
calendar,1
observations,1
incorporated,1
peoples,1
women,1
orientation,1
four,1
most,1
dictionaries,1
two,1
instructed,1
contained,1
being,1
bar,1
additional,1
reciprocity,1
especially,1
angel,1
specifically,1
goals,1
prehispanico,1
more,1
exploitation,1
also,1
here,1
friars,1
book,1
omission,1
nicholson,1
bright,1
provenience,1
vols,1
view,1
conceived,1
mixico,1
heavens,1
monthly,1
seems,1
efforts,1
carmen,1
joyce,1
prehistoric,1
fact,1
shows,1
whom,1
jorge,1
identifying,1
fundamental,1
scholars,1
did,1
subdiscipline,1
utilizing,1
sullivan,1
surprisingly,1
hallucinogenic,1
rich,1
effort,1
time,1
centers,1
really,1
chroniclers,1
austin,1
very,1
contemporary,1
commoners,1
instituto,1
feature,1
underutilized,1
works,1
living,1
term,1
evaluate,1
forms,1
men,1
ball,1
patterns,1
mind,1
religidn,1
handbook,1
moctezuma,1
following,1
sacred,1
topics,1
v,1
geography,1
integrates,1
game,1
nobles,1
headings,1
caves,1
cuts,1
mainly,1
reviews,1
within,1
literature,1
animate,1
poses,1
making,1
can,1
intertwined,1
rubber,1
material,1
ed,1
add,1
mundo,1
agricultural,1
universidad,1
perhaps,1
nueva,1
dumbarton,1
aztecas,1
adaptation,1
ethnography,1
gods,1
gives,1
while,1
out,1
influenced,1
day,1
ecology,1
aspects,1
abuse,1
design,1
chapter,1
imprenta,1
information,1
almost,1
synonym,1
distinctiveness,1
spheres,1
basis,1
future,1
line,1
divided,1
middle,1
worlds,1
conference,1
treated,1
explanation,1
richard,1
los,1
secretaria,1
heart,1
rudolf,1
distinctively,1
interdisciplinary,1
little,1
including,1
city,1
despite,1
example,1
reliin,1
casa,1
knowledge,1
dynamic,1
geddes,1
centro,1
role,1
identifies,1
significant,1
year,1
atti,1
overview,1
during,1
sign,1
refers,1
behavior,1
numerous,1
demonstrates,1
maria,1
actually,1
tribute,1
gain,1
central,1
datura,1
includes,1
throughout,1
focuses,1
review,1
literatura,1
conditions,1
reveals,1
quality,1
significance,1
since,1
pornia,1
three,1
objective,1
attributed,1
approach,1
b,1
institutional,1
comprehensive,1
magic,1
eduard,1
points,1
earth,1
bibliographies,1
peter,1
interest,1
causal,1
good,1
change,1
subtitle,1
held,1
adopted,1
include,1
correct,1
d,1
grouped,1
specialists,1
so,1
ndhuatl,1
paperbound,1
caso,1
played,1
rainstorms,1
order,1
contrast,1
attempted,1
accurate,1
after,1
turn,1
haphazard,1
phrase,1
parallelism,1
least,1
bernardo,1
classification,1
never,1
underlying,1
evident,1
balls,1
characteristics,1
refer,1
concerning,1
observation,1
specific,1
few,1
klor,1
nicely,1
tilgher,1
zantwijk,1
editrice,1
mi,1
become,1
texas,1
terminology,1
thing,1
ann,1
hills,1
henry,1
vary,1
methodological,1
era,1
dedicated,1
concepts,1
priests,1
when,1
alfredo,1
exceptions,1
looks,1
field,1
pueblo,1
given,1
journal,1
because,1
thelma,1
principal,1
dunham,1
y,1
sun,1
cycle,1
traditions,1
undergoing,1
should,1
building,1
attention,1
fusion,1
convincingly,1
promising,1
avoid,1
separate,1
