WORDCOUNTS,WEIGHT
the,793
of,530
in,259
to,259
and,240
a,222
is,176
that,137
for,115
this,112
or,101
as,96
from,91
are,84
cultural,81
i,74
it,73
on,72
animals,64
with,64
not,59
by,58
be,58
at,57
domestication,57
more,57
animal,57
control,55
was,53
beidha,50
have,50
were,46
which,45
an,44
we,44
level,42
note,36
cit,35
its,35
one,34
op,34
faunal,33
they,31
would,31
ii,30
than,30
their,30
remains,29
there,28
very,28
evidence,27
these,26
other,25
but,25
some,24
goats,24
because,24
only,24
much,23
neolithic,22
v,22
if,21
all,21
n,21
population,20
practices,20
been,20
levels,19
two,19
while,19
culling,19
wild,19
has,18
l,18
b,18
over,18
table,18
hunting,17
such,17
term,17
keeping,17
selective,17
also,17
range,17
archaeological,17
d,17
total,16
being,16
sample,16
may,16
no,16
m,16
based,16
r,16
goat,16
new,16
meat,16
early,16
bones,15
x,15
do,15
use,15
different,15
between,15
j,14
behavior,14
caprine,14
age,14
most,14
even,14
breeding,14
f,14
about,14
us,14
jericho,14
species,14
analysis,14
what,14
them,14
s,13
those,13
when,13
any,13
ibex,13
capra,13
group,12
h,12
human,12
de,12
p,12
see,12
food,12
ibid,12
can,12
specialized,12
c,12
way,11
e,11
manipulation,11
field,11
small,11
up,11
distal,11
natufian,11
so,11
inhabitants,11
bronze,11
natural,11
iii,11
implications,10
definition,10
within,10
analysislhecker,10
adult,10
site,10
rather,10
university,10
diet,10
horn,10
approach,10
several,10
jordan,10
make,10
specimens,10
palestine,10
large,10
middle,10
both,10
years,10
should,10
point,9
g,9
cases,9
journal,9
changes,9
used,9
will,9
techniques,9
time,9
number,9
degree,9
caprines,9
domestic,9
particular,9
generally,9
archaeologylvol,9
using,9
problem,8
first,8
might,8
relationships,8
bone,8
six,8
important,8
my,8
could,8
cores,8
gazella,8
concept,8
least,8
he,8
above,8
under,8
forms,8
where,8
mammalian,8
region,8
mtcp,8
present,8
quarterly,8
suggest,8
ppn,8
then,8
exploration,8
half,8
aurochs,8
area,8
km,8
o,7
environmental,7
per,7
wo,7
bos,7
development,7
identification,7
his,7
how,7
var,7
process,7
killing,7
certain,7
means,7
record,7
part,7
size,7
either,7
situation,7
end,7
model,7
another,7
behaviors,7
three,7
recognize,7
probably,7
dealing,7
relationship,7
figure,7
enigma,7
rainfall,7
east,7
did,7
game,7
whether,7
herd,7
practiced,7
chicago,7
ca,7
modern,6
culturally,6
sd,6
primary,6
u,6
iv,6
thus,6
includes,6
mm,6
since,6
young,6
without,6
similar,6
w,6
four,6
exploited,6
additional,6
strategy,6
called,6
captured,6
late,6
sites,6
having,6
bc,6
example,6
year,6
during,6
apparently,6
few,6
breed,6
therefore,6
still,6
interpretation,6
museum,6
fact,6
areas,6
pet,6
larger,6
pattern,6
material,6
femur,6
maintenance,6
narrow,6
corrals,6
bulletin,6
lost,6
why,6
hircus,6
here,6
nile,6
conditions,6
morphological,6
close,6
common,5
village,5
approaches,5
into,5
every,5
terrain,5
found,5
help,5
case,5
killed,5
ritual,5
collection,5
controlled,5
phase,5
spectrum,5
ability,5
cf,5
comparative,5
represents,5
just,5
upper,5
prehistoric,5
cannot,5
wide,5
directly,5
degrees,5
data,5
description,5
own,5
settlement,5
aegagrus,5
components,5
presence,5
annual,5
kirkbride,5
local,5
variety,5
limited,5
southern,5
yet,5
same,5
lack,5
mountainous,5
layer,5
variation,5
nabataean,5
purposes,5
calculation,5
understanding,5
sufficiently,5
kept,5
artificial,5
often,5
ago,5
detailed,5
procps,5
considered,5
complexity,5
paper,5
particularly,5
essentially,5
des,5
our,5
cambridge,5
vi,5
valley,5
north,5
now,4
done,4
american,4
likely,4
rounded,4
easily,4
position,4
history,4
source,4
pounds,4
originally,4
available,4
take,4
vegetation,4
somewhat,4
context,4
possible,4
captivity,4
except,4
far,4
kind,4
exercise,4
individual,4
amount,4
response,4
look,4
york,4
essence,4
radius,4
perkins,4
reason,4
possibly,4
too,4
peabody,4
care,4
view,4
had,4
identifying,4
behavioral,4
though,4
persons,4
well,4
method,4
equus,4
preferred,4
whole,4
people,4
hampshire,4
research,4
results,4
preliminary,4
south,4
identified,4
onager,4
single,4
percentage,4
makes,4
sex,4
restricted,4
included,4
longer,4
water,4
recurrent,4
habitat,4
personal,4
eds,4
assemblage,4
identifiable,4
discussion,4
significant,4
actual,4
times,4
like,4
period,4
proximal,4
relative,4
la,4
smaller,4
order,4
contribution,4
dead,4
itself,4
environment,4
following,4
ppnb,4
must,4
measurements,4
metapodials,4
constructed,4
set,4
each,4
seem,4
better,4
selected,4
form,4
nearby,4
minimal,4
beidhans,4
aspect,4
question,4
provenance,4
instead,4
interpret,4
off,4
survivorship,4
entire,4
given,4
traditional,4
building,4
pn,4
fortuitous,4
frequent,3
difficult,3
does,3
der,3
needed,3
identify,3
tend,3
stone,3
true,3
character,3
lower,3
round,3
consistent,3
t,3
hence,3
long,3
slaughtered,3
taken,3
season,3
artificially,3
advanced,3
active,3
seems,3
suggesting,3
differences,3
follows,3
reed,3
uncovered,3
oz,3
precisely,3
sq,3
eastern,3
right,3
activity,3
west,3
processes,3
memoire,3
component,3
palaeolithic,3
nor,3
old,3
encompass,3
continuous,3
third,3
decoys,3
drives,3
find,3
communication,3
cooperative,3
ma,3
walls,3
higher,3
opposed,3
subsistence,3
mean,3
importance,3
direct,3
interferes,3
consequences,3
category,3
higgs,3
clearly,3
section,3
k,3
situations,3
show,3
defines,3
always,3
exploitation,3
greater,3
result,3
erosion,3
out,3
viewed,3
applied,3
levant,3
possibility,3
criteria,3
aspects,3
distinguish,3
significantly,3
london,3
actually,3
structures,3
et,3
herding,3
elephant,3
oriental,3
millimeters,3
archaeology,3
involved,3
characteristics,3
sufficient,3
concerns,3
world,3
am,3
portion,3
usable,3
second,3
matter,3
curves,3
populations,3
tried,3
inclusive,3
female,3
mammal,3
once,3
rubric,3
array,3
essential,3
ed,3
al,3
reliance,3
toward,3
others,3
flat,3
many,3
agree,3
totals,3
considerable,3
man,3
technique,3
never,3
manner,3
humeri,3
less,3
chalcolithic,3
shifts,3
free,3
extended,3
made,3
upon,3
described,3
significance,3
clear,3
points,3
architectural,3
allowed,3
plant,3
high,3
earlier,3
trying,3
deliberate,3
structure,3
figures,3
attention,3
seasons,3
iran,3
continued,3
bulk,3
naturally,3
primarily,3
who,3
qualify,3
seen,3
remaining,3
construction,3
existed,3
earliest,3
exercised,3
associated,3
mentioned,3
implied,3
specific,3
nubiana,3
gazelle,3
genus,3
er,3
iron,3
tibia,3
explanations,3
plants,3
sus,3
adaptation,3
suggests,3
contain,3
freedom,3
nubian,3
little,3
mttl,3
lies,3
perspective,3
qualitative,3
maintained,3
think,3
arad,3
difference,3
average,3
course,3
contributed,3
include,3
effects,3
defined,3
cayonu,3
built,3
increase,3
resolve,2
limits,2
conflicting,2
fertile,2
concerned,2
adopt,2
represent,2
totally,2
utility,2
cropping,2
complex,2
effective,2
formed,2
live,2
studies,2
favor,2
conscious,2
western,2
necessarily,2
assignment,2
freeranging,2
areal,2
before,2
anti,2
sources,2
enables,2
nature,2
subject,2
oval,2
latitudes,2
together,2
great,2
simple,2
accessible,2
able,2
resulting,2
khiam,2
remainder,2
classified,2
ambiguous,2
racial,2
papers,2
issue,2
occasional,2
sophisticated,2
abbreviated,2
delimit,2
incorporate,2
draw,2
prior,2
howard,2
implies,2
determined,2
drive,2
lures,2
calculated,2
bottom,2
domestiques,2
beneath,2
measurement,2
sand,2
exploitative,2
linnaeus,2
central,2
pen,2
metacarpals,2
review,2
orients,2
difficulties,2
exclusivist,2
against,2
millennium,2
basal,2
occurs,2
application,2
madamagh,2
expected,2
profound,2
columbia,2
restrict,2
compared,2
left,2
estimate,2
explore,2
postulate,2
spite,2
capraa,2
lesser,2
civilization,2
mesolithic,2
vegetable,2
manipulated,2
interbreeding,2
exact,2
en,2
explicit,2
capture,2
represented,2
after,2
flexible,2
enabled,2
von,2
factors,2
moves,2
prehistory,2
consider,2
den,2
contemporaries,2
frequently,2
origins,2
surface,2
comparisons,2
problems,2
puts,2
permanent,2
ancient,2
differently,2
appear,2
traditionally,2
strongly,2
requirements,2
syrian,2
further,2
occupation,2
let,2
appears,2
publications,2
hypothetical,2
none,2
basis,2
line,2
loss,2
broad,2
call,2
away,2
manage,2
status,2
ali,2
atlas,2
precipitation,2
published,2
solution,2
correct,2
reliable,2
exclude,2
barriers,2
belt,2
around,2
metacarpal,2
dramatic,2
anterior,2
st,2
dorcas,2
seyl,2
appropriate,2
sophistication,2
activities,2
excludes,2
absence,2
various,2
catchment,2
indeed,2
located,2
overall,2
etc,2
ducos,2
hecker,2
fusion,2
coef,2
comments,2
humans,2
direction,2
positive,2
qq,2
guide,2
tauf,2
elaboration,2
today,2
dyson,2
metapodial,2
rightly,2
complete,2
rectangular,2
outlined,2
already,2
prehistoire,2
ambiguities,2
members,2
stronger,2
pick,2
husbandry,2
lengthy,2
main,2
consideration,2
meadow,2
developed,2
interim,2
enough,2
tjcko,2
answer,2
necessary,2
enigmas,2
focusing,2
sh,2
proxi,2
frequency,2
northerly,2
original,2
situated,2
survive,2
preferential,2
sacrifices,2
ecologically,2
israel,2
deposits,2
including,2
looking,2
manifestations,2
skeletal,2
top,2
entirely,2
causes,2
sequence,2
questions,2
evolution,2
beidhalevel,2
engaged,2
raising,2
states,2
vii,2
passim,2
stress,2
taxonomic,2
characterized,2
curve,2
dry,2
stages,2
standard,2
microstructure,2
especially,2
satisfy,2
evolutionary,2
sense,2
become,2
effect,2
excluded,2
hunters,2
equivalent,2
adaptations,2
fikirtepe,2
lowest,2
increasing,2
consists,2
suggestion,2
topography,2
me,2
she,2
redefine,2
science,2
usually,2
bushmen,2
unwarranted,2
reasonable,2
vertical,2
becomes,2
referred,2
widths,2
understand,2
inadequate,2
deals,2
indicate,2
antiquity,2
methods,2
types,2
thick,2
ie,2
extermination,2
contained,2
practice,2
comes,2
series,2
comparison,2
peoples,2
theme,2
known,2
concluded,2
column,2
readily,2
anthropology,2
believe,2
capital,2
infer,2
associations,2
domesticated,2
distinctive,2
past,2
confining,2
type,2
phd,2
economy,2
adults,2
males,2
despite,2
indicates,2
seasonal,2
calculations,2
distribution,2
extent,2
fodder,2
cv,2
emphasis,2
circumstances,2
marked,2
thereby,2
sea,2
preferable,2
yafteh,2
exhibit,2
restocking,2
humerus,2
divided,2
isolated,2
schedule,2
tell,2
finding,2
vernacular,2
indistinguishable,2
twisting,2
applicable,2
define,2
morphologically,2
need,2
physical,2
sacrificial,2
increased,2
roughly,2
observation,2
narrowly,2
amant,2
qualifiers,2
immediately,2
strong,2
zones,2
overkill,2
cross,2
virtue,2
broader,2
asked,2
occur,2
epiphyseal,2
proposed,1
ganj,1
atypical,1
archives,1
siedlung,1
shovel,1
ounces,1
currently,1
provisioning,1
subpopulation,1
jaffar,1
edge,1
sterile,1
indicated,1
rev,1
meaning,1
dug,1
inset,1
ready,1
compensate,1
go,1
universite,1
bincludes,1
resulted,1
college,1
gazelles,1
measures,1
adoption,1
ppna,1
kroeber,1
introduction,1
unbiased,1
distributed,1
pools,1
debris,1
expect,1
perkinss,1
prohibitions,1
systematically,1
kinds,1
conserved,1
exclusivists,1
kurdistan,1
amanth,1
constitutes,1
nlmal,1
inhibits,1
bias,1
contend,1
largely,1
ms,1
former,1
koshbus,1
ulling,1
unnatural,1
animaux,1
reasonably,1
overlook,1
consequential,1
classify,1
underlain,1
prosps,1
connotations,1
revision,1
sheep,1
annals,1
karchat,1
convergence,1
contact,1
disputed,1
efficacy,1
test,1
said,1
member,1
reorients,1
bokonyis,1
explaining,1
unearthed,1
wrong,1
definitely,1
certainly,1
concur,1
creation,1
production,1
exclusive,1
animas,1
asl,1
later,1
bojanus,1
location,1
progression,1
loeally,1
rational,1
fragmentary,1
ourselves,1
england,1
expendable,1
neolithisierung,1
reevaluation,1
damaged,1
dramatically,1
zeitschrift,1
archaeologically,1
menlo,1
continue,1
wooden,1
secondary,1
broadly,1
conceptualized,1
confusion,1
exceptionally,1
opposing,1
excessive,1
husbandrys,1
farther,1
closer,1
quantified,1
argue,1
kingdom,1
implicationsror,1
search,1
basins,1
mortensen,1
primitive,1
investigations,1
california,1
viiivii,1
climate,1
deh,1
el,1
legend,1
similarities,1
vare,1
praetiees,1
posts,1
surpasses,1
british,1
side,1
classic,1
proceed,1
depending,1
fused,1
dearth,1
existence,1
badly,1
plain,1
vorderen,1
lomo,1
albeit,1
task,1
westernmost,1
peculiarities,1
arabian,1
sacrlrlclng,1
rests,1
distortion,1
cve,1
football,1
logical,1
pets,1
condition,1
prehispanic,1
overlies,1
protoneolithic,1
magazine,1
occurring,1
premolar,1
beihefte,1
artful,1
uncertain,1
cited,1
dynamic,1
reindeer,1
caprab,1
decreasing,1
himself,1
precipitous,1
lmplications,1
nizing,1
safely,1
tubinger,1
singled,1
framework,1
usage,1
zd,1
technologically,1
err,1
chemi,1
multidimensional,1
therein,1
throughout,1
phalange,1
surely,1
explained,1
conof,1
dynamics,1
dichotomization,1
quality,1
reject,1
inevitable,1
eating,1
consumed,1
luran,1
objective,1
tables,1
accepts,1
oistal,1
unpublished,1
scarce,1
predators,1
relatively,1
mixed,1
removalfrom,1
highlighting,1
arl,1
scrofa,1
century,1
overly,1
z,1
affairs,1
momntain,1
hemionus,1
pollard,1
estimates,1
sustain,1
clark,1
posterior,1
actaa,1
evident,1
depend,1
refer,1
concerning,1
boar,1
spanned,1
defensive,1
fig,1
body,1
difficulty,1
allowing,1
suitable,1
poem,1
dates,1
egypt,1
arranged,1
neev,1
taming,1
canine,1
criterion,1
thin,1
skung,1
unequivocally,1
weight,1
equally,1
geological,1
aim,1
terrace,1
uslng,1
grouped,1
canyons,1
faune,1
ecosystems,1
border,1
stratum,1
bedouin,1
influence,1
compromise,1
conceptually,1
error,1
itinstitut,1
selectively,1
phases,1
awkward,1
interesting,1
recognized,1
adequate,1
selec,1
communlcatlon,1
lt,1
circular,1
act,1
purely,1
encompassed,1
behaviorally,1
compatible,1
watch,1
remain,1
molars,1
sort,1
basic,1
presentation,1
knew,1
completely,1
twe,1
quadrilateral,1
deliberately,1
survives,1
proximity,1
dealt,1
determining,1
tel,1
undercut,1
emery,1
eight,1
locations,1
sacrificed,1
parts,1
ongoing,1
assuming,1
sandy,1
scrub,1
elaborate,1
distant,1
lay,1
arbor,1
extremes,1
whieh,1
characterizes,1
modified,1
arid,1
lives,1
tooth,1
escape,1
brothwell,1
interspersed,1
affect,1
marks,1
biased,1
alaskan,1
females,1
conceptualization,1
fortuitious,1
statistical,1
physically,1
categorles,1
allowance,1
teaches,1
presumably,1
byzantine,1
days,1
corralling,1
butzer,1
numbers,1
accessibility,1
emmer,1
ascends,1
preconceived,1
umbrella,1
orientation,1
juxtaposed,1
crenulations,1
horizontally,1
recovered,1
pumpelly,1
shorter,1
inflated,1
stresses,1
eapea,1
definite,1
consequence,1
tierzuchtung,1
intentional,1
gazellaa,1
instance,1
answers,1
explain,1
mo,1
provisional,1
excavation,1
providing,1
osteological,1
preliminaiy,1
tn,1
metacatpals,1
erxleben,1
uses,1
advance,1
came,1
plateau,1
arrival,1
allow,1
harder,1
carrying,1
inherent,1
chipped,1
typical,1
henceforth,1
exaggerating,1
inappropriate,1
relating,1
ambiguity,1
seven,1
dunes,1
changed,1
deal,1
demands,1
lod,1
events,1
dispute,1
zone,1
primigenius,1
emerge,1
disruptive,1
fourth,1
outset,1
neighboring,1
traits,1
equal,1
durham,1
amirans,1
wiesbaden,1
anau,1
neolithischen,1
stock,1
amiran,1
recently,1
meet,1
younger,1
otherwise,1
placed,1
lets,1
pleistocene,1
ducoss,1
sacrifice,1
near,1
information,1
impression,1
briefly,1
shape,1
syria,1
acapra,1
aging,1
correctly,1
clarke,1
work,1
formerly,1
lure,1
detract,1
received,1
start,1
heart,1
diffierent,1
haua,1
heavily,1
reserve,1
knowledge,1
apparent,1
related,1
indigenous,1
lays,1
gully,1
ascertain,1
criticized,1
woodland,1
tjniversity,1
surprise,1
dividing,1
counterbalance,1
surrounds,1
toronto,1
describe,1
consistently,1
place,1
constitute,1
relevance,1
accumulation,1
craggy,1
unrestricted,1
overlying,1
forces,1
focuses,1
surrounding,1
regional,1
employed,1
systematic,1
astute,1
flatter,1
couple,1
stead,1
interpreted,1
wheat,1
overrepresented,1
attributed,1
interested,1
refuse,1
errors,1
regions,1
substituting,1
probleme,1
depositional,1
change,1
excavated,1
outmoded,1
arise,1
caused,1
presented,1
pottery,1
working,1
below,1
manners,1
questionable,1
buildings,1
things,1
seized,1
dictionary,1
poet,1
prehistorique,1
box,1
ista,1
contrast,1
imposition,1
moratorium,1
quite,1
night,1
event,1
calling,1
crescent,1
pwil,1
ignore,1
driving,1
pregnant,1
routine,1
forrn,1
temporary,1
industry,1
borles,1
decline,1
protect,1
distinguished,1
cl,1
boundaries,1
villages,1
mixing,1
tended,1
methodological,1
widely,1
foremost,1
occasions,1
interpretively,1
fully,1
progress,1
cattle,1
carmel,1
soh,1
proper,1
und,1
levelsc,1
peculiar,1
cycle,1
notes,1
bokonyi,1
underlying,1
developmental,1
misinterpret,1
passive,1
undesirable,1
reducing,1
geographical,1
prehistorian,1
avoid,1
content,1
society,1
discriminating,1
periods,1
survived,1
provisioned,1
replacing,1
wetnursing,1
critical,1
suberde,1
processual,1
underlies,1
san,1
lyon,1
arrangement,1
ramifications,1
demand,1
reduced,1
minor,1
dall,1
observations,1
haustiere,1
architecture,1
cave,1
polished,1
bred,1
economic,1
distorted,1
wrote,1
contrasted,1
routinely,1
surprisingly,1
rroneon,1
barley,1
unconscious,1
brief,1
erbaba,1
nearly,1
drops,1
disturbance,1
constraints,1
tropical,1
reduce,1
prove,1
community,1
kleinasiatischen,1
dwellings,1
expanded,1
surviving,1
cincludes,1
domination,1
accumulations,1
lb,1
movement,1
put,1
hold,1
selection,1
simllarly,1
pastoralists,1
scimitarshaped,1
loc,1
calculate,1
contributing,1
competition,1
springs,1
reference,1
examined,1
interrelationship,1
convex,1
read,1
happened,1
counterparts,1
whose,1
fifth,1
formally,1
cliff,1
ranchers,1
management,1
tain,1
manufacturing,1
totem,1
home,1
mordeh,1
light,1
skin,1
largest,1
burdened,1
totalfor,1
unravel,1
reports,1
begins,1
noted,1
increasingly,1
rise,1
predisposition,1
picture,1
social,1
double,1
regardless,1
roam,1
lee,1
sam,1
widthb,1
party,1
mound,1
provide,1
geddi,1
southem,1
skill,1
jarman,1
measuremerlt,1
washed,1
preferences,1
uncluttered,1
ask,1
towards,1
demographic,1
descends,1
analytical,1
shows,1
happening,1
idea,1
fundamental,1
blur,1
herder,1
bordeas,1
prepared,1
environs,1
rugged,1
lc,1
attempting,1
disturbed,1
crop,1
viii,1
inevitably,1
sitellocality,1
understandable,1
accounted,1
john,1
ibia,1
pasang,1
koshmoharnmad,1
eonsequenee,1
fashion,1
oc,1
fragments,1
reasons,1
zawi,1
ages,1
conclusions,1
hand,1
consciously,1
adjacent,1
meant,1
intervene,1
operating,1
secular,1
continuing,1
reestablishment,1
validity,1
accepted,1
unclear,1
michael,1
until,1
council,1
perhaps,1
native,1
controversy,1
gives,1
admittedly,1
complicated,1
going,1
encountered,1
day,1
ecology,1
widthc,1
argues,1
thousands,1
demonstrated,1
breakdown,1
biological,1
recognizing,1
analyzed,1
investigators,1
greatest,1
ignored,1
admits,1
excluding,1
background,1
treated,1
explanation,1
width,1
farming,1
helps,1
directions,1
desert,1
environments,1
previously,1
depended,1
prox,1
findings,1
controlling,1
unfortunately,1
intermittent,1
convenience,1
refers,1
moulded,1
survey,1
curb,1
net,1
underestimates,1
fuzziness,1
trend,1
maintains,1
services,1
individuals,1
multicomponent,1
examination,1
radiocarbon,1
chosen,1
full,1
stayed,1
advantages,1
fteah,1
involves,1
specimen,1
representative,1
explorations,1
compressed,1
emphasizing,1
dexcludes,1
restraint,1
flattening,1
faces,1
arroyo,1
prevents,1
gestade,1
held,1
arc,1
revised,1
pakistan,1
general,1
overlain,1
mount,1
played,1
distinction,1
static,1
maximize,1
mountain,1
mammals,1
accurate,1
permitting,1
construct,1
ilani,1
postpleistocene,1
neutral,1
spent,1
terrns,1
gets,1
favored,1
dichotomized,1
comparing,1
outside,1
internal,1
rwala,1
study,1
cuvier,1
metatarsal,1
sight,1
respectively,1
ann,1
obsidian,1
percent,1
analyze,1
slightly,1
inapplicable,1
capridae,1
northern,1
saw,1
tendency,1
proportion,1
adaptive,1
cliffs,1
ffiiaman,1
mmichmusanth,1
diana,1
propose,1
hope,1
ber,1
corridor,1
gazellalevel,1
limiting,1
rift,1
desertand,1
bezoar,1
carried,1
depth,1
asking,1
indication,1
quence,1
assigned,1
ascribable,1
stems,1
pres,1
raise,1
dissected,1
invokes,1
lot,1
fairly,1
mixture,1
movements,1
crucial,1
ecological,1
five,1
pholange,1
husband,1
practical,1
ministry,1
foster,1
rough,1
lran,1
ordinary,1
lts,1
slaughtering,1
palestinian,1
gathenng,1
tive,1
deposit,1
began,1
credited,1
lawrence,1
proposition,1
pens,1
sheer,1
length,1
life,1
settled,1
es,1
intend,1
istal,1
widtha,1
fall,1
reihe,1
achieve,1
premolars,1
respect,1
instances,1
sound,1
mud,1
equid,1
conservation,1
regularly,1
biology,1
claims,1
anthropological,1
deposited,1
sexes,1
takes,1
indeterminate,1
discarding,1
conclusion,1
exemplified,1
version,1
changing,1
preclude,1
skeleton,1
reformulation,1
devores,1
locally,1
semiarid,1
demonstrate,1
simply,1
palaeopathological,1
geographic,1
constituted,1
ever,1
extension,1
quantitative,1
southward,1
terrestrial,1
lengthier,1
text,1
command,1
alternative,1
mediter,1
equation,1
poorest,1
coincides,1
encourages,1
beden,1
anteriorkeeled,1
illuminate,1
cm,1
braidwood,1
bci,1
sizes,1
setting,1
sampling,1
unknown,1
specially,1
bit,1
wall,1
keel,1
post,1
pallas,1
conceivably,1
loads,1
themselves,1
benefit,1
cultivation,1
rkeeplng,1
steppe,1
examining,1
bases,1
uppermost,1
living,1
places,1
person,1
allotment,1
believed,1
ditch,1
beginning,1
hills,1
william,1
fuller,1
microlithic,1
reproduce,1
iraqi,1
investigation,1
unique,1
terms,1
stability,1
list,1
migratory,1
ones,1
involvement,1
cause,1
maintain,1
opportunistic,1
artifactual,1
map,1
lengths,1
cooperatively,1
unwise,1
petra,1
her,1
archeologique,1
institute,1
require,1
sde,1
gross,1
barely,1
medial,1
fruhentwicklung,1
lengtha,1
phenomena,1
neolithlc,1
categories,1
spaces,1
researchers,1
capable,1
outline,1
naked,1
viscous,1
unilinear,1
careful,1
entrance,1
recognition,1
conclude,1
exercising,1
altogether,1
hashemite,1
became,1
role,1
yearly,1
easy,1
monarchs,1
african,1
die,1
intended,1
egyptian,1
assumptions,1
vertically,1
opportunistically,1
naturelle,1
anthropolzvgical,1
ucko,1
allows,1
counts,1
ein,1
iraq,1
deserf,1
analysts,1
come,1
proceeds,1
burgon,1
carninstpub,1
shown,1
restrlcted,1
argument,1
differentiation,1
architecturally,1
rephrase,1
luman,1
phalanges,1
zum,1
chemical,1
rockshelter,1
finally,1
aware,1
offer,1
actively,1
approximately,1
fauna,1
wadi,1
although,1
afraid,1
consumption,1
uneconomical,1
provided,1
product,1
meeting,1
cation,1
prospect,1
cr,1
ond,1
turkestan,1
oldest,1
francisco,1
shift,1
classification,1
charles,1
conceptualizing,1
preferentially,1
potential,1
coefficient,1
requires,1
assumed,1
clarify,1
massive,1
consisted,1
butchering,1
negotiate,1
impedes,1
drinkable,1
deposition,1
element,1
characters,1
develop,1
abandoned,1
focus,1
unduly,1
herders,1
glance,1
among,1
technological,1
ends,1
recent,1
rohrs,1
tierreste,1
pulling,1
doing,1
showed,1
fur,1
customs,1
major,1
rbibl,1
continuously,1
