WORDCOUNTS,WEIGHT
the,545
of,345
and,225
in,153
to,144
a,100
from,93
is,69
be,69
that,64
at,60
as,59
were,57
was,53
by,52
for,51
on,51
this,44
scatter,44
it,37
manure,37
have,37
tell,36
sherd,31
with,31
these,30
are,30
or,29
sweyhat,27
sherds,26
site,25
around,25
area,25
land,23
field,22
which,22
can,22
soil,22
would,21
been,21
ancient,20
sohar,20
fields,20
city,20
zone,19
such,18
could,18
sites,18
cultivated,18
figure,18
manuring,17
but,17
more,17
manured,16
studies,16
artifacts,16
scatters,16
siraf,16
where,16
note,16
cultivation,16
density,15
during,15
other,15
might,14
had,14
its,14
data,14
has,14
archaeological,14
although,14
sedimentation,13
within,13
main,13
m,13
settlement,13
will,13
areas,13
middle,13
between,13
km,13
zones,13
all,12
an,12
because,12
well,12
t,12
also,12
not,12
use,11
soils,11
oman,11
than,11
may,11
suggest,11
distance,11
systems,11
agricultural,11
surface,11
total,10
work,10
artifact,10
two,10
water,10
three,10
iran,10
analysis,10
if,9
j,9
along,9
sample,9
no,9
similar,9
out,9
further,9
only,9
ibid,9
spread,9
then,9
evidence,9
c,9
per,8
modern,8
cit,8
i,8
east,8
agriculture,8
some,8
across,8
phosphate,8
derived,8
small,8
catchment,8
farming,8
methods,8
cities,8
densities,8
they,7
h,7
into,7
either,7
regression,7
those,7
manures,7
even,7
dry,7
certain,7
their,7
composts,7
intensive,7
squares,7
most,7
beyond,7
away,7
decline,7
when,7
results,7
potsherds,7
many,7
abbasid,7
described,7
compost,7
any,7
over,7
both,7
considerably,6
village,6
large,6
definition,6
century,6
journal,6
result,6
found,6
after,6
excavated,6
located,6
time,6
trade,6
op,6
period,6
report,6
problem,6
size,6
through,6
supply,6
early,6
o,5
e,5
center,5
settlements,5
one,5
long,5
taken,5
fertilizers,5
plain,5
irrigated,5
throughout,5
inner,5
surrounded,5
excavations,5
application,5
old,5
terrace,5
rather,5
opcit,5
map,5
appear,5
distribution,5
concentration,5
p,5
occupation,5
part,5
surrounding,5
under,5
transects,5
islamic,5
seen,5
centuries,5
quantitative,5
extensive,5
bronze,5
here,5
each,5
evident,5
them,5
techniqueslwilkinson,5
shown,5
decrease,5
defined,5
much,5
immediately,5
recent,5
conducted,4
occurred,4
before,4
being,4
farmers,4
samarraie,4
el,4
sq,4
dr,4
linear,4
capacity,4
possible,4
variations,4
x,4
cemeteries,4
immediate,4
millennium,4
mixed,4
expected,4
town,4
his,4
radius,4
coastal,4
arid,4
clearly,4
w,4
based,4
carrying,4
erosion,4
fertilizing,4
near,4
sparse,4
mapped,4
used,4
describe,4
refuse,4
catchments,4
least,4
working,4
trading,4
involved,4
intervals,4
peak,4
up,4
limited,4
intensively,4
about,4
added,4
journey,4
again,4
conclusions,4
until,4
examples,4
theoretical,4
collected,4
latter,4
margin,4
increasing,4
lines,4
following,4
satellite,4
set,4
rainfall,4
paper,4
sampling,4
animal,4
produce,4
urban,4
pits,4
ac,4
archaeologylvol,4
world,4
ibn,4
years,4
euphrates,4
d,4
writer,4
remains,4
maximum,4
iraq,4
major,4
final,3
dung,3
does,3
edge,3
introduction,3
minutes,3
history,3
jos,3
sources,3
nature,3
supplied,3
s,3
crops,3
together,3
there,3
surveys,3
case,3
moisture,3
eastern,3
persian,3
outlying,3
fine,3
since,3
far,3
holland,3
tons,3
andrew,3
phase,3
wadis,3
concentrations,3
channels,3
compared,3
walls,3
york,3
carpets,3
costs,3
l,3
proportion,3
earlier,3
se,3
burials,3
support,3
means,3
possibly,3
statistical,3
established,3
nearby,3
proved,3
quoted,3
too,3
age,3
show,3
additional,3
boundary,3
irrigation,3
whereas,3
declined,3
late,3
performed,3
appears,3
intensity,3
cannot,3
wide,3
syria,3
partly,3
buildings,3
night,3
several,3
presence,3
wahshiyya,3
moist,3
he,3
likely,3
ingredients,3
above,3
indicates,3
sponsorship,3
metric,3
hellenistic,3
vegetables,3
plough,3
ring,3
mediaeval,3
traverses,3
rise,3
provide,3
addition,3
towards,3
outside,3
limit,3
chisholm,3
classical,3
fragments,3
adjacent,3
v,3
haul,3
covered,3
less,3
see,3
number,3
convenient,3
situated,3
upon,3
increase,3
net,3
low,3
feasible,3
so,3
plant,3
k,3
computed,3
probably,3
equivalent,3
wells,3
figures,3
relationship,3
firewood,3
rapidly,3
mounds,3
constant,3
must,3
ratio,3
did,3
proportional,3
very,3
buckman,3
past,3
type,3
form,3
coast,3
hoped,3
while,3
information,3
almost,3
transport,3
williamson,3
lands,3
national,3
value,3
contributed,3
entire,3
close,3
occur,3
currently,2
estimated,2
fraction,2
correlation,2
later,2
sultanate,2
imported,2
represent,2
formed,2
english,2
position,2
unlike,2
source,2
first,2
originally,2
give,2
kilometers,2
terrain,2
england,2
great,2
follows,2
studied,2
able,2
resulting,2
date,2
byres,2
cereal,2
behind,2
dating,2
system,2
british,2
sought,2
occupy,2
point,2
quantity,2
legume,2
geomorphological,2
composting,2
human,2
thus,2
ineffectiveness,2
points,2
mm,2
calculated,2
g,2
afford,2
trucial,2
turn,2
estimates,2
elements,2
nor,2
interim,2
pecked,2
ha,2
output,2
suitable,2
continuous,2
compare,2
arab,2
drawn,2
costa,2
higher,2
vegetable,2
acid,2
phosphoric,2
aimed,2
how,2
square,2
columella,2
b,2
study,2
enabled,2
von,2
radiating,2
scattered,2
factors,2
settled,2
section,2
n,2
traces,2
gradually,2
house,2
frequently,2
prima,2
david,2
suggested,2
greater,2
allow,2
bearing,2
mapping,2
chinese,2
hinterland,2
circular,2
batina,2
produced,2
suffered,2
applied,2
levant,2
method,2
briefly,2
directly,2
distinguish,2
bc,2
inferred,2
related,2
place,2
relevance,2
concentrate,2
winter,2
transported,2
project,2
traders,2
subtle,2
change,2
climates,2
level,2
corresponds,2
distances,2
order,2
fallow,2
diagnostic,2
climate,2
distinguished,2
procsas,2
boundaries,2
provided,2
preliminary,2
input,2
subsequently,2
f,2
led,2
demand,2
economic,2
overall,2
techniques,2
inferential,2
legumes,2
still,2
outer,2
rain,2
continuity,2
neither,2
fringes,2
battered,2
al,2
noted,2
avoided,2
longer,2
heritage,2
whitehouse,2
appeared,2
extended,2
disturbed,2
grave,2
larger,2
decreases,2
distributions,2
discussed,2
worn,2
do,2
present,2
ground,2
centre,2
coarse,2
sewage,2
streets,2
day,2
asvan,2
turkey,2
background,2
made,2
range,2
maritime,2
region,2
deposits,2
canals,2
curares,2
waste,2
factor,2
numerous,2
ideas,2
survey,2
actual,2
transect,2
mountains,2
clear,2
ploughing,2
individual,2
like,2
flood,2
function,2
counted,2
lag,2
especially,2
droppings,2
problems,2
often,2
respectively,2
mainly,2
northern,2
geography,2
uncertainties,2
occupied,2
widely,2
cereals,2
potash,2
today,2
continued,2
usually,2
ministry,2
archaeology,2
referred,2
who,2
plains,2
existed,2
table,2
jezireh,2
thinly,2
environment,2
agents,2
facie,2
muscat,2
cm,2
different,2
seriously,2
down,2
eventually,2
farmyard,2
wilkinson,2
historical,2
according,2
inputs,2
leaving,2
extent,2
consisting,2
institute,2
yield,2
travel,2
deflation,2
presented,2
little,2
affecting,2
giving,2
subject,2
conventional,2
come,2
question,2
models,2
observed,2
similarity,2
conditions,2
should,2
wadi,2
smaller,2
autumn,2
prosperity,2
derive,2
walking,2
increased,2
reached,2
valley,2
resolve,1
frequent,1
difficult,1
now,1
possessed,1
rate,1
common,1
fertile,1
soluble,1
faced,1
extend,1
environmental,1
resulted,1
arrive,1
alone,1
totally,1
distributed,1
debris,1
passing,1
systematically,1
kinds,1
instructions,1
judicious,1
tend,1
loam,1
surround,1
strictly,1
sudden,1
decompose,1
higgs,1
diffuse,1
contention,1
trace,1
relied,1
western,1
presents,1
laid,1
correspond,1
detrimental,1
equations,1
pots,1
arrived,1
faisal,1
dose,1
properties,1
limestone,1
negative,1
deleted,1
gap,1
humble,1
hence,1
certainly,1
orchards,1
ii,1
repertoire,1
contrasted,1
anomalies,1
location,1
attempt,1
assist,1
winnowing,1
runoff,1
advanced,1
freely,1
hauling,1
excellency,1
containing,1
haulage,1
handling,1
best,1
brisk,1
principles,1
book,1
available,1
estimation,1
thank,1
potentially,1
analyses,1
transporting,1
hundred,1
concludes,1
take,1
farmer,1
help,1
inland,1
copious,1
devised,1
last,1
consist,1
mind,1
state,1
miles,1
concepts,1
investigations,1
scrape,1
declines,1
sheet,1
aua,1
seminar,1
nowhere,1
leaching,1
occasional,1
depending,1
recorded,1
geochemical,1
stretched,1
king,1
money,1
trans,1
encouraging,1
arabian,1
masked,1
incorporate,1
discuss,1
march,1
account,1
gardens,1
vol,1
quantities,1
recommended,1
marked,1
activity,1
approx,1
entrepreneurs,1
illustrate,1
erased,1
prove,1
advantageous,1
unirrigated,1
obvious,1
apart,1
taking,1
reflecting,1
resources,1
household,1
overlooking,1
constrained,1
fragmented,1
decreasing,1
precipitous,1
sand,1
guano,1
collection,1
surplus,1
usage,1
exist,1
labor,1
abraded,1
zd,1
central,1
million,1
collapse,1
unrepresented,1
relationships,1
spectrum,1
against,1
unpublished,1
de,1
terraces,1
interest,1
signielcant,1
relatively,1
ease,1
raises,1
occurs,1
thunen,1
suitably,1
geometry,1
pay,1
z,1
kind,1
resting,1
aclence,1
times,1
basra,1
refer,1
back,1
fig,1
body,1
completing,1
wares,1
inclusion,1
oxford,1
left,1
effective,1
truly,1
thin,1
undertaking,1
weight,1
storage,1
obscure,1
consequently,1
seal,1
spite,1
details,1
focussed,1
pti,1
enrich,1
jerusalem,1
summer,1
fortifying,1
unused,1
assessed,1
operation,1
poor,1
britasadsci,1
recognized,1
ashmolean,1
essential,1
lt,1
identification,1
deflated,1
pigeon,1
grid,1
ploughed,1
absent,1
generations,1
adds,1
compatible,1
proceedings,1
remain,1
ply,1
basic,1
tertiary,1
sw,1
longest,1
process,1
remote,1
demonstrates,1
represented,1
environments,1
infilled,1
curvilinear,1
waned,1
composted,1
rescue,1
weighting,1
developments,1
ns,1
mesopotamian,1
importance,1
leave,1
parts,1
fungal,1
sandy,1
nos,1
distant,1
white,1
productive,1
privy,1
determination,1
university,1
denved,1
organization,1
improvement,1
river,1
spreading,1
india,1
cess,1
slowly,1
korea,1
coefficients,1
just,1
former,1
constrain,1
attain,1
prevent,1
benefited,1
oppressive,1
calculations,1
drought,1
followed,1
pnce,1
comparisons,1
random,1
cost,1
nnw,1
permanent,1
important,1
coincide,1
providing,1
hot,1
sirafi,1
unproductive,1
yielding,1
expressed,1
uses,1
closely,1
advance,1
acceptable,1
walk,1
plateau,1
acknowledgments,1
called,1
coalescing,1
determines,1
relating,1
geogj,1
effort,1
conspicuous,1
nutrients,1
objectives,1
economics,1
served,1
international,1
syrian,1
kurban,1
fans,1
traced,1
though,1
cultural,1
buried,1
careless,1
burial,1
population,1
devoid,1
otherwise,1
wealth,1
record,1
singly,1
dries,1
sayyid,1
cultivatorsls,1
dwellers,1
cart,1
receive,1
shape,1
products,1
trial,1
r,1
semple,1
line,1
revealed,1
literature,1
minute,1
scope,1
archaeologist,1
start,1
writers,1
preferred,1
nehemias,1
brought,1
advancement,1
london,1
example,1
apparent,1
inorganic,1
enter,1
gully,1
parameters,1
kitab,1
bible,1
q,1
fit,1
discussions,1
obscured,1
broad,1
contains,1
fruitful,1
falling,1
structures,1
smelting,1
mathematical,1
regional,1
systematic,1
showing,1
interpreted,1
horizon,1
strengthened,1
own,1
ali,1
approach,1
manipulation,1
oriental,1
grain,1
expended,1
wholesale,1
sparsely,1
normally,1
describing,1
below,1
theoretically,1
stage,1
fluctuates,1
arja,1
contrast,1
mediterranean,1
belt,1
inst,1
leaves,1
endowed,1
recognition,1
sufficient,1
mineral,1
eleven,1
radially,1
adversely,1
components,1
county,1
mi,1
alluvial,1
villages,1
yielded,1
fully,1
barely,1
carmel,1
nefileh,1
dropping,1
using,1
ministn,1
notes,1
irngation,1
weigh,1
computation,1
lincoln,1
heyday,1
upcast,1
hauled,1
south,1
portion,1
therefore,1
became,1
approximate,1
reduced,1
minor,1
materials,1
various,1
freelance,1
action,1
britain,1
concessions,1
short,1
constituents,1
essex,1
excessive,1
expansion,1
unconvlnclng,1
reinterpreted,1
return,1
islands,1
drops,1
etc,1
iable,1
leon,1
slag,1
sponsored,1
wind,1
southern,1
neat,1
flurries,1
perisan,1
structural,1
extrapolations,1
percentage,1
applications,1
once,1
depicted,1
communities,1
edited,1
miscellany,1
yet,1
interpretation,1
reference,1
permission,1
represents,1
ile,1
soon,1
krn,1
evolved,1
technology,1
restricted,1
phosphorus,1
rom,1
ne,1
compiled,1
included,1
filaha,1
falls,1
plotted,1
light,1
complete,1
culture,1
rubbish,1
encampments,1
denudation,1
largest,1
already,1
department,1
reports,1
predominate,1
functioned,1
enterprises,1
sketch,1
useful,1
tilth,1
mound,1
kirman,1
winnowed,1
technique,1
business,1
mentions,1
anatst,1
similarly,1
varies,1
put,1
underestimated,1
release,1
husbandry,1
coincidence,1
endless,1
head,1
riverine,1
foods,1
agree,1
mountainous,1
cinders,1
relict,1
crop,1
inevitably,1
really,1
new,1
accounted,1
surfaces,1
end,1
doubt,1
considerable,1
sebastian,1
enough,1
cisterns,1
model,1
weighted,1
excreta,1
ch,1
vulnerable,1
buringhs,1
boats,1
inhospitable,1
council,1
necessary,1
material,1
ahead,1
deep,1
japan,1
perhaps,1
frequency,1
gives,1
recommend,1
valleys,1
remained,1
interpreting,1
another,1
local,1
original,1
greatest,1
fallowed,1
investigated,1
vast,1
discussion,1
supplies,1
effectiveness,1
treated,1
completed,1
accompanying,1
sides,1
including,1
previously,1
sufficiently,1
recover,1
samples,1
top,1
empirical,1
thriving,1
nomad,1
significant,1
traded,1
confidence,1
food,1
sold,1
unfortunately,1
station,1
virtually,1
causes,1
trend,1
ene,1
continue,1
examination,1
diagnosed,1
full,1
previous,1
advantages,1
theories,1
eans,1
ploughsoil,1
fallowing,1
subsurface,1
versions,1
directed,1
peripheral,1
ah,1
perpendicular,1
definitely,1
interpret,1
decayed,1
indicate,1
supplying,1
resultant,1
gates,1
mount,1
high,1
obtained,1
shortly,1
abundant,1
provides,1
lose,1
lsolated,1
favored,1
comparing,1
gravel,1
took,1
article,1
parallel,1
become,1
interpretations,1
tree,1
potsherd,1
orchard,1
accordingly,1
effect,1
structure,1
leaped,1
divides,1
hajar,1
steepen,1
relative,1
pottery,1
cliffs,1
attention,1
increases,1
carpet,1
genesis,1
farm,1
carried,1
things,1
consists,1
yields,1
suggestion,1
fringed,1
raise,1
sanitation,1
tentative,1
she,1
inhabitants,1
bulk,1
sometimes,1
bowen,1
highvalue,1
program,1
chicken,1
ironically,1
excrement,1
insufficient,1
nute,1
extension,1
finnish,1
deposit,1
detailed,1
itself,1
lives,1
hinterlands,1
remaining,1
covering,1
procps,1
arbitrary,1
months,1
sandstone,1
vitafinzi,1
occupies,1
investigate,1
conservation,1
ash,1
freeing,1
manurerelated,1
fertility,1
school,1
contained,1
authorities,1
practised,1
reviewing,1
rea,1
incorporated,1
measurements,1
athens,1
contradiction,1
demonstrate,1
wiaala,1
varro,1
continues,1
pace,1
known,1
quotes,1
few,1
sustained,1
alternative,1
geoarchaeology,1
cover,1
forty,1
paolo,1
favorably,1
deficiencies,1
readily,1
interrupted,1
organized,1
roman,1
incorporating,1
brick,1
wall,1
domestic,1
visiting,1
returns,1
searched,1
abbreviations,1
stretching,1
sc,1
oxidize,1
goods,1
written,1
dumped,1
benefit,1
allocated,1
bin,1
closest,1
rural,1
proposed,1
straw,1
davidson,1
merely,1
better,1
growing,1
beginning,1
dayton,1
hall,1
what,1
economy,1
preexisting,1
geographerlarchaeologist,1
receiving,1
carefully,1
depicts,1
making,1
particular,1
allowance,1
maintain,1
proven,1
zagros,1
jed,1
protective,1
theory,1
always,1
attaining,1
prismatic,1
annual,1
noticed,1
riv,1
millior,1
listed,1
suggests,1
hoyuk,1
contain,1
occasionally,1
trees,1
careful,1
ruled,1
recipients,1
sea,1
improves,1
role,1
topsoil,1
november,1
cnight,1
cleaners,1
plans,1
lies,1
simply,1
assumptions,1
obtain,1
arguments,1
divided,1
gullying,1
isolated,1
writing,1
turkish,1
ese,1
eric,1
paleorient,1
formation,1
devoted,1
argument,1
average,1
advent,1
donald,1
chemical,1
burnt,1
wish,1
grown,1
include,1
dense,1
define,1
need,1
scoured,1
prohibition,1
involving,1
attempted,1
off,1
measured,1
enclosure,1
association,1
ships,1
potential,1
disadvantage,1
removed,1
jfa,1
substitute,1
assumed,1
drying,1
ciass,1
fluctuated,1
alexandra,1
themselves,1
denser,1
discontinuous,1
hills,1
text,1
stemming,1
given,1
lingered,1
abandoned,1
gulf,1
comparable,1
operational,1
building,1
ca,1
showed,1
cited,1
elucidation,1
retention,1
eagerly,1
