WORDCOUNTS,WEIGHT
the,373
of,288
and,221
archaeological,137
in,125
to,106
heritage,101
be,73
for,72
a,67
should,54
is,52
management,44
protection,39
on,39
as,36
that,34
article,34
charter,33
international,31
cultural,27
this,25
by,23
an,23
sites,22
icomos,22
with,20
public,20
it,19
or,19
excavation,19
general,18
conservation,17
preservation,17
monuments,16
all,16
at,15
therefore,15
also,15
are,14
its,14
policies,14
principles,13
legislation,13
scientific,12
not,12
must,12
which,12
development,12
their,11
information,11
training,11
indigenous,11
such,11
professional,11
icahm,10
has,10
unesco,10
human,10
need,10
through,10
important,9
committee,9
upon,9
research,9
essential,8
no,8
american,8
was,8
from,8
only,8
based,8
relating,8
professionals,8
participation,8
knowledge,8
calls,8
historic,8
have,8
archaeology,8
field,8
draft,8
carried,7
importance,7
principle,7
standards,7
definition,7
other,7
out,7
investigation,7
recommendations,7
means,7
significance,7
national,7
maintenance,7
excavations,7
will,6
adequate,6
groups,6
basic,6
they,6
countries,6
study,6
but,6
peoples,6
committees,6
venice,6
take,6
situ,6
statement,6
account,6
understanding,6
cooperation,6
part,6
including,6
after,6
world,6
may,5
developed,5
university,5
any,5
exposed,5
archaeologists,5
provision,5
text,5
into,5
many,5
specialized,5
available,5
survey,5
academic,5
them,5
relevant,5
council,5
necessary,5
forum,5
local,5
most,5
resources,5
assembly,5
architectural,5
integrated,5
cases,5
effective,5
states,5
proper,5
destruction,5
provide,4
site,4
order,4
introduction,4
humanity,4
one,4
methods,4
about,4
respect,4
organization,4
established,4
total,4
material,4
these,4
more,4
restoration,4
access,4
publicarchaeology,4
past,4
where,4
cannot,4
guidelines,4
some,4
basis,4
future,4
planning,4
constitute,4
resource,4
objective,4
made,4
interest,4
adopted,4
convention,4
nonthreatened,4
elements,4
reconstructions,4
transfer,4
obligation,4
even,4
among,4
appropriate,4
responsibility,4
inventories,4
currently,3
recognized,3
if,3
been,3
commentary,3
levels,3
reference,3
process,3
exceptional,3
who,3
comments,3
studies,3
special,3
promoting,3
united,3
each,3
country,3
fragile,3
same,3
impact,3
document,3
costs,3
two,3
regional,3
programmes,3
requires,3
evidence,3
natural,3
asserts,3
j,3
nature,3
henry,3
global,3
sampling,3
conduct,3
volume,3
report,3
time,3
section,3
there,3
present,3
prohibiting,3
form,3
evaluation,3
preventing,3
primary,3
technical,3
aspects,3
require,3
well,3
property,3
agreed,3
emphasis,3
used,3
cambridge,3
boston,3
presented,3
active,3
establishment,3
techniques,3
expertise,3
full,3
office,3
described,3
modern,3
documentation,3
held,3
land,3
so,3
buildings,3
stresses,3
illicit,3
remains,3
maintaining,3
involved,3
several,3
needs,3
concerning,3
specific,3
concerns,3
promote,3
can,3
preserving,3
ownership,3
than,3
preliminary,3
nations,2
ethic,2
increasing,2
dealing,2
threatened,2
consists,2
high,2
second,2
duty,2
protecting,2
various,2
common,2
way,2
encouraged,2
critical,2
schemes,2
environmental,2
brief,2
primarily,2
presentation,2
success,2
etc,2
approaches,2
collections,2
reconstruction,2
manuscript,2
effectively,2
certain,2
hester,2
shift,2
articles,2
using,2
approved,2
mention,2
authority,2
managing,2
fields,2
interpretation,2
itself,2
nondestructive,2
sake,2
mud,2
circulated,2
ensure,2
under,2
considered,2
representativeness,2
associated,2
before,2
assistance,2
following,2
source,2
accordance,2
educational,2
establish,2
included,2
origins,2
biornstad,2
selective,2
sources,2
every,2
creation,2
offers,2
aspect,2
sections,2
export,2
postgraduate,2
over,2
projects,2
different,2
scholars,2
societies,2
portable,2
down,2
together,2
brick,2
reasons,2
preservationists,2
enable,2
clearly,2
state,2
minimize,2
protectional,2
elia,2
discussed,2
last,2
places,2
current,2
identifiable,2
economy,2
within,2
developing,2
existing,2
appears,2
british,2
applied,2
practice,2
record,2
existence,2
threats,2
fully,2
mentioned,2
gardens,2
possible,2
don,2
artifacts,2
new,2
background,2
both,2
range,2
protected,2
point,2
except,2
exchanges,2
dynamic,2
manifestations,2
related,2
disciplines,2
moral,2
use,2
programs,2
during,2
collective,2
records,2
people,2
ricardo,2
structures,2
project,2
own,2
publication,2
vernacular,2
preceded,2
interpret,2
published,2
applicable,2
lausanne,2
symposium,2
include,2
collaboration,2
d,2
revised,2
conducted,2
period,2
practices,2
excavated,2
standard,2
provides,2
individual,2
problems,2
qualifications,2
systems,2
between,2
become,2
left,2
sharing,2
partial,2
when,2
working,2
element,2
little,2
journal,2
describes,2
conventions,2
avoid,2
prott,2
traditions,2
develop,2
embodied,2
disturbing,2
activities,2
behalf,2
society,2
thorough,2
prescribed,1
typified,1
problem,1
final,1
wimtness,1
european,1
surroundings,1
sanctions,1
portion,1
does,1
encourages,1
articulates,1
press,1
now,1
excavate,1
led,1
he,1
secretariat,1
educate,1
noteworthy,1
ofpublicarchaeology,1
assured,1
struggle,1
violation,1
reflects,1
without,1
taken,1
visually,1
bringing,1
threat,1
concerned,1
broadened,1
l,1
principally,1
concern,1
main,1
superficial,1
mechanisms,1
generations,1
overall,1
commitment,1
comparative,1
foster,1
reasonable,1
limited,1
support,1
fiullest,1
return,1
celebration,1
acknowledged,1
deteriorating,1
longest,1
model,1
notion,1
archives,1
implies,1
alone,1
community,1
still,1
considerably,1
curation,1
make,1
standing,1
developers,1
mailing,1
destroy,1
movement,1
registered,1
deals,1
executive,1
ongoing,1
selection,1
kinds,1
single,1
multifaceted,1
designed,1
existed,1
achieve,1
ma,1
values,1
represented,1
update,1
absorbed,1
sees,1
education,1
constitutes,1
supporting,1
centres,1
gathering,1
auspices,1
raymond,1
sri,1
making,1
reason,1
done,1
event,1
internationally,1
represents,1
changes,1
serve,1
compilation,1
sound,1
undisturbed,1
oceana,1
stipulation,1
combining,1
gional,1
restricted,1
formally,1
inspiration,1
powerful,1
possibly,1
official,1
improvement,1
differentiate,1
history,1
cleere,1
presents,1
v,1
organized,1
laid,1
authorities,1
vestiges,1
sensitive,1
commonwealth,1
eventually,1
preamble,1
monument,1
conforming,1
lack,1
continual,1
dominate,1
stressed,1
overriding,1
experimental,1
series,1
conclusion,1
rejournal,1
archeology,1
appropriately,1
corresponding,1
frequently,1
butterworths,1
qualification,1
prevent,1
xi,1
english,1
founded,1
qualified,1
experience,1
congress,1
violations,1
principal,1
underwater,1
commented,1
being,1
unthreatened,1
williams,1
first,1
awareness,1
maintained,1
social,1
favors,1
physical,1
ignore,1
includes,1
please,1
membership,1
alteration,1
davis,1
cost,1
terminology,1
rather,1
fifull,1
funding,1
museums,1
lowing,1
employs,1
idea,1
given,1
interests,1
law,1
book,1
affords,1
greenfield,1
news,1
regarding,1
drafting,1
highly,1
preference,1
concentrated,1
providing,1
defining,1
necessarily,1
preserve,1
conceived,1
responsibilities,1
rock,1
greater,1
performance,1
explanatory,1
switzerland,1
paper,1
lund,1
fact,1
expanding,1
possibilities,1
ofilcahm,1
contained,1
identifying,1
consideration,1
areas,1
attractive,1
deterioration,1
reserved,1
skills,1
could,1
belong,1
appendix,1
epitomized,1
undertake,1
great,1
traditionally,1
enact,1
consent,1
disagree,1
follows,1
particularly,1
objectives,1
economics,1
treasures,1
government,1
issue,1
expression,1
very,1
antiquity,1
benefit,1
aerial,1
number,1
examining,1
damage,1
base,1
civilisations,1
representative,1
living,1
assessment,1
term,1
absolutely,1
m,1
destroyed,1
written,1
date,1
further,1
solicited,1
subterranean,1
concepts,1
conserving,1
paris,1
ground,1
andfinally,1
urgent,1
informed,1
centre,1
according,1
p,1
what,1
notable,1
march,1
validity,1
treat,1
worldwide,1
context,1
afforded,1
armed,1
conveys,1
terms,1
less,1
see,1
strategies,1
defense,1
publications,1
drafticahm,1
declared,1
maintain,1
covers,1
despite,1
procedures,1
absolute,1
guidance,1
owing,1
drafted,1
leaving,1
actively,1
extent,1
supplemented,1
adopts,1
sought,1
wood,1
had,1
ricardoj,1
saying,1
criteria,1
because,1
outstanding,1
original,1
chapter,1
allocation,1
prior,1
private,1
incorporated,1
greatest,1
lanka,1
work,1
measures,1
echoes,1
popular,1
scope,1
october,1
comprise,1
stronger,1
tool,1
comprises,1
writers,1
bear,1
necessity,1
preserved,1
iind,1
concept,1
interdisciplinary,1
met,1
surveys,1
say,1
purpose,1
far,1
sharon,1
elucidate,1
wording,1
cited,1
seminal,1
sufficiently,1
confined,1
role,1
lays,1
evport,1
enter,1
occasioned,1
intended,1
reserves,1
territory,1
rationale,1
whole,1
authenticity,1
institute,1
looting,1
kiva,1
inventory,1
refers,1
broad,1
controlled,1
wherever,1
unprotected,1
ideas,1
submitted,1
surviving,1
processes,1
stimulate,1
chairman,1
director,1
assignment,1
engaged,1
our,1
stay,1
documented,1
throughout,1
come,1
were,1
session,1
raising,1
legal,1
reflect,1
ratified,1
devoted,1
until,1
nongovernmental,1
chaired,1
component,1
locations,1
years,1
recent,1
authorized,1
inevitable,1
discovered,1
since,1
william,1
modem,1
carsten,1
september,1
comprehensive,1
regions,1
language,1
integral,1
citing,1
entrust,1
stockholm,1
makes,1
cautions,1
federal,1
statutory,1
times,1
known,1
immediately,1
newly,1
afford,1
jeremy,1
would,1
application,1
below,1
specialists,1
defines,1
regarded,1
sample,1
stained,1
diversity,1
irreparable,1
involving,1
serves,1
distinction,1
next,1
irreplaceable,1
applicability,1
fowler,1
seeks,1
funds,1
kept,1
cope,1
limitations,1
unauthorized,1
losing,1
presenting,1
jeanette,1
fimunds,1
lipe,1
dobbs,1
around,1
encompasses,1
exchange,1
david,1
doubtless,1
person,1
ofmovable,1
especially,1
few,1
accomplished,1
wider,1
smithsonian,1
although,1
components,1
mediumand,1
inspired,1
starting,1
temporary,1
governments,1
inclusion,1
rejection,1
protect,1
forbid,1
margareta,1
fiundamental,1
continuous,1
objects,1
degradation,1
databases,1
dedicated,1
always,1
create,1
early,1
up,1
method,1
consequently,1
those,1
abandoned,1
traditional,1
architects,1
staff,1
we,1
roots,1
french,1
nation,1
epochs,1
concise,1
substituted,1
protects,1
meeting,1
guaranteed,1
built,1
encompassing,1
hague,1
technicians,1
concluded,1
widely,1
embraces,1
ofamerica,1
decision,1
overlapping,1
