WORDCOUNTS,WEIGHT
the,1257
of,794
and,460
in,349
a,316
to,177
was,166
at,118
with,116
from,108
on,106
formative,90
by,90
terminal,89
that,86
classic,81
m,74
is,74
late,71
str,70
this,66
it,60
had,58
were,58
as,58
early,57
construction,53
south,51
been,51
be,49
for,48
an,47
floor,45
fill,44
north,44
into,43
its,43
pottery,42
east,40
i,39
date,38
west,37
plaza,36
or,36
excavation,35
nohmul,35
post,35
trench,34
operation,34
occupation,34
which,34
have,33
two,32
are,32
group,31
marl,31
building,30
part,29
area,29
period,28
figure,27
pit,27
phase,26
limestone,25
side,25
also,25
earlier,25
not,25
dug,23
northern,23
only,23
fields,23
although,23
test,22
some,22
large,22
plaster,22
ceremonial,22
great,22
main,21
surface,21
found,21
field,21
small,21
maya,21
than,20
upper,20
block,20
over,20
survey,19
site,19
top,19
cache,19
note,19
seen,19
stair,19
final,18
other,18
eroded,18
university,18
several,18
blocks,18
we,18
both,18
all,17
levels,17
section,17
structures,17
settlement,17
through,17
x,16
may,16
below,16
holes,16
san,16
end,16
one,15
within,15
timber,15
cut,15
initial,15
base,15
et,15
but,15
rio,15
ac,15
later,14
cit,14
further,14
floors,14
hole,14
no,14
these,14
deep,14
op,14
structure,14
level,14
massive,14
built,14
lower,13
pulltrouser,13
yielded,13
al,13
where,13
probably,13
down,13
rubble,13
first,12
similar,12
buried,12
r,12
coeval,12
swamp,12
plastered,12
more,12
precinct,12
use,12
superstructure,12
would,12
can,12
extension,12
wall,12
suggests,12
c,12
major,12
exposed,11
such,11
excavations,11
journal,11
out,11
well,11
archaeology,11
above,11
project,11
platform,11
architectural,11
vertical,11
contained,11
pits,11
center,10
laid,10
se,10
their,10
could,10
line,10
work,10
overlying,10
least,10
rutgers,10
visible,10
bedrock,10
three,10
sherds,10
foundation,10
size,10
middle,10
norman,10
much,10
groups,9
nature,9
century,9
dates,9
operations,9
most,9
has,9
lies,9
single,9
same,9
mark,9
layer,9
v,9
ditched,9
centuries,9
set,9
masonry,9
hondo,9
edge,8
indicated,8
there,8
those,8
context,8
marked,8
central,8
strs,8
ridge,8
just,8
four,8
mapped,8
used,8
pyramid,8
suggest,8
soil,8
few,8
second,8
southern,8
structural,8
vicinity,8
areas,8
material,8
florescence,8
perhaps,8
made,8
postclassic,8
including,8
sequence,8
dating,8
assigned,8
program,8
known,8
different,8
associated,8
layers,8
cambridge,8
evidence,8
removed,8
belize,8
ca,8
showed,8
given,7
o,7
suggested,7
determine,7
they,7
season,7
right,7
basal,7
old,7
fig,7
walls,7
after,7
lay,7
front,7
faced,7
mapping,7
because,7
douglas,7
earth,7
running,7
buildings,7
around,7
when,7
results,7
located,7
still,7
under,7
included,7
many,7
plan,7
john,7
encountered,7
extended,7
clear,7
facing,7
existed,7
then,7
vessel,7
penetrated,7
substantial,7
caches,6
patio,6
complex,6
j,6
seems,6
corozal,6
raised,6
investigations,6
abutting,6
slabs,6
back,6
confirmed,6
left,6
drawn,6
apparently,6
sample,6
rather,6
followed,6
erosion,6
residential,6
revealed,6
during,6
broad,6
partly,6
showing,6
presence,6
standing,6
noted,6
sector,6
grid,6
ceramic,6
new,6
present,6
local,6
deposits,6
low,6
sherd,6
archaeological,6
carried,6
british,6
thick,6
any,6
underlying,6
each,6
report,6
very,6
places,6
whether,6
map,6
complexes,6
our,6
land,6
remains,6
consisted,6
close,6
being,5
height,5
together,5
mr,5
recorded,5
possible,5
thus,5
inner,5
corner,5
l,5
centerline,5
firmly,5
view,5
greater,5
abutted,5
burial,5
placed,5
bc,5
apparent,5
long,5
up,5
pomacea,5
short,5
overall,5
bladen,5
about,5
nw,5
plazuela,5
towards,5
turner,5
pattern,5
removal,5
michael,5
demonstrated,5
so,5
high,5
excavated,5
internal,5
lines,5
heavy,5
number,5
investigation,5
form,5
while,5
information,5
sounding,5
shown,5
between,5
e,4
horton,4
flooring,4
supervised,4
before,4
either,4
might,4
stood,4
subsequent,4
sq,4
eastern,4
iv,4
apart,4
mchcmc,4
except,4
collapse,4
author,4
mixed,4
pablo,4
phases,4
obtained,4
b,4
hodges,4
white,4
metres,4
clark,4
dated,4
mcnatt,4
w,4
beyond,4
guillermo,4
p,4
scale,4
basis,4
confined,4
department,4
place,4
away,4
lowest,4
belt,4
tony,4
research,4
using,4
will,4
architecture,4
community,4
cylindrical,4
cane,4
already,4
containing,4
mound,4
again,4
time,4
anne,4
royal,4
associate,4
thomas,4
behind,4
pyburn,4
chert,4
covered,4
continued,4
impressive,4
logan,4
deposit,4
remaining,4
linking,4
face,4
joseph,4
aerial,4
following,4
constructions,4
domestic,4
texas,4
portion,4
locations,4
catherine,4
smaller,4
summary,4
vi,4
reached,4
dark,4
deposition,4
now,3
limits,3
horizontal,3
trash,3
village,3
likely,3
former,3
western,3
history,3
laura,3
cutting,3
file,3
ii,3
taken,3
fragmentary,3
stratigraphically,3
suggesting,3
spaced,3
last,3
swasey,3
situ,3
posts,3
existence,3
badly,3
task,3
figs,3
soils,3
terminus,3
far,3
indicating,3
quantity,3
along,3
measurement,3
exist,3
erection,3
development,3
interior,3
against,3
faqade,3
relatively,3
interim,3
speed,3
continuous,3
details,3
steps,3
predicted,3
across,3
how,3
edward,3
sw,3
mean,3
study,3
redeposited,3
possibly,3
linked,3
mary,3
solid,3
important,3
whereas,3
based,3
location,3
centers,3
zone,3
cultural,3
wide,3
near,3
having,3
diminution,3
data,3
teotihuacan,3
kosakowsky,3
conjectured,3
cleaning,3
penetrating,3
whole,3
tentatively,3
somewhere,3
core,3
tasks,3
detected,3
identified,3
hammond,3
collapsed,3
roads,3
surveyed,3
once,3
demolished,3
yet,3
interpretation,3
ne,3
ancient,3
professor,3
largest,3
walled,3
wetlands,3
aisle,3
limit,3
larger,3
demonstrating,3
adjacent,3
yucatecan,3
see,3
style,3
degree,3
another,3
sides,3
contour,3
backdirt,3
directed,3
fragments,3
palaeosol,3
latter,3
parallel,3
become,3
slightly,3
ascertained,3
suggestion,3
tests,3
bowen,3
defined,3
detailed,3
nuevo,3
indicate,3
supporting,3
itself,3
mounds,3
bench,3
roof,3
photographs,3
stratigraphic,3
senior,3
series,3
must,3
trenches,3
natural,3
anthropology,3
cm,3
lying,3
half,3
intrusion,3
greenstone,3
adduced,3
latest,3
beginning,3
extent,3
jab,3
contain,3
stairs,3
plans,3
investigated,3
overlies,3
surfacing,3
years,3
forming,3
abandoned,3
among,3
gangs,3
deeper,3
order,2
if,2
designated,2
northernmost,2
red,2
extends,2
quem,2
stripped,2
american,2
ma,2
formed,2
units,2
chichen,2
modern,2
ms,2
position,2
unlike,2
occurred,2
total,2
veloso,2
lowlands,2
sources,2
every,2
derives,2
originally,2
unplastered,2
meters,2
attempt,2
saul,2
england,2
gary,2
damaged,2
kinich,2
s,2
accompanied,2
exotic,2
link,2
help,2
julie,2
state,2
precisely,2
el,2
seminar,2
corroborating,2
slip,2
thatch,2
mass,2
design,2
activity,2
burning,2
richard,2
stratigraphy,2
uncertain,2
bowls,2
midline,2
beneath,2
human,2
uxmal,2
angles,2
since,2
millennium,2
atop,2
capped,2
shaft,2
expected,2
z,2
turn,2
six,2
itza,2
storage,2
terrace,2
even,2
communication,2
focussed,2
higher,2
interesting,2
act,2
his,2
ba,2
camp,2
podium,2
remain,2
bifaces,2
crest,2
neatly,2
arm,2
parts,2
topmost,2
monumental,2
established,2
presumably,2
latin,2
proved,2
director,2
air,2
bay,2
traces,2
bulldozing,2
iva,2
jars,2
recovered,2
perceived,2
honduras,2
result,2
came,2
bearing,2
foreground,2
seven,2
brigadier,2
though,2
precursor,2
circular,2
appears,2
tikal,2
source,2
huge,2
impression,2
sites,2
bulldozed,2
none,2
bounded,2
sculpture,2
depth,2
locus,2
extending,2
modular,2
overlay,2
estevan,2
bowl,2
colha,2
consistently,2
comprises,2
intermediate,2
contains,2
forces,2
surrounding,2
systematic,2
sun,2
interpreted,2
attributed,2
graduate,2
treads,2
working,2
tested,2
differing,2
progress,2
cattle,2
loci,2
newly,2
mendez,2
avoid,2
periods,2
pearson,2
led,2
exterior,2
variety,2
bringing,2
squared,2
yucatan,2
harry,2
surviving,2
peten,2
coverage,2
thought,2
soon,2
demolition,2
fifth,2
water,2
siemens,2
remnant,2
boundary,2
thesis,2
quarries,2
assistance,2
colored,2
corporal,2
times,2
shallower,2
lack,2
technique,2
flat,2
jan,2
joints,2
shows,2
doorway,2
antonio,2
fallen,2
sierra,2
clusters,2
interstices,2
origin,2
begun,2
assemblage,2
remained,2
retaining,2
tunnel,2
completed,2
range,2
recovery,2
sapper,2
mosaic,2
varying,2
angle,2
operated,2
radiocarbon,2
raising,2
students,2
jose,2
publication,2
feature,2
peter,2
like,2
innermost,2
spread,2
general,2
features,2
looters,2
filled,2
proximity,2
renewal,2
venezia,2
took,2
narrow,2
equivalent,2
sectioned,2
slab,2
sugar,2
adzes,2
brown,2
penultimate,2
flanking,2
separate,2
pure,2
coterminous,2
fairly,2
mixture,2
five,2
testing,2
maps,2
who,2
collections,2
juan,2
originated,2
try,2
seibal,2
susan,2
investigate,2
meant,2
considered,2
detail,2
sections,2
abandonment,2
duncan,2
deposited,2
muirhill,2
constructed,2
reconnaissance,2
here,2
ran,2
paper,2
shares,2
sampling,2
did,2
dennis,2
iii,2
decline,2
phd,2
william,2
elevation,2
soundings,2
terms,2
particular,2
axis,2
preserved,2
attached,2
confirm,2
topsoil,2
techniques,2
step,2
harvesting,2
divided,2
chronology,2
harrison,2
come,2
totalling,2
until,2
spring,2
numerous,2
puleston,2
mamom,2
d,2
developmental,2
involving,2
locate,2
shells,2
anonymous,2
comparison,2
restored,2
specific,2
jfa,2
amant,2
valley,2
entire,2
immediately,2
recent,2
arizona,2
grants,2
sa,1
carved,1
does,1
possessed,1
done,1
circumambient,1
underpinning,1
estimated,1
way,1
destroying,1
statuette,1
implying,1
donor,1
imported,1
preclassic,1
facade,1
affixes,1
extend,1
accords,1
college,1
cerros,1
considerably,1
totally,1
introduction,1
notably,1
sphere,1
debris,1
leathery,1
becoming,1
settlements,1
needed,1
offerings,1
confidence,1
slices,1
enhance,1
birmingham,1
designed,1
insertion,1
stone,1
live,1
valedictory,1
postdate,1
h,1
museumcambridge,1
approaches,1
dominating,1
studies,1
antedates,1
collection,1
reduced,1
trenc,1
fixed,1
committee,1
necessarily,1
organic,1
title,1
pasture,1
replicate,1
turtle,1
eastward,1
ae,1
steeply,1
nonetheless,1
corroborates,1
absence,1
tripod,1
hydration,1
contexts,1
pappeamus,1
efficacy,1
arms,1
predominantly,1
cmsn,1
accumulation,1
fitted,1
consistent,1
sterile,1
minanha,1
permit,1
modest,1
specifically,1
mosaics,1
certainly,1
creation,1
roman,1
regeneration,1
logistic,1
implications,1
radii,1
concentrated,1
planting,1
kilometers,1
rapid,1
terrain,1
worked,1
advanced,1
affinities,1
available,1
wooden,1
packed,1
olbl,1
broken,1
prop,1
highland,1
bassipiani,1
convert,1
talus,1
rich,1
studied,1
ephemeral,1
government,1
vfw,1
closer,1
scheme,1
reveal,1
locality,1
angling,1
damage,1
vegetation,1
battered,1
mind,1
stand,1
freshly,1
staff,1
platforms,1
somewhat,1
signs,1
governors,1
visibility,1
ad,1
case,1
effigy,1
conjoining,1
vve,1
alfred,1
dr,1
plain,1
protoclassic,1
albeit,1
weathered,1
sought,1
bases,1
shafts,1
firm,1
cleared,1
agriculture,1
hall,1
rests,1
march,1
aisles,1
plug,1
account,1
quantities,1
monjas,1
prior,1
neighbor,1
cooperation,1
bloom,1
ball,1
condition,1
slight,1
studi,1
deformation,1
fine,1
taking,1
interdisciplinary,1
point,1
say,1
processes,1
overlooking,1
undoubtedly,1
hummocks,1
komchen,1
substructure,1
fragment,1
conceals,1
masks,1
penetrate,1
sign,1
adding,1
funded,1
labor,1
includes,1
halted,1
differential,1
moved,1
relationships,1
reused,1
som,1
latrines,1
module,1
quality,1
mm,1
medical,1
due,1
closest,1
unpublished,1
g,1
dei,1
integral,1
terraces,1
admixture,1
regarded,1
mailing,1
plotting,1
tucson,1
denote,1
preparation,1
comprised,1
transitional,1
cases,1
ow,1
resting,1
inserted,1
distinct,1
consejo,1
tabulation,1
patch,1
david,1
canal,1
airport,1
modifying,1
body,1
ear,1
houses,1
young,1
served,1
honour,1
bone,1
third,1
reoccupation,1
cardinal,1
thin,1
find,1
packing,1
student,1
soakaway,1
excavator,1
corrected,1
envisage,1
swamps,1
graded,1
om,1
demonstrably,1
adult,1
jones,1
influence,1
acknowledge,1
unskilled,1
error,1
industries,1
cms,1
aim,1
failed,1
civilization,1
hamlet,1
deviation,1
simultaneously,1
york,1
added,1
mask,1
adjunct,1
subhumus,1
without,1
umestone,1
subjected,1
links,1
principally,1
traffic,1
cleaned,1
developed,1
bourgignonne,1
influenced,1
classicearly,1
basic,1
monopm,1
radius,1
process,1
subdivision,1
mamomchicanel,1
determining,1
rescue,1
resume,1
eight,1
ex,1
prestr,1
pollard,1
derived,1
marls,1
direct,1
belizean,1
population,1
winnel,1
easily,1
gann,1
matched,1
tree,1
scales,1
distant,1
burials,1
summarized,1
laying,1
calculator,1
lea,1
support,1
wash,1
puletan,1
category,1
olw,1
ragged,1
contourplotted,1
hematite,1
entry,1
retained,1
channeled,1
intensive,1
stadia,1
fplaster,1
yellow,1
comer,1
raisied,1
elsewhere,1
elevated,1
jersey,1
house,1
recycling,1
too,1
accumulating,1
presumed,1
additional,1
follow,1
lowlying,1
selective,1
steeper,1
circulating,1
capping,1
fronts,1
painted,1
exploitation,1
instance,1
visibly,1
nnw,1
flakes,1
erroneous,1
famed,1
interval,1
tikalo,1
drawing,1
plausibly,1
louisville,1
dc,1
iconography,1
radial,1
yielding,1
belmopan,1
closely,1
my,1
prehistoric,1
antiquaries,1
cynthia,1
suburbs,1
viz,1
cd,1
chris,1
commoner,1
appearance,1
holds,1
rule,1
difficulty,1
hands,1
color,1
une,1
midden,1
access,1
weie,1
separable,1
embracing,1
changed,1
format,1
quarried,1
austin,1
relate,1
attained,1
frontage,1
occurring,1
makeup,1
density,1
maxima,1
intervening,1
sascab,1
caves,1
gillian,1
synonymously,1
lcontectured,1
recently,1
ceramics,1
devoid,1
northwards,1
cannot,1
schist,1
hypothetical,1
outlined,1
rainforest,1
bulldozer,1
confirmation,1
approached,1
enough,1
rectilinear,1
public,1
kitchen,1
jim,1
gained,1
designation,1
sharpening,1
future,1
unexcavated,1
received,1
waterway,1
interface,1
episode,1
london,1
stacked,1
instruments,1
reduction,1
moundless,1
tlamimilolpa,1
continuation,1
realm,1
gave,1
zanzibar,1
postulated,1
truncated,1
blade,1
actually,1
perishable,1
thereafter,1
hattula,1
putatively,1
southerly,1
shower,1
yucatecanrelated,1
alan,1
week,1
assiduous,1
nj,1
lithics,1
approach,1
t,1
lietz,1
stones,1
good,1
tough,1
published,1
conectured,1
ago,1
deity,1
wished,1
straight,1
canoe,1
grass,1
tk,1
consolidation,1
quite,1
ixtepeque,1
involved,1
floodplain,1
intervals,1
teams,1
iris,1
habitation,1
began,1
erected,1
ls,1
leather,1
massachusetts,1
raisedand,1
roofing,1
vacuum,1
tzec,1
alluvial,1
usual,1
boundaries,1
villages,1
corridor,1
fully,1
coordinate,1
st,1
commemorative,1
limestones,1
pa,1
sea,1
roots,1
notes,1
plausible,1
value,1
grateful,1
provided,1
preliminary,1
finds,1
frontal,1
increments,1
am,1
gordon,1
activities,1
fiberglass,1
seemed,1
society,1
snails,1
cite,1
span,1
aurora,1
f,1
inset,1
stucco,1
underlies,1
approximate,1
underground,1
profiled,1
saw,1
materials,1
floruit,1
attributable,1
chicanelsphere,1
freelance,1
descending,1
canalized,1
indeed,1
revival,1
subject,1
backfill,1
acknowledged,1
indication,1
wetland,1
nearly,1
disturbance,1
poor,1
etc,1
supplementing,1
allen,1
trenh,1
make,1
bill,1
indicates,1
adze,1
iia,1
initially,1
orgi,1
outer,1
paint,1
hester,1
aligned,1
voids,1
cdistrbanc,1
direction,1
frank,1
michels,1
assuring,1
oxford,1
victor,1
museum,1
od,1
makes,1
pp,1
cor,1
giancarlo,1
corroborated,1
serve,1
rain,1
repair,1
inspiration,1
specimens,1
prefixes,1
jay,1
lowland,1
falls,1
planned,1
ci,1
orders,1
informal,1
complete,1
guatemala,1
refine,1
lacked,1
experiment,1
strip,1
cheerful,1
volunteers,1
timbers,1
miarl,1
rise,1
kms,1
social,1
useful,1
volume,1
recycled,1
seymour,1
fellow,1
members,1
resolution,1
museums,1
aspect,1
paul,1
power,1
frederick,1
factory,1
opa,1
renewed,1
higgins,1
similarly,1
limiestone,1
put,1
addition,1
descends,1
efforts,1
conventionalized,1
fact,1
expose,1
luis,1
occurrence,1
slumped,1
striking,1
enlarging,1
compound,1
appeared,1
downwards,1
banks,1
coordinates,1
understandable,1
personal,1
arthur,1
tranchet,1
diameter,1
bays,1
harriot,1
snail,1
worn,1
transit,1
forms,1
conclusions,1
outside,1
cisterns,1
jaime,1
hand,1
plate,1
ground,1
model,1
flooded,1
dashed,1
continuing,1
junction,1
equate,1
existing,1
axes,1
less,1
roswitha,1
skein,1
council,1
providentially,1
metropolitan,1
jj,1
distance,1
polvero,1
gives,1
counterpart,1
reflected,1
free,1
dots,1
knoll,1
sir,1
original,1
riparian,1
stabilize,1
analyzed,1
classes,1
understanding,1
pitched,1
exhibit,1
elevations,1
discussion,1
averaged,1
sealing,1
opb,1
discovery,1
upon,1
outwards,1
stairway,1
formal,1
region,1
replanned,1
yvonne,1
strongly,1
trimmed,1
clustered,1
canals,1
load,1
elite,1
medium,1
fronting,1
terior,1
food,1
complement,1
additions,1
cornice,1
maria,1
questions,1
evolution,1
engineers,1
hoc,1
surveyor,1
laboratory,1
examination,1
chosen,1
previous,1
reinforcing,1
lola,1
described,1
mayan,1
incensario,1
modem,1
hiatus,1
obtaining,1
maintenance,1
interpret,1
workers,1
feasible,1
divisions,1
allowed,1
caribbean,1
function,1
overlain,1
optimum,1
curve,1
collected,1
dry,1
lie,1
probable,1
preservation,1
black,1
standard,1
reentrant,1
programmable,1
fd,1
margin,1
especially,1
article,1
elaborate,1
toledo,1
edged,1
bordered,1
extant,1
respectively,1
ann,1
shallow,1
banking,1
examine,1
deliberate,1
obsidian,1
james,1
analysis,1
seeking,1
divides,1
baebull,1
dividing,1
morris,1
versus,1
carapace,1
postholes,1
positioning,1
attention,1
decay,1
widely,1
twolevel,1
disused,1
consists,1
trustees,1
sandro,1
unstable,1
monstrous,1
relationship,1
layouts,1
browne,1
perspectives,1
irregular,1
subdivided,1
regular,1
provide,1
science,1
bold,1
bulk,1
ecological,1
usually,1
albion,1
begin,1
sacbe,1
fewer,1
widespread,1
dimensions,1
army,1
consonant,1
team,1
spriggs,1
force,1
beetz,1
rapidly,1
length,1
thinning,1
mtris,1
intend,1
responsible,1
superincumbent,1
diagnostic,1
slimestone,1
threeaisled,1
ward,1
hope,1
types,1
exists,1
unusual,1
earliest,1
middens,1
curious,1
risers,1
underpinned,1
comes,1
sloping,1
complexity,1
founded,1
mario,1
resurfacing,1
detachment,1
demonstrate,1
struck,1
geographic,1
hypothesized,1
switsur,1
ahau,1
bush,1
implied,1
slope,1
rattray,1
palace,1
charles,1
carl,1
md,1
temple,1
welland,1
sourcing,1
sustained,1
evelyn,1
cover,1
hospitality,1
milieu,1
dimension,1
courtesy,1
ood,1
rear,1
lvad,1
neivens,1
grains,1
dismantled,1
encapsulating,1
downslope,1
extraction,1
connection,1
exploration,1
seem,1
unknown,1
contextual,1
slit,1
intrusive,1
expense,1
emergence,1
seconded,1
vase,1
eventually,1
ar,1
clearly,1
isomorphous,1
plazas,1
edible,1
dumped,1
coevally,1
fills,1
associations,1
weem,1
essentially,1
thompson,1
works,1
type,1
merely,1
resharpening,1
clarity,1
floorthe,1
hardness,1
n,1
dispersed,1
what,1
exposing,1
preexisting,1
unimodal,1
batterednorth,1
uppermost,1
spatial,1
them,1
rose,1
selected,1
subsoil,1
ones,1
rising,1
coast,1
supports,1
character,1
nearby,1
proven,1
passed,1
mere,1
protective,1
ies,1
leaving,1
distribution,1
jack,1
her,1
foundations,1
humus,1
projection,1
classit,1
yield,1
almost,1
don,1
missed,1
ideal,1
incorporated,1
mickey,1
port,1
bryant,1
specializes,1
finished,1
escargots,1
gratitude,1
marking,1
little,1
emergent,1
owner,1
pation,1
careful,1
thereby,1
reported,1
conclude,1
ohio,1
slopes,1
city,1
datum,1
centro,1
press,1
transition,1
rendering,1
matches,1
programs,1
reconstruct,1
alternating,1
equipped,1
unitary,1
phenomenon,1
evidenced,1
representation,1
unbroken,1
contrasts,1
overhanging,1
eric,1
oco,1
diagram,1
cmcergia,1
recording,1
spacing,1
flagellata,1
frontiers,1
plowing,1
postdating,1
assayed,1
similarity,1
finding,1
envisaged,1
swampy,1
baking,1
national,1
precise,1
grant,1
sat,1
parallels,1
twisting,1
ended,1
highest,1
approximately,1
uncalibrated,1
dense,1
define,1
consumption,1
davies,1
manufacture,1
subrectangular,1
stubs,1
tabular,1
modules,1
rancher,1
richerche,1
earthen,1
definite,1
derive,1
off,1
measured,1
francisco,1
association,1
increased,1
roughly,1
strll,1
flooding,1
carr,1
supported,1
carbon,1
curl,1
chambers,1
fourth,1
era,1
partial,1
glyph,1
create,1
armature,1
maximum,1
import,1
surveys,1
interaction,1
parachute,1
seek,1
comparable,1
zones,1
should,1
sculptured,1
mistaken,1
wilk,1
occur,1
elucidation,1
