WORDCOUNTS,WEIGHT
the,760
of,558
in,212
and,186
a,130
to,120
village,91
at,86
that,79
is,68
diversity,66
eastern,65
central,65
as,65
be,52
for,51
by,50
with,43
artifacts,42
from,39
artifact,38
have,38
than,36
city,36
street,35
which,35
are,35
was,33
west,32
on,31
it,30
types,30
houses,29
an,29
sample,28
simulation,28
site,27
this,26
were,26
there,25
or,25
been,25
different,25
such,23
may,23
more,23
evidence,22
activities,21
two,21
excavated,19
can,19
figure,19
has,19
size,19
between,19
also,18
fittings,17
south,17
north,17
other,16
main,16
data,16
therefore,16
archaeological,16
each,16
house,15
one,14
kemp,14
egypt,13
their,13
but,13
these,13
new,13
material,13
would,13
western,12
within,12
deir,12
suburb,12
frequency,12
assemblage,12
number,12
artifactual,12
egyptian,12
might,11
peet,11
since,11
no,11
rather,11
program,11
some,10
activity,10
excavations,10
journal,10
parts,10
sites,10
part,10
proportions,10
buildings,10
excavation,10
community,10
only,10
shows,10
i,10
not,10
table,10
distribution,10
much,10
into,9
those,9
case,9
expected,9
found,9
its,9
ancient,9
then,9
suggests,9
categories,9
confidence,8
differences,8
jewellery,8
underlying,8
higher,8
study,8
method,8
percentages,8
well,8
whole,8
used,8
small,8
woolley,8
lack,8
use,8
food,8
exploration,8
diagram,8
smaller,8
o,7
all,7
compared,7
greater,7
had,7
based,7
residential,7
produced,7
field,7
suggest,7
villagers,7
settlement,7
less,7
assemblages,7
processes,7
gate,7
period,7
so,7
high,7
archaeology,7
simply,7
particular,7
both,7
remains,7
if,6
e,6
they,6
total,6
being,6
j,6
gaming,6
east,6
quantities,6
barry,6
behavior,6
throughout,6
z,6
fig,6
represented,6
pendlebury,6
kintigh,6
n,6
most,6
occupied,6
uses,6
problem,6
showing,6
he,6
sector,6
inhabitants,6
many,6
areas,6
three,6
points,6
earlier,6
la,6
analysis,6
palace,6
set,6
wall,6
terms,6
interval,6
diversities,6
formation,6
average,6
although,6
rest,6
early,6
bezels,5
studies,5
el,5
side,5
possible,5
measuring,5
human,5
actual,5
factors,5
means,5
numbers,5
w,5
suggested,5
out,5
occupation,5
tools,5
record,5
line,5
during,5
employed,5
refuse,5
t,5
least,5
villages,5
yielded,5
society,5
various,5
single,5
about,5
interpretation,5
same,5
bar,5
ev,5
his,5
funerary,5
present,5
see,5
perhaps,5
wood,5
original,5
range,5
low,5
comparing,5
life,5
shaw,5
amarna,5
cuneiform,5
very,5
them,5
while,5
socioeconomic,5
furniture,5
models,5
should,5
does,4
center,4
stone,4
sets,4
royal,4
cv,4
certainly,4
supplied,4
hunting,4
weaving,4
existence,4
agriculture,4
quantity,4
extramural,4
relatively,4
given,4
storage,4
opposed,4
town,4
predicted,4
proportion,4
toiletries,4
university,4
statistical,4
whereas,4
raw,4
result,4
spinning,4
block,4
aspects,4
tombs,4
records,4
preparation,4
below,4
stage,4
bone,4
several,4
sufficient,4
materials,4
short,4
limited,4
malkata,4
surviving,4
planned,4
largest,4
pharaonic,4
added,4
magdalenian,4
kingdom,4
architectural,4
preservation,4
provides,4
problems,4
probably,4
provide,4
fewer,4
indicate,4
itself,4
equipment,4
over,4
paper,4
sizes,4
half,4
domestic,4
animal,4
produce,4
clothing,4
years,4
km,4
strong,4
hypothesis,4
altamira,3
groups,3
group,3
large,3
american,3
complex,3
comparisons,3
ian,3
lower,3
first,3
kohl,3
either,3
s,3
wooden,3
real,3
papyrus,3
british,3
hall,3
variations,3
point,3
thus,3
calculated,3
de,3
application,3
elements,3
allowing,3
details,3
identification,3
museum,3
levels,3
theban,3
mean,3
orcutt,3
offering,3
halves,3
clearly,3
section,3
plaster,3
too,3
shorter,3
painted,3
view,3
suburbs,3
bearing,3
plot,3
relating,3
late,3
third,3
simulations,3
none,3
basis,3
work,3
bc,3
london,3
database,3
actually,3
computer,3
level,3
box,3
textual,3
few,3
richness,3
results,3
aggregate,3
situation,3
variety,3
craftwork,3
percentage,3
represents,3
makes,3
tablet,3
reports,3
published,3
fact,3
plan,3
larger,3
adjacent,3
where,3
histogram,3
situated,3
discovery,3
simulating,3
described,3
individual,3
like,3
played,3
lie,3
households,3
methods,3
respectively,3
pottery,3
cliffs,3
petroglyphs,3
seen,3
length,3
often,3
simulated,3
unusual,3
mud,3
contained,3
column,3
specialized,3
regard,3
stamped,3
type,3
whether,3
institute,3
information,3
urban,3
presented,3
press,3
role,3
faience,3
disposal,3
area,3
roughly,3
comparison,3
needs,3
abandoned,3
ss,3
building,3
juyo,2
difficult,2
now,2
common,2
way,2
functional,2
judging,2
luxor,2
poorer,2
per,2
lugged,2
seq,2
modern,2
hair,2
history,2
archaeologists,2
every,2
originally,2
taken,2
season,2
england,2
seems,2
layout,2
assertion,2
great,2
thank,2
bead,2
garfi,2
leatherwork,2
survey,2
last,2
keith,2
corroborate,2
context,2
system,2
dearth,2
king,2
iv,2
account,2
uneven,2
knife,2
except,2
household,2
along,2
beneath,2
conkey,2
lustration,2
development,2
computerized,2
g,2
quantifying,2
tucson,2
co,2
abstractions,2
david,2
tutankhamun,2
left,2
compare,2
even,2
seal,2
apparently,2
jones,2
rates,2
walls,2
assessed,2
offices,2
policing,2
across,2
basic,2
process,2
excavators,2
after,2
lacking,2
miscellaneous,2
metres,2
memphis,2
support,2
reason,2
carpentry,2
les,2
proved,2
elsewhere,2
just,2
traces,2
gradually,2
argued,2
upper,2
four,2
surface,2
plates,2
solve,2
m,2
important,2
appear,2
prehistoric,2
could,2
smenkhkare,2
bricks,2
traditionally,2
behavioral,2
necklace,2
rooms,2
centrally,2
zone,2
possibility,2
applying,2
though,2
cultural,2
engraved,2
leonard,2
appears,2
biases,2
applied,2
however,2
hypothetical,2
wide,2
almost,2
planning,2
coronation,2
nc,2
constitute,2
interpreted,2
akhenaten,2
conform,2
sculpture,2
graph,2
my,2
sampled,2
change,2
contrast,2
separately,2
presence,2
ps,2
when,2
up,2
using,2
finds,2
architecture,2
located,2
scattergram,2
still,2
above,2
make,2
indicates,2
southern,2
rubbing,2
communities,2
examined,2
under,2
official,2
index,2
complete,2
rubbish,2
patterning,2
unusually,2
misc,2
picture,2
walled,2
name,2
mentions,2
analytical,2
striking,2
occupations,2
time,2
eric,2
john,2
contemporary,2
cueto,2
patterns,2
amenophis,2
innovative,2
superimposed,2
ch,2
heaps,2
streets,2
argument,2
another,2
values,2
desert,2
sufficiently,2
varying,2
significant,2
causes,2
recovery,2
dating,2
significance,2
dominated,2
peter,2
general,2
function,2
stages,2
practiced,2
standard,2
class,2
especially,2
effect,2
axe,2
slab,2
tendency,2
relative,2
separate,2
seasons,2
indication,2
relationship,2
me,2
window,2
five,2
pieces,2
boulaq,2
jar,2
antiquity,2
earliest,2
detail,2
drill,2
any,2
mentioned,2
objects,2
physical,2
chapels,2
cemetery,2
current,2
report,2
terraced,2
particularly,2
historical,2
distinctive,2
living,2
better,2
hint,2
william,2
economy,2
reign,2
combined,2
form,2
extent,2
her,2
art,2
middle,2
preserved,2
little,2
techniques,2
lies,2
writing,2
aspect,2
question,2
schlanger,2
locations,2
difference,2
wadi,2
d,2
roofing,2
enclosure,2
sides,2
unspecialized,2
create,2
immediately,2
among,2
recent,2
zones,2
evidently,2
carved,1
compile,1
directors,1
equation,1
rate,1
borer,1
final,1
horizontal,1
estimated,1
inlaid,1
later,1
names,1
sealings,1
represent,1
personnel,1
extreme,1
frangais,1
totally,1
succession,1
introduction,1
debris,1
settlements,1
languished,1
residences,1
replaced,1
advised,1
columns,1
diversification,1
second,1
miriam,1
constitutes,1
specialist,1
h,1
strictly,1
approaches,1
shoe,1
candidate,1
justified,1
organic,1
presents,1
ofakhenaten,1
uj,1
stretches,1
before,1
du,1
practices,1
contexts,1
prosperous,1
predominantly,1
clarifying,1
accumulation,1
said,1
consistent,1
anything,1
cast,1
sources,1
modest,1
orientalis,1
production,1
derives,1
repertoire,1
attempts,1
military,1
culturally,1
enables,1
anomalies,1
rita,1
rare,1
nature,1
containing,1
loom,1
possibilities,1
principles,1
available,1
professions,1
assess,1
broken,1
suggesting,1
correspondingly,1
together,1
reasons,1
producing,1
cordage,1
government,1
closer,1
hundred,1
concludes,1
take,1
nevertheless,1
subsequent,1
wealthy,1
help,1
fresh,1
consist,1
written,1
priest,1
paloma,1
henry,1
robert,1
opposite,1
california,1
secondly,1
signs,1
peg,1
livelihood,1
lecturer,1
papers,1
designs,1
contents,1
similarities,1
raisons,1
sq,1
magazines,1
post,1
pl,1
crystal,1
narrower,1
bezel,1
basketry,1
recorded,1
spoil,1
evacuated,1
advice,1
mass,1
incorporate,1
cu,1
figs,1
occupying,1
logical,1
ball,1
solely,1
functions,1
obvious,1
fine,1
harbour,1
combination,1
tablets,1
far,1
ignores,1
indicating,1
iya,1
apply,1
compares,1
correlation,1
bibliotheca,1
letter,1
fragment,1
deserted,1
conclusively,1
collection,1
pelican,1
hudson,1
internationaljournal,1
pounding,1
includes,1
review,1
differential,1
alignments,1
explained,1
peculiarities,1
accommodation,1
against,1
flashes,1
divine,1
characteristic,1
janet,1
establishments,1
leaf,1
conducted,1
metalwork,1
jewel,1
century,1
vanished,1
bakeries,1
forced,1
kind,1
wiley,1
thing,1
inserted,1
items,1
old,1
utensils,1
bay,1
simpson,1
averaging,1
concerning,1
positive,1
amount,1
qandil,1
pedestal,1
highest,1
salvatore,1
mailing,1
confirmed,1
six,1
served,1
dates,1
lifestyles,1
effective,1
bag,1
explore,1
kelly,1
obscure,1
appreciated,1
glassworking,1
acted,1
influence,1
poorly,1
ofsettlement,1
plant,1
kept,1
janssen,1
electrum,1
civilization,1
foot,1
pendant,1
whose,1
essential,1
orientale,1
without,1
cierro,1
purely,1
grid,1
how,1
edward,1
lichtheim,1
wearisome,1
unit,1
warp,1
eisenbrauns,1
pascal,1
longest,1
subsistence,1
completely,1
opportunity,1
winona,1
auguste,1
lweaving,1
sarah,1
se,1
certain,1
derived,1
direct,1
ballas,1
enabled,1
illustrations,1
reassess,1
summarized,1
dismiss,1
shell,1
lives,1
category,1
servants,1
marks,1
skeleton,1
sorts,1
familiar,1
specialization,1
intensive,1
workmen,1
organized,1
presumably,1
moderately,1
squares,1
invariably,1
restricted,1
instrument,1
aubrey,1
show,1
superior,1
powerful,1
follow,1
indications,1
undertaken,1
baths,1
puts,1
lu,1
helped,1
preference,1
molds,1
ofancient,1
yielding,1
standards,1
closely,1
dumps,1
location,1
arrival,1
allow,1
plumb,1
transient,1
rule,1
basin,1
cylinder,1
lived,1
wrongly,1
amulet,1
deal,1
international,1
chosen,1
rth,1
luxury,1
mcdowell,1
syrian,1
initial,1
equivalents,1
respects,1
term,1
midway,1
ramesside,1
fourth,1
slat,1
equally,1
pielou,1
omitting,1
prone,1
metalworking,1
burial,1
tgyptiens,1
population,1
suffered,1
cairo,1
absolute,1
explain,1
stonework,1
bow,1
public,1
facsimiles,1
thebes,1
sparse,1
scribe,1
undermined,1
failure,1
pigs,1
chopping,1
trough,1
directly,1
having,1
stoneworking,1
trial,1
glazeworking,1
distinguish,1
future,1
revealed,1
literature,1
bolster,1
tool,1
los,1
heart,1
r,1
related,1
department,1
mitteilungen,1
description,1
criticized,1
parameters,1
loss,1
describe,1
place,1
kiva,1
medierranean,1
demonstrates,1
people,1
figures,1
long,1
simulates,1
colossal,1
statistics,1
evacuees,1
sculptural,1
mathematical,1
personal,1
papyri,1
halfway,1
reflect,1
il,1
own,1
clearance,1
approach,1
thread,1
subtle,1
statistically,1
solution,1
seastern,1
brush,1
painting,1
caused,1
reliable,1
order,1
quite,1
iberia,1
bank,1
characteristics,1
rr,1
highly,1
trincheras,1
temporary,1
research,1
blunt,1
musee,1
boundaries,1
differing,1
tended,1
always,1
pillaged,1
visible,1
dependent,1
slim,1
filling,1
describes,1
correspondence,1
appropriate,1
posing,1
lansing,1
labelled,1
grateful,1
provided,1
preliminary,1
am,1
valuable,1
gordon,1
reigns,1
survived,1
chronological,1
institut,1
will,1
f,1
sail,1
quarry,1
likely,1
ceremonial,1
summarize,1
letters,1
atypical,1
identified,1
economic,1
synthesis,1
overall,1
surprisingly,1
subject,1
brief,1
forward,1
nearly,1
interdependence,1
etc,1
adze,1
paint,1
religious,1
tends,1
selection,1
wicker,1
bread,1
southeast,1
omits,1
once,1
criticism,1
housing,1
oasis,1
towards,1
older,1
acknowledgments,1
ring,1
god,1
chronology,1
clarified,1
included,1
homogeneous,1
light,1
ouvriers,1
culture,1
wallis,1
rectangular,1
experimental,1
ed,1
encampments,1
si,1
already,1
insights,1
bracelet,1
aylward,1
noted,1
considers,1
aggregated,1
latrine,1
temporarily,1
challenge,1
decoration,1
links,1
mark,1
rows,1
crm,1
backed,1
generously,1
spear,1
smith,1
equating,1
husbandry,1
incorporates,1
artists,1
idea,1
valid,1
fundamental,1
underestimated,1
recurrent,1
totals,1
appeared,1
depict,1
clerks,1
disturbed,1
mural,1
glazework,1
plaited,1
fallen,1
onc,1
end,1
state,1
variation,1
resolved,1
golden,1
mold,1
arguably,1
hinges,1
oc,1
rosette,1
fragments,1
simple,1
ruler,1
v,1
everyday,1
remarkable,1
clusters,1
manner,1
ensured,1
inside,1
strategies,1
huntergatherer,1
necessary,1
recording,1
metropolitan,1
eds,1
routledge,1
distance,1
style,1
encountered,1
mill,1
ecology,1
degree,1
argues,1
grouping,1
aggregation,1
predictive,1
investigated,1
examples,1
treated,1
made,1
comprise,1
explanation,1
limitations,1
thirl,1
including,1
scatter,1
sixth,1
increase,1
omitted,1
complexities,1
head,1
top,1
earring,1
waste,1
largely,1
congress,1
net,1
questions,1
deutschen,1
lifestyle,1
cairoi,1
ln,1
raising,1
previous,1
office,1
advantages,1
kilometer,1
distortion,1
clear,1
margaret,1
individualized,1
abstracts,1
directed,1
adding,1
discussed,1
publication,1
urbanism,1
amounts,1
dominique,1
workers,1
feasible,1
characterized,1
revised,1
strange,1
housed,1
distinction,1
obtained,1
proximity,1
probable,1
gardening,1
latter,1
jac,1
labels,1
k,1
mining,1
chapel,1
craft,1
assessing,1
overcome,1
ann,1
acquire,1
ideir,1
structure,1
trades,1
analyze,1
slightly,1
differ,1
painter,1
dividing,1
grain,1
aswan,1
we,1
destruction,1
leatherworking,1
stick,1
sole,1
division,1
anatomy,1
rope,1
consists,1
imply,1
undoubted,1
perspectives,1
wig,1
tentative,1
bureau,1
she,1
lot,1
fairly,1
continued,1
george,1
bureaucrats,1
usually,1
foreign,1
arrow,1
drystone,1
panehsy,1
quarrying,1
lines,1
who,1
excluding,1
barchart,1
qualify,1
translation,1
team,1
fleshing,1
proposition,1
relevant,1
inadequate,1
pens,1
deals,1
why,1
successor,1
construction,1
composed,1
appointments,1
snorth,1
face,1
kilometres,1
interpretive,1
susan,1
investigate,1
rigorous,1
regularly,1
blackman,1
considered,1
door,1
quantitative,1
sections,1
proof,1
graphs,1
stratigraphic,1
series,1
textile,1
version,1
throw,1
respective,1
maghara,1
hypothesized,1
known,1
discrepancy,1
recognizable,1
temple,1
text,1
alternative,1
extracity,1
der,1
spacer,1
natural,1
readily,1
anthropology,1
correspond,1
worth,1
seem,1
believe,1
capital,1
ivory,1
did,1
incorporating,1
unknown,1
straightforward,1
argue,1
vase,1
iii,1
fritting,1
basket,1
linked,1
wealthier,1
obviously,1
scriptorium,1
goods,1
cultivation,1
build,1
placing,1
closest,1
anomalous,1
enlarged,1
merely,1
lacovara,1
phd,1
beginning,1
unlikely,1
explanations,1
sinai,1
kom,1
carefully,1
cyril,1
spatial,1
meticulous,1
cause,1
character,1
nearby,1
noticeable,1
zir,1
map,1
lengths,1
theory,1
angela,1
nautical,1
appropriated,1
saddle,1
thames,1
bureaucratic,1
generally,1
minimal,1
ideal,1
museo,1
scribal,1
discrepancies,1
spaces,1
mina,1
paintings,1
bath,1
broad,1
disparate,1
through,1
introduced,1
sea,1
despite,1
rod,1
kitchens,1
cumbered,1
easy,1
giving,1
everywhere,1
conventional,1
substance,1
commodities,1
obtain,1
lump,1
underwater,1
stevenson,1
allows,1
analogy,1
proceeds,1
plying,1
shown,1
considering,1
lists,1
tether,1
cambridge,1
observed,1
nile,1
scribes,1
unexpectedly,1
pamela,1
offer,1
approximately,1
instead,1
include,1
frieze,1
dense,1
consumption,1
specialists,1
rillito,1
glass,1
variously,1
piece,1
photograph,1
defined,1
attempted,1
off,1
hieratic,1
ovens,1
haphazard,1
measured,1
increased,1
stray,1
deductions,1
ruth,1
evelyn,1
specific,1
supported,1
removed,1
assumed,1
conscientiously,1
poque,1
c,1
sectors,1
agrees,1
partial,1
texts,1
maximum,1
element,1
entire,1
surveys,1
duration,1
famous,1
laborers,1
pn,1
built,1
roles,1
major,1
row,1
tube,1
