WORDCOUNTS,WEIGHT
the,761
of,504
and,337
in,326
no,268
a,131
cremations,114
at,107
classic,106
data,102
were,96
none,91
to,90
that,86
was,81
as,74
cremation,73
with,72
is,70
mimbres,69
from,67
pit,54
been,52
room,51
new,47
period,45
pottery,45
on,45
for,43
plain,43
leblanc,43
have,43
area,43
by,41
are,41
pithouse,39
burial,39
during,38
other,37
phase,37
cosgrove,37
it,36
red,36
site,36
but,36
mortuary,36
galaz,35
late,35
vessels,35
there,34
mountain,31
nan,31
only,30
sites,29
these,29
three,29
burials,28
more,28
mexico,28
not,28
vessel,28
all,27
university,27
this,27
than,26
or,26
ranch,26
one,25
total,25
projectile,25
an,25
most,25
black,25
cover,25
crem,24
had,24
comm,24
inhumations,24
anyon,23
two,23
pers,23
nd,22
treatment,22
be,22
container,21
points,21
field,21
areas,21
fragments,21
has,21
probably,20
corrugated,20
swarts,20
remains,20
special,19
fill,19
ac,19
may,18
yes,18
texas,18
deposits,18
burned,18
known,18
mattocks,17
gila,17
found,17
ruin,17
much,17
occurred,16
killed,16
house,16
bowl,16
excavation,16
several,16
also,16
arizona,16
large,15
interred,15
some,15
least,15
museum,15
cliff,15
occurrence,15
table,15
playas,15
point,14
midden,14
cremated,14
well,14
bone,14
small,14
crematory,14
john,14
laboratory,14
number,14
both,14
between,14
primary,13
mary,13
location,13
part,13
same,13
time,13
circle,13
cm,13
although,13
little,13
i,12
body,12
beads,12
excavated,12
archaeology,12
few,12
seed,12
community,12
rock,12
many,12
individuals,12
la,12
anthropology,12
village,11
into,11
possible,11
relatively,11
american,11
m,11
jewelry,11
about,11
fire,11
perhaps,11
dating,11
so,11
sec,11
considered,11
report,11
bryan,10
being,10
secondary,10
differences,10
very,10
journal,10
represented,10
form,10
plaza,10
polychrome,10
its,10
research,10
social,10
which,10
archaeological,10
deposit,10
ravesloot,10
reported,10
c,10
offerings,9
file,9
el,9
bones,9
extramural,9
southwestern,9
gilman,9
items,9
four,9
charcoal,9
near,9
rm,9
shafer,9
frequency,9
arrow,9
covers,9
press,9
ca,9
e,8
ndb,8
within,8
right,8
such,8
sample,8
apparently,8
cameron,8
their,8
interment,8
surface,8
rooms,8
having,8
used,8
ormand,8
powe,8
practices,8
nearly,8
scaffold,8
watson,8
death,8
containers,8
material,8
structure,8
nda,8
archaeomagnetic,7
if,7
stone,7
j,7
available,7
east,7
human,7
central,7
thus,7
g,7
santa,7
treasure,7
single,7
proportion,7
b,7
certain,7
parts,7
creek,7
river,7
painted,7
t,7
notes,7
portion,7
nesbitt,7
wind,7
culture,7
gray,7
where,7
paso,7
skeletal,7
conditions,7
relative,7
bulletin,7
jar,7
analysis,7
steven,7
hohokam,7
associations,7
information,7
approximately,7
evidence,7
taylor,7
manuscript,6
they,6
group,6
either,6
mills,6
state,6
mogollon,6
those,6
heron,6
fragment,6
excavations,6
type,6
old,6
even,6
pueblo,6
could,6
placed,6
because,6
received,6
charred,6
structures,6
quite,6
periods,6
south,6
various,6
harris,6
percentage,6
lee,6
fact,6
discussed,6
pieces,6
changes,6
often,6
anthropological,6
any,6
following,6
simply,6
sherds,6
each,6
far,6
through,6
represent,5
college,5
perrault,5
western,5
sources,5
roomblocks,5
papers,5
burning,5
clint,5
differential,5
since,5
casas,5
would,5
town,5
upper,5
suggested,5
prehistoric,5
pelvic,5
method,5
status,5
identified,5
still,5
reference,5
majority,5
head,5
dance,5
sides,5
samples,5
clear,5
northern,5
walsh,5
figure,5
hill,5
inside,5
types,5
talbert,5
school,5
study,5
while,5
early,5
when,5
dee,5
bussey,5
variability,5
calcined,5
grant,5
include,5
removed,5
consisted,5
valley,5
among,5
major,5
occur,5
indicated,4
considerably,4
kinds,4
ma,4
tonto,4
h,4
studies,4
materials,4
different,4
first,4
creel,4
long,4
zel,4
p,4
case,4
marked,4
coas,4
quantity,4
bowls,4
throughout,4
tularosa,4
transitional,4
terrace,4
phases,4
adequate,4
upright,4
l,4
sw,4
similar,4
se,4
mrs,4
w,4
dug,4
incomplete,4
occupation,4
haury,4
overlying,4
significantly,4
comment,4
society,4
entryway,4
etc,4
harry,4
communities,4
emil,4
ancient,4
noted,4
succeeding,4
covered,4
project,4
wood,4
ethnology,4
increase,4
rare,4
like,4
especially,4
intrasite,4
obsidian,4
versus,4
usually,4
dimensions,4
rim,4
unusual,4
completeness,4
contained,4
mcdonald,4
laverne,4
over,4
sampling,4
did,4
las,4
pri,4
notable,4
them,4
terms,4
less,4
incised,4
suggests,4
preserved,4
pits,4
prepared,4
numerous,4
d,4
specific,4
north,4
difficult,3
currently,3
frequent,3
common,3
per,3
crematorium,3
hinkes,3
lower,3
burrow,3
exclusive,3
animas,3
originally,3
seems,3
assess,3
broken,3
suggesting,3
together,3
great,3
harvard,3
last,3
date,3
investigations,3
posts,3
alfred,3
edges,3
king,3
determined,3
west,3
bottom,3
along,3
beneath,3
behavior,3
facts,3
roger,3
contemporaneous,3
unpublished,3
mixed,3
extensively,3
chihuahua,3
nelson,3
six,3
left,3
deceased,3
tentatively,3
adult,3
higher,3
rather,3
intramural,3
front,3
support,3
clearly,3
age,3
additional,3
archeological,3
peabody,3
patrick,3
infrequent,3
possibility,3
cultural,3
block,3
cannot,3
montoya,3
explain,3
artifacts,3
people,3
perishable,3
et,3
documented,3
showing,3
preparation,3
settlement,3
smudged,3
habitation,3
always,3
generally,3
inverted,3
provided,3
knowledge,3
he,3
san,3
likely,3
indented,3
comparative,3
limited,3
intensively,3
southeast,3
under,3
neither,3
home,3
complete,3
al,3
already,3
regional,3
disposition,3
communal,3
plan,3
disturbed,3
variation,3
interim,3
do,3
darrell,3
accompanying,3
saigemcfarland,3
sequence,3
open,3
significance,3
sherd,3
mcfarland,3
individual,3
features,3
collected,3
can,3
southwest,3
we,3
inhumation,3
rodent,3
publishing,3
bureau,3
five,3
marana,3
pithouses,3
instances,3
associated,3
series,3
herrington,3
coals,3
set,3
lekson,3
cemetery,3
paper,3
unknown,3
half,3
presence,3
post,3
upton,3
believed,3
animal,3
proceedings,3
burns,3
whether,3
webster,3
mano,3
woodward,3
size,3
conference,3
researchers,3
given,3
bradfield,3
until,3
difference,3
smaller,3
substantial,3
evidently,3
does,2
mostly,2
later,2
groups,2
resulted,2
thrown,2
diane,2
caches,2
differentiating,2
remnants,2
bias,2
organic,2
laid,2
blade,2
salvage,2
round,2
consistent,2
archaeologists,2
meters,2
disturbance,2
calcareous,2
fragmentary,2
tradition,2
olla,2
reveal,2
skull,2
univ,2
side,2
effigy,2
prove,2
apart,2
uncertain,2
collection,2
exposed,2
includes,2
quality,2
against,2
tables,2
sediment,2
interest,2
intact,2
center,2
southern,2
tucson,2
nested,2
cases,2
distinct,2
young,2
unkilled,2
twice,2
memoir,2
stanley,2
interesting,2
his,2
how,2
earlier,2
population,2
shell,2
making,2
tissue,2
biased,2
cause,2
skeleton,2
possibly,2
presumably,2
section,2
just,2
n,2
numbers,2
commonly,2
recovered,2
textile,2
important,2
providing,2
dc,2
osteological,2
medallion,2
chipped,2
typical,2
effort,2
seven,2
out,2
hough,2
francisco,2
percentages,2
buried,2
appears,2
hidalgo,2
brooks,2
basis,2
literature,2
work,2
fragmented,2
apparent,2
records,2
kuykendall,2
away,2
floors,2
systematic,2
attributed,2
below,2
facility,2
posthole,2
yielded,2
maxwell,2
results,2
film,2
synthesis,2
located,2
above,2
collapsed,2
antiquarian,2
sex,2
orange,2
specimens,2
rectangular,2
floor,2
largest,2
department,2
reports,2
unusually,2
paul,2
others,2
ofarizona,2
amerind,2
reporting,2
smith,2
missing,2
ceramic,2
consideration,2
predominant,2
grave,2
end,2
diameter,2
considerable,2
patterns,2
outside,2
sprague,2
present,2
continuing,2
michael,2
deep,2
punctate,2
binford,2
reflected,2
encountered,2
identifiable,2
thoroughly,2
violent,2
another,2
baskets,2
persona,2
discussion,2
made,2
discovery,2
region,2
previously,2
use,2
cranial,2
station,2
satisfactorily,2
office,2
platform,2
low,2
femur,2
general,2
gauthier,2
high,2
roomblock,2
after,2
southcentral,2
subfloor,2
agriculturalists,2
confidently,2
destruction,2
brown,2
grandes,2
palette,2
suggest,2
somewhat,2
proportionally,2
anatomical,2
fewer,2
male,2
primarily,2
who,2
detailed,2
began,2
inhumationst,2
fenner,2
dead,2
then,2
mentioned,2
pueblos,2
extensive,2
jenks,2
occurrences,2
fillet,2
best,2
regard,2
domestic,2
eventually,2
foundation,2
assessment,2
berrenda,2
her,2
anna,2
art,2
middle,2
presented,2
crematoria,2
recognition,2
despite,2
role,2
pitcher,2
varied,2
our,2
locations,2
years,2
contract,2
instead,2
quartz,2
summary,2
ndc,2
johnson,2
patricia,2
maximum,2
interaction,2
pat,2
corn,2
gladwin,2
built,2
customs,2
carved,1
contacts,1
now,1
warping,1
madeleine,1
done,1
oriented,1
edge,1
sterile,1
designated,1
separated,1
deserve,1
cliffhighway,1
rory,1
aboveground,1
wedging,1
introduction,1
utility,1
notably,1
pushed,1
reflection,1
conducted,1
pendants,1
partially,1
neckyes,1
untyped,1
intensivelyburned,1
marianne,1
identify,1
tend,1
caddo,1
pines,1
referring,1
ways,1
completely,1
modern,1
prolect,1
hip,1
considerations,1
position,1
geometric,1
character,1
necessarily,1
punctated,1
history,1
presents,1
individually,1
observing,1
beckett,1
before,1
ofac,1
exceptions,1
rosemary,1
monograph,1
contexts,1
arms,1
peaked,1
combustion,1
painful,1
came,1
copy,1
estimated,1
decidedly,1
every,1
baked,1
preceding,1
cobs,1
cosgroves,1
flareno,1
might,1
season,1
attempt,1
ears,1
treece,1
worked,1
chalcedony,1
hammack,1
nature,1
containing,1
dramatically,1
comparatively,1
diferentiation,1
height,1
excavating,1
leading,1
accompanied,1
flotation,1
beloit,1
farmers,1
bead,1
accumulated,1
analyses,1
marek,1
harriet,1
thanks,1
onto,1
composition,1
tx,1
pavement,1
carnegie,1
survey,1
ezell,1
styles,1
subsequent,1
feature,1
punched,1
nearlyrepresentative,1
nm,1
loose,1
principal,1
decreased,1
kindling,1
creekt,1
designs,1
similarities,1
sq,1
system,1
donated,1
issue,1
crystal,1
eastern,1
spoil,1
bird,1
draw,1
rests,1
cottonwood,1
vesselno,1
sash,1
placement,1
chest,1
georgetown,1
condition,1
plaque,1
julian,1
obvious,1
fractures,1
fine,1
owoodward,1
stratigraphy,1
discovered,1
variations,1
innominate,1
reflecting,1
indicating,1
otal,1
undoubtedly,1
ritual,1
unrecorded,1
stirring,1
hudson,1
exist,1
andrew,1
willow,1
review,1
ronald,1
abdominal,1
explained,1
dying,1
dynamics,1
mm,1
due,1
silty,1
author,1
bodily,1
storehouse,1
decided,1
shaft,1
walter,1
jr,1
materially,1
kind,1
sf,1
duff,1
turn,1
ofarts,1
pelvis,1
concentrations,1
kwillylekia,1
clay,1
nor,1
underlying,1
perspective,1
averaging,1
scorched,1
backfilled,1
columbia,1
served,1
compared,1
arranged,1
publications,1
masterkey,1
preserving,1
spite,1
details,1
traditions,1
correctness,1
transactions,1
poorly,1
incidental,1
cobbles,1
glen,1
clavicles,1
failed,1
opposed,1
ruins,1
via,1
acculturation,1
recognized,1
york,1
whose,1
reflects,1
mines,1
exact,1
ba,1
across,1
tainers,1
remain,1
possession,1
unit,1
levels,1
centimeters,1
presentation,1
knew,1
dislodged,1
approaches,1
killing,1
northland,1
redrock,1
determining,1
easily,1
contributions,1
white,1
bostwick,1
practicing,1
scattered,1
factors,1
precious,1
az,1
vera,1
settled,1
ensure,1
marks,1
organization,1
retained,1
dated,1
specify,1
elsewhere,1
director,1
bruce,1
articulated,1
femoral,1
differs,1
frequently,1
reviewed,1
too,1
jars,1
beyond,1
lumps,1
girdle,1
subsamples,1
definite,1
bluegray,1
shifted,1
destructive,1
biasing,1
symbolized,1
cut,1
view,1
hot,1
artistic,1
whereas,1
descriptive,1
ranges,1
pimas,1
result,1
closely,1
distribution,1
based,1
discount,1
basin,1
plot,1
color,1
salado,1
discrete,1
puebloan,1
changed,1
sedentary,1
austin,1
assistance,1
mimbresarealcreel,1
fuel,1
base,1
acquiring,1
academic,1
equally,1
understood,1
though,1
focused,1
default,1
ceramics,1
persons,1
intensity,1
banded,1
contiguous,1
russell,1
pollen,1
ofamerican,1
outlined,1
wide,1
acknowledgments,1
sedentism,1
criteria,1
silver,1
shape,1
underlie,1
directly,1
distinguish,1
protected,1
scameron,1
accounting,1
pima,1
intense,1
rocks,1
palacio,1
locus,1
cord,1
r,1
example,1
reserve,1
proportions,1
naturalistic,1
vertebrae,1
tip,1
ten,1
loss,1
whole,1
sburial,1
continuation,1
discussions,1
place,1
kiva,1
constitute,1
figures,1
accumulation,1
actually,1
falling,1
thereafter,1
overhead,1
rodents,1
personal,1
reflect,1
archeologist,1
employed,1
craftsmen,1
residents,1
artifact,1
interpreted,1
conform,1
papago,1
good,1
change,1
redware,1
steward,1
normally,1
horsetail,1
dan,1
useful,1
wi,1
constituent,1
negligible,1
things,1
holes,1
trading,1
box,1
incinerated,1
contrast,1
hole,1
around,1
nanranch,1
characteristics,1
sufficient,1
mineral,1
tony,1
members,1
highly,1
components,1
peak,1
essentially,1
distinguished,1
tended,1
impossible,1
quarrelsome,1
patience,1
articulation,1
gloria,1
kwilleylekia,1
regardless,1
world,1
correspondence,1
roots,1
value,1
preliminary,1
interests,1
aggregate,1
dabney,1
corpse,1
lend,1
will,1
otis,1
f,1
critical,1
ormandqolee,1
related,1
ataustin,1
adhering,1
approximate,1
units,1
transverse,1
architecture,1
fireplace,1
gather,1
populations,1
flagstaff,1
overall,1
socalled,1
backfill,1
merits,1
object,1
inestimable,1
abby,1
longitudinal,1
varies,1
morjournal,1
consulted,1
tuary,1
frank,1
depicted,1
cliffphase,1
simultaneous,1
yet,1
interpretation,1
arrangements,1
opportunities,1
convex,1
thames,1
albert,1
soon,1
restricted,1
included,1
breakage,1
coverings,1
shifting,1
ethnographic,1
reevaluation,1
wisconsin,1
steve,1
inference,1
sam,1
rings,1
catalog,1
wasley,1
lewis,1
gulliford,1
fell,1
undetermined,1
toward,1
responsibilities,1
put,1
flat,1
addition,1
adobe,1
traceable,1
paiute,1
limit,1
coincidence,1
wesley,1
striking,1
minnesota,1
muchas,1
choice,1
legs,1
preferring,1
fallen,1
substantially,1
doubt,1
anthropologist,1
hand,1
monographs,1
creeko,1
ground,1
increases,1
gomolak,1
intersite,1
establish,1
acoma,1
flesh,1
see,1
stirred,1
necessary,1
eds,1
style,1
proportionately,1
talley,1
flarepers,1
mccluney,1
dietz,1
valleys,1
mcguire,1
demonstrated,1
stabilize,1
recognizing,1
analyzed,1
understanding,1
meaningful,1
kathleen,1
vast,1
examples,1
background,1
treated,1
comprise,1
randall,1
discrimination,1
including,1
top,1
ethnography,1
significant,1
complement,1
francis,1
robinson,1
factor,1
wt,1
submitted,1
painters,1
variables,1
previous,1
california,1
described,1
historic,1
reality,1
comprehensive,1
publication,1
nora,1
definitely,1
ofburial,1
peter,1
symposium,1
david,1
ranchj,1
summer,1
skulls,1
obtained,1
serrated,1
filled,1
practiced,1
awatson,1
probable,1
improved,1
preservation,1
adequately,1
latter,1
leg,1
depository,1
ture,1
enough,1
k,1
ribs,1
become,1
uptonv,1
assessing,1
locationt,1
shallow,1
james,1
slightly,1
equivalent,1
morris,1
streams,1
impressed,1
institution,1
amateur,1
evaluated,1
professional,1
attention,1
immigration,1
rarity,1
heap,1
space,1
carried,1
disert,1
jorden,1
relationship,1
oflee,1
shattered,1
note,1
processed,1
independent,1
provide,1
science,1
bulk,1
editha,1
ideology,1
maps,1
program,1
vertical,1
reminders,1
deaths,1
logan,1
fleshy,1
un,1
collections,1
owens,1
circumstance,1
kira,1
covering,1
antiquity,1
life,1
fe,1
chamber,1
antiquities,1
perraulto,1
aboriginal,1
ramirez,1
eugene,1
gathered,1
tooled,1
thick,1
addressed,1
detail,1
stephen,1
bench,1
ignited,1
abandonment,1
variable,1
rarely,1
practice,1
generosity,1
ethnological,1
accordance,1
tempting,1
preclude,1
consider,1
minneapolis,1
anarchaeological,1
extending,1
economically,1
recognizable,1
temporal,1
roderick,1
charles,1
carbondale,1
here,1
alternative,1
gran,1
clement,1
colorado,1
shamans,1
erected,1
know,1
berkeley,1
dimension,1
mutually,1
stem,1
masonry,1
pendleton,1
readily,1
worth,1
historians,1
seem,1
believe,1
appendix,1
wall,1
particularly,1
hispanic,1
obviously,1
goods,1
researches,1
utilized,1
proposed,1
better,1
evident,1
phd,1
beginning,1
pswarts,1
william,1
suffering,1
explanations,1
what,1
investigation,1
offield,1
ubsurface,1
offering,1
supports,1
varying,1
agricultural,1
map,1
alice,1
tightly,1
problem,1
adaptation,1
extent,1
consisting,1
correlates,1
institute,1
annual,1
phenomena,1
emphasis,1
ritually,1
occasionally,1
trees,1
entire,1
entrance,1
vertebral,1
marrs,1
complexes,1
city,1
chip,1
ashes,1
became,1
archaeologylvol,1
ofremains,1
adapted,1
investigated,1
screen,1
clanton,1
colonial,1
indians,1
using,1
accorded,1
contrasts,1
alsh,1
come,1
burnet,1
undecorated,1
soft,1
models,1
sediments,1
similarity,1
illinois,1
national,1
parallels,1
contributed,1
should,1
salt,1
define,1
range,1
cobble,1
need,1
underhill,1
disintegrated,1
ciudad,1
attributes,1
variously,1
defined,1
madison,1
association,1
increased,1
desert,1
ruth,1
supported,1
vary,1
reached,1
contrasting,1
partial,1
dark,1
severely,1
abandoned,1
immediately,1
boldface,1
recent,1
virtue,1
southeastern,1
doing,1
close,1
discern,1
