WORDCOUNTS,WEIGHT
the,304
of,264
and,116
in,106
to,100
a,93
is,89
evolutionary,76
that,67
be,42
as,40
for,40
this,31
cultural,30
evolution,29
it,27
these,22
or,21
are,21
perspective,21
selection,19
within,19
an,19
archaeology,19
by,17
on,17
if,16
not,16
from,16
at,15
university,15
natural,15
new,15
more,15
with,14
darwinian,14
can,14
we,14
transformational,13
particular,13
development,13
have,13
general,13
one,12
role,12
approach,12
framework,12
such,12
culture,11
variation,11
theory,11
change,11
most,10
current,10
concept,10
was,9
work,9
archaeological,9
should,9
studies,8
any,8
my,8
i,8
there,8
those,8
press,8
which,8
no,7
his,7
thought,7
arguments,7
must,7
all,7
adaptation,7
what,7
functional,7
has,7
number,7
structure,7
jones,7
may,6
will,6
explanations,6
been,6
evaluation,6
model,6
seen,6
their,6
american,6
why,6
white,6
into,6
being,6
archaeologists,6
useful,6
book,6
intellectual,6
books,6
but,6
well,6
through,6
despite,6
theoretical,6
fishing,6
little,6
than,6
he,5
common,5
how,5
they,5
approaches,5
biology,5
considered,5
index,5
history,5
unilineal,5
anthropology,5
out,5
variational,5
robert,5
population,5
form,5
see,5
scale,5
isbn,5
while,5
discussion,5
own,5
largely,5
issues,5
argument,5
so,5
product,5
c,5
leadership,5
states,4
meaning,4
service,4
schemes,4
who,4
utility,4
construction,4
analysis,4
units,4
exists,4
consider,4
widmer,4
assume,4
social,4
gumerman,4
organization,4
regarding,4
important,4
suggested,4
each,4
different,4
societies,4
our,4
relate,4
contemporary,4
past,4
works,4
chiefdom,4
academic,4
leonard,4
system,4
applied,4
primarily,4
america,4
because,4
another,4
some,4
incorporated,4
level,4
human,4
lewontin,4
individuals,4
were,4
question,4
would,4
need,4
volume,4
provides,4
specific,4
evolutionism,4
much,4
major,4
haas,3
does,3
situation,3
perspectives,3
difficult,3
act,3
across,3
program,3
basic,3
sahlins,3
goes,3
r,3
similar,3
needed,3
respect,3
perceived,3
proposed,3
without,3
fact,3
only,3
beyond,3
seminole,3
constructed,3
darwin,3
here,3
toward,3
address,3
dunnell,3
towards,3
many,3
had,3
paper,3
lack,3
d,3
fundamental,3
could,3
elman,3
clearly,3
grows,3
metaphysics,3
merely,3
state,3
reviews,3
terms,3
michael,3
seasonal,3
problem,3
teleological,3
cloth,3
data,3
categories,3
researchers,3
explanation,3
upon,3
anadromous,3
classifications,3
its,3
holland,3
broad,3
diversity,3
variables,3
et,3
cambridge,3
critique,3
clear,3
since,3
descriptions,3
authors,3
interest,3
suggest,3
stages,3
extremely,3
classification,3
influence,3
offered,3
few,3
amount,3
systems,3
research,3
equally,3
even,3
journal,3
focus,3
north,3
widely,3
increasing,2
alabama,2
given,2
encourages,2
opposed,2
challenge,2
done,2
me,2
owes,2
implications,2
identification,2
continued,2
george,2
statements,2
scientific,2
l,2
groups,2
evaluate,2
indeed,2
providing,2
site,2
unit,2
validity,2
others,2
undertakings,2
environmental,2
explicit,2
inclusive,2
levels,2
coastal,2
notion,2
therefore,2
make,2
contribution,2
b,2
adjustments,2
recently,2
contributions,2
dialogue,2
study,2
biological,2
about,2
adaptationist,2
factors,2
addressing,2
robkin,2
interpretation,2
means,2
making,2
read,2
serve,2
monolithic,2
continuity,2
under,2
restricted,2
acceptance,2
paleontological,2
weisman,2
suggestions,2
necessary,2
then,2
thinking,2
specification,2
following,2
efforts,2
comes,2
ed,2
al,2
changing,2
reviewed,2
blakely,2
w,2
bradley,2
needs,2
simply,2
nonagricultural,2
additional,2
subsistence,2
hence,2
long,2
lewis,2
calusa,2
also,2
organizational,2
willing,2
questions,2
set,2
opinion,2
greater,2
j,2
analytical,2
words,2
georgia,2
best,2
interested,2
consideration,2
materialism,2
believe,2
tradition,2
did,2
leslie,2
ann,2
together,2
found,2
associated,2
debt,2
deemed,2
just,2
reasons,2
biologists,2
other,2
forms,2
conclusions,2
concepts,2
discipline,2
reading,2
where,2
whether,2
coast,2
series,2
record,2
evolutionists,2
find,2
anthropologists,2
onondaga,2
king,2
studying,2
addresses,2
prior,2
marked,2
understanding,2
shared,2
richard,2
true,2
knowledge,2
over,2
manifestations,2
related,2
description,2
profitable,2
use,2
constitute,2
sequence,2
writing,2
varied,2
search,2
review,2
southwestern,2
described,2
survival,2
writers,2
feldman,2
domain,2
good,2
tylor,2
solution,2
least,2
instead,2
although,2
adaptive,2
integrated,2
like,2
hard,2
field,2
type,2
antiquity,2
hempel,2
kind,2
creamer,2
quite,2
typology,2
nor,2
latter,2
direction,2
rigorous,2
characteristics,2
potential,2
construct,2
between,2
response,2
analogous,2
become,2
operate,2
continuous,2
truly,2
method,2
application,2
constructs,2
using,2
among,2
florida,2
developmental,2
asked,2
activities,2
society,2
crossroads,1
reinforces,1
solar,1
ranging,1
chronological,1
manner,1
f,1
go,1
vociferously,1
now,1
tests,1
interesting,1
san,1
currently,1
mostly,1
islamic,1
imply,1
transform,1
eclectic,1
deviations,1
iroquois,1
beneath,1
inhabitants,1
influential,1
absence,1
contact,1
biologist,1
taken,1
always,1
provide,1
science,1
concerned,1
lesser,1
partition,1
m,1
economic,1
wanting,1
strategy,1
logically,1
main,1
generations,1
synthesis,1
examine,1
americanist,1
ready,1
hill,1
represent,1
play,1
reinterpreted,1
extreme,1
per,1
brief,1
forward,1
fascinating,1
happen,1
process,1
brings,1
e,1
mean,1
wholehearted,1
prove,1
represented,1
view,1
inescapability,1
detailed,1
still,1
accurate,1
vs,1
introduction,1
completely,1
llewellyn,1
accommodating,1
problemsolving,1
millennia,1
interactions,1
after,1
pig,1
systemic,1
comments,1
importance,1
reservations,1
group,1
movement,1
center,1
derived,1
direct,1
complex,1
hold,1
volumes,1
changes,1
star,1
often,1
southeast,1
elaborated,1
confronting,1
fall,1
panglossian,1
productive,1
contributing,1
likely,1
plog,1
pacific,1
permanent,1
yet,1
precludes,1
unfortunately,1
strictly,1
when,1
outlining,1
perturbations,1
itself,1
unanswered,1
category,1
easily,1
specified,1
pp,1
escaped,1
eugene,1
builds,1
modern,1
favor,1
dean,1
morgan,1
prehistory,1
borrowed,1
possibly,1
nativistic,1
specifics,1
ne,1
stephen,1
seem,1
position,1
supply,1
improvement,1
character,1
management,1
environment,1
historythe,1
curious,1
evolved,1
production,1
malden,1
fish,1
specify,1
supplied,1
randolf,1
typifies,1
accomplishments,1
same,1
breach,1
ahead,1
mississippian,1
antecedent,1
dialectical,1
bruce,1
articulated,1
nonetheless,1
gratifying,1
characterizations,1
argued,1
societal,1
finest,1
randall,1
agricultural,1
department,1
warranted,1
ever,1
eration,1
confounding,1
origins,1
frameworks,1
addressed,1
look,1
statement,1
else,1
either,1
concerning,1
hallmark,1
considers,1
harper,1
temporal,1
wayside,1
comprising,1
worst,1
constituting,1
rather,1
carl,1
precedence,1
critiques,1
remain,1
exemplifies,1
operation,1
inherent,1
alternative,1
established,1
explain,1
antithetical,1
affiliated,1
methodologically,1
evidence,1
quickly,1
might,1
stating,1
flow,1
cannot,1
approaching,1
thresholds,1
body,1
identified,1
perceive,1
ask,1
assessments,1
ofevolutionary,1
rindos,1
addition,1
readily,1
expressed,1
referable,1
transmission,1
definition,1
formidable,1
ontologically,1
acceptable,1
sociological,1
patrice,1
idea,1
phase,1
continue,1
paramount,1
assess,1
examination,1
materialist,1
clan,1
argue,1
naquitz,1
great,1
agree,1
simple,1
confederacy,1
assemblage,1
differences,1
inappropriate,1
regulation,1
richards,1
potentially,1
origin,1
behavioral,1
daily,1
deal,1
able,1
demands,1
incorporation,1
unconcerned,1
plagued,1
criticisms,1
procedure,1
essential,1
albeit,1
debated,1
arthur,1
doubt,1
historical,1
considerable,1
complete,1
subsequent,1
discussed,1
achieved,1
feature,1
base,1
cope,1
hamlets,1
assessment,1
persistence,1
nm,1
lead,1
function,1
feels,1
disputes,1
phd,1
do,1
beginning,1
raised,1
opjournal,1
undeniable,1
remarkable,1
primitive,1
fusion,1
scholarly,1
focused,1
unlikely,1
advances,1
select,1
economy,1
michigan,1
reduced,1
continuing,1
developing,1
proceedings,1
purposes,1
tremendous,1
existing,1
report,1
establish,1
papers,1
appears,1
relevant,1
offield,1
produced,1
commemorating,1
heavily,1
answer,1
ones,1
until,1
strategies,1
biases,1
issue,1
excellent,1
independently,1
publications,1
surrounded,1
otherwise,1
energy,1
takes,1
guila,1
required,1
core,1
procedures,1
mere,1
perhaps,1
binford,1
writes,1
microcosm,1
merits,1
conclude,1
jonathan,1
ofa,1
paleoclimatic,1
princeton,1
adapts,1
ability,1
squareground,1
sought,1
remarkably,1
lower,1
recommend,1
briefly,1
require,1
multidisciplinary,1
frequently,1
almost,1
influenced,1
local,1
imagine,1
account,1
oak,1
flannery,1
listed,1
red,1
differ,1
agreed,1
increases,1
becomes,1
emphasis,1
determined,1
technologies,1
variability,1
activity,1
literature,1
illustrate,1
ofanthropologicalarchaeology,1
coosa,1
undertaking,1
scope,1
establishing,1
adopting,1
both,1
solely,1
socioeconomic,1
easier,1
made,1
assemblages,1
vital,1
characteristic,1
abandoned,1
dissatisfaction,1
refining,1
interrelated,1
coping,1
brent,1
g,1
illustrated,1
fosters,1
disparate,1
smooth,1
point,1
disarray,1
advancement,1
crude,1
coordination,1
hereditary,1
springboard,1
processes,1
introduced,1
demarest,1
establishment,1
enormous,1
ultimate,1
increase,1
severance,1
genetic,1
distinctive,1
easy,1
looking,1
equivalent,1
meaningful,1
medium,1
identity,1
northwest,1
subject,1
criticized,1
transition,1
lies,1
empirical,1
entirely,1
significant,1
thomas,1
fit,1
paradigm,1
discussions,1
used,1
anthropological,1
problems,1
emphasize,1
substantially,1
descendent,1
behavior,1
fail,1
divided,1
trigger,1
interestingly,1
indians,1
allows,1
evidenced,1
harvard,1
exist,1
learned,1
goals,1
beads,1
central,1
divorced,1
thus,1
marcos,1
nothing,1
subsumed,1
royal,1
functionally,1
typological,1
justification,1
sees,1
elegant,1
corollary,1
house,1
employed,1
formation,1
populational,1
models,1
pattern,1
unable,1
entity,1
anasazi,1
reject,1
pursue,1
ethnicity,1
pointed,1
trends,1
due,1
genetically,1
camps,1
heuristic,1
conditions,1
realized,1
t,1
publication,1
certain,1
health,1
mode,1
logic,1
multiplicity,1
redistributional,1
course,1
beneficial,1
moment,1
typologies,1
legacy,1
david,1
sense,1
disagree,1
characterized,1
isolating,1
building,1
conducted,1
quantitative,1
peninsular,1
seminoles,1
random,1
unexpected,1
theoretically,1
stage,1
microfilms,1
depiction,1
played,1
thoughtful,1
integration,1
diener,1
next,1
configurations,1
teltser,1
earlier,1
progressive,1
attributing,1
wish,1
symposium,1
functionalism,1
consequence,1
settlement,1
individual,1
distinct,1
involved,1
theorists,1
kent,1
roughly,1
small,1
clustering,1
decide,1
respective,1
recognition,1
charles,1
drift,1
profound,1
reconsider,1
components,1
nicely,1
columbia,1
syracuse,1
arise,1
topic,1
primary,1
classificatory,1
observe,1
adapt,1
portions,1
scales,1
succeeded,1
single,1
misleading,1
inarchaeology,1
seattle,1
chiefdoms,1
hindrance,1
debate,1
james,1
v,1
early,1
annual,1
london,1
comfortably,1
exclusively,1
spandrels,1
essays,1
purpose,1
present,1
southwest,1
adaptations,1
traditional,1
northern,1
selective,1
finely,1
details,1
based,1
gould,1
notes,1
traditions,1
relative,1
appropriate,1
indistinguishable,1
evaluated,1
founder,1
cause,1
meeting,1
enrich,1
time,1
built,1
classifying,1
roles,1
termed,1
rates,1
structurally,1
concluded,1
species,1
arizona,1
content,1
premier,1
let,1
mechanism,1
selected,1
