WORDCOUNTS,WEIGHT
the,137
of,84
and,61
to,33
in,32
a,24
is,19
at,16
with,15
by,11
this,11
that,10
are,9
was,8
which,8
archaeological,8
an,8
site,7
gorhambury,7
from,7
for,7
data,7
were,7
on,7
no,6
it,6
as,6
these,6
villa,6
report,6
plantation,6
results,6
remains,6
evidence,6
their,5
about,5
interpretation,5
following,5
two,5
chapter,5
work,5
excavations,5
period,5
between,5
complex,4
hunn,4
drax,4
volume,4
other,4
book,4
during,4
such,4
armstrong,4
so,4
carried,3
various,3
concerned,3
medieval,3
estate,3
economic,3
been,3
village,3
one,3
undertaken,3
or,3
excavation,3
presents,3
not,3
more,3
important,3
reporting,3
great,3
out,3
historical,3
artifactual,3
be,3
hall,3
because,3
iron,3
general,3
most,3
settlement,3
late,3
several,3
st,3
much,3
we,3
attention,3
may,2
will,2
consists,2
interesting,2
he,2
assigned,2
materials,2
aim,2
program,2
description,2
alternate,2
archaeology,2
nearly,2
primarily,2
detailed,2
large,2
american,2
analysis,2
centuries,2
studies,2
freedmen,2
interpretive,2
university,2
chronology,2
occupational,2
index,2
history,2
same,2
contexts,2
jamaica,2
extensive,2
recovered,2
first,2
also,2
appear,2
put,2
had,2
layout,2
roman,2
jamaican,2
neal,2
number,2
pattern,2
conclusions,2
catalogue,2
investigations,2
cultural,2
what,2
meticulous,2
less,2
making,2
particular,2
record,2
agricultural,2
perhaps,2
isbn,2
has,2
extent,2
method,2
while,2
primary,2
sites,2
some,2
afrojamaican,2
discussion,2
socioeconomic,2
made,2
variations,2
its,2
elizabeth,2
use,2
numerous,2
questions,2
employed,2
fieldwork,2
observed,2
three,2
directed,2
have,2
excavated,2
ny,2
high,2
order,2
earlier,2
area,2
study,2
houses,2
research,2
early,2
when,2
through,2
abandoned,2
focus,2
north,2
ca,2
widely,2
model,1
ranging,1
periods,1
given,1
forts,1
does,1
seasons,1
poor,1
excavate,1
related,1
second,1
recognized,1
arrangement,1
outbuildings,1
today,1
publishing,1
functioning,1
synthesizing,1
inhabitants,1
his,1
statements,1
if,1
populations,1
identified,1
groups,1
synthesis,1
concentrated,1
located,1
overall,1
comparative,1
verulamium,1
separated,1
corporation,1
accepting,1
levels,1
recognizes,1
merits,1
presentation,1
subsistence,1
who,1
excellent,1
active,1
above,1
opportunity,1
clothbound,1
force,1
utility,1
divergences,1
weaknesses,1
supplement,1
overlap,1
they,1
similar,1
originated,1
variant,1
volumes,1
life,1
cantonal,1
construction,1
designed,1
united,1
appraisals,1
frontier,1
schools,1
firmer,1
particularistic,1
specialist,1
types,1
reference,1
monuments,1
approaches,1
revisit,1
distinct,1
jonathan,1
represents,1
axonometric,1
gathered,1
undisturbed,1
differences,1
under,1
former,1
consider,1
ramp,1
western,1
statistical,1
sections,1
school,1
ancient,1
into,1
pose,1
share,1
included,1
any,1
light,1
associated,1
section,1
proposed,1
culture,1
shifting,1
series,1
nw,1
floor,1
inextricable,1
document,1
argued,1
but,1
reviewed,1
too,1
already,1
circumstances,1
age,1
founded,1
footing,1
complexes,1
identification,1
reports,1
being,1
origins,1
surface,1
gap,1
either,1
beyond,1
subsidized,1
picture,1
published,1
shed,1
bronze,1
followed,1
cost,1
long,1
reconstructions,1
rather,1
disagreement,1
production,1
here,1
subjected,1
heritage,1
set,1
accorded,1
bulk,1
stated,1
simplifying,1
hartgen,1
might,1
others,1
view,1
all,1
anthropology,1
j,1
transcriptions,1
nature,1
advance,1
longer,1
commission,1
offers,1
phase,1
fundamental,1
capital,1
albans,1
straightforward,1
examination,1
departments,1
found,1
faunal,1
geophysical,1
regard,1
foundation,1
deal,1
linked,1
new,1
immune,1
concludes,1
very,1
fills,1
doubt,1
take,1
probate,1
emerge,1
condensed,1
considerable,1
constantly,1
dates,1
works,1
midway,1
evaluate,1
loose,1
further,1
phd,1
practicable,1
ditch,1
learn,1
present,1
principal,1
somewhat,1
explanations,1
theodore,1
reviews,1
within,1
carefully,1
investigation,1
validity,1
soundings,1
similarities,1
population,1
produced,1
form,1
posts,1
system,1
molasses,1
truly,1
nowhere,1
case,1
forth,1
independently,1
can,1
material,1
house,1
pollen,1
angela,1
ofa,1
assemblage,1
complexity,1
expressions,1
draw,1
aspects,1
degree,1
clearly,1
another,1
there,1
account,1
original,1
almost,1
possible,1
classes,1
revealed,1
investment,1
artifacts,1
mansion,1
campaigns,1
middle,1
douglas,1
solid,1
strengths,1
both,1
researchers,1
assemblages,1
upon,1
carry,1
careful,1
slaves,1
reader,1
recognition,1
west,1
occurring,1
region,1
since,1
part,1
london,1
far,1
discusses,1
enhanced,1
preferable,1
owners,1
household,1
exhibit,1
prevalent,1
clustered,1
due,1
along,1
homeland,1
african,1
ac,1
lies,1
assumptions,1
combining,1
generalizing,1
obtain,1
divided,1
cane,1
diversity,1
world,1
shortcomings,1
aside,1
relevance,1
labor,1
closes,1
structures,1
ethnic,1
regarding,1
goal,1
thus,1
emancipation,1
chapters,1
engish,1
field,1
raising,1
review,1
reflect,1
ends,1
dating,1
slender,1
effectiveness,1
argues,1
development,1
shapiro,1
processual,1
urbana,1
illustrates,1
trends,1
objective,1
historic,1
illinois,1
historicalperiods,1
tables,1
approach,1
stress,1
accepts,1
assumes,1
washington,1
relatively,1
workers,1
enclosures,1
amerindian,1
establishments,1
david,1
although,1
immediately,1
sense,1
price,1
like,1
would,1
ecofactual,1
useful,1
specialists,1
willing,1
questionable,1
buildings,1
enlarges,1
century,1
trading,1
contrast,1
configurations,1
probable,1
tobacco,1
mediterranean,1
preservation,1
embodies,1
casting,1
elements,1
old,1
around,1
reluctance,1
underlying,1
summary,1
perspective,1
consisting,1
problems,1
accomplished,1
subjects,1
decline,1
interpretations,1
consisted,1
britain,1
drives,1
coast,1
publications,1
contrasting,1
improbable,1
descendants,1
substantial,1
probably,1
jordan,1
ownership,1
entire,1
documentary,1
little,1
farmstead,1
journal,1
pipe,1
gulf,1
ascribe,1
using,1
figures,1
details,1
need,1
occupied,1
than,1
relative,1
appropriate,1
evaluated,1
sugar,1
pottery,1
broader,1
recurring,1
cemetery,1
permit,1
inventories,1
activities,1
proportions,1
examines,1
poorly,1
houseyards,1
product,1
continuously,1
dietary,1
anglo,1
