WORDCOUNTS,WEIGHT
the,345
of,217
and,181
in,107
to,96
a,61
from,59
at,47
bab,46
temper,44
is,42
by,39
with,38
was,38
were,34
eb,34
as,32
limestone,31
bronze,29
this,29
that,28
early,28
age,27
for,26
numeira,25
are,24
basalt,23
during,22
an,20
tempering,20
used,19
or,18
grains,18
sites,18
sand,18
dead,17
vessels,17
be,17
analysis,16
ware,15
types,15
has,14
r,14
on,14
plain,13
nubian,13
sea,13
bowls,13
which,13
pottery,13
found,12
fragments,12
wadi,12
site,11
town,11
large,11
use,11
these,11
iii,11
cemetery,10
ceramic,10
cultural,10
within,10
crushed,10
size,10
have,10
settlement,10
various,9
been,9
johnston,9
university,9
four,9
ceramics,9
mm,9
field,9
paste,8
expedition,8
e,8
w,8
two,8
first,8
sources,8
more,8
type,8
patterns,8
categories,8
both,8
through,8
it,8
vessel,8
also,8
grain,8
platter,7
angular,7
examined,7
but,7
rast,7
wares,7
typical,7
thin,7
larger,7
range,7
three,7
period,7
quartz,7
between,7
research,7
will,6
led,6
figure,6
easily,6
sherds,6
sections,6
j,6
different,6
new,6
source,6
possibility,6
matrix,6
exclusively,6
bc,6
indiana,6
samples,6
petrographic,6
thomas,6
schaub,6
chronological,5
consists,5
not,5
note,5
sandstone,5
similar,5
se,5
their,5
one,5
rounded,5
all,5
cit,5
no,5
jars,5
walled,5
tomb,5
including,5
individual,5
edsp,5
there,5
occupation,5
technical,5
shape,5
iv,5
palestine,5
some,5
creamware,5
cobbles,5
phase,5
tempers,5
hmj,5
sherd,5
evidence,5
clay,5
chert,5
south,4
seasons,4
sample,4
located,4
ia,4
order,4
determine,4
burnished,4
b,4
selection,4
technology,4
had,4
included,4
associated,4
culture,4
pots,4
most,4
consistent,4
surface,4
juglets,4
cm,4
kerak,4
i,4
those,4
produced,4
cooking,4
material,4
while,4
jack,4
necked,4
region,4
tombs,4
journal,4
than,4
pennsylvania,4
only,4
such,4
since,4
numerous,4
agent,4
walter,4
preliminary,4
wadis,4
tested,4
excavation,4
forms,4
small,4
needs,4
further,4
compared,4
jordan,4
results,4
fort,3
m,3
materials,3
common,3
identified,3
pittsburgh,3
chambers,3
basic,3
represented,3
determined,3
professor,3
they,3
population,3
life,3
stone,3
measured,3
h,3
studies,3
ranges,3
into,3
largest,3
containing,3
being,3
based,3
physical,3
fan,3
basor,3
concentrated,3
season,3
over,3
variables,3
each,3
greater,3
nature,3
other,3
exploration,3
variable,3
beynon,3
wall,3
refined,3
p,3
report,3
time,3
outcrops,3
any,3
end,3
term,3
storage,3
morphological,3
may,3
limited,3
combinations,3
burial,3
weathered,3
grit,3
entirely,3
nj,3
fine,3
its,3
available,3
donahue,3
whole,3
permanent,3
examination,3
prepared,3
chosen,3
hypothesis,3
pattern,3
objective,3
boulders,3
archaeological,3
op,3
oriental,3
extensive,3
offer,3
conducted,3
so,3
manufacture,3
collected,3
attributes,3
area,3
classification,3
exchange,3
km,3
alluvial,3
can,3
when,3
probably,3
using,3
jerusalem,3
phases,2
f,2
second,2
york,2
his,2
usually,2
suggested,2
she,2
nearly,2
combined,2
hard,2
diane,2
palestinian,2
determining,2
determination,2
village,2
settlements,2
derived,2
complex,2
hammerstone,2
rims,2
southeast,2
construction,2
tend,2
designed,2
loc,2
schools,2
approaches,2
understand,2
microscope,2
better,2
east,2
under,2
blocky,2
us,2
periods,2
established,2
dated,2
light,2
gradually,2
series,2
he,2
department,2
simply,2
lower,2
regional,2
anthropology,2
aasor,2
kms,2
t,2
present,2
quantitatively,2
production,2
acquired,2
statistical,2
geoarchaeology,2
setting,2
implications,2
toward,2
again,2
concentration,2
o,2
methodology,2
towns,2
emerged,2
many,2
raw,2
paper,2
specialized,2
varies,2
s,2
location,2
areas,2
totals,2
seven,2
studied,2
densely,2
how,2
composition,2
very,2
variation,2
cities,2
haven,2
base,2
simple,2
moderately,2
urbanization,2
enough,2
qualitatively,2
outcrop,2
robert,2
investigations,2
somewhat,2
what,2
coarse,2
study,2
experimental,2
existence,2
correlated,2
distribution,2
wide,2
consisting,2
shifts,2
number,2
wayne,2
institute,2
well,2
produce,2
almost,2
hundreds,2
examples,2
made,2
assemblages,2
potters,2
possible,2
israel,2
transport,2
west,2
formal,2
correlation,2
skeletal,2
geology,2
intentionally,2
significant,2
rochester,2
mortar,2
sequence,2
jar,2
laboratory,2
full,2
tabular,2
single,2
shown,2
involves,2
described,2
trade,2
initial,2
authors,2
either,2
national,2
g,2
near,2
makes,2
recording,2
excavated,2
computer,2
times,2
include,2
land,2
dense,2
crushing,2
smaller,2
obtained,2
archaeology,2
hold,2
involved,2
several,2
characteristics,2
although,2
ha,2
macroscopic,2
confirmed,2
industry,2
fossiliferous,2
suitable,2
scooping,2
essentially,2
consisted,2
third,2
tended,2
fourth,2
ib,2
d,2
explore,2
up,2
burials,2
surveys,2
existed,2
occupied,2
technological,2
broader,2
provided,2
successive,2
southeastern,2
major,2
occur,2
society,2
grants,2
selected,2
increasing,1
natural,1
settlers,1
problem,1
ranging,1
farm,1
timeconsuming,1
aine,1
does,1
indication,1
calcite,1
now,1
breaking,1
features,1
interesting,1
serving,1
islamic,1
townebiv,1
final,1
done,1
arrangement,1
diagnostic,1
whose,1
cherty,1
variety,1
horizontal,1
preparing,1
estimated,1
disaggregated,1
continued,1
representing,1
decreasing,1
minimal,1
elaborate,1
numeiraebiii,1
five,1
short,1
inclusion,1
developed,1
paddling,1
created,1
functional,1
basaltic,1
micrometer,1
subject,1
morphology,1
breadth,1
support,1
extreme,1
environmental,1
thermal,1
widespread,1
arrive,1
fusible,1
cut,1
comparable,1
who,1
ouartz,1
supplementing,1
stratigraphy,1
seen,1
collections,1
rectangular,1
brittle,1
team,1
rim,1
fusion,1
introduction,1
appear,1
began,1
slipped,1
proportion,1
changed,1
remaining,1
vaux,1
registered,1
camping,1
length,1
grittempering,1
perrizites,1
ongoing,1
porosity,1
disintegration,1
why,1
adapted,1
k,1
methods,1
specific,1
disbursed,1
identify,1
percentage,1
fall,1
united,1
achieve,1
once,1
formed,1
facet,1
likely,1
factors,1
table,1
flowering,1
underground,1
sets,1
rock,1
lrq,1
core,1
category,1
expansion,1
arts,1
cemented,1
abundance,1
burnishing,1
parts,1
soon,1
rises,1
increased,1
restricted,1
likelihood,1
ne,1
key,1
ranged,1
committee,1
then,1
frederick,1
history,1
metallurgy,1
processing,1
suggestions,1
earliest,1
deposited,1
emergence,1
eventually,1
observing,1
scientist,1
tells,1
specify,1
section,1
complete,1
proposed,1
following,1
same,1
obtainable,1
n,1
refine,1
completion,1
disaggregates,1
efforts,1
sorting,1
comes,1
without,1
exemplified,1
wright,1
shore,1
broshi,1
incised,1
changing,1
observations,1
prevent,1
practices,1
tapered,1
circumstances,1
sandsized,1
unusually,1
geographic,1
noted,1
architecture,1
fabric,1
expanding,1
shows,1
electron,1
recognizable,1
published,1
shed,1
generally,1
architectural,1
adjacent,1
long,1
samman,1
funerary,1
sizes,1
sciences,1
paul,1
exclusive,1
dominant,1
ii,1
scan,1
fell,1
stream,1
mudbrick,1
strengthen,1
rapid,1
treatment,1
attempt,1
towneb,1
preserve,1
assistant,1
dominantly,1
cah,1
allow,1
sectioning,1
irrigation,1
matching,1
addition,1
added,1
readily,1
binocular,1
presents,1
correspond,1
uses,1
definition,1
heated,1
matson,1
came,1
foot,1
pastoral,1
bordering,1
longer,1
contained,1
identifying,1
affiliated,1
distance,1
did,1
text,1
lapp,1
could,1
nonrandom,1
down,1
et,1
demise,1
mari,1
differences,1
ramic,1
rich,1
rockshelter,1
come,1
out,1
thickwalled,1
demands,1
her,1
sedentary,1
surfaces,1
hundred,1
reveal,1
radiography,1
relate,1
owen,1
meadowcroft,1
mcc,1
splash,1
survey,1
platters,1
identical,1
diameter,1
subsequent,1
help,1
shafts,1
c,1
integrate,1
pure,1
pastoralist,1
loose,1
consist,1
ages,1
conclusions,1
accurately,1
miles,1
justify,1
lisan,1
albright,1
helping,1
traits,1
lamps,1
american,1
focused,1
favorably,1
buried,1
ruins,1
literature,1
moderate,1
amiran,1
investigation,1
anglar,1
phd,1
appears,1
majority,1
prefers,1
mesozoic,1
religious,1
moab,1
making,1
ibid,1
juglet,1
slip,1
varying,1
side,1
color,1
pyroxene,1
seasonal,1
recognized,1
hypothetical,1
fortification,1
confirmation,1
jfa,1
explain,1
preparation,1
required,1
recorded,1
eastern,1
incurved,1
utilitarian,1
scattered,1
rounding,1
ld,1
component,1
longest,1
chalcolithic,1
exposures,1
foundations,1
periphery,1
sparse,1
briefly,1
studying,1
degree,1
microscopy,1
design,1
process,1
another,1
information,1
local,1
having,1
participation,1
demonstrated,1
development,1
suggests,1
crystals,1
microscopic,1
technologies,1
urban,1
data,1
activity,1
habitational,1
situated,1
extended,1
work,1
emerge,1
establishing,1
contexts,1
arad,1
should,1
discovery,1
paleozoic,1
comprises,1
chronology,1
obvious,1
desert,1
coarser,1
fired,1
interdisciplinary,1
variations,1
point,1
except,1
su,1
establishment,1
example,1
indicating,1
campsite,1
knowledge,1
collecting,1
sufficiently,1
confirm,1
confined,1
became,1
test,1
techniques,1
ascertain,1
bowl,1
agents,1
subparallel,1
identifies,1
artifacts,1
q,1
consistently,1
milesea,1
focus,1
manufacturing,1
marl,1
pa,1
approach,1
broad,1
families,1
density,1
funded,1
expanded,1
products,1
inclusions,1
bed,1
inverted,1
goals,1
human,1
counts,1
exhibited,1
central,1
london,1
varied,1
thus,1
precision,1
continue,1
throughout,1
suppressed,1
typological,1
ocular,1
cemeteries,1
employed,1
rocks,1
dating,1
soft,1
tell,1
cermaics,1
temperatures,1
specimen,1
project,1
explained,1
artifact,1
recent,1
low,1
known,1
scanning,1
selectively,1
compositions,1
cambridge,1
average,1
discovered,1
holy,1
loosely,1
endowment,1
discussed,1
assignment,1
strikingly,1
de,1
urbanism,1
washington,1
finally,1
schobls,1
completed,1
geoarchaeological,1
good,1
co,1
relatively,1
unwalled,1
ag,1
solution,1
concentrations,1
relations,1
stratigraphic,1
mesopotamia,1
shaft,1
typically,1
excavations,1
collaboration,1
helpful,1
need,1
specialists,1
unified,1
plant,1
submitted,1
suggest,1
stage,1
high,1
speculations,1
mild,1
trading,1
restorable,1
stages,1
clues,1
defined,1
attempted,1
accurate,1
probable,1
after,1
stresses,1
alteration,1
quite,1
mixed,1
extremely,1
remains,1
dean,1
around,1
direction,1
interim,1
evident,1
summary,1
concerning,1
especially,1
supported,1
few,1
potential,1
smithsonian,1
fig,1
body,1
best,1
parallel,1
mailing,1
quartztempering,1
plagioclase,1
temporary,1
represent,1
houses,1
presence,1
peak,1
painted,1
decline,1
portions,1
hand,1
villages,1
mainly,1
carthage,1
reached,1
yielded,1
compare,1
availability,1
beginning,1
sharing,1
occasions,1
annual,1
micritic,1
safi,1
coordinate,1
geological,1
archaeologist,1
interaction,1
weathering,1
enumeira,1
traditional,1
loci,1
states,1
cemeteryeb,1
staff,1
strong,1
priori,1
we,1
institution,1
imm,1
destruction,1
lens,1
mouths,1
conducting,1
wholly,1
building,1
develop,1
thought,1
rye,1
pot,1
built,1
sole,1
moved,1
close,1
massive,1
kenyon,1
buildings,1
walls,1
continuously,1
thorough,1
