WORDCOUNTS,WEIGHT
the,126
of,94
de,59
and,53
in,41
to,32
a,29
maya,18
guatemala,16
this,16
on,16
la,15
y,14
by,13
are,12
del,12
agi,12
for,11
spanish,11
is,10
but,9
these,9
with,8
that,8
jones,8
their,7
manche,7
belize,7
not,6
provincia,6
were,6
los,6
it,5
he,5
las,5
they,5
historia,5
from,5
peten,5
more,5
many,5
there,5
chol,5
el,5
has,5
years,5
against,5
have,5
francisco,5
be,5
yucatan,4
en,4
still,4
one,4
frontier,4
roys,4
studies,4
modern,4
or,4
history,4
rule,4
spaniards,4
events,4
end,4
written,4
those,4
what,4
papers,4
data,4
sobre,4
indians,4
lands,4
grant,4
would,4
few,4
itza,4
northern,4
resistance,4
testimonio,4
may,3
archives,3
zambos,3
town,3
his,3
been,3
septiembre,3
e,3
expect,3
se,3
study,3
h,3
sociedad,3
guatemalan,3
university,3
was,3
lacandon,3
por,3
mosquito,3
book,3
into,3
had,3
did,3
documents,3
far,3
zone,3
carnegie,3
other,3
hispanic,3
british,3
archivo,3
pedro,3
prehispanic,3
who,3
antonio,3
region,3
conflict,3
institution,3
que,3
scholes,3
washington,3
mayor,3
alcalde,3
general,3
an,3
fr,3
administrative,3
folios,3
ayante,3
coast,3
like,3
autos,3
at,2
will,2
portion,2
now,2
today,2
no,2
inhabitants,2
l,2
cadena,2
created,2
bacalar,2
object,2
leon,2
introduction,2
lawrence,2
san,2
as,2
existed,2
museum,2
dominican,2
merida,2
under,2
nacional,2
ancient,2
provincias,2
conquest,2
authorities,2
elsewhere,2
monograph,2
colonial,2
peoples,2
cargo,2
first,2
yndios,2
only,2
contaduria,2
tipografia,2
beyond,2
useful,2
fill,2
ralph,2
chontal,2
justicia,2
m,2
military,2
use,2
diego,2
all,2
descriptive,2
cultures,2
descriptions,2
s,2
interested,2
found,2
highland,2
pueblos,2
time,2
never,2
pasado,2
political,2
reading,2
dulce,2
sites,2
geografia,2
information,2
local,2
discussion,2
biblioteca,2
true,2
brought,2
little,2
relacion,2
casa,2
knowledge,2
press,2
its,2
description,2
people,2
laylaya,2
golfo,2
tributos,2
since,2
good,2
times,2
caribbean,2
so,2
century,2
france,2
definitive,2
entrada,2
boundaries,2
enemigo,2
even,2
interaction,2
spain,2
nicolas,1
attacks,1
costa,1
manner,1
recordacion,1
void,1
carried,1
excavate,1
amatique,1
esta,1
topic,1
participadas,1
hecha,1
residencia,1
vicente,1
breve,1
waited,1
mexico,1
usumacintla,1
without,1
various,1
indiferente,1
way,1
independent,1
seccion,1
gabriel,1
if,1
concerned,1
archers,1
academic,1
generated,1
traffic,1
calendric,1
imbalance,1
briefi,1
tovilla,1
across,1
alonso,1
scholar,1
district,1
located,1
chols,1
compone,1
labyrinthos,1
administered,1
indios,1
revolt,1
chamiquin,1
tierra,1
tabasco,1
trans,1
coastal,1
process,1
subsistence,1
success,1
warship,1
active,1
marchan,1
detailed,1
goes,1
opportunity,1
succession,1
poblaciones,1
historico,1
lopez,1
landed,1
comments,1
captives,1
sending,1
speakers,1
lucas,1
large,1
southern,1
conducted,1
inhabited,1
religious,1
makes,1
guzman,1
answering,1
emissaries,1
castellano,1
about,1
scattered,1
live,1
communities,1
yet,1
unfortunately,1
centuries,1
reference,1
hampton,1
meanwhile,1
intense,1
lago,1
prehistory,1
missionaries,1
detail,1
policy,1
us,1
claims,1
index,1
allies,1
descent,1
laid,1
lowland,1
guillermo,1
indias,1
briceno,1
ytza,1
culture,1
historian,1
informe,1
exceptions,1
same,1
impact,1
traces,1
ethnographic,1
ed,1
reviewed,1
jamaica,1
women,1
most,1
alta,1
extensive,1
lower,1
cholan,1
uprising,1
voluminous,1
archaeologists,1
raids,1
thousand,1
social,1
peninsula,1
hearts,1
sources,1
name,1
localities,1
here,1
established,1
aguilar,1
attempts,1
important,1
emptied,1
know,1
afiio,1
attempt,1
over,1
europe,1
assist,1
conflicts,1
rodrigo,1
colonization,1
towns,1
control,1
parte,1
honduras,1
toledo,1
j,1
response,1
uses,1
riverine,1
words,1
different,1
came,1
bordering,1
lack,1
chibchan,1
hellmuth,1
treatment,1
available,1
copy,1
capital,1
settlement,1
printed,1
chiapa,1
preaching,1
great,1
attack,1
motagua,1
forces,1
torres,1
assembled,1
studied,1
churches,1
obviously,1
curiosity,1
launched,1
rica,1
ymbadido,1
religion,1
sambos,1
reyno,1
cities,1
historical,1
apartado,1
captured,1
pattern,1
pinelo,1
seldom,1
help,1
past,1
defending,1
pacificacion,1
base,1
tasaciones,1
removal,1
carta,1
works,1
late,1
do,1
v,1
geography,1
robert,1
traced,1
cultural,1
unlikely,1
profitable,1
where,1
war,1
secular,1
reviews,1
carefully,1
systematic,1
province,1
postal,1
population,1
produced,1
meet,1
references,1
gobernador,1
want,1
era,1
material,1
colony,1
however,1
afio,1
mopan,1
foundation,1
judicial,1
isbn,1
native,1
missouri,1
required,1
eds,1
gaps,1
quiroga,1
autonomous,1
colonies,1
aliens,1
streets,1
foundations,1
america,1
because,1
early,1
polities,1
chiapas,1
cloth,1
shape,1
preordained,1
noticed,1
trade,1
another,1
account,1
almost,1
participation,1
don,1
culver,1
virginia,1
domingo,1
gamboa,1
haver,1
literature,1
vast,1
work,1
new,1
publish,1
both,1
obscure,1
upon,1
verapaz,1
careful,1
slaves,1
lords,1
significantly,1
sambo,1
part,1
including,1
killing,1
tributary,1
eliminating,1
city,1
dzuluinicob,1
raiders,1
household,1
content,1
apparent,1
eleanor,1
contacts,1
suffer,1
centro,1
comment,1
lozada,1
easy,1
promises,1
estado,1
tomada,1
subject,1
feldman,1
inally,1
territory,1
used,1
adrift,1
warfare,1
focus,1
reconstruct,1
castillo,1
editorial,1
juan,1
assume,1
memories,1
records,1
deities,1
exploit,1
wilderness,1
actually,1
net,1
human,1
natives,1
resume,1
religiosos,1
prisoner,1
our,1
which,1
salazar,1
eric,1
search,1
legal,1
bodegas,1
devoted,1
cast,1
madrid,1
described,1
zambo,1
aisles,1
man,1
misma,1
generate,1
run,1
clear,1
noticias,1
engender,1
archaeological,1
realized,1
geografla,1
comprehensive,1
audiencia,1
obispo,1
raided,1
corner,1
interest,1
change,1
expeditions,1
ended,1
poblacion,1
excavations,1
define,1
dyewood,1
d,1
acalan,1
descripcion,1
function,1
seized,1
geronimo,1
volume,1
finds,1
zacbalam,1
trading,1
defined,1
off,1
abril,1
earlier,1
santo,1
fue,1
fuentes,1
quite,1
mixed,1
captain,1
drainage,1
thomas,1
remains,1
family,1
izabal,1
americas,1
anonymous,1
autonomy,1
chamberlain,1
offered,1
specific,1
outside,1
potential,1
universitaria,1
bloody,1
satisfy,1
between,1
eyes,1
parallel,1
penetrated,1
transfer,1
presence,1
responsible,1
lift,1
portions,1
left,1
topics,1
can,1
find,1
cutters,1
norman,1
conquistadors,1
when,1
up,1
archaeologist,1
valley,1
pueblo,1
given,1
revolted,1
esclavonuados,1
torquegua,1
much,1
using,1
counts,1
oklahoma,1
than,1
connections,1
coasts,1
florida,1
newly,1
provided,1
questions,1
doing,1
attention,1
influence,1
valuable,1
yucatec,1
capturing,1
prophecies,1
