WORDCOUNTS,WEIGHT
of,51
the,47
and,30
in,25
as,19
a,19
that,14
to,11
on,9
is,7
for,6
which,5
an,5
with,4
from,4
by,4
while,4
both,4
it,3
his,3
not,3
makes,3
cuello,3
reviews,3
books,3
maya,3
basis,3
its,3
human,3
individual,3
evidence,3
haviland,3
at,2
now,2
economic,2
been,2
introduction,2
tools,2
complex,2
studies,2
solutions,2
prehistory,2
was,2
perceived,2
or,2
material,2
are,2
source,2
complexity,2
but,2
two,2
loten,2
ceramic,2
more,2
ancient,2
book,2
events,2
those,2
necessary,2
herrmann,2
well,2
urban,2
this,2
elite,2
sheets,2
realm,2
qasr,2
sees,2
underrated,2
such,2
archaeological,2
have,2
excavated,2
period,2
order,2
remains,2
between,2
unprovenanced,2
be,2
up,2
stone,2
finds,2
society,2
model,1
final,1
preclassic,1
coeval,1
communities,1
imply,1
evaluates,1
without,1
architecture,1
independent,1
medieval,1
links,1
shortening,1
nh,1
essence,1
synthesis,1
ideology,1
practitioners,1
americanist,1
site,1
she,1
environmental,1
sw,1
archaeology,1
notion,1
extension,1
chthonic,1
hammond,1
success,1
speculate,1
concluding,1
community,1
seen,1
intervention,1
transformation,1
inadequate,1
center,1
payson,1
their,1
derived,1
american,1
distort,1
hitherto,1
rick,1
direction,1
imposed,1
structural,1
study,1
often,1
fate,1
danger,1
expectations,1
hierarchical,1
analysis,1
burials,1
horton,1
about,1
robin,1
united,1
once,1
wheeler,1
abundant,1
antiquities,1
authority,1
sociotechnic,1
museum,1
means,1
interment,1
thought,1
monumental,1
earliest,1
technology,1
under,1
issue,1
sealy,1
chronology,1
trace,1
objects,1
justified,1
academe,1
acquired,1
necessarily,1
benefits,1
seriously,1
fishes,1
emergence,1
moving,1
something,1
reviewed,1
collective,1
solid,1
skeleton,1
must,1
most,1
warranted,1
common,1
bar,1
sherratt,1
rise,1
anything,1
only,1
beyond,1
social,1
useful,1
constructed,1
untangle,1
sources,1
consequence,1
demonstrative,1
preceding,1
creation,1
here,1
scientific,1
power,1
implications,1
mark,1
defining,1
others,1
attempt,1
trajectories,1
intellectual,1
pharaonic,1
each,1
many,1
explanatory,1
uses,1
bard,1
my,1
different,1
based,1
cynthia,1
underrepresented,1
cartwright,1
included,1
celebratory,1
pragmatic,1
histories,1
rule,1
report,1
grave,1
deal,1
relation,1
new,1
john,1
generalizations,1
concludes,1
goods,1
near,1
indisputably,1
resulting,1
cities,1
historical,1
subsequent,1
past,1
superstructure,1
patterns,1
behind,1
further,1
monographs,1
concepts,1
robert,1
william,1
pointing,1
though,1
china,1
explanations,1
numbers,1
notable,1
aspects,1
burial,1
establish,1
whether,1
selected,1
form,1
case,1
documenting,1
evaluation,1
particular,1
takes,1
practice,1
fashionable,1
perceives,1
juliette,1
metropolitan,1
recorded,1
eastern,1
has,1
america,1
criteria,1
technical,1
kathryn,1
sites,1
reminder,1
information,1
isotopic,1
welcome,1
phenomena,1
recognizing,1
overconfident,1
illustrate,1
work,1
coherent,1
judith,1
ibrim,1
treated,1
hindsight,1
some,1
emphasis,1
flaw,1
concept,1
rapidity,1
barry,1
sar,1
reported,1
lake,1
through,1
muscarella,1
role,1
variability,1
correlation,1
ritual,1
egyptian,1
perspective,1
caching,1
use,1
food,1
complement,1
nasser,1
subtly,1
challenges,1
mutability,1
framework,1
ideas,1
comprehensible,1
processes,1
variables,1
varied,1
confounds,1
andrew,1
our,1
documented,1
were,1
review,1
formation,1
theoretical,1
deified,1
volume,1
theme,1
argument,1
dogmatism,1
argues,1
georgina,1
own,1
overrepresented,1
since,1
three,1
finding,1
protohistoric,1
chemistry,1
manifestation,1
motives,1
change,1
basal,1
applicable,1
detached,1
rites,1
bone,1
below,1
overt,1
obscurity,1
states,1
distinction,1
kind,1
gerhardt,1
hence,1
settlement,1
typology,1
old,1
classification,1
life,1
underlying,1
enhancement,1
several,1
flooding,1
needs,1
carr,1
praises,1
specific,1
preucel,1
catalogue,1
flawed,1
parochial,1
interpretations,1
egypt,1
ancestors,1
consisted,1
examine,1
can,1
sorayya,1
always,1
norman,1
seeking,1
progress,1
element,1
obscure,1
even,1
traditional,1
examines,1
world,1
seek,1
we,1
institution,1
north,1
recent,1
notes,1
stanley,1
massive,1
perception,1
concomitant,1
seemed,1
dietary,1
