WORDCOUNTS,WEIGHT
the,203
of,148
and,96
in,73
to,59
a,54
that,31
is,29
on,26
with,24
as,23
she,22
her,22
from,20
for,17
early,17
religious,15
religion,15
symbolism,14
bronze,13
aegean,13
social,11
goodison,11
at,10
symbols,10
between,10
age,9
which,9
an,9
by,8
are,8
sun,8
not,7
symbolic,7
archaeological,7
solar,6
may,6
many,6
circular,6
its,6
although,6
archaeology,6
structure,6
yet,5
imagery,5
university,5
contexts,5
regeneration,5
motifs,5
prehistoric,5
material,5
mortuary,5
this,5
have,5
study,5
be,5
than,5
greek,5
it,4
does,4
relationship,4
male,4
or,4
first,4
funerary,4
more,4
fertility,4
context,4
has,4
boat,4
aspects,4
chapter,4
work,4
little,4
such,4
three,4
elements,4
presence,4
c,4
we,4
society,4
book,3
forces,3
rather,3
lucy,3
female,3
their,3
complex,3
life,3
often,3
dead,3
reference,3
press,3
serve,3
periods,3
was,3
into,3
then,3
common,3
also,3
death,3
natural,3
other,3
time,3
linked,3
new,3
associations,3
iron,3
those,3
primarily,3
data,3
egalitarian,3
cult,3
part,3
ocher,3
ritual,3
deities,3
human,3
own,3
would,3
period,3
states,3
earlier,3
perspective,3
can,3
journal,3
focus,3
much,3
world,3
final,2
frequent,2
given,2
depth,2
crete,2
poor,2
now,2
interesting,2
no,2
van,2
later,2
figure,2
pithoi,2
correlations,2
designated,2
interpretation,2
tracey,2
explicit,2
cullen,2
herself,2
red,2
concluding,2
iconographic,2
why,2
minoan,2
single,2
ways,2
studies,2
thought,2
continuity,2
anthropology,2
place,2
us,2
position,2
cycles,2
mainland,2
history,2
emergence,2
orientation,2
continues,2
production,2
neolithic,2
set,2
theory,2
suggested,2
again,2
personified,2
view,2
conceived,2
central,2
each,2
j,2
sky,2
my,2
different,2
divinity,2
offers,2
together,2
any,2
draws,2
out,2
scenes,2
scheme,2
i,2
subsequent,2
vegetation,2
further,2
stand,2
animal,2
do,2
political,2
focused,2
within,2
investigation,2
them,2
terms,2
system,2
record,2
metaphor,2
agricultural,2
animistic,2
eds,2
eastern,2
briefly,2
divide,2
well,2
replacement,2
some,2
emphasis,2
sanctuaries,2
examples,2
made,2
reader,2
mycenaean,2
fiunerary,2
looking,2
apparent,2
tombs,2
role,2
subject,2
egyptian,2
use,2
largely,2
assumption,2
helen,2
challenges,2
ideas,2
were,2
theories,2
only,2
recent,2
consideration,2
socioeconomic,2
author,2
points,2
dynamic,2
field,2
deity,2
attributes,2
pubic,2
sharp,2
theoretical,2
remains,2
association,2
graves,2
vessel,2
scholarship,2
explore,2
through,2
even,2
images,2
details,2
burials,2
among,2
observed,2
evidence,2
triangular,2
division,2
limiting,1
space,1
collectivity,1
lesser,1
media,1
seasons,1
articulates,1
therefore,1
suggestion,1
quoting,1
depiction,1
colin,1
markedly,1
dual,1
dominates,1
ruling,1
perspectives,1
attempts,1
absence,1
without,1
identification,1
entitled,1
functioning,1
way,1
avoiding,1
if,1
will,1
religions,1
meaning,1
groups,1
absent,1
centered,1
essence,1
adds,1
appearances,1
ideology,1
l,1
how,1
prompts,1
bound,1
separated,1
greibersymbolik,1
represent,1
unfounded,1
select,1
widening,1
notoriously,1
brief,1
mysteries,1
process,1
conflationthe,1
whatever,1
approaching,1
detailed,1
still,1
totally,1
yale,1
examined,1
institutet,1
introduction,1
abstraction,1
jar,1
after,1
supplement,1
contribution,1
turn,1
attitudes,1
mediterranean,1
certain,1
highlights,1
rites,1
covering,1
conducted,1
empirically,1
one,1
permeate,1
tends,1
changes,1
chariot,1
intend,1
elaborate,1
confidence,1
specific,1
hierarchical,1
analysis,1
distant,1
blood,1
existed,1
stone,1
guide,1
mortality,1
ma,1
linkages,1
coherence,1
surprising,1
remind,1
see,1
factors,1
reminiscent,1
athen,1
constitutes,1
sets,1
summaries,1
replete,1
unfolds,1
strictly,1
means,1
itself,1
understand,1
face,1
distinct,1
jonathan,1
represents,1
read,1
modern,1
notable,1
under,1
diffuse,1
god,1
consider,1
trace,1
possibly,1
objects,1
thesis,1
index,1
discouraged,1
school,1
encourages,1
presents,1
organized,1
assimilation,1
tackle,1
sketches,1
rarely,1
clearly,1
infrastructure,1
positively,1
associated,1
before,1
practice,1
following,1
spirit,1
reviewing,1
iiber,1
every,1
skrifter,1
articulated,1
k,1
house,1
but,1
reviewed,1
focusing,1
conjunction,1
w,1
utgivna,1
practices,1
women,1
most,1
patterning,1
touching,1
commonly,1
alten,1
supernatural,1
idiots,1
pastoral,1
implied,1
gap,1
t,1
sketch,1
shorthand,1
notions,1
volume,1
organization,1
long,1
organizations,1
symbol,1
s,1
westward,1
paul,1
afterlife,1
der,1
decoration,1
comparative,1
power,1
metaphysical,1
stated,1
sometimes,1
eleusinian,1
journey,1
bloch,1
stream,1
toward,1
sanctity,1
might,1
over,1
humans,1
articulate,1
quarrel,1
iconography,1
tendencies,1
all,1
been,1
greater,1
ranges,1
diachronic,1
pantheon,1
expressed,1
distinction,1
intricately,1
efforts,1
closely,1
definition,1
possibilities,1
lead,1
identifying,1
merging,1
forlag,1
impute,1
areas,1
universalist,1
stratification,1
best,1
leading,1
ubiquitous,1
contextual,1
agrarian,1
broadly,1
appendix,1
found,1
argue,1
beliefs,1
strength,1
access,1
discrete,1
temptation,1
rayed,1
inquiry,1
parry,1
relating,1
separable,1
rich,1
declaring,1
cylinder,1
centers,1
manifested,1
particularly,1
generates,1
classical,1
isolate,1
demands,1
prepare,1
obviously,1
demonstrating,1
rebirth,1
generalizations,1
full,1
very,1
cognitive,1
juxtapositions,1
while,1
arthur,1
contemporary,1
doubt,1
resulting,1
take,1
golden,1
review,1
past,1
mircea,1
discussed,1
inaugural,1
patterned,1
bachofen,1
puzzling,1
late,1
men,1
intuitive,1
academic,1
mind,1
encompassing,1
intervening,1
marine,1
outset,1
shaped,1
tradition,1
current,1
cultural,1
surely,1
american,1
scholarly,1
sealstones,1
manner,1
p,1
what,1
purity,1
reviews,1
continuing,1
seals,1
poses,1
setting,1
establish,1
contracted,1
form,1
reinforce,1
courage,1
british,1
rising,1
homer,1
issue,1
away,1
scale,1
necessary,1
fish,1
wealth,1
ahead,1
dancing,1
advocates,1
franchthi,1
statement,1
spiritual,1
perhaps,1
isbn,1
higg,1
explain,1
belief,1
phylakopi,1
distribution,1
extent,1
wide,1
av,1
capacity,1
sacrifice,1
continuum,1
gained,1
referents,1
near,1
number,1
explicitly,1
possibility,1
sexual,1
vehicle,1
outlines,1
institute,1
leuven,1
durkheim,1
require,1
failure,1
shape,1
xix,1
produce,1
watchman,1
interpreted,1
verified,1
sir,1
having,1
basis,1
scholars,1
marked,1
understanding,1
exploring,1
circularity,1
extended,1
vast,1
discussion,1
admits,1
middle,1
vague,1
vessels,1
invested,1
these,1
background,1
both,1
powers,1
subjectivity,1
cambridge,1
phenomena,1
bibliography,1
explanation,1
interrelate,1
intention,1
upon,1
carries,1
carry,1
values,1
must,1
geraldine,1
concept,1
recognition,1
west,1
logical,1
mesara,1
bahnmaier,1
attached,1
except,1
london,1
far,1
discusses,1
commonwealth,1
previously,1
denial,1
elucidate,1
classifications,1
relate,1
disappointing,1
cient,1
related,1
apply,1
anew,1
lacunae,1
variability,1
representing,1
revealed,1
hieroglyphic,1
predecessors,1
die,1
minority,1
significant,1
sketched,1
renfrew,1
affection,1
unfortunately,1
universe,1
emphasizing,1
arguments,1
divided,1
aggression,1
phenomenon,1
hudson,1
people,1
johann,1
representation,1
labor,1
conundrums,1
structures,1
militarism,1
evolution,1
store,1
goal,1
leap,1
places,1
chapters,1
relates,1
historical,1
documented,1
throughout,1
nanno,1
convincing,1
superseded,1
reflect,1
differential,1
stockholm,1
exactly,1
formation,1
devoted,1
elucidation,1
ultimately,1
jacobsen,1
models,1
frazer,1
described,1
survival,1
considering,1
anthropomorphic,1
argument,1
rutkowski,1
argues,1
baby,1
quality,1
significance,1
plausible,1
definitions,1
there,1
herds,1
cults,1
assumes,1
strikingly,1
g,1
integral,1
accept,1
earth,1
divine,1
change,1
published,1
general,1
interpret,1
times,1
land,1
suns,1
proceeding,1
like,1
impure,1
function,1
unified,1
paperbound,1
smaller,1
suggest,1
structuralist,1
played,1
tripartite,1
collected,1
involving,1
next,1
generation,1
applicability,1
interacting,1
mesopotamian,1
renewal,1
discourse,1
emphasizes,1
dissociates,1
martin,1
shift,1
bough,1
around,1
archaic,1
small,1
pages,1
finality,1
gleerup,1
eliade,1
seminal,1
sanctuary,1
graphic,1
refer,1
offered,1
observation,1
facing,1
m,1
few,1
problems,1
recognize,1
back,1
body,1
bedford,1
tholoi,1
substitute,1
newborn,1
holds,1
gesell,1
convincingly,1
marxist,1
zeus,1
third,1
chicago,1
abounds,1
svenska,1
wisely,1
beginning,1
james,1
partial,1
texts,1
articulation,1
drawn,1
looks,1
entire,1
greece,1
horse,1
present,1
inegalitarian,1
sea,1
macmillan,1
glance,1
bogdan,1
apparently,1
propositions,1
cycle,1
phasis,1
appropriate,1
should,1
marinatos,1
provided,1
hardly,1
scanty,1
attention,1
rest,1
customs,1
conceptually,1
widely,1
major,1
examines,1
humphreys,1
versuch,1
