WORDCOUNTS,WEIGHT
of,187
the,178
weight,136
and,105
in,83
to,83
bone,70
meat,53
from,43
as,42
a,42
for,42
by,33
is,33
weights,29
method,26
be,25
pigs,24
this,24
percent,24
are,23
that,23
data,23
note,21
determined,21
op,21
cit,20
estimates,19
or,17
r,17
presented,15
have,15
an,15
with,14
it,13
predicted,13
archaeological,13
table,12
was,12
total,12
where,12
figure,11
mammals,11
g,11
between,11
at,10
been,10
constants,10
muscle,10
ct,10
relationship,9
l,9
j,9
which,9
taxon,9
methods,8
bones,8
x,8
body,8
journal,8
error,8
estimated,7
e,7
above,7
tissue,7
known,7
faunal,7
less,7
were,7
their,7
defined,7
on,7
cook,7
results,7
various,6
studies,6
w,6
these,6
m,6
found,6
wiegemethode,6
o,6
individual,6
remains,6
may,5
plotted,5
order,5
percentage,5
animals,5
not,5
university,5
more,5
here,5
all,5
s,5
utilizing,5
utilized,5
those,5
according,5
has,5
assemblage,5
kg,5
development,5
upon,5
formula,5
use,5
accuracy,5
estimating,5
reference,5
c,5
can,5
using,5
relative,5
ca,5
der,4
science,4
basic,4
investigators,4
carcass,4
special,4
von,4
presents,4
then,4
constant,4
ed,4
only,4
also,4
composition,4
applied,4
fish,4
agricultural,4
number,4
sites,4
illustrate,4
made,4
assemblages,4
range,4
assumption,4
factor,4
variables,4
reflect,4
used,4
such,4
since,4
approach,4
d,4
problems,4
estimate,4
y,4
f,3
usable,3
determine,3
presentation,3
growth,3
they,3
indicate,3
weighing,3
matolcsi,3
study,3
live,3
sciences,3
when,3
logarithms,3
any,3
same,3
but,3
presumed,3
most,3
test,3
t,3
comparison,3
academy,3
over,3
paper,3
result,3
p,3
domestic,3
animal,3
application,3
appears,3
whether,3
common,3
problem,3
well,3
original,3
simon,3
some,3
possible,3
literature,3
both,3
fraser,3
characters,3
clear,3
point,3
correlation,3
terms,3
treganza,3
i,3
quality,3
ease,3
derived,3
field,3
below,3
z,3
assumed,3
relation,3
research,3
single,3
do,3
part,3
up,3
cattle,3
than,3
value,3
kubasiewicz,3
species,3
will,2
he,2
reduced,2
casteel,2
higher,2
expected,2
his,2
if,2
within,2
samples,2
suggested,2
measures,2
represented,2
vol,2
premises,2
b,2
large,2
mcmeekan,2
analysis,2
wildlife,2
yet,2
exists,2
means,2
examined,2
kl,2
under,2
detail,2
management,2
into,2
k,2
two,2
lower,2
taxa,2
log,2
major,2
quantitative,2
terrestrial,2
uniformly,2
power,2
stated,2
indicated,2
excess,2
appear,2
coefficient,2
many,2
yl,2
seems,2
clason,2
pitts,2
limit,2
could,2
inherent,2
differences,2
reed,2
edible,2
pattern,2
regression,2
manner,2
relationships,2
based,2
accounts,2
particular,2
plane,2
earlier,2
another,2
mean,2
nutrition,2
des,2
richard,2
reflecting,2
fur,2
press,2
predictions,2
multiplied,2
its,2
empirical,2
food,2
arguments,2
reynolds,2
assume,2
individuals,2
question,2
auswertung,2
against,2
extend,2
aus,2
zoology,2
formulae,2
utilizes,2
values,2
variance,2
accurate,2
involved,2
latter,2
repeated,2
consumable,2
shaded,2
amant,2
annual,2
little,2
und,2
should,2
meeting,2
dietary,2
limiting,1
inspection,1
dexter,1
final,1
dealing,1
sliver,1
critical,1
kindness,1
poland,1
ii,1
unsound,1
second,1
letzten,1
urged,1
situation,1
poundage,1
dangerously,1
along,1
german,1
dissected,1
no,1
without,1
domestikationsforschung,1
independent,1
forschungen,1
rather,1
wirtschaftshistorischen,1
medieval,1
one,1
economic,1
archaologischen,1
hesitation,1
louis,1
brian,1
remain,1
widely,1
reinhold,1
support,1
does,1
unit,1
others,1
wa,1
forward,1
fair,1
existing,1
castrated,1
april,1
seen,1
translation,1
deposit,1
dealt,1
introduction,1
estonian,1
determining,1
estimations,1
h,1
after,1
pig,1
per,1
contribution,1
incredibly,1
similar,1
ranged,1
variant,1
ziegler,1
judged,1
mammal,1
urund,1
likely,1
dead,1
interpretation,1
allometric,1
violence,1
aboriginal,1
canada,1
represents,1
vorgeschichte,1
brothwell,1
mounds,1
requiring,1
sound,1
fault,1
higgs,1
vastly,1
ratio,1
east,1
omnipresent,1
former,1
considered,1
skeleton,1
anthropology,1
us,1
materialy,1
justified,1
differentiated,1
smith,1
northwest,1
anthropological,1
predicting,1
variable,1
light,1
proposed,1
n,1
oexd,1
unproven,1
indian,1
butterworths,1
upper,1
reasonably,1
materials,1
already,1
ezekiel,1
illustrated,1
associate,1
existence,1
simply,1
superior,1
hesse,1
recovered,1
came,1
stewart,1
follow,1
beitrag,1
published,1
exceed,1
bacon,1
physical,1
consequence,1
long,1
constituting,1
requires,1
text,1
concur,1
unreliable,1
inaccurate,1
care,1
originally,1
weighed,1
taken,1
concentrated,1
providing,1
shading,1
might,1
attempt,1
tierknochenfunden,1
grossen,1
put,1
fallacy,1
each,1
addition,1
financial,1
whereas,1
ranges,1
sheep,1
zeitschrift,1
prehistoric,1
fact,1
davis,1
pounds,1
other,1
consideration,1
seem,1
best,1
striking,1
ucpubsamerarchethnol,1
estimation,1
plot,1
confusion,1
thank,1
foundation,1
iii,1
curves,1
larger,1
able,1
decreases,1
fallen,1
far,1
geschichte,1
cities,1
considerable,1
percentages,1
unsubstantiated,1
man,1
past,1
there,1
discussed,1
lodge,1
base,1
fresh,1
fragments,1
merely,1
late,1
concrete,1
conclusions,1
state,1
accurately,1
multiplication,1
teleost,1
phd,1
szczatkow,1
rchaeozoological,1
remainder,1
v,1
increases,1
somewhat,1
wishing,1
drs,1
ratios,1
wykipaliskowych,1
investigation,1
telling,1
them,1
relevant,1
seminar,1
zooarchaologischen,1
form,1
flesh,1
answer,1
british,1
woefully,1
material,1
series,1
copeia,1
frtihmittelalterlichen,1
einer,1
weightl,1
books,1
applying,1
fully,1
while,1
going,1
encountered,1
world,1
acknowledgements,1
impression,1
criteria,1
version,1
institute,1
aspects,1
require,1
dark,1
ibid,1
yield,1
clearly,1
zur,1
accur,1
chaotic,1
minimal,1
quantities,1
basis,1
empirically,1
analyzed,1
logical,1
vast,1
discrepancies,1
characterize,1
establishing,1
examples,1
considering,1
burden,1
reversed,1
jfa,1
jahresschrift,1
talbot,1
zuchtungsbiologie,1
crude,1
hyperbolically,1
example,1
bioenergetics,1
cited,1
kiado,1
reduction,1
musele,1
department,1
urban,1
african,1
akademiai,1
subject,1
occur,1
intended,1
plagues,1
analyzing,1
minimum,1
loss,1
exceeded,1
kulturgeschichtlichen,1
elgure,1
iso,1
size,1
tables,1
calculating,1
work,1
noted,1
representation,1
repeatedly,1
being,1
statistics,1
mitteldeutsche,1
thus,1
auf,1
first,1
throughout,1
justification,1
additional,1
false,1
california,1
professor,1
shown,1
models,1
involves,1
archaeologists,1
received,1
predictive,1
average,1
feasibility,1
predieted,1
three,1
importance,1
adding,1
authors,1
shortcomings,1
errors,1
assumes,1
national,1
expended,1
wish,1
general,1
approximately,1
instead,1
korpergrosse,1
immediately,1
correct,1
suffers,1
would,1
so,1
employing,1
stipulate,1
sample,1
interspecific,1
ungarischem,1
exceeding,1
lemming,1
antiquity,1
effects,1
dry,1
archaeology,1
attempted,1
off,1
probable,1
polnischen,1
give,1
quite,1
northholland,1
deelned,1
tierzuchtung,1
lnference,1
better,1
partial,1
leg,1
interim,1
rejecting,1
several,1
academic,1
badan,1
concerning,1
having,1
amount,1
concerns,1
birds,1
although,1
highly,1
encompass,1
components,1
materialien,1
oe,1
metodyce,1
methodik,1
further,1
invaluable,1
elemente,1
compared,1
respectively,1
excavations,1
correction,1
grund,1
effect,1
enquire,1
kostnych,1
mineralization,1
erforschung,1
early,1
exclusively,1
st,1
majority,1
postulate,1
slightest,1
present,1
southwest,1
eit,1
traditional,1
among,1
we,1
whenever,1
frtihgeschichtlichen,1
wiley,1
demonstrated,1
obtained,1
appropriate,1
ishistorische,1
provided,1
preliminary,1
outright,1
finds,1
rindes,1
function,1
influence,1
unfortunate,1
croxton,1
alaska,1
