WORDCOUNTS,WEIGHT
the,132
of,100
in,64
and,59
a,38
is,34
wetland,26
to,22
which,18
at,17
that,15
on,15
with,14
from,12
has,12
archaeology,12
as,11
are,11
research,11
it,10
by,9
this,9
an,9
be,8
he,7
but,7
two,7
waterlogged,7
european,6
site,6
been,6
these,6
past,6
there,6
sites,6
much,6
no,5
volumes,5
for,5
well,5
work,5
range,5
preserved,5
lake,5
its,5
florida,5
how,4
about,4
not,4
us,4
excavation,4
organic,4
into,4
same,4
important,4
again,4
all,4
dryland,4
john,4
unique,4
information,4
artifacts,4
techniques,4
perishable,4
were,4
coles,4
such,4
have,4
excavations,4
problems,4
than,4
his,3
detailed,3
contribution,3
one,3
construction,3
was,3
underwater,3
only,3
volume,3
here,3
fewer,3
paper,3
prehistoric,3
other,3
europe,3
time,3
scotland,3
merely,3
late,3
state,3
present,3
investigations,3
what,3
isbn,3
extent,3
technical,3
because,3
degree,3
some,3
new,3
knowledge,3
whole,3
recovery,3
approach,3
century,3
area,3
settlement,3
remains,3
summary,3
potential,3
yielded,3
generally,3
even,3
we,3
recent,3
widely,3
book,2
failed,2
materials,2
way,2
huahine,2
concerned,2
indicated,2
morrison,2
environmental,2
village,2
contributions,2
quite,2
once,2
edited,2
exceptional,2
studies,2
vastly,2
considered,2
university,2
river,2
history,2
any,2
section,2
fragile,2
reviewed,2
insights,2
most,2
beyond,2
physical,2
requires,2
more,2
also,2
providing,2
ian,2
over,2
methodology,2
many,2
england,2
had,2
nature,2
efforts,2
best,2
including,2
wooden,2
areas,2
could,2
hundred,2
historical,2
discussed,2
serious,2
camp,2
informed,2
where,2
papers,2
terms,2
form,2
cannot,2
globe,2
material,2
colony,2
pleistocene,2
problem,2
gives,2
illustrated,2
multidisciplinary,2
vast,2
discussion,2
conference,2
northwestern,2
clear,2
through,2
somerset,2
despite,2
enormous,2
quantity,2
gave,2
cushing,2
those,2
thus,2
question,2
theme,2
years,2
own,2
tables,2
washington,2
ireland,2
held,2
price,2
would,2
provided,2
little,2
preservation,2
especially,2
can,2
up,2
london,2
world,2
wet,2
ago,2
major,2
cooperation,1
increasing,1
barbara,1
south,1
ertebelle,1
will,1
indication,1
now,1
interesting,1
reconstructed,1
informs,1
second,1
aid,1
fishing,1
deny,1
essential,1
today,1
bog,1
perspectives,1
identification,1
common,1
conflicting,1
provide,1
scientific,1
bulk,1
later,1
ac,1
substances,1
johns,1
economic,1
convened,1
types,1
influenced,1
pieces,1
wonder,1
represent,1
various,1
landscape,1
return,1
extreme,1
brief,1
levels,1
order,1
merits,1
model,1
red,1
ruoff,1
means,1
tybrind,1
concluding,1
community,1
still,1
above,1
dealt,1
dwellings,1
rescue,1
surviving,1
effectively,1
proportion,1
understand,1
scottish,1
germany,1
they,1
similar,1
importance,1
becoming,1
deals,1
direct,1
recently,1
complex,1
ongoing,1
handsome,1
life,1
confronted,1
study,1
often,1
answering,1
spectacular,1
embarrassment,1
riches,1
illustrations,1
echoed,1
burials,1
frank,1
surprising,1
scattered,1
space,1
aspects,1
confines,1
constitutes,1
sets,1
ways,1
shell,1
lifting,1
support,1
wetlands,1
examined,1
lives,1
distinct,1
consuming,1
read,1
projects,1
carpentry,1
flows,1
message,1
earliest,1
under,1
wheeled,1
prehistory,1
finance,1
zurich,1
resourcefulness,1
established,1
or,1
ancient,1
familiar,1
overlaps,1
pose,1
charavines,1
sendentary,1
fish,1
associated,1
just,1
days,1
bay,1
traces,1
ed,1
sheer,1
deliver,1
differs,1
contexts,1
too,1
definition,1
upper,1
themes,1
lengthy,1
department,1
demonstrate,1
scarcely,1
dublin,1
exploited,1
first,1
consistent,1
rise,1
known,1
increasingly,1
picture,1
thousand,1
submerged,1
marco,1
temporal,1
lack,1
telford,1
long,1
plates,1
fraught,1
improvement,1
glimpse,1
painted,1
inexorable,1
tuck,1
daunting,1
sustained,1
derives,1
exclusive,1
neolithic,1
m,1
dickel,1
faced,1
decades,1
view,1
mutually,1
beautiful,1
adequate,1
each,1
advanced,1
greater,1
environment,1
j,1
whalers,1
advance,1
different,1
global,1
consideration,1
exploration,1
societies,1
treatment,1
flattery,1
gone,1
wetsite,1
scholars,1
textiles,1
occurrence,1
clarendon,1
daily,1
found,1
demise,1
expense,1
color,1
current,1
newsom,1
follows,1
particularly,1
out,1
collectors,1
xiii,1
international,1
thanks,1
far,1
goods,1
room,1
uncovered,1
lindow,1
ruppl,1
number,1
considerable,1
man,1
xx,1
emerges,1
assessment,1
last,1
purdy,1
paddles,1
further,1
greatly,1
occupation,1
cultural,1
covered,1
refuse,1
reviews,1
within,1
developing,1
proceedings,1
stressing,1
superimposed,1
investigation,1
combined,1
context,1
setting,1
worthwhile,1
produced,1
posts,1
accounts,1
want,1
crisp,1
spoke,1
record,1
perfectly,1
statement,1
edinburgh,1
olympic,1
recording,1
conferences,1
eds,1
books,1
hamilton,1
wide,1
lived,1
bird,1
primary,1
bones,1
wood,1
america,1
crannogs,1
briefly,1
day,1
expensive,1
amongst,1
vig,1
outstanding,1
leaders,1
account,1
possible,1
paleoenvironmental,1
line,1
doran,1
prevent,1
danish,1
data,1
scope,1
invested,1
both,1
solely,1
made,1
bodies,1
discovery,1
insight,1
start,1
level,1
limitations,1
transport,1
barry,1
taking,1
brought,1
interdisciplinary,1
differ,1
x,1
bryony,1
enhanced,1
numerous,1
indicating,1
booklet,1
content,1
confined,1
role,1
recover,1
samples,1
irish,1
monte,1
tried,1
criticized,1
transition,1
lies,1
slim,1
significant,1
substance,1
island,1
overstressed,1
contemporary,1
place,1
emphasize,1
summarizes,1
conditions,1
localized,1
cape,1
exceptionally,1
aims,1
being,1
coming,1
trackways,1
our,1
come,1
full,1
timber,1
review,1
continues,1
french,1
layers,1
dating,1
chile,1
shown,1
netherlands,1
project,1
smallest,1
artifact,1
development,1
hoko,1
open,1
bare,1
basque,1
initiated,1
illustrates,1
realized,1
comprehensive,1
daugherty,1
recovering,1
bandrew,1
admirably,1
social,1
contributors,1
running,1
individual,1
least,1
times,1
building,1
carries,1
period,1
gruesome,1
so,1
ozette,1
employing,1
suggest,1
stage,1
peninsula,1
high,1
involving,1
france,1
tellingly,1
off,1
investigator,1
excavated,1
standard,1
uncompromising,1
provides,1
adequately,1
campaign,1
small,1
paladru,1
unambiguous,1
needs,1
initiating,1
concerning,1
west,1
few,1
removed,1
components,1
between,1
methods,1
difficulty,1
dramatic,1
peak,1
blunt,1
hotel,1
third,1
single,1
seeds,1
methodological,1
geographical,1
verde,1
overwhelmed,1
fully,1
hunters,1
early,1
weight,1
views,1
exclusively,1
lavagnone,1
st,1
archaeologist,1
necessity,1
severely,1
given,1
improvization,1
italy,1
journal,1
nettle,1
preserving,1
northern,1
results,1
strong,1
among,1
north,1
relative,1
concise,1
delivered,1
finds,1
peatland,1
resources,1
inform,1
moved,1
valuable,1
sophistication,1
hunt,1
hontoon,1
