WORDCOUNTS,WEIGHT
of,206
and,103
the,82
university,69
a,50
department,50
remains,39
phd,36
bones,34
esp,33
human,33
in,26
college,23
state,23
pollen,21
ca,21
box,20
museum,19
anthropology,19
to,19
street,19
w,18
dept,18
m,18
canada,17
biology,17
plant,16
research,16
c,16
po,15
mammalian,15
marine,14
new,14
be,14
f,13
with,13
teeth,13
taxonomists,12
or,12
for,12
road,12
arizona,12
is,11
az,11
are,11
tx,11
ny,11
at,10
identification,10
natural,10
faunal,10
shells,10
seeds,10
us,9
g,9
sciences,9
nm,9
institute,9
animal,9
west,9
skeletal,9
california,9
mammals,9
md,9
archaeology,8
as,8
h,8
freshwater,8
ontario,8
england,8
india,8
s,8
mollusks,8
i,8
cambridge,8
de,8
field,8
d,8
from,7
texas,7
robert,7
wood,7
great,7
central,7
mexico,7
k,7
science,6
l,6
e,6
who,6
zoology,6
biological,6
ms,6
index,6
by,6
t,6
j,6
avenue,6
vertebrate,6
entomology,6
pleistocene,6
bird,6
near,6
some,6
r,6
station,6
laboratory,6
were,6
have,6
clearinghouse,6
north,6
building,6
south,5
san,5
insects,5
insect,5
been,5
sw,5
they,5
b,5
not,5
prof,5
was,5
history,5
nw,5
also,5
that,5
all,5
john,5
hall,5
poona,5
richard,5
birds,5
fl,5
botany,5
archaeological,5
an,5
on,5
than,5
florida,5
la,5
snails,4
no,4
square,4
unit,4
se,4
their,4
archaeometric,4
arts,4
park,4
under,4
hair,4
ne,4
western,4
n,4
but,4
must,4
paul,4
minnesota,4
turtle,4
oh,4
plants,4
agricultural,4
dr,4
america,4
vol,4
holocene,4
work,4
drive,4
los,4
resource,4
textile,4
peter,4
diatoms,4
co,4
mn,4
leaf,4
st,4
journal,4
gastropods,4
calculi,3
it,3
route,3
fort,3
york,3
kenneth,3
barley,3
taxonomy,3
grasses,3
center,3
aquatic,3
food,3
animals,3
nevada,3
pacific,3
school,3
tn,3
jersey,3
toronto,3
more,3
colorado,3
dc,3
utah,3
other,3
scientists,3
rodents,3
arctic,3
international,3
comparative,3
there,3
dyes,3
william,3
them,3
list,3
mosses,3
spores,3
spain,3
james,3
ecology,3
indiana,3
wheat,3
virginia,3
medical,3
suny,3
resources,3
subject,3
asst,3
geology,3
reptile,3
systematic,3
ungulates,3
lice,3
made,3
washington,3
ut,3
david,3
southern,3
bone,3
crania,3
would,3
wi,3
specialists,3
so,3
palaeontology,3
pathology,3
palaeopathology,3
britain,3
geographical,3
mammal,3
even,3
alberta,3
society,3
tennessee,3
bee,2
may,2
earthworms,2
given,2
will,2
terrestrial,2
entomological,2
limits,2
way,2
if,2
barnacles,2
linda,2
macrobotanical,2
alphabetical,2
short,2
snakes,2
how,2
gastropoda,2
environmental,2
johnston,2
bulletin,2
ants,2
fossil,2
ohio,2
church,2
wilson,2
osteology,2
american,2
one,2
reptiles,2
analysis,2
nigeria,2
blood,2
incl,2
about,2
michael,2
united,2
invertebrates,2
uppsala,2
iand,2
carlisle,2
lloyd,2
brunswick,2
competence,2
read,2
missouri,2
dwight,2
forest,2
before,2
methodist,2
skin,2
listed,2
age,2
two,2
ostracods,2
first,2
island,2
australia,2
chenopodium,2
titles,2
rather,2
jackson,2
sweden,2
useful,2
willing,2
ba,2
know,2
ciencias,2
nebraska,2
charcoal,2
nb,2
switzerland,2
stonybrook,2
steven,2
came,2
could,2
carbonized,2
downing,2
shuler,2
search,2
p,2
domestic,2
camperdown,2
dds,2
ar,2
any,2
jos,2
very,2
carolina,2
cacti,2
arthur,2
apartado,2
living,2
facultad,2
jane,2
venezuela,2
wales,2
knutson,2
daniel,2
oregon,2
lane,2
fish,2
sh,2
coprolites,2
eastern,2
maine,2
has,2
behavioral,2
experiment,2
echinoderms,2
local,2
bivalve,2
degrees,2
bacteria,2
middle,2
bc,2
planning,2
pinnipedia,2
etc,2
nj,2
rchaeometric,2
fern,2
protein,2
desert,2
jfa,2
lake,2
london,2
athens,2
samples,2
ken,2
dental,2
spiders,2
argentina,2
malacology,2
place,2
jr,2
cervidae,2
immunological,2
bivalves,2
karen,2
rice,2
andrew,2
which,2
office,2
il,2
described,2
fleas,2
darjeeling,2
algae,2
this,2
professor,2
conodonts,2
since,2
proteins,2
indexed,2
illinois,2
macrofossils,2
national,2
health,2
interpret,2
individual,2
fauna,2
berkeley,2
land,2
states,2
division,2
association,2
berg,2
small,2
quebec,2
several,2
needs,2
leaves,2
purdue,2
highly,2
find,2
when,2
species,2
greece,2
italy,2
look,2
pa,2
nv,2
roster,2
impressions,2
gordon,2
cockroaches,2
cereals,2
mss,2
arkansas,2
nuts,1
hancock,1
chronological,1
enough,1
bernard,1
beauchamp,1
sigmund,1
cereal,1
therefore,1
dale,1
anglosperms,1
cystoliths,1
bartram,1
via,1
greenfield,1
rosetti,1
high,1
palkovich,1
avdelningen,1
vegetable,1
camelid,1
caracas,1
circle,1
farm,1
silica,1
waltham,1
willcox,1
stony,1
beetles,1
smas,1
ciudad,1
absence,1
without,1
biologist,1
botanical,1
wus,1
coleoptera,1
oil,1
george,1
provide,1
his,1
kjale,1
scientific,1
anthony,1
vorsila,1
homo,1
five,1
homer,1
main,1
mckenzie,1
coelenterata,1
glasgow,1
ornithology,1
wrote,1
impressive,1
angeles,1
service,1
serano,1
buckhorn,1
ready,1
albertj,1
telephone,1
gish,1
hill,1
possession,1
vague,1
resistant,1
noticiero,1
tundra,1
artiodactyls,1
bobrowsky,1
cf,1
wa,1
microbiology,1
forward,1
drummond,1
nelms,1
nearly,1
coastal,1
geobotany,1
midwest,1
oel,1
minneapoliso,1
busy,1
stephen,1
cuba,1
salle,1
forming,1
plantss,1
army,1
thurmond,1
manitoba,1
mississippi,1
team,1
itself,1
introduction,1
wiebe,1
starts,1
tjniversity,1
nsw,1
solem,1
bill,1
xl,1
gull,1
associate,1
kasarda,1
per,1
iiolocene,1
assoc,1
parasite,1
requests,1
ex,1
large,1
nisopodidae,1
countries,1
littoral,1
he,1
benjamin,1
va,1
avian,1
salvation,1
star,1
study,1
little,1
casually,1
wv,1
deeccan,1
scales,1
identify,1
ottawa,1
otation,1
frank,1
wheeler,1
evanson,1
marquette,1
missenden,1
riverina,1
yet,1
federal,1
interpretation,1
colleges,1
get,1
pliocene,1
directory,1
arrangements,1
madison,1
gems,1
rhyl,1
makes,1
recommendation,1
examlner,1
eugene,1
thought,1
modern,1
chiropractic,1
boalsburg,1
soon,1
old,1
conservation,1
rain,1
sociedad,1
east,1
vreeland,1
inuvik,1
particular,1
addressed,1
cewska,1
squash,1
universitetet,1
imposing,1
ancient,1
familiar,1
marshall,1
shaw,1
organized,1
cover,1
mildews,1
commonwealth,1
eg,1
bryozoans,1
orders,1
robinson,1
latin,1
rightly,1
continents,1
just,1
bast,1
following,1
suite,1
olsen,1
nineteenth,1
streets,1
geobotanical,1
cwb,1
sereno,1
iarge,1
newkirk,1
worms,1
borealforest,1
shore,1
al,1
carnivores,1
thermoactinomyces,1
cellular,1
bark,1
lal,1
primates,1
ville,1
already,1
wisconsin,1
squire,1
milwaukee,1
most,1
show,1
qualified,1
russ,1
simply,1
sociologyanthropology,1
volunteers,1
wagga,1
georgia,1
reprinted,1
member,1
regional,1
andfeathers,1
lenoir,1
only,1
archaeologists,1
implied,1
speedway,1
recent,1
kay,1
surrey,1
akey,1
organismic,1
lagomorphs,1
stressed,1
beneficial,1
laguna,1
bronze,1
followed,1
physical,1
timothy,1
palaeocene,1
separately,1
roderick,1
charles,1
hence,1
long,1
every,1
darwin,1
commission,1
organizations,1
avenues,1
janssens,1
leader,1
june,1
name,1
temperate,1
phillip,1
earle,1
allan,1
mannering,1
interests,1
quaternary,1
starr,1
neolithic,1
specimens,1
smithsonian,1
mo,1
ii,1
request,1
calgary,1
important,1
mitchel,1
excavation,1
roy,1
birmensdorf,1
others,1
cephalopods,1
hilgard,1
academy,1
beltsville,1
struever,1
insttute,1
palynological,1
lesions,1
ok,1
curator,1
ave,1
guernsey,1
pacijic,1
incomplete,1
kent,1
calliphoridae,1
each,1
union,1
official,1
cancer,1
prestigious,1
royal,1
swain,1
arrived,1
gregory,1
dalzell,1
advance,1
smith,1
company,1
lack,1
andfaunal,1
volman,1
ga,1
irving,1
affiliated,1
seem,1
services,1
nancy,1
excavating,1
did,1
caribou,1
best,1
down,1
postcranial,1
call,1
public,1
proposal,1
cummings,1
jellyfish,1
patrick,1
appeared,1
ought,1
ripon,1
post,1
sandefur,1
scott,1
foundation,1
bodrhyddhan,1
city,1
programmazione,1
ceska,1
out,1
abbreviations,1
spivey,1
larger,1
deal,1
scientifica,1
respondents,1
murry,1
jingle,1
malcolm,1
cornell,1
gray,1
ph,1
plead,1
xyloryctidae,1
pillsbury,1
raphael,1
bonnie,1
liberal,1
hommocks,1
dillon,1
survey,1
jennifer,1
palaeontologists,1
chairman,1
nonpasserine,1
listing,1
moose,1
nuclear,1
las,1
das,1
help,1
repke,1
gramineae,1
instituto,1
lnz,1
enlarge,1
amphibian,1
grimm,1
roosevelt,1
leigh,1
anne,1
kliks,1
sebastian,1
houde,1
hwy,1
term,1
mclaughlin,1
sparling,1
hugh,1
vegetation,1
crustaceans,1
merely,1
better,1
lead,1
kempers,1
academic,1
written,1
floral,1
blvd,1
clemens,1
matthiesen,1
saying,1
albright,1
equally,1
pawtucket,1
those,1
principal,1
though,1
silver,1
studio,1
hennepin,1
erindale,1
alabama,1
somewhat,1
ky,1
what,1
trappings,1
stock,1
genera,1
waterloo,1
within,1
leaffragments,1
kvartargeologiska,1
chandra,1
seals,1
luis,1
halstead,1
postal,1
context,1
el,1
walrus,1
fruits,1
beloit,1
terms,1
population,1
subarctic,1
boyd,1
carmvores,1
hilary,1
murty,1
british,1
strecker,1
idwestern,1
coast,1
parris,1
council,1
medicina,1
varying,1
beaudet,1
sociology,1
publications,1
russell,1
forestry,1
catostomidae,1
gabriele,1
determinations,1
notices,1
hills,1
universidad,1
kentucky,1
perhaps,1
maryland,1
guarantee,1
payne,1
district,1
directions,1
eand,1
exoskeletons,1
unnecessary,1
mollie,1
zoologia,1
mary,1
siekman,1
jack,1
linfield,1
palynologist,1
number,1
u,1
microbiologist,1
me,1
firm,1
rating,1
agriculture,1
bs,1
rhode,1
degree,1
protozoa,1
clinic,1
calhoun,1
annoyed,1
nancarles,1
sciulli,1
antunez,1
delle,1
chevron,1
none,1
simon,1
too,1
eidgenossische,1
paleontology,1
howard,1
toothed,1
possible,1
apt,1
reese,1
morales,1
urban,1
journals,1
gobalet,1
limnological,1
used,1
vast,1
woodstock,1
foraminifera,1
deerfield,1
christine,1
sciencias,1
both,1
kenyon,1
responding,1
salivary,1
stow,1
levine,1
capital,1
delivery,1
fraser,1
qualifications,1
presented,1
range,1
joseph,1
emslie,1
randall,1
limitations,1
hillis,1
wing,1
macs,1
bony,1
county,1
nc,1
westland,1
beck,1
systematics,1
point,1
europe,1
fungi,1
x,1
botanico,1
osteoarchaeology,1
sea,1
carlyle,1
medicine,1
vertedrates,1
fur,1
knowledge,1
holt,1
baylor,1
donald,1
remsins,1
noddle,1
curt,1
renewable,1
facto,1
travelodge,1
plans,1
ortega,1
listings,1
burleigh,1
vitantonio,1
gulf,1
frait,1
kathleen,1
territory,1
use,1
andrews,1
cb,1
gave,1
woodj,1
anstalt,1
peremptory,1
lockley,1
palynology,1
collection,1
government,1
castillo,1
francis,1
elk,1
kenna,1
harold,1
fsh,1
broad,1
shamrock,1
people,1
submitted,1
foxhall,1
expertise,1
ustralia,1
net,1
versuchswesen,1
madrid,1
construed,1
edgewood,1
paula,1
della,1
lawrence,1
electrophoresis,1
owering,1
candace,1
mcgill,1
parasitology,1
subsumed,1
baffling,1
analysts,1
highsett,1
dameron,1
vertebrates,1
koregaon,1
eric,1
forstliche,1
naturales,1
previous,1
parasitic,1
guthrie,1
institution,1
llce,1
rocks,1
pennsylvania,1
swallow,1
hebda,1
milano,1
fibers,1
project,1
sharon,1
dartmouth,1
touch,1
alan,1
such,1
arturo,1
benatar,1
run,1
osten,1
initial,1
polytechnic,1
historic,1
contract,1
mummies,1
ecologia,1
jose,1
helen,1
hedrick,1
cileo,1
diptera,1
language,1
grant,1
uk,1
kurz,1
earth,1
africa,1
molds,1
aided,1
interest,1
laurentian,1
good,1
marsha,1
responses,1
marie,1
decapods,1
patricia,1
reyes,1
housley,1
include,1
guadalupe,1
salt,1
ri,1
coprolitess,1
adams,1
jones,1
gourds,1
moreau,1
need,1
kidney,1
cotton,1
susan,1
cardiff,1
botanica,1
him,1
msc,1
trees,1
stage,1
childress,1
collected,1
cucurbitaceae,1
anatomical,1
passalidae,1
ernesto,1
kind,1
order,1
deborah,1
peduncle,1
after,1
unpaid,1
feathers,1
opilionids,1
seethalakshmi,1
preservation,1
piana,1
elsie,1
corals,1
martin,1
bhanu,1
francisco,1
bayham,1
odobenus,1
late,1
brook,1
meinrad,1
geography,1
calling,1
parkway,1
specificity,1
deer,1
flora,1
soil,1
specific,1
louisiana,1
problems,1
catedra,1
findley,1
universitaria,1
santa,1
bridge,1
vascular,1
oral,1
evolutionary,1
substitute,1
assumed,1
columbia,1
alpine,1
eggs,1
rhuddlan,1
glynis,1
difficulty,1
facility,1
young,1
narrow,1
souidias,1
duct,1
archaeozoology,1
mcintyre,1
ann,1
site,1
asia,1
pedro,1
wc,1
giunta,1
reached,1
da,1
can,1
michigan,1
helminthology,1
claremont,1
always,1
partial,1
henry,1
early,1
garrard,1
seed,1
muscidae,1
valley,1
ascomycetes,1
df,1
salmonidae,1
southwest,1
ks,1
northern,1
robbins,1
departments,1
results,1
proper,1
wells,1
parasites,1
staff,1
lula,1
louise,1
lucile,1
deaver,1
taylor,1
inquiries,1
herpetology,1
houssiere,1
storer,1
anatomy,1
shirley,1
joint,1
rhone,1
value,1
occasion,1
should,1
general,1
grateful,1
gross,1
hardly,1
zizania,1
asked,1
diana,1
vangaut,1
gasser,1
identif,1
molluscan,1
cascade,1
am,1
tissue,1
ma,1
kolar,1
scienze,1
widely,1
brown,1
evidently,1
adolf,1
defense,1
emily,1
marin,1
elizabeth,1
