WORDCOUNTS,WEIGHT
the,912
of,578
a,313
and,263
in,195
to,138
with,134
is,94
str,86
at,85
are,66
that,63
i,60
as,60
on,53
was,51
from,50
de,49
this,49
la,49
construction,47
an,45
late,44
maya,44
naco,42
have,41
or,40
by,40
for,39
its,37
valle,36
clay,36
surface,36
dressed,36
has,36
which,35
it,34
classic,34
j,31
two,31
m,30
wall,29
central,28
small,28
large,27
stone,27
along,27
pottery,27
investigations,27
structures,26
sierra,26
be,26
building,26
excavations,25
terrace,25
may,25
cultural,24
south,24
more,24
north,24
main,23
no,23
s,23
not,23
cobble,23
into,22
than,22
been,22
floor,21
l,21
though,21
but,20
original,20
postclassic,20
were,20
platform,20
frontier,20
excavation,19
settlement,19
also,19
structure,19
mounds,19
set,19
group,18
lower,18
within,18
plaster,18
occupation,18
few,18
mound,18
blocks,18
represent,17
they,17
east,17
center,17
cobbles,17
white,17
produced,17
these,17
figure,17
area,17
valley,17
stair,16
there,16
some,16
most,16
well,16
archaeological,16
upper,16
red,15
ball,15
west,15
only,15
end,15
northwestern,15
playing,15
court,14
plain,14
eastern,14
santo,14
ceramics,14
r,14
field,14
will,14
many,14
polychromes,14
architectural,14
period,14
so,14
form,14
cit,13
corner,13
walls,13
near,13
polychrome,13
nw,13
al,13
ceramic,13
variation,13
features,13
earlier,13
note,13
step,13
functional,12
other,12
similar,12
plaza,12
w,12
zone,12
et,12
new,12
material,12
op,12
indicate,12
chamber,12
extensive,12
range,12
complex,11
cornell,11
x,11
relationships,11
site,11
centers,11
revealed,11
sequence,11
three,11
thick,11
bench,11
over,11
remodelling,11
c,11
low,10
bowls,10
interior,10
journal,10
university,10
data,10
work,10
least,10
stage,10
domingo,10
culture,10
same,10
sector,10
understanding,10
rio,10
region,10
between,10
early,10
preclassic,9
one,9
history,9
side,9
terraces,9
indications,9
lowest,9
suggest,9
located,9
all,9
represents,9
orange,9
including,9
entirely,9
use,9
probably,9
associated,9
summit,9
destroyed,9
evidence,9
remains,9
later,8
groups,8
first,8
platforms,8
point,8
sand,8
exploratory,8
honduras,8
had,8
base,8
sites,8
t,8
buildings,8
several,8
absence,8
surviving,8
southern,8
shows,8
style,8
full,8
would,8
function,8
here,8
natural,8
domestic,8
particularly,8
d,8
forming,8
major,8
e,7
tripod,7
test,7
packed,7
prehispanic,7
trench,7
steps,7
basic,7
their,7
presumably,7
section,7
artifacts,7
part,7
unslipped,7
core,7
chronological,7
second,7
structural,7
decoration,7
technique,7
occupations,7
plan,7
time,7
surfaces,7
superstructure,7
adjacent,7
contours,7
stairway,7
black,7
deposit,7
often,7
analysis,7
must,7
constructed,7
different,7
carefully,7
size,7
level,7
smaller,7
common,6
portion,6
differences,6
survey,6
similarities,6
slip,6
design,6
includes,6
b,6
elaborate,6
front,6
intensive,6
orientation,6
outset,6
public,6
los,6
floors,6
treads,6
around,6
phase,6
variety,6
architecture,6
outer,6
layer,6
larger,6
regadillo,6
involves,6
high,6
stages,6
facing,6
mainly,6
slightly,6
provide,6
censers,6
face,6
cm,6
far,6
produce,6
both,6
courses,6
include,6
comparable,6
should,6
difficult,5
limits,5
edge,5
benches,5
remnants,5
before,5
nature,5
cortes,5
designs,5
america,5
figs,5
vol,5
activity,5
beneath,5
since,5
santa,5
abuts,5
z,5
thin,5
even,5
strs,5
reflects,5
too,5
additional,5
closely,5
location,5
found,5
typical,5
superstructures,5
line,5
during,5
surrounding,5
stylized,5
excavated,5
hard,5
below,5
up,5
inset,5
nearly,5
copan,5
atop,5
ware,5
ulua,5
ancient,5
apron,5
largest,5
flat,5
added,5
fragments,5
ground,5
wonderley,5
deep,5
encountered,5
ties,5
exchange,5
connections,5
irregular,5
program,5
vertical,5
lines,5
itself,5
earliest,5
series,5
exploration,5
constructions,5
careful,5
through,5
extended,5
much,5
among,5
final,4
alley,4
horizontal,4
determine,4
western,4
footing,4
permit,4
originally,4
taken,4
seems,4
basal,4
principal,4
occasional,4
functions,4
obvious,4
very,4
corresponding,4
widened,4
occurs,4
slabs,4
apparently,4
without,4
across,4
sw,4
se,4
river,4
plates,4
painted,4
juncture,4
out,4
initial,4
block,4
cannot,4
wide,4
none,4
used,4
apparent,4
reflect,4
involved,4
spanish,4
stones,4
latest,4
preliminary,4
massive,4
periods,4
barbara,4
f,4
drainage,4
squared,4
economic,4
single,4
about,4
communities,4
interpretation,4
falls,4
regional,4
double,4
fill,4
john,4
pattern,4
external,4
do,4
where,4
local,4
pipil,4
identity,4
faces,4
evidently,4
general,4
states,4
covering,4
united,4
types,4
stratigraphic,4
sherds,4
terraced,4
any,4
investigation,4
extent,4
almost,4
transition,4
prepared,4
spiked,4
sectors,4
zones,4
ca,4
does,3
done,3
sterile,3
anthony,3
judging,3
extend,3
extends,3
appear,3
debris,3
settlements,3
candidate,3
geometric,3
sr,3
either,3
long,3
polished,3
layout,3
principles,3
height,3
advantage,3
simple,3
take,3
subsequent,3
date,3
emphasized,3
precisely,3
el,3
less,3
mechanized,3
quantity,3
above,3
representing,3
exposed,3
distinctive,3
constructional,3
relatively,3
tumbled,3
sample,3
nor,3
hemispherical,3
fig,3
third,3
y,3
poorly,3
higher,3
interesting,3
fuller,3
highlands,3
represented,3
survives,3
scattered,3
reason,3
possibly,3
n,3
traces,3
connecting,3
care,3
faced,3
cut,3
prehistoric,3
complexes,3
cylinder,3
baudez,3
possibility,3
usulutan,3
department,3
bowl,3
people,3
occupied,3
buff,3
refuse,3
regions,3
related,3
quite,3
bank,3
shapes,3
dependent,3
proper,3
rest,3
overall,3
reconstruction,3
make,3
suppose,3
once,3
enigmatic,3
ethnographic,3
toward,3
motifs,3
addition,3
adobe,3
contemporary,3
considerable,3
pennsylvania,3
forms,3
covered,3
perhaps,3
matrix,3
made,3
farming,3
patricia,3
birds,3
hieroglyphic,3
top,3
ladle,3
minimize,3
trade,3
explorations,3
like,3
belongs,3
preservation,3
especially,3
behind,3
parallel,3
feet,3
obsidian,3
those,3
clusters,3
depth,3
continued,3
sometimes,3
archaeology,3
detailed,3
composed,3
heavy,3
sula,3
risers,3
extending,3
robbed,3
each,3
surfaced,3
seem,3
did,3
best,3
down,3
historical,3
enlarged,3
phd,3
ilene,3
agriculture,3
elnal,3
what,3
rising,3
utilitarian,3
cluster,3
vessels,3
occasionally,3
preserved,3
slopes,3
strong,3
course,3
involving,3
surely,3
quiche,3
deposits,3
substantial,3
entire,3
little,3
built,3
row,3
now,2
o,2
oriented,2
if,2
suggested,2
expedition,2
notably,2
expect,2
putative,2
designed,2
rchaeology,2
h,2
easily,2
descriptive,2
ascends,2
undertaken,2
necessarily,2
laid,2
total,2
eastward,2
certainly,2
ii,2
might,2
monte,2
joins,2
tradition,2
belong,2
great,2
imported,2
analyses,2
producing,2
spaced,2
feature,2
vegetation,2
consist,2
stand,2
political,2
context,2
system,2
issue,2
effigy,2
narrower,2
sophisticated,2
modify,2
paved,2
primary,2
bases,2
tubular,2
rests,2
account,2
quantities,2
placement,2
fitting,2
marked,2
sabloff,2
flank,2
except,2
wallace,2
framework,2
repeatedly,2
goal,2
retaining,2
throughout,2
such,2
illustrates,2
against,2
american,2
comprised,2
turn,2
resting,2
distinct,2
elements,2
better,2
times,2
highest,2
boundary,2
served,2
networks,2
obscure,2
ladles,2
focussed,2
traditions,2
traits,2
influence,2
phases,2
assessed,2
poor,2
york,2
essential,2
rather,2
peten,2
mexican,2
en,2
censer,2
neatly,2
proportion,2
after,2
connected,2
direct,2
parts,2
special,2
factors,2
interspersed,2
prehistory,2
locally,2
foothills,2
established,2
branch,2
linked,2
just,2
completion,2
four,2
show,2
commonly,2
jars,2
foothill,2
beyond,2
definite,2
important,2
systems,2
ha,2
conquest,2
greater,2
incomplete,2
based,2
concentration,2
erosion,2
chamelecon,2
p,2
combinations,2
shared,2
further,2
suffered,2
absolute,2
required,2
because,2
participation,2
subphases,2
heart,2
crude,2
henderson,2
densely,2
middle,2
away,2
compact,2
project,2
artifact,2
status,2
earth,2
good,2
social,2
next,2
smithsonian,2
research,2
decline,2
coast,2
when,2
filling,2
using,2
incision,2
he,2
san,2
situation,2
arrangement,2
synthesis,2
edges,2
still,2
indicates,2
initially,2
paint,2
religious,2
direction,2
crabs,2
imply,2
makes,2
serve,2
ring,2
continuity,2
chronology,2
ne,2
neither,2
rectangular,2
already,2
insights,2
begins,2
disposition,2
stream,2
mark,2
others,2
longer,2
instituto,2
identical,2
channel,2
never,2
patterns,2
conclusions,2
antropologia,2
v,2
superimposed,2
abut,2
assemblage,2
punctation,2
remarkably,2
another,2
investigated,2
discussion,2
survive,2
assemblages,2
enormous,2
mortuary,2
concern,2
largely,2
net,2
rare,2
styles,2
nothing,2
versions,2
open,2
clear,2
sherd,2
directed,2
individual,2
mexico,2
serves,2
dry,2
comayagua,2
disclosed,2
study,2
narrow,2
milpa,2
shallow,2
effect,2
dense,2
ethnohistory,2
we,2
attention,2
brown,2
separate,2
space,2
relationship,2
tecomates,2
tentative,2
she,2
pans,2
segments,2
bulk,2
usually,2
rough,2
reasonable,2
ordinary,2
jt,2
length,2
unusual,2
rangc,2
dissertation,2
conclusion,2
version,2
peoples,2
simply,2
continues,2
slope,2
recognizable,2
perforated,2
sterns,2
shares,2
jeanne,2
basins,2
report,2
foundation,2
las,2
bands,2
portions,2
selected,2
covers,2
sloping,2
inscriptions,2
her,2
foundations,2
periphery,2
require,2
information,2
suggests,2
corteos,2
urban,2
finished,2
determined,2
pits,2
reported,2
uniform,2
interaction,2
confirm,2
role,2
intended,2
lies,2
contribute,2
maintained,2
naranjos,2
precision,2
devoted,2
presence,2
commercial,2
obliterated,2
typically,2
define,2
bear,2
stubs,2
ciudad,2
defined,2
await,2
extremely,2
walking,2
shift,2
definitive,2
roughly,2
supported,2
clarify,2
consisted,2
hills,2
partial,2
exclusively,2
traditional,2
recent,2
southeastern,2
rubble,2
close,2
ollas,2
thickened,1
resolve,1
carved,1
go,1
modelling,1
gerald,1
mostly,1
way,1
embellishes,1
fertile,1
stylistic,1
tion,1
recalls,1
stairways,1
stood,1
ready,1
nicaragua,1
personnel,1
resulted,1
intriguing,1
managua,1
alone,1
poorer,1
considerably,1
enclosing,1
introduction,1
sphere,1
distributed,1
mouth,1
village,1
overland,1
reflection,1
interrelationships,1
conducted,1
residences,1
cyprus,1
ana,1
kinds,1
properly,1
terminated,1
algunas,1
formed,1
hondureno,1
handles,1
sump,1
units,1
fray,1
completely,1
drawings,1
notched,1
modern,1
ballcourt,1
ei,1
supervised,1
trenching,1
ffi,1
provincias,1
unlike,1
aneient,1
bend,1
lowlands,1
rosemary,1
hypotheffcal,1
source,1
descriptions,1
lal,1
landowners,1
prosperous,1
experience,1
consistent,1
fabric,1
archaeologists,1
widens,1
drcssed,1
lateral,1
pleasure,1
surmounted,1
arcf,1
mosaics,1
beautifully,1
forthwestern,1
preceding,1
cobblesurfaced,1
implications,1
colors,1
meters,1
culturally,1
concentrated,1
rapid,1
season,1
attempt,1
expectation,1
carmack,1
worked,1
fragmentary,1
burnishing,1
floored,1
salvador,1
montejo,1
containing,1
metate,1
sketchy,1
available,1
ceramiques,1
hinting,1
ssistant,1
broken,1
suggesting,1
deelning,1
featuring,1
shoulder,1
firm,1
confirming,1
follows,1
link,1
thanks,1
closer,1
hundred,1
onto,1
room,1
religion,1
deelne,1
pavement,1
real,1
search,1
achieved,1
dshaped,1
ancestry,1
rebuilt,1
unrepresented,1
state,1
raised,1
midden,1
roster,1
heimun,1
daniel,1
papers,1
sound,1
lic,1
dearth,1
undressed,1
materlal,1
linear,1
seven,1
gaps,1
anthropologists,1
ethnos,1
slips,1
copador,1
hall,1
drastic,1
stepped,1
occupying,1
prior,1
possible,1
domestlc,1
outlying,1
cooperation,1
cihuatan,1
composes,1
bibliography,1
remodelled,1
padre,1
occupy,1
fine,1
whatever,1
apart,1
taking,1
conceptual,1
reflecting,1
events,1
resources,1
bottom,1
vaca,1
mat,1
illustrating,1
masks,1
problems,1
inventory,1
overlaps,1
funded,1
modelled,1
exist,1
frequencies,1
iron,1
collapse,1
differential,1
que,1
integral,1
blades,1
reverse,1
component,1
immediate,1
development,1
pilot,1
professor,1
unprepossessing,1
congreso,1
comerciales,1
g,1
redslipped,1
uppermost,1
chennel,1
ethnohistorical,1
regarded,1
mixed,1
relations,1
capped,1
facet,1
uniformity,1
actas,1
constellation,1
intermingling,1
century,1
sf,1
transitional,1
cases,1
precludes,1
tabulation,1
underlying,1
refer,1
cosas,1
back,1
petrographic,1
serving,1
six,1
houses,1
dates,1
descalzada,1
continuous,1
misleading,1
storage,1
explore,1
comales,1
placements,1
communication,1
look,1
walkways,1
details,1
loc,1
deeply,1
obliterating,1
kidder,1
om,1
baudezs,1
depths,1
informative,1
distribution,1
smoothed,1
civilization,1
operation,1
reconstructed,1
wavy,1
recognized,1
manchaguala,1
whose,1
coats,1
constellations,1
identification,1
operations,1
his,1
partition,1
growth,1
bcen,1
absent,1
alonso,1
remain,1
edward,1
unit,1
sizable,1
centimeters,1
subsistence,1
compacted,1
slipped,1
unmatched,1
plafforl,1
affiliation,1
importance,1
del,1
sierras,1
refuses,1
adan,1
illustrations,1
distant,1
summarized,1
verdadera,1
cueva,1
provides,1
caps,1
support,1
wash,1
means,1
modified,1
ij,1
katherine,1
processional,1
discernible,1
acquisition,1
marks,1
identielcation,1
ramp,1
objects,1
organization,1
counterclockwise,1
imposing,1
guatemalan,1
organized,1
emergence,1
sucedieron,1
elsewhere,1
mayapan,1
iong,1
gradually,1
k,1
house,1
profile,1
prevent,1
presumed,1
potters,1
recovered,1
ponce,1
requires,1
subsidiary,1
flakes,1
shifted,1
construca,1
unfailing,1
projected,1
alexis,1
mussel,1
dug,1
drawing,1
view,1
oblique,1
stands,1
nthropology,1
figurc,1
projections,1
salvage,1
cynthia,1
societe,1
deelnite,1
route,1
nace,1
histories,1
rl,1
rule,1
begun,1
chipped,1
elt,1
babilonia,1
impressionistic,1
abutted,1
deal,1
rooms,1
facilitate,1
intermediary,1
requirements,1
identifiably,1
configuration,1
governing,1
tiers,1
osmin,1
encasing,1
climber,1
embedded,1
guatemala,1
density,1
meter,1
handbook,1
intervening,1
neighboring,1
understood,1
buried,1
stock,1
metalworking,1
indirect,1
residential,1
recently,1
population,1
persons,1
meet,1
separates,1
otherwise,1
record,1
outside,1
schist,1
noroeste,1
nolasco,1
thorny,1
sparse,1
impression,1
aspects,1
chiapas,1
directly,1
hybrid,1
pedro,1
relief,1
outsets,1
planning,1
douglas,1
received,1
steep,1
fionduras,1
nine,1
future,1
concept,1
prominent,1
rat,1
vito,1
tributary,1
sharon,1
example,1
xss,1
strips,1
overview,1
accretion,1
place,1
applique,1
partly,1
streams,1
falling,1
pan,1
elller,1
redand,1
xll,1
showing,1
ter,1
smoother,1
attributed,1
approach,1
ev,1
rcheological,1
longyear,1
creating,1
veliz,1
commerce,1
arise,1
composite,1
working,1
straight,1
tested,1
compensating,1
trading,1
order,1
tsm,1
squarely,1
incensarios,1
family,1
encompasses,1
soil,1
wider,1
components,1
ill,1
starting,1
civic,1
refinement,1
essentially,1
cylinders,1
fiondurasl,1
fully,1
visible,1
richness,1
inability,1
st,1
os,1
results,1
dropping,1
annemarie,1
environmentally,1
reflected,1
provided,1
finds,1
frontal,1
directional,1
cobbless,1
schematic,1
activities,1
bolstered,1
seemed,1
avoid,1
lend,1
survived,1
replacing,1
span,1
ceramies,1
threatened,1
therefore,1
scored,1
led,1
underlies,1
eclectic,1
exterior,1
minor,1
matter,1
various,1
expanse,1
numerals,1
letters,1
buttress,1
identified,1
descending,1
structurcs,1
bullard,1
expansion,1
yucatan,1
conquestperiod,1
limited,1
sectorll,1
forward,1
disturbance,1
tropical,1
intensively,1
exerts,1
community,1
grande,1
says,1
precolombinos,1
masons,1
employs,1
seemingly,1
cooler,1
southeast,1
flange,1
housing,1
coverage,1
flush,1
under,1
intermediate,1
fifth,1
exposure,1
bone,1
historia,1
remnant,1
hilly,1
rims,1
tax,1
included,1
fringes,1
une,1
assistance,1
congruent,1
glyphlike,1
ed,1
accelerated,1
yojoa,1
junctions,1
homogeneous,1
scraps,1
unusually,1
ji,1
suzanne,1
independent,1
picture,1
published,1
volume,1
alteration,1
salvadorean,1
oral,1
westward,1
skill,1
monkeys,1
bits,1
again,1
approaching,1
residence,1
missing,1
provincia,1
naive,1
doorway,1
marker,1
luis,1
limit,1
pressure,1
muchas,1
centered,1
focusses,1
appeared,1
documents,1
striking,1
lacks,1
rebuilding,1
instability,1
banks,1
gray,1
borders,1
relacion,1
substantially,1
astride,1
americanistes,1
seldom,1
snail,1
removal,1
olla,1
outermost,1
transit,1
enough,1
hand,1
monographs,1
present,1
mayanists,1
model,1
thins,1
nonmaya,1
pagden,1
coarse,1
heavily,1
ports,1
simplicity,1
nueva,1
fewer,1
belief,1
exceeds,1
frequency,1
yarumela,1
degree,1
remained,1
griddle,1
entrance,1
interpreting,1
trait,1
entirety,1
classes,1
exhibit,1
candeleros,1
situated,1
crudely,1
comprise,1
discovery,1
explanation,1
chiefly,1
upon,1
accompanying,1
maritime,1
populace,1
sides,1
fallen,1
formal,1
jfa,1
vegetated,1
progressively,1
retains,1
similarity,1
increase,1
elite,1
complexities,1
hypotheses,1
vww,1
additions,1
virtually,1
bajrbara,1
aside,1
hardpacked,1
evolution,1
roman,1
variables,1
eden,1
continue,1
laboratory,1
raising,1
relegated,1
dating,1
underwent,1
clearing,1
futile,1
perimeter,1
pls,1
lengthened,1
subtle,1
authors,1
grew,1
comprehensive,1
points,1
dominated,1
decorated,1
interpret,1
david,1
sliding,1
flood,1
lie,1
counted,1
filled,1
accurate,1
households,1
ascending,1
intrinsic,1
internal,1
article,1
relation,1
can,1
enjoyed,1
corners,1
socially,1
southwest,1
northern,1
figures,1
slab,1
ular,1
destruction,1
upstream,1
joint,1
basically,1
footings,1
corridor,1
complicates,1
decision,1
flanking,1
overlapping,1
cccupied,1
indented,1
consists,1
alters,1
topography,1
lo,1
modification,1
backward,1
breve,1
dominates,1
raise,1
fairly,1
bevelled,1
washed,1
ecological,1
five,1
foreign,1
sx,1
impressive,1
maps,1
usulutaon,1
pieces,1
exacerbated,1
insufficient,1
primarily,1
le,1
becomes,1
collections,1
began,1
jar,1
circumstance,1
markers,1
remaining,1
rapidly,1
thinning,1
could,1
archeologie,1
class,1
changes,1
diagnostic,1
achieve,1
stratified,1
exists,1
permeable,1
eltting,1
monumental,1
resemble,1
forest,1
meant,1
stable,1
forests,1
stephen,1
sections,1
undertook,1
eventually,1
indeterminate,1
following,1
civilizations,1
comes,1
dishes,1
complexity,1
changing,1
incorporated,1
cenfigure,1
demonstrate,1
ever,1
known,1
lnternacional,1
satisfactory,1
dr,1
trenches,1
reconnaissance,1
besides,1
temple,1
defining,1
rear,1
anthropology,1
maingroup,1
quirigua,1
setting,1
unknown,1
mantle,1
current,1
proportional,1
iii,1
spaniards,1
stretching,1
boasted,1
obviously,1
pebbles,1
ff,1
goods,1
plazas,1
oblivion,1
cultivation,1
yaxkin,1
associations,1
pit,1
quintana,1
stamped,1
placing,1
hamlets,1
assessment,1
lending,1
turned,1
hint,1
encroaching,1
clarity,1
animal,1
id,1
according,1
heads,1
economy,1
whether,1
terms,1
list,1
making,1
particular,1
mano,1
contrasting,1
map,1
problem,1
surveying,1
nicarao,1
semaya,1
correlates,1
number,1
grades,1
migrations,1
flanges,1
phenomena,1
emphasis,1
hundreds,1
des,1
outline,1
demarcated,1
balances,1
portraying,1
multiple,1
ruled,1
thereby,1
surveys,1
cl,1
facings,1
altogether,1
rd,1
became,1
stairs,1
elrst,1
giving,1
pertain,1
everywhere,1
territory,1
vertically,1
dw,1
distinguishable,1
disconcerting,1
colonial,1
phenomenon,1
indians,1
world,1
glyphic,1
deities,1
isolated,1
tall,1
au,1
writing,1
eroding,1
aspect,1
departamento,1
pair,1
slumped,1
analogy,1
eric,1
question,1
moderate,1
locations,1
hernan,1
fi,1
years,1
difference,1
coated,1
resist,1
powdery,1
kol,1
nicaraguan,1
completed,1
approximately,1
land,1
proceeding,1
need,1
tabular,1
clues,1
off,1
shells,1
ramie,1
spots,1
archaic,1
comparison,1
vessel,1
removed,1
assumed,1
melange,1
themselves,1
espana,1
fonseca,1
progressive,1
chiapanec,1
texts,1
deposition,1
maximum,1
farmland,1
participant,1
gulf,1
belize,1
cross,1
indicating,1
manufactured,1
sculptured,1
axial,1
dt,1
occur,1
deeper,1
