WORDCOUNTS,WEIGHT
the,301
of,224
and,194
in,88
a,68
to,47
this,40
isbn,36
index,31
from,31
is,29
archaeology,29
volume,27
as,27
university,26
on,22
at,21
new,21
cloth,21
press,20
an,19
site,19
paper,17
for,17
that,16
archaeological,16
history,14
series,14
with,13
by,13
author,13
report,12
general,12
editors,12
contributions,10
studies,10
neolithic,10
are,10
first,9
historic,9
excavations,9
preservation,9
study,9
early,9
evidence,9
references,8
was,8
culture,8
has,8
through,8
editor,8
cambridge,8
publication,8
research,8
world,8
w,7
franchthi,7
prehistoric,7
material,7
well,7
conference,7
both,7
national,7
field,7
no,6
american,6
ancient,6
reports,6
social,6
ceramic,6
historical,6
present,6
council,6
account,6
richard,6
role,6
its,6
human,6
includes,6
development,6
g,6
publications,6
recent,6
paleolithic,5
it,5
civilization,5
detailed,5
prehistory,5
symbolic,5
analyses,5
blackwell,5
michael,5
andean,5
advisory,5
maya,5
intended,5
focus,5
central,5
regional,5
area,5
written,5
north,5
pottery,5
l,4
economic,4
synthesis,4
interpretation,4
description,4
classic,4
silk,4
construction,4
guide,4
park,4
presents,4
t,4
aztec,4
also,4
ian,4
book,4
available,4
great,4
pennsylvania,4
m,4
context,4
institute,4
such,4
e,4
work,4
bibliography,4
upon,4
part,4
during,4
while,4
white,4
industrial,4
black,4
spanish,4
hodder,4
journal,4
examines,4
final,3
european,3
pecos,3
relationship,3
hammad,3
reflects,3
practices,3
architecture,3
way,3
his,3
introduction,3
chimney,3
southern,3
k,3
analysis,3
list,3
united,3
english,3
combines,3
chronology,3
periods,3
um,3
changing,3
peoples,3
hudson,3
lower,3
recovered,3
rise,3
origins,3
production,3
colorado,3
all,3
scholars,3
societies,3
p,3
years,3
polynesian,3
figurines,3
william,3
road,3
within,3
terms,3
ceramics,3
cover,3
ltd,3
tikal,3
theory,3
illustrated,3
inca,3
free,3
thames,3
information,3
italian,3
some,3
those,3
presented,3
data,3
transition,3
religion,3
use,3
discussion,3
sequence,3
issues,3
throughout,3
annotated,3
office,3
tell,3
fieldwork,3
alan,3
authors,3
charge,3
published,3
basil,3
nasca,3
settlement,3
developments,3
exchange,3
summary,3
concerning,3
between,3
interpretations,3
egypt,3
coast,3
axe,3
valley,3
documentary,3
greece,3
occupation,3
chronological,2
will,2
preclassic,2
san,2
second,2
cahuachi,2
implications,2
frangoise,2
act,2
scientific,2
pittsburgh,2
subject,2
basic,2
iowa,2
environmental,2
how,2
directions,2
millennia,2
center,2
large,2
settlements,2
their,2
mesoamerica,2
hoxne,2
life,2
pages,2
structural,2
britain,2
illustrations,2
poggio,2
sheffield,2
communications,2
colin,2
communities,2
pacific,2
federal,2
types,2
reference,2
changes,2
photographs,2
addressed,2
or,2
excavation,2
religions,2
latin,2
complete,2
readers,2
fasc,2
edition,2
suite,2
civilizations,2
monograph,2
descriptions,2
calendar,2
these,2
two,2
included,2
extensive,2
resource,2
people,2
discipline,2
reconnaissance,2
provide,2
western,2
text,2
altitude,2
rocky,2
french,2
paul,2
law,2
set,2
challenge,2
korean,2
make,2
dc,2
jacobsen,2
conquest,2
rock,2
draws,2
environment,2
j,2
character,2
specialized,2
s,2
explores,2
together,2
basin,2
domestic,2
farmers,2
out,2
deal,2
district,2
other,2
trb,2
further,2
v,2
robert,2
cultural,2
landscape,2
daniel,2
empire,2
papers,2
produced,2
methodological,2
theoretical,2
problematical,2
bruce,2
particular,2
scale,2
books,2
method,2
near,2
al,2
america,2
local,2
vol,2
emphasis,2
r,2
up,2
understanding,2
areas,2
activity,2
middle,2
bc,2
coherent,2
indiana,2
october,2
reader,2
interdisciplinary,2
europe,2
deposits,2
discusses,2
timothy,2
edn,2
bottom,2
related,2
along,2
ac,2
island,2
summarizes,2
manuals,2
figures,2
aims,2
archaeologists,2
terminal,2
et,2
california,2
devoted,2
dating,2
interested,2
memoirs,2
three,2
nile,2
made,2
assemblages,2
david,2
include,2
kyle,2
price,2
d,2
encyclopedia,2
states,2
serves,2
mountain,2
old,2
several,2
academic,2
specific,2
etruscan,2
methods,2
columbia,2
industry,2
topics,2
be,2
james,2
concepts,2
annual,2
views,2
jordan,2
practice,2
results,2
settled,2
offers,2
lohmann,2
political,2
portrait,2
jerusalem,2
tiwanakan,2
major,2
edmonds,1
industries,1
appeal,1
barbara,1
phases,1
dynamic,1
south,1
oxford,1
dominant,1
seasons,1
symbolism,1
usable,1
utilizes,1
milledge,1
he,1
high,1
sardinia,1
ranging,1
aid,1
town,1
whose,1
ceremonial,1
mexico,1
adrian,1
helaine,1
russian,1
participation,1
photography,1
george,1
inhabitants,1
science,1
managers,1
movements,1
ofu,1
aim,1
bring,1
rev,1
been,1
five,1
italy,1
main,1
groups,1
grand,1
across,1
developed,1
f,1
scholar,1
service,1
located,1
examine,1
functional,1
she,1
joan,1
critical,1
square,1
inside,1
asor,1
assessed,1
episodes,1
brief,1
jane,1
levels,1
ten,1
korea,1
responded,1
forbidden,1
tropical,1
who,1
henry,1
accepted,1
ce,1
glaciers,1
samoa,1
juan,1
synthesizes,1
expanded,1
h,1
associate,1
biographical,1
tilley,1
sarah,1
transformation,1
b,1
shang,1
figurine,1
aiming,1
antiquity,1
rainer,1
corpus,1
kinds,1
bhaktivedanta,1
prihistoire,1
silla,1
marianne,1
offering,1
essays,1
prime,1
burials,1
otte,1
fall,1
stone,1
kingdoms,1
practicing,1
antiquities,1
extremes,1
moves,1
addressing,1
wymer,1
phillips,1
british,1
museum,1
centuries,1
monuments,1
posthumous,1
examined,1
typology,1
understand,1
remains,1
suppression,1
articles,1
yoruba,1
found,1
dean,1
batson,1
detail,1
stephen,1
quantitative,1
townsend,1
vitelli,1
river,1
statistical,1
tamsey,1
civiate,1
into,1
shaw,1
processing,1
stratigraphic,1
home,1
shadow,1
sharron,1
any,1
light,1
section,1
pots,1
guatemala,1
following,1
n,1
dena,1
impact,1
reexamination,1
mary,1
ethnographic,1
grayson,1
version,1
observations,1
focusing,1
conjunction,1
upper,1
images,1
must,1
four,1
existence,1
most,1
manual,1
hashemite,1
initiative,1
additional,1
layout,1
snow,1
francesca,1
beyond,1
peru,1
vince,1
considers,1
sonia,1
temporal,1
definitions,1
sources,1
titles,1
textual,1
des,1
resolution,1
more,1
critiques,1
museums,1
creation,1
reprint,1
correspondences,1
dissertation,1
lou,1
alameda,1
founding,1
anthony,1
comparative,1
frederick,1
mark,1
acquired,1
trained,1
address,1
natural,1
caches,1
over,1
appear,1
arrival,1
humans,1
ofancient,1
anthropological,1
iconography,1
country,1
england,1
nature,1
comparison,1
cultures,1
anthropologists,1
magdelena,1
advance,1
based,1
expose,1
outside,1
secondary,1
location,1
rituals,1
leading,1
accommodate,1
buddhist,1
previously,1
accompanied,1
own,1
here,1
begun,1
sarai,1
half,1
beliefs,1
current,1
ridgeway,1
model,1
highlight,1
origin,1
nineteen,1
time,1
seven,1
ronald,1
patrick,1
governed,1
changed,1
clearly,1
entries,1
jodi,1
farming,1
utilizing,1
concludes,1
focuses,1
composition,1
correlates,1
court,1
interstate,1
porcelain,1
protzen,1
graeme,1
renfrew,1
contemporary,1
number,1
survey,1
kingdom,1
cities,1
pattern,1
illustration,1
chesapeake,1
reflect,1
initial,1
fields,1
c,1
thompson,1
glacial,1
last,1
late,1
places,1
patterns,1
zooarchaeological,1
state,1
circa,1
date,1
handbook,1
phd,1
scholarship,1
chou,1
ann,1
principal,1
chinese,1
vertebrate,1
outlines,1
focused,1
shrubs,1
nicolas,1
tehniques,1
chicago,1
behind,1
relationships,1
aspects,1
existing,1
combined,1
intersection,1
reactions,1
florence,1
domestication,1
rose,1
probate,1
practitioners,1
maryland,1
issue,1
russell,1
lakhi,1
cairo,1
record,1
persian,1
milner,1
metaphor,1
advocates,1
japan,1
axel,1
establishes,1
plain,1
narrative,1
trade,1
eastern,1
overpopulation,1
controversy,1
routledge,1
professionals,1
pulled,1
formulation,1
jewish,1
photo,1
yoffee,1
chapter,1
her,1
primary,1
foundations,1
summers,1
create,1
criteria,1
wolff,1
discuss,1
addresses,1
polities,1
sites,1
diversities,1
interpreted,1
interpreting,1
egyptologists,1
balance,1
interagency,1
representations,1
low,1
don,1
vertical,1
suggests,1
basis,1
audouze,1
mughal,1
lauren,1
journals,1
amateur,1
vast,1
expansion,1
divided,1
sabloff,1
vessels,1
personal,1
foreword,1
amendments,1
comprise,1
tool,1
range,1
john,1
nine,1
subscription,1
brought,1
postclassic,1
roadart,1
po,1
sea,1
trafalgar,1
training,1
civil,1
resources,1
sixth,1
cited,1
knowledge,1
look,1
europeans,1
findings,1
sardinian,1
egyptian,1
regularities,1
overview,1
hypotheses,1
largely,1
convenience,1
discussions,1
place,1
bibliographical,1
engineering,1
causes,1
controlled,1
contains,1
congress,1
ritual,1
officers,1
placing,1
glyn,1
stimulate,1
roman,1
paula,1
lawrence,1
maintains,1
blabbered,1
andrew,1
individuals,1
examination,1
come,1
chosen,1
full,1
review,1
deforestation,1
sissel,1
legislation,1
southwestern,1
obtaining,1
crises,1
president,1
argues,1
anasazi,1
explorations,1
incas,1
marcel,1
murlo,1
functioned,1
advent,1
donald,1
oriental,1
illinois,1
hidden,1
reported,1
have,1
approach,1
discussed,1
comprehensive,1
researchers,1
position,1
millennium,1
aware,1
integrate,1
peter,1
interest,1
geoarchaeological,1
arroyo,1
ecosystem,1
consumption,1
public,1
issn,1
contributors,1
mississippian,1
christopher,1
mesopotamia,1
jeremy,1
revised,1
characteristic,1
tim,1
period,1
useful,1
hills,1
specialists,1
lithic,1
etiquette,1
ofamerica,1
features,1
century,1
one,1
box,1
copies,1
peruvian,1
anthropology,1
mammals,1
philosophy,1
mediterranean,1
sixty,1
woodbury,1
provides,1
ollantaytambo,1
adequately,1
religious,1
alike,1
siena,1
amended,1
classification,1
archaic,1
roughly,1
small,1
circulation,1
contingency,1
masson,1
stahl,1
amount,1
potential,1
smithsonian,1
aztecs,1
otool,1
qualities,1
aegean,1
wares,1
facility,1
cave,1
single,1
radio,1
specialize,1
convey,1
archival,1
latest,1
statelevel,1
villages,1
third,1
ingrid,1
silverman,1
haviland,1
kolata,1
debate,1
beginning,1
structure,1
norman,1
deposition,1
maximum,1
including,1
drawn,1
archaeologist,1
looks,1
adaptations,1
karen,1
critique,1
mitigation,1
coe,1
details,1
shackel,1
city,1
technological,1
institution,1
sedimentary,1
kidder,1
unpublished,1
about,1
concise,1
sheridan,1
msississppian,1
professional,1
valuable,1
quarter,1
controversial,1
medrano,1
built,1
roles,1
greek,1
student,1
footprint,1
race,1
ninth,1
quaternary,1
brenda,1
society,1
china,1
tennessee,1
mechanism,1
input,1
