WORDCOUNTS,WEIGHT
the,548
of,324
and,224
to,206
in,155
a,139
that,124
is,83
with,63
on,56
are,54
was,54
by,53
from,52
be,51
it,50
for,48
as,48
not,45
i,37
this,36
he,36
or,32
an,32
art,32
have,32
at,30
cultural,29
archaeological,29
antiquities,27
will,26
has,24
we,24
objects,23
sites,23
which,23
they,22
museum,21
were,21
their,20
but,20
new,20
destruction,20
had,19
no,19
who,19
all,18
one,17
archaeologists,17
there,17
university,17
international,17
been,17
other,16
some,16
about,16
greek,16
our,15
may,14
should,14
such,13
research,13
these,13
any,13
do,12
stolen,11
site,11
found,11
public,11
many,11
made,11
concern,11
what,11
if,10
being,10
museums,10
object,10
would,10
greece,10
must,10
market,9
history,9
my,9
since,9
york,9
its,9
people,9
local,9
only,9
resources,9
now,8
american,8
his,8
out,8
dealers,8
service,8
more,8
crm,8
number,8
held,8
after,8
temple,8
information,8
through,8
colleagues,8
every,7
context,7
issue,7
find,7
how,7
legal,7
theft,7
work,7
excavated,7
part,7
when,7
unesco,7
value,7
society,7
make,7
also,7
discussed,7
so,7
claimed,7
then,7
collectors,7
past,7
years,7
land,7
between,7
recent,7
building,7
major,7
excavation,6
first,6
permit,6
government,6
dr,6
excavations,6
than,6
general,6
just,6
because,6
project,6
both,6
working,6
several,6
us,6
ancient,6
two,6
heritage,6
projects,6
where,6
private,6
office,6
illicit,6
canada,6
authorities,6
material,6
series,6
problem,6
her,6
city,6
area,6
experience,5
available,5
point,5
convention,5
cases,5
archaeologist,5
even,5
director,5
locals,5
effort,5
oinochoe,5
well,5
received,5
gave,5
issues,5
legislation,5
caused,5
field,5
order,5
noted,5
members,5
law,5
curator,5
time,5
spoke,5
survey,5
questions,5
discovered,5
period,5
telephone,5
pieces,5
did,5
regard,5
very,5
them,5
want,5
institute,5
property,5
world,5
editor,5
october,5
national,5
aia,5
semester,4
protection,4
committee,4
before,4
ethics,4
long,4
knocker,4
last,4
written,4
east,4
fakes,4
letter,4
journal,4
details,4
rather,4
heard,4
white,4
support,4
n,4
age,4
important,4
faced,4
result,4
viz,4
your,4
planning,4
during,4
call,4
own,4
up,4
appropriate,4
nations,4
matter,4
archaeologylvol,4
bill,4
ring,4
same,4
plundered,4
reporting,4
lack,4
really,4
present,4
council,4
values,4
symposium,4
black,4
problems,4
can,4
me,4
provide,4
figure,4
foreign,4
program,4
lines,4
archaeology,4
kdv,4
monuments,4
began,4
length,4
united,4
door,4
following,4
known,4
know,4
each,4
believe,4
foundation,4
while,4
collector,4
subject,4
aware,4
although,4
states,4
chicago,4
among,4
draft,4
customs,4
argolid,3
horizontal,3
treaties,3
per,3
lefkandi,3
interested,3
damaged,3
individuals,3
able,3
situ,3
those,3
china,3
within,3
british,3
milwaukee,3
felt,3
possible,3
move,3
laws,3
thus,3
interest,3
concerning,3
publications,3
permits,3
without,3
l,3
destroy,3
stop,3
thing,3
importance,3
established,3
most,3
undertaken,3
marketlvitelli,3
m,3
greater,3
persons,3
required,3
unexcavated,3
knowledge,3
muscarella,3
related,3
comment,3
data,3
whole,3
personal,3
believes,3
runnels,3
officials,3
resolving,3
next,3
involved,3
protect,3
am,3
demand,3
letters,3
action,3
brief,3
oscar,3
still,3
comments,3
curators,3
thought,3
lamps,3
department,3
reports,3
increasingly,3
useful,3
mound,3
goals,3
fact,3
agree,3
classical,3
state,3
patrimony,3
learn,3
see,3
ifar,3
collecting,3
discussion,3
indiana,3
inscription,3
lecture,3
pennsylvania,3
keep,3
him,3
mexico,3
preservation,3
least,3
class,3
especially,3
lerna,3
article,3
become,3
professional,3
attention,3
collections,3
gallery,3
often,3
stratified,3
acquired,3
mentioned,3
slides,3
thefts,3
natural,3
anthropology,3
cemetery,3
report,3
vase,3
destroyed,3
purchase,3
investigation,3
making,3
cause,3
dark,3
owner,3
reported,3
plunder,3
despite,3
buy,3
coming,3
chaired,3
recovering,3
course,3
you,3
share,3
offered,3
early,3
abroad,3
much,3
zones,3
asked,3
horror,2
does,2
done,2
common,2
inlaid,2
declared,2
concerned,2
truth,2
environmental,2
resulted,2
e,2
village,2
speakers,2
approved,2
illegal,2
stone,2
h,2
position,2
western,2
into,2
source,2
test,2
said,2
taken,2
might,2
rapid,2
secretary,2
nome,2
worked,2
official,2
s,2
copy,2
together,2
undertake,2
great,2
help,2
ellm,2
mind,2
primitive,2
reading,2
papers,2
hr,2
discuss,2
design,2
bribes,2
opened,2
activity,2
richard,2
west,2
invited,2
say,2
supervision,2
far,2
sent,2
collection,2
wherever,2
iron,2
vima,2
surely,2
ethical,2
explorers,2
september,2
group,2
topic,2
expected,2
elements,2
times,2
subjects,2
egypt,2
left,2
destroys,2
seal,2
look,2
purchasing,2
offices,2
alleged,2
bring,2
traffic,2
ways,2
main,2
debated,2
similar,2
certain,2
costs,2
direct,2
means,2
modern,2
plus,2
wanted,2
prevent,2
four,2
commented,2
imminent,2
export,2
dug,2
view,2
stands,2
friends,2
location,2
could,2
initial,2
foundations,2
further,2
produced,2
priorities,2
applied,2
scale,2
brooklyn,2
taught,2
wide,2
aspects,2
line,2
artifacts,2
implement,2
listening,2
already,2
voted,2
future,2
prompted,2
brought,2
nation,2
place,2
actually,2
documented,2
away,2
regional,2
stanford,2
president,2
monetary,2
oriental,2
panel,2
night,2
teams,2
always,2
provenance,2
provided,2
finds,2
expropriation,2
valuable,2
digging,2
seemed,2
suit,2
threatened,2
likely,2
investigating,2
variety,2
materials,2
various,2
economic,2
description,2
religious,2
communications,2
yet,2
fascinating,2
treaty,2
cleveland,2
soon,2
discussions,2
professor,2
culture,2
penalties,2
volume,2
management,2
disappearing,2
again,2
pointed,2
ban,2
efforts,2
consideration,2
stories,2
preserve,2
plan,2
plundering,2
conference,2
ought,2
larger,2
hear,2
john,2
charges,2
utilize,2
serious,2
removal,2
decried,2
michael,2
metropolitan,2
sell,2
free,2
realize,2
another,2
original,2
meetings,2
understanding,2
upon,2
bear,2
jfa,2
deposits,2
increase,2
top,2
oppose,2
causes,2
clear,2
directed,2
publication,2
brass,2
america,2
august,2
individual,2
allowed,2
ny,2
belongs,2
summer,2
high,2
collected,2
ended,2
fred,2
readers,2
interpretations,2
v,2
italy,2
save,2
indication,2
euboia,2
science,2
sometimes,2
primarily,2
seen,2
recognize,2
try,2
indicate,2
countries,2
responsible,2
implementing,2
respect,2
centuries,2
months,2
conservation,2
considered,2
regularly,2
suggestions,2
circumstances,2
athens,2
demonstrate,2
ever,2
bronze,2
griffin,2
why,2
quickly,2
outcome,2
over,2
ave,2
country,2
different,2
connection,2
exploration,2
best,2
audience,2
build,2
works,2
senate,2
unique,2
whether,2
passed,2
getting,2
seriousness,2
size,2
presented,2
role,2
african,2
rendering,2
step,2
simply,2
ignorant,2
maintained,2
isolated,2
think,2
come,2
ultimately,2
curtis,2
difference,2
include,2
need,2
evidence,2
piece,2
derive,2
off,2
objections,2
remains,2
association,2
increased,2
morning,2
news,2
themselves,2
charged,2
supply,2
substantial,2
import,2
entire,2
given,2
traditional,2
immediately,2
meeting,2
conversations,2
showed,2
cosponsored,2
close,2
precipitously,1
frequent,1
razed,1
bernard,1
go,1
archives,1
allegedly,1
rate,1
final,1
deny,1
clippings,1
way,1
proud,1
indicated,1
generated,1
commentary,1
privately,1
groups,1
imported,1
suggested,1
commitment,1
ready,1
personnel,1
college,1
intriguing,1
red,1
compensated,1
pushed,1
defenses,1
crossing,1
expect,1
joarnal,1
police,1
told,1
becoming,1
center,1
conducted,1
operator,1
complex,1
factories,1
saved,1
kinds,1
landowner,1
certificates,1
prime,1
advised,1
join,1
second,1
carpenter,1
interpol,1
motivation,1
summaries,1
circulars,1
di,1
psychiatry,1
murketlvitelli,1
weiner,1
novemor,1
pessimism,1
hotly,1
former,1
clandestine,1
reasonably,1
trace,1
policy,1
geometric,1
ian,1
title,1
ambitious,1
entertaining,1
something,1
arguing,1
princeton,1
chief,1
bulldozers,1
properties,1
salvage,1
congress,1
lower,1
karen,1
moderated,1
else,1
attorney,1
inc,1
please,1
unguarded,1
davis,1
thrill,1
creation,1
roman,1
importing,1
production,1
finger,1
handle,1
originally,1
later,1
contrasted,1
address,1
attempt,1
undocumented,1
meaning,1
beautiful,1
rational,1
tourist,1
seems,1
tear,1
possibilities,1
reach,1
principles,1
down,1
spirtual,1
shoulder,1
display,1
reasons,1
accredited,1
court,1
room,1
uncovered,1
misled,1
resulting,1
take,1
scheduled,1
efficiently,1
feature,1
interviewed,1
miles,1
alert,1
mr,1
deriving,1
invalid,1
profitable,1
committed,1
outstripped,1
return,1
stopped,1
questionnaire,1
wyman,1
lecturer,1
forums,1
designs,1
lawmakers,1
case,1
takes,1
governmental,1
dissemination,1
museology,1
courtesy,1
persian,1
knowledgeable,1
advice,1
adverse,1
encouraging,1
bones,1
mass,1
provenances,1
incorporate,1
agriculture,1
right,1
victims,1
addresses,1
deductible,1
difelcult,1
cares,1
machinery,1
cooperation,1
enforcement,1
approx,1
condition,1
illustrate,1
reply,1
reaching,1
sale,1
clemency,1
chett,1
rubin,1
purchases,1
fine,1
moderator,1
thejfa,1
bottom,1
himself,1
feldman,1
ross,1
behavior,1
exposed,1
heye,1
learned,1
regarding,1
central,1
chapters,1
includes,1
eventual,1
facts,1
development,1
reject,1
run,1
medical,1
against,1
author,1
scarce,1
lectures,1
clay,1
honest,1
raises,1
club,1
issued,1
pm,1
nick,1
honestly,1
funded,1
pay,1
admitted,1
priority,1
initiate,1
chieng,1
offenders,1
items,1
old,1
blame,1
clark,1
legally,1
frustrating,1
blank,1
wayside,1
amount,1
back,1
body,1
response,1
channels,1
six,1
listened,1
difficulty,1
dates,1
fines,1
antant,1
effective,1
storeroom,1
justifying,1
hoving,1
warned,1
y,1
drawn,1
student,1
consequently,1
communication,1
spite,1
rest,1
dear,1
colleague,1
dwindling,1
border,1
trudy,1
allday,1
occasion,1
bills,1
master,1
quaint,1
violate,1
poorly,1
leflcandi,1
react,1
walls,1
van,1
aim,1
opposed,1
shaykh,1
belabor,1
wishes,1
whose,1
floor,1
identification,1
frustration,1
statements,1
annquities,1
liabilities,1
growth,1
essence,1
difelculty,1
illustration,1
maximize,1
possession,1
octour,1
basic,1
closeups,1
explicit,1
revenues,1
process,1
mean,1
sherman,1
deliberately,1
villas,1
goes,1
philadephia,1
determining,1
edwin,1
risk,1
kawami,1
connected,1
b,1
leave,1
derived,1
losing,1
elaborate,1
aiding,1
adversaries,1
feel,1
congressional,1
von,1
scattered,1
moves,1
afterthoughts,1
accounts,1
send,1
understand,1
changes,1
acquisition,1
drill,1
marks,1
forget,1
signed,1
truism,1
metallurgy,1
dated,1
clearly,1
artificial,1
section,1
elsewhere,1
receiving,1
shaking,1
mary,1
house,1
gripes,1
frequently,1
bulldozing,1
too,1
ministers,1
filed,1
store,1
resource,1
follow,1
statement,1
officer,1
wondering,1
followed,1
credentials,1
circulating,1
willfully,1
fronts,1
christmas,1
painted,1
permanent,1
destructive,1
delays,1
instill,1
care,1
respected,1
trained,1
counsel,1
drawing,1
strengthen,1
systems,1
elnding,1
dc,1
constructive,1
banning,1
bureaucracy,1
opening,1
legislative,1
distribution,1
storerooms,1
came,1
based,1
lead,1
whom,1
identifying,1
allow,1
begun,1
called,1
lived,1
changed,1
deal,1
subscribe,1
prepare,1
unconcerned,1
rebuttal,1
noting,1
dietnch,1
base,1
collectively,1
big,1
late,1
intensive,1
pure,1
equally,1
archeologica,1
chinese,1
informed,1
shall,1
third,1
rightfully,1
recently,1
inches,1
cannot,1
meet,1
suffered,1
excellent,1
exhaustion,1
otherwise,1
safe,1
placed,1
representatives,1
hypothetical,1
bulldozer,1
explain,1
necessities,1
directly,1
expressions,1
impression,1
silver,1
receive,1
expensive,1
gained,1
suspended,1
none,1
enrichment,1
trial,1
basis,1
r,1
individualcauses,1
amencan,1
closed,1
guys,1
literature,1
minute,1
bc,1
douglas,1
scope,1
sculpture,1
imports,1
leten,1
cnsis,1
claim,1
concept,1
unless,1
paola,1
treasures,1
studentss,1
example,1
apparent,1
recapitulation,1
tombs,1
confined,1
lays,1
elizabeth,1
surprise,1
lovely,1
loss,1
used,1
citrus,1
genuine,1
island,1
fail,1
editorial,1
broad,1
partly,1
lunch,1
relevance,1
mentioning,1
bits,1
runs,1
winter,1
augment,1
forces,1
reflect,1
depraved,1
newspaper,1
participate,1
showing,1
status,1
graduate,1
pollution,1
stones,1
evening,1
neck,1
responses,1
solution,1
hangs,1
malqe,1
normally,1
hard,1
anger,1
responsibility,1
walters,1
mutterings,1
misdirected,1
revolution,1
things,1
initiates,1
warrant,1
contrast,1
ministries,1
rushed,1
owned,1
quite,1
settlement,1
fast,1
patiently,1
around,1
ignore,1
ministero,1
june,1
concerns,1
ill,1
lawyers,1
governments,1
choosing,1
usual,1
coast,1
whatsoever,1
symposia,1
condemned,1
annual,1
coordinate,1
st,1
universities,1
piazzale,1
tnternational,1
results,1
pa,1
beauty,1
weigh,1
dam,1
wording,1
collaborative,1
conducts,1
neolithic,1
inspection,1
advertised,1
portion,1
battle,1
affixed,1
hosts,1
therefore,1
film,1
led,1
unscrupulous,1
approximate,1
spelled,1
protecting,1
architecture,1
scientific,1
distorted,1
feeling,1
limited,1
schemes,1
somebody,1
wait,1
acknowledged,1
nearly,1
lies,1
necessary,1
sponsored,1
morgantina,1
naskhi,1
hester,1
spate,1
hitherto,1
reclaimed,1
culturali,1
once,1
calculate,1
disposed,1
glossy,1
selling,1
interpretation,1
permission,1
vs,1
taxpayer,1
security,1
tremendous,1
makes,1
added,1
read,1
serve,1
cylindrical,1
classroom,1
commitments,1
perceived,1
tax,1
planned,1
complete,1
keeping,1
soprintendenza,1
nw,1
gratifying,1
belonging,1
naughty,1
illustrated,1
emotional,1
rise,1
sector,1
picture,1
social,1
lee,1
resolution,1
vitelli,1
business,1
request,1
stated,1
brown,1
fell,1
toward,1
others,1
europe,1
responsibilities,1
towns,1
addition,1
towards,1
financial,1
missing,1
incorporates,1
faster,1
valid,1
areas,1
head,1
holloway,1
villa,1
departments,1
importation,1
educated,1
angry,1
oneself,1
practical,1
warning,1
end,1
everything,1
kd,1
doubt,1
resolved,1
diameter,1
feedback,1
worn,1
offence,1
sort,1
conclusions,1
outside,1
likelihood,1
staf,1
shown,1
developing,1
novelist,1
accepted,1
establish,1
cn,1
less,1
answer,1
tell,1
saleable,1
royal,1
practice,1
realtanged,1
agencies,1
frightening,1
perhaps,1
belief,1
books,1
style,1
instigated,1
dots,1
ankle,1
remove,1
hesitate,1
thousands,1
demonstrated,1
recognizing,1
investment,1
knew,1
session,1
abide,1
examples,1
turkey,1
background,1
panelists,1
width,1
limitations,1
endowment,1
sides,1
including,1
tickets,1
previously,1
curt,1
birds,1
appalling,1
knock,1
sold,1
looting,1
largely,1
wonderful,1
emphasize,1
affects,1
obsessed,1
ideas,1
ethnic,1
actual,1
identical,1
hour,1
continue,1
franklin,1
kathimerini,1
trust,1
chosen,1
sees,1
previous,1
necessitated,1
requests,1
students,1
described,1
trade,1
futile,1
significance,1
worry,1
reward,1
express,1
points,1
damage,1
logic,1
secreted,1
defensive,1
collaboration,1
helpful,1
federal,1
brussels,1
features,1
risen,1
attaches,1
anyone,1
keeper,1
intrinsic,1
thomas,1
rosettes,1
inscribed,1
outcry,1
gets,1
facing,1
somehow,1
edmund,1
trying,1
study,1
saa,1
beni,1
orchard,1
mainly,1
effect,1
radiate,1
adjacent,1
structure,1
raised,1
conserve,1
implication,1
conscience,1
slightly,1
differ,1
equivalent,1
northern,1
voiced,1
occupied,1
vigourously,1
gifts,1
attend,1
awareness,1
irresponsible,1
widely,1
division,1
conz,1
deplored,1
attended,1
concerted,1
gilette,1
protogeometric,1
ethic,1
dealing,1
entitled,1
suggest,1
arriving,1
embargoed,1
triangles,1
assigned,1
relationship,1
devote,1
aid,1
tested,1
today,1
raise,1
note,1
school,1
quo,1
usually,1
five,1
informing,1
maps,1
ministry,1
fear,1
neglecting,1
rescue,1
grim,1
transshipping,1
vertical,1
attitude,1
widespread,1
institutions,1
dimensions,1
inviting,1
sensitive,1
detailed,1
wantonly,1
contribution,1
rapidly,1
executive,1
antiquity,1
midaugust,1
construction,1
analysis,1
kill,1
gorman,1
fall,1
hope,1
fictionalized,1
education,1
exists,1
articles,1
transgressors,1
pressures,1
investigate,1
joseph,1
photographs,1
claims,1
disturb,1
undertook,1
assistant,1
warrants,1
punished,1
unplundered,1
monument,1
proceed,1
ordered,1
ahead,1
comes,1
conclusion,1
version,1
changing,1
peoples,1
combatted,1
simplify,1
dishonest,1
agents,1
continues,1
frieze,1
occurrences,1
compensation,1
alternative,1
issuing,1
goahead,1
cover,1
archeologists,1
disgruntled,1
tj,1
monthly,1
cm,1
tomb,1
descriptions,1
worth,1
abandonment,1
novel,1
rk,1
shrine,1
seem,1
unknown,1
administer,1
print,1
half,1
explicated,1
surprised,1
money,1
region,1
galleryo,1
particularly,1
exhibits,1
forgers,1
bonnie,1
associated,1
spruce,1
cities,1
historical,1
u,1
assessment,1
keban,1
catalogue,1
growing,1
bothmer,1
knows,1
william,1
bbc,1
suffering,1
anymore,1
answered,1
communicate,1
carefully,1
professors,1
offering,1
list,1
references,1
maryland,1
laww,1
particular,1
imposed,1
nearby,1
attitudes,1
juxtaposed,1
illicitly,1
map,1
protective,1
ceased,1
announcements,1
extent,1
incompetence,1
prudence,1
underwrites,1
desecration,1
require,1
secure,1
yield,1
imperial,1
indifference,1
suggests,1
emphasis,1
contain,1
finished,1
penalize,1
neglected,1
bought,1
outline,1
preserved,1
careful,1
northwestern,1
code,1
dams,1
pits,1
protected,1
timely,1
sexpentine,1
joining,1
collaborated,1
eleanor,1
regulate,1
ac,1
giving,1
tried,1
possessions,1
alternating,1
mitigation,1
officially,1
phenomenon,1
challenges,1
mention,1
twopart,1
tall,1
gain,1
saif,1
recovered,1
reintroduced,1
remarks,1
buying,1
false,1
devoted,1
staffs,1
until,1
impassioned,1
argument,1
coggins,1
urbanization,1
disseminating,1
mcclain,1
average,1
numerous,1
write,1
grant,1
charge,1
accept,1
harm,1
sat,1
depressing,1
register,1
offer,1
d,1
socially,1
canadian,1
shirley,1
smaller,1
phone,1
regular,1
await,1
oldest,1
madison,1
moved,1
collegues,1
specific,1
supported,1
dissimulation,1
actions,1
banditaccia,1
southern,1
pending,1
hotel,1
vary,1
schematic,1
create,1
eloquently,1
prison,1
comparable,1
terracotta,1
cross,1
arnold,1
doing,1
swastikas,1
malcolm,1
built,1
workings,1
quantity,1
continuously,1
