WORDCOUNTS,WEIGHT
the,131
of,121
and,104
a,44
in,32
to,32
i,25
cloth,23
archaeology,19
by,18
j,16
on,16
university,14
this,13
e,12
with,12
from,12
edited,11
maya,11
r,11
paper,10
for,10
at,9
archaeological,9
an,9
or,8
m,8
l,8
d,8
research,8
is,7
museum,7
reference,7
important,7
are,7
historical,7
u,7
ed,7
points,7
as,7
north,7
studies,6
history,6
n,6
complexity,6
volume,6
etruscan,6
ancient,6
data,6
through,6
barbara,5
now,5
american,5
pp,5
into,5
w,5
age,5
most,5
that,5
paul,5
book,5
pennsylvania,5
states,5
field,5
c,5
florida,5
how,4
contribution,4
one,4
guide,4
united,4
h,4
regional,4
t,4
projectile,4
tikal,4
natural,4
anthropology,4
spear,4
s,4
available,4
john,4
late,4
arrow,4
early,4
work,4
mm,4
ritual,4
our,4
years,4
noel,4
social,4
david,4
figures,4
justice,4
will,3
f,3
crete,3
midwest,3
their,3
life,3
study,3
cave,3
white,3
frank,3
bifacial,3
prehistory,3
vrokastro,3
culture,3
mary,3
published,3
please,3
plates,3
excavation,3
other,3
scholars,3
great,3
new,3
mesoamerican,3
survey,3
chumash,3
past,3
william,3
institute,3
michael,3
material,3
eastern,3
books,3
hamilton,3
sites,3
region,3
postclassic,3
issues,3
people,3
includes,3
california,3
commoners,3
such,3
color,3
mexico,3
box,3
provides,3
oxbow,3
state,3
coast,3
major,3
final,2
south,2
it,2
adistributed,2
materials,2
various,2
dm,2
linda,2
identity,2
indispensable,2
basic,2
andean,2
illus,2
coastal,2
piedras,2
lost,2
represented,2
community,2
manuscript,2
b,2
large,2
complex,2
myth,2
jm,2
use,2
solecki,2
ma,2
approaches,2
modern,2
treponematosis,2
technology,2
weisman,2
periods,2
cycles,2
was,2
k,2
ethnographic,2
monograph,2
series,2
diuzer,2
these,2
reports,2
catalogue,2
origins,2
phyllis,2
negras,2
md,2
june,2
also,2
roman,2
heritage,2
auu,2
artifacts,2
different,2
tiwanaku,2
cd,2
turner,2
soconusco,2
pages,2
ju,2
p,2
report,2
eds,2
anh,2
date,2
present,2
cultural,2
aspects,2
po,2
terrell,2
case,2
sh,2
key,2
wide,2
foundations,2
marie,2
america,2
outstanding,2
isianus,2
understanding,2
literature,2
chantuto,2
both,2
unlocking,2
brent,2
mesara,2
ot,2
press,2
midas,2
wc,2
its,2
journals,2
collection,2
stone,2
cushing,2
tions,2
jx,2
review,2
kolianos,2
g,2
peter,2
offer,2
pottery,2
range,2
diaspora,2
gallery,2
mnnn,2
special,2
charles,2
namei,2
systems,2
body,2
iron,2
braswell,2
brown,2
james,2
schele,2
idanhc,2
southwest,2
journal,2
gordion,2
recent,2
society,2
voorhies,2
political,2
nv,2
nf,2
standard,2
may,1
resolve,1
european,1
loyola,1
rountree,1
online,1
farrand,1
cast,1
fort,1
san,1
sample,1
aaaterial,1
relationship,1
units,1
manipulated,1
o,1
ceremonial,1
absorbing,1
milliken,1
perspectives,1
no,1
ims,1
helaine,1
interdisoriented,1
production,1
italic,1
bringing,1
reintroduces,1
brandeis,1
african,1
medieval,1
aim,1
impacts,1
meticulously,1
curator,1
economic,1
summaries,1
folktales,1
synthesis,1
impressive,1
publishes,1
service,1
remain,1
days,1
hill,1
again,1
byzantine,1
bifaces,1
transition,1
brief,1
lohse,1
order,1
nearly,1
introduction,1
albany,1
process,1
international,1
commentary,1
dale,1
object,1
kudlaty,1
subcriptions,1
commended,1
formative,1
detailed,1
elin,1
bellwood,1
fs,1
spatial,1
distributed,1
renown,1
sarah,1
ciplinarv,1
landscapes,1
village,1
lif,1
se,1
intensive,1
lucas,1
rose,1
southern,1
mesoamerica,1
boca,1
balanced,1
ftfl,1
syphilis,1
why,1
ad,1
examine,1
construction,1
analysis,1
stiner,1
about,1
list,1
once,1
ume,1
see,1
hattula,1
pacific,1
derek,1
interpretive,1
ing,1
yet,1
shell,1
types,1
raymond,1
ralph,1
thomas,1
walker,1
empires,1
represents,1
changes,1
park,1
anccjantfiropocogy,1
compilation,1
thought,1
genius,1
serve,1
conscious,1
soon,1
joseph,1
plus,1
array,1
guatemalan,1
photographs,1
earliest,1
reshaping,1
coeditor,1
supplementary,1
plex,1
undertaken,1
foundashows,1
index,1
lacandon,1
management,1
nevis,1
presents,1
sephardi,1
dictates,1
v,1
tennsycvania,1
commoner,1
den,1
latest,1
macintosh,1
commonwealth,1
phaistos,1
hay,1
verapaz,1
jsfxyv,1
light,1
before,1
complete,1
accent,1
isfefe,1
jeffrey,1
olsen,1
senior,1
fulfillment,1
lowlands,1
ikitamnhifditt,1
traces,1
northeastern,1
archeology,1
source,1
changing,1
despoina,1
advancing,1
subscription,1
largest,1
supernatural,1
patdomestic,1
extensive,1
ever,1
georgia,1
wherever,1
recovered,1
max,1
resource,1
first,1
dept,1
suny,1
known,1
mid,1
suzanne,1
jon,1
useful,1
physical,1
catalog,1
fabulous,1
every,1
geoffrey,1
glimpse,1
text,1
poimts,1
creation,1
palka,1
jfl,1
lu,1
stoltman,1
originally,1
ii,1
integrative,1
links,1
providing,1
website,1
diego,1
decades,1
christy,1
chiefly,1
treatment,1
jelinek,1
continental,1
printing,1
colonization,1
andeanists,1
all,1
recovery,1
many,1
descriptive,1
raw,1
worldsystems,1
ozdogan,1
steven,1
technologies,1
prehistoric,1
based,1
shows,1
including,1
outside,1
whom,1
exploration,1
attractive,1
nancy,1
avenue,1
toll,1
cioa,1
abilities,1
occurrence,1
societies,1
villa,1
penelope,1
discount,1
pottey,1
together,1
found,1
basin,1
complementing,1
daily,1
geoarch,1
cc,1
attempt,1
pathfinding,1
post,1
time,1
locathe,1
witfi,1
anthro,1
larger,1
collectors,1
hassan,1
scanned,1
utilitarian,1
full,1
powell,1
postage,1
end,1
religion,1
audience,1
oceangoing,1
ized,1
ami,1
legacy,1
harriot,1
accompany,1
help,1
initial,1
mehmet,1
fragile,1
office,1
anne,1
kc,1
assessment,1
last,1
interactive,1
colinvaux,1
written,1
materiality,1
fullest,1
gasco,1
keith,1
learn,1
agriculture,1
robert,1
dincauze,1
classified,1
sociopolitical,1
unworked,1
jeanne,1
day,1
penn,1
jean,1
dena,1
what,1
tribes,1
displayed,1
roe,1
economy,1
reviews,1
within,1
wfm,1
daniel,1
empire,1
worldwide,1
unique,1
thematic,1
establish,1
papers,1
center,1
volour,1
faceless,1
moore,1
heavily,1
geoff,1
answer,1
maryland,1
philip,1
lane,1
publications,1
classic,1
decoration,1
record,1
ascribed,1
singly,1
terns,1
ford,1
jane,1
adrian,1
paperback,1
jfa,1
plain,1
native,1
monster,1
roy,1
has,1
public,1
jewish,1
powhatans,1
draws,1
prehensive,1
matthew,1
hopkins,1
primary,1
particularly,1
wood,1
mass,1
pei,1
cognition,1
randolph,1
handy,1
brilliant,1
bray,1
popul,1
biamls,1
addresses,1
chiapas,1
well,1
changed,1
ofjarcdaeocogy,1
warwick,1
turf,1
classical,1
colonies,1
local,1
almost,1
holocene,1
secondary,1
pioneering,1
possible,1
king,1
amilcare,1
reveals,1
diverse,1
jameson,1
yielded,1
divided,1
collins,1
reinterpreting,1
periodically,1
tour,1
boston,1
cus,1
brady,1
richard,1
moseley,1
accompanying,1
teotihuacan,1
contextualized,1
maritime,1
insights,1
petersburg,1
reader,1
goldstein,1
sonoma,1
west,1
multiple,1
rightmire,1
story,1
point,1
say,1
patricia,1
part,1
suh,1
informants,1
arose,1
timely,1
cunzo,1
timothy,1
line,1
ilimmttmffiiwfli,1
unconquered,1
household,1
depended,1
delia,1
apparent,1
over,1
manifestations,1
ucla,1
janine,1
actors,1
indigenous,1
along,1
predecessors,1
alta,1
elizabeth,1
wwwreviewofarchaeologycom,1
woodland,1
poignant,1
jamestown,1
spriggs,1
whole,1
year,1
used,1
wwwoxbowbookscom,1
sold,1
dibble,1
contribute,1
call,1
arthur,1
place,1
behavior,1
harold,1
stoneage,1
colonial,1
authors,1
yaroslav,1
mention,1
phrygian,1
accomplishment,1
ideas,1
gatherers,1
contextualizing,1
tribute,1
human,1
sanger,1
coming,1
evolution,1
occupied,1
varied,1
eways,1
kuhn,1
accessible,1
which,1
come,1
lifeways,1
focuses,1
write,1
guthrie,1
gai,1
michelle,1
southwestern,1
taylor,1
tell,1
models,1
continuities,1
project,1
development,1
interested,1
workman,1
significance,1
professor,1
trends,1
three,1
arkansas,1
bandi,1
vuh,1
illinois,1
cotsen,1
helen,1
vance,1
comprehensive,1
publication,1
regions,1
de,1
blettl,1
potts,1
earth,1
millennium,1
essay,1
change,1
soressi,1
contributors,1
brain,1
individual,1
expert,1
marshals,1
excavations,1
bronze,1
pompeian,1
covering,1
usa,1
jr,1
so,1
deepens,1
topic,1
collected,1
cohen,1
piece,1
mountain,1
pompeii,1
ai,1
palaeolithic,1
after,1
discourse,1
frederick,1
stanjsh,1
fred,1
tales,1
settlement,1
clay,1
emerging,1
typology,1
browse,1
old,1
ct,1
urbanization,1
family,1
hoffecker,1
archaic,1
iupressindianaedu,1
archaeologies,1
chert,1
burgeoning,1
carlson,1
back,1
subjects,1
prufer,1
response,1
tolstoy,1
rii,1
editors,1
kuzmin,1
craft,1
become,1
myers,1
hansjurgen,1
distinguished,1
paola,1
texas,1
interpretations,1
scholarship,1
ann,1
kekchi,1
chicago,1
cook,1
methodological,1
ofer,1
can,1
bower,1
be,1
us,1
structure,1
fekri,1
rasin,1
unequivocally,1
geological,1
ethnohistory,1
st,1
archaeologist,1
sandweiss,1
approach,1
little,1
scholarly,1
interaction,1
stimulating,1
gulf,1
re,1
results,1
images,1
world,1
strong,1
uk,1
among,1
kelley,1
technological,1
offers,1
drian,1
language,1
joel,1
maw,1
reflected,1
explanations,1
jerry,1
should,1
evidence,1
wwwutexaspresscom,1
skill,1
modifications,1
southeastern,1
allison,1
according,1
stanley,1
tragic,1
activities,1
knowledge,1
contributing,1
celebrating,1
neolithic,1
oakville,1
continuously,1
