WORDCOUNTS,WEIGHT
the,31
and,21
of,20
to,9
for,9
a,9
by,5
archaeology,5
is,5
i,5
university,4
archaeological,4
in,4
an,4
box,4
or,4
boston,3
l,3
f,3
maya,3
been,3
available,3
pages,3
new,3
journal,3
edition,3
index,3
ancient,3
field,2
fieldwork,2
civilization,2
w,2
also,2
most,2
opportunities,2
today,2
publication,2
published,2
your,2
street,2
has,2
more,2
saving,2
larsen,2
bulletin,2
islands,2
e,2
preservation,2
anthropological,2
avenue,2
paper,2
are,2
on,2
study,2
life,2
research,2
massachusetts,2
c,2
press,2
post,2
land,2
with,2
its,2
hunters,2
national,2
bahrain,2
us,2
commonwealth,2
v,2
before,2
send,2
our,2
wils,1
periods,1
technical,1
offien,1
p,1
wortn,1
traces,1
po,1
may,1
inthis,1
at,1
from,1
will,1
theres,1
eventual,1
stanford,1
si,1
it,1
casting,1
rankin,1
fi,1
creative,1
check,1
schools,1
now,1
veritable,1
peoples,1
neighborhoods,1
this,1
explosion,1
lal,1
ad,1
four,1
since,1
positions,1
savmg,1
historic,1
can,1
blbllcago,1
extend,1
have,1
appreciate,1
contact,1
comprehensive,1
south,1
energy,1
g,1
warehousesy,1
author,1
add,1
materials,1
excavationslfield,1
lot,1
measuring,1
curtis,1
provide,1
good,1
librauy,1
fertile,1
native,1
idi,1
community,1
required,1
sources,1
please,1
catalog,1
george,1
old,1
foreign,1
architectural,1
society,1
problems,1
brunton,1
text,1
ellis,1
d,1
postage,1
revised,1
zip,1
maps,1
sylvanus,1
series,1
exemplary,1
forfield,1
free,1
specialists,1
participants,1
if,1
sense,1
heritage,1
brilliant,1
ecology,1
prepayment,1
thoroughly,1
value,1
addresses,1
ii,1
j,1
payable,1
frederick,1
preserve,1
using,1
important,1
years,1
brain,1
information,1
cloth,1
fields,1
over,1
christ,1
wg,1
after,1
morley,1
were,1
structures,1
milestone,1
r,1
standard,1
marshalltown,1
urban,1
epilogue,1
legacy,1
siis,1
order,1
association,1
flourishing,1
we,1
work,1
institute,1
orderfrom,1
demographic,1
nature,1
who,1
analytical,1
payment,1
keep,1
these,1
hemans,1
worth,1
prehistoric,1
se,1
soil,1
bibliography,1
taphonomy,1
completed,1
outside,1
even,1
saves,1
state,1
s,1
weighing,1
book,1
dc,1
student,1
volumes,1
scholar,1
incorporating,1
west,1
valuable,1
jfa,1
methods,1
beset,1
nc,1
home,1
uul,1
arteslan,1
best,1
cave,1
illustrations,1
andre,1
through,1
hands,1
color,1
ma,1
half,1
money,1
augers,1
children,1
mapping,1
alive,1
springs,1
environmental,1
interdisciplinary,1
be,1
african,1
name,1
h,1
subject,1
centuries,1
pocket,1
findings,1
completely,1
arnerica,1
tours,1
foreslty,1
link,1
sharer,1
introduction,1
munsell,1
equipment,1
makes,1
americans,1
use,1
very,1
yesterday,1
alamembers,1
modern,1
country,1
focus,1
ei,1
describes,1
paid,1
ago,1
illus,1
ms,1
ti,1
station,1
north,1
destruction,1
shadowy,1
help,1
past,1
beginnings,1
mystenous,1
brainerd,1
expanded,1
special,1
coplous,1
employer,1
prepublication,1
was,1
quality,1
compiled,1
last,1
history,1
geoarcheology,1
title,1
ese,1
waterfront,1
working,1
chapters,1
further,1
paleoanthropology,1
trust,1
fourth,1
combines,1
artistry,1
orders,1
present,1
robert,1
collapse,1
helping,1
k,1
office,1
culture,1
cultural,1
thousand,1
kenrnore,1
