WORDCOUNTS,WEIGHT
the,395
of,315
and,213
a,171
in,144
to,135
for,66
is,63
with,61
be,55
that,53
was,48
were,44
this,39
at,32
an,32
can,32
as,30
from,30
we,28
are,28
it,25
by,25
water,25
otoliths,24
management,24
on,24
archaeological,23
these,22
project,22
or,21
research,19
not,19
techniques,19
our,19
fish,18
one,17
archaeologists,16
all,16
which,16
have,16
should,15
planning,14
only,14
more,14
projects,14
each,14
there,13
site,13
their,13
work,13
problems,12
such,12
most,12
activities,12
but,12
two,12
figure,12
area,12
otolith,11
those,11
has,11
no,11
could,11
field,11
also,11
must,11
scheduling,11
if,10
i,10
some,10
how,10
well,10
during,10
will,10
would,10
been,10
naukratis,10
they,9
available,9
since,9
study,9
university,9
m,9
used,9
short,9
time,9
new,9
news,9
j,8
even,8
contributions,8
paper,8
drum,8
c,8
e,7
excavation,7
other,7
help,7
case,7
activity,7
g,7
than,7
york,7
growth,7
fluid,7
because,7
network,7
its,7
several,7
texas,7
when,7
critical,7
necessary,7
use,7
three,7
so,7
courtyard,7
group,6
first,6
s,6
within,6
design,6
very,6
his,6
developed,6
age,6
surface,6
facilitate,6
method,6
archaeology,6
f,6
useful,6
many,6
plan,6
day,6
another,6
local,6
individuals,6
who,6
environment,6
through,6
schedule,6
specific,6
done,5
large,5
tents,5
into,5
season,5
simple,5
mild,5
late,5
journal,5
phases,5
basic,5
hours,5
path,5
required,5
r,5
approach,5
involved,5
small,5
he,5
second,5
cps,5
overall,5
added,5
planned,5
volunteers,5
rings,5
shows,5
seasonality,5
number,5
made,5
black,5
become,5
order,5
different,5
did,5
kom,5
cooking,5
both,5
became,5
egyptian,5
spring,5
between,5
given,4
everyone,4
determine,4
per,4
village,4
occurred,4
being,4
every,4
polished,4
nature,4
spray,4
cc,4
resources,4
phase,4
difficulties,4
application,4
diarrhea,4
may,4
operation,4
adequate,4
operations,4
ways,4
b,4
flea,4
means,4
section,4
days,4
exploratory,4
w,4
delta,4
had,4
prehistoric,4
part,4
q,4
people,4
winter,4
washing,4
gantt,4
hard,4
heat,4
fleas,4
good,4
various,4
southern,4
under,4
death,4
addition,4
efforts,4
where,4
showing,4
treated,4
keep,4
especially,4
methods,4
fall,4
coordination,4
toilet,4
best,4
carefully,4
them,4
making,4
while,4
balance,4
goals,4
salt,4
d,4
off,4
remains,4
potential,4
much,4
major,4
frequent,3
eliminated,3
american,3
studies,3
total,3
before,3
lower,3
might,3
down,3
broken,3
room,3
inland,3
staff,3
discipline,3
side,3
dr,3
supply,3
tablets,3
chart,3
along,3
goal,3
component,3
immediate,3
trench,3
cases,3
times,3
canal,3
body,3
served,3
archaeologylvol,3
dust,3
without,3
managers,3
camp,3
l,3
across,3
explicit,3
subsistence,3
certain,3
support,3
prevent,3
show,3
requires,3
archeological,3
important,3
nebraska,3
arrived,3
deal,3
rooms,3
complete,3
sites,3
vomiting,3
data,3
industrial,3
year,3
level,3
unexpected,3
quite,3
settlement,3
coast,3
annual,3
results,3
provided,3
am,3
rest,3
society,3
prescribed,3
fa,3
make,3
antibiotics,3
closet,3
about,3
soon,3
ancient,3
same,3
cairo,3
topical,3
farmhouse,3
intense,3
already,3
department,3
volume,3
business,3
flat,3
headquarters,3
end,3
discussed,3
serious,3
patterns,3
covered,3
encountered,3
pitched,3
itching,3
summer,3
kept,3
after,3
morris,3
attention,3
seasons,3
usually,3
effectively,3
determination,3
responsible,3
extra,3
table,3
face,3
meal,3
methodist,3
then,3
flies,3
any,3
material,3
mentioned,3
control,3
anthropology,3
cm,3
seem,3
far,3
living,3
person,3
what,3
information,3
models,3
although,3
increased,3
nausea,3
point,3
early,3
maximum,3
among,3
cross,3
grants,3
does,2
currently,2
way,2
environmental,2
introduction,2
utility,2
manuscript,2
sphere,2
louisville,2
screening,2
kinds,2
managing,2
easily,2
policy,2
variety,2
materials,2
either,2
certainly,2
ointment,2
production,2
taken,2
attempt,2
bites,2
incessant,2
excavating,2
daily,2
cardiologist,2
estimation,2
flotation,2
survey,2
loose,2
state,2
occasional,2
redness,2
linear,2
u,2
marked,2
slight,2
reaction,2
richard,2
measuring,2
smooth,2
except,2
anticipated,2
increase,2
funded,2
human,2
central,2
review,2
abdominal,2
severe,2
run,2
objective,2
longitudinal,2
ear,2
sample,2
kind,2
bands,2
distinct,2
items,2
bay,2
flu,2
graphically,2
dates,2
egypt,2
look,2
kentucky,2
general,2
distribution,2
van,2
alexandria,2
whose,2
bring,2
levels,2
fever,2
antibiotic,2
earlier,2
eight,2
similar,2
importance,2
special,2
fred,2
rules,2
animals,2
space,2
lives,2
consider,2
organization,2
clearly,2
proved,2
contaminated,2
director,2
air,2
placed,2
too,2
situations,2
additional,2
calcium,2
beyond,2
restriction,2
hot,2
irrigation,2
greater,2
raw,2
my,2
pest,2
allow,2
medicine,2
inherent,2
hands,2
seven,2
out,2
events,2
relate,2
illness,2
feasibility,2
initial,2
symptoms,2
further,2
afternoon,2
third,2
recently,2
population,2
produced,2
cannot,2
purchased,2
jewish,2
january,2
possibility,2
kitchen,2
none,2
basis,2
line,2
kits,2
carry,2
heavily,2
coulson,2
systematic,2
fieldwork,2
own,2
t,2
published,2
least,2
successful,2
caused,2
below,2
buildings,2
suggest,2
involve,2
next,2
dried,2
urine,2
up,2
majority,2
world,2
labelled,2
preliminary,2
avoid,2
mess,2
therefore,2
tasks,2
san,2
minor,2
logistical,2
letters,2
comparative,2
glasses,2
inhabited,2
single,2
applications,2
infested,2
examined,2
makes,2
acknowledgments,2
us,2
specimens,2
included,2
carbonate,2
skin,2
insights,2
boiling,2
reports,2
williams,2
steroid,2
party,2
simulation,2
oral,2
latrine,2
others,2
experienced,2
smith,2
lighter,2
overwhelming,2
foods,2
sleep,2
ought,2
larger,2
grows,2
arthur,2
outside,2
drinking,2
do,2
less,2
containers,2
practice,2
agencies,2
thoroughly,2
ibid,2
dehydration,2
secured,2
completed,2
tank,2
nile,2
sequence,2
nothing,2
examination,2
galvanized,2
specimen,2
volunteer,2
points,2
individual,2
like,2
period,2
high,2
managerial,2
slightly,2
saw,2
carried,2
discussing,2
note,2
sanitation,2
fairly,2
provide,2
science,2
five,2
practical,2
gastrointestinal,2
began,2
accommodating,2
dirt,2
recognize,2
rapidly,2
length,2
life,2
herman,2
often,2
researcher,2
fields,2
itself,2
joseph,2
considered,2
school,2
deposited,2
following,2
series,2
dishes,2
simply,2
elaborate,2
md,2
here,2
over,2
structures,2
leeway,2
william,2
medical,2
according,2
scholarly,2
investigation,2
whether,2
terms,2
form,2
list,2
axis,2
announcements,2
problem,2
consisting,2
always,2
require,2
intake,2
almost,2
boiled,2
presented,2
entire,2
practices,2
dining,2
step,2
crew,2
recovered,2
turkish,2
prepared,2
afflicted,2
until,2
charts,2
calories,2
course,2
include,2
effects,2
optimization,2
region,2
buffalo,2
compounded,2
amant,2
equipment,2
little,2
duration,2
programming,2
tract,2
final,1
directors,1
go,1
undergraduate,1
dipping,1
o,1
edge,1
difficult,1
common,1
later,1
estate,1
groups,1
scrubbed,1
stoves,1
encouraged,1
paleoenvironmental,1
personnel,1
affected,1
extreme,1
dash,1
expedition,1
resulted,1
college,1
worthy,1
measures,1
totally,1
distributed,1
crossing,1
debris,1
forcing,1
minutes,1
center,1
camping,1
needed,1
complex,1
envisioned,1
agency,1
identify,1
designed,1
prime,1
terminated,1
advised,1
stone,1
formed,1
live,1
constitutes,1
true,1
sets,1
h,1
approaches,1
soap,1
anatomic,1
hazard,1
hair,1
undertaken,1
justified,1
western,1
enticing,1
supper,1
harsh,1
encourage,1
canteen,1
oneand,1
cit,1
pots,1
speediest,1
englewood,1
lenses,1
eye,1
source,1
negative,1
winnebago,1
fitted,1
explaining,1
long,1
constituting,1
abate,1
cleansed,1
swelling,1
jackson,1
creation,1
posed,1
interests,1
interested,1
originally,1
rested,1
exhibited,1
concentrated,1
feeling,1
diego,1
mudbrick,1
humans,1
degree,1
illnesses,1
weekend,1
recovery,1
england,1
binocular,1
seems,1
reevaluation,1
containing,1
comparatively,1
reach,1
monies,1
leading,1
advantage,1
suggesting,1
thank,1
differences,1
sang,1
rich,1
producing,1
follows,1
choobineh,1
farther,1
scheme,1
mag,1
cohabitate,1
renfrew,1
take,1
scheduled,1
subsequent,1
feature,1
somewhat,1
fresh,1
devised,1
last,1
intuitive,1
respond,1
mr,1
investigations,1
heating,1
coordinated,1
solved,1
committed,1
iowa,1
infection,1
agile,1
ad,1
system,1
departures,1
issue,1
drawback,1
sophisticated,1
courtesy,1
king,1
formulation,1
unaware,1
beard,1
referents,1
edn,1
cleared,1
agriculture,1
addresses,1
egyptians,1
account,1
anticipation,1
quantities,1
chest,1
watched,1
cooperation,1
solely,1
functions,1
investigator,1
bland,1
obvious,1
calculated,1
convince,1
occurring,1
mental,1
desired,1
tastes,1
conceptual,1
x,1
household,1
bottom,1
dirty,1
milder,1
undoubtedly,1
enter,1
minimum,1
kleberg,1
perturbations,1
collection,1
separating,1
cheese,1
controlled,1
surplus,1
framework,1
unprotected,1
labor,1
learned,1
natives,1
thus,1
includes,1
throughout,1
hazards,1
percolation,1
eat,1
farmhouses,1
disorder,1
priegel,1
estimating,1
facts,1
inner,1
concretions,1
professor,1
against,1
muscle,1
realized,1
sacramento,1
author,1
interest,1
malodorous,1
relatively,1
relations,1
afford,1
pm,1
adams,1
conducted,1
bottled,1
fluids,1
expected,1
resin,1
summarizing,1
funds,1
adopted,1
utensils,1
concerning,1
amount,1
allocating,1
fig,1
editing,1
simplest,1
malibu,1
serving,1
gustavus,1
six,1
difficulty,1
labyrinth,1
brace,1
left,1
effective,1
spontaneously,1
vendors,1
suppositories,1
find,1
died,1
undertaking,1
weight,1
y,1
archaeologist,1
student,1
communication,1
parasites,1
cooperative,1
hardly,1
enrich,1
though,1
unsafe,1
rates,1
parlance,1
readable,1
traumatic,1
walls,1
parks,1
perfect,1
higher,1
failed,1
dish,1
steps,1
poor,1
recognized,1
essential,1
identification,1
act,1
rather,1
main,1
cleaned,1
everett,1
obtained,1
watch,1
remain,1
bays,1
avocation,1
bartel,1
museum,1
profitably,1
stumbling,1
appreciation,1
powdered,1
preparing,1
process,1
particle,1
goes,1
dealt,1
determining,1
associate,1
fittings,1
brand,1
unshaded,1
hearing,1
pages,1
preservation,1
selected,1
discoveries,1
productive,1
overlooked,1
supposed,1
send,1
irritability,1
injury,1
albert,1
microscope,1
old,1
affect,1
possibly,1
flexibility,1
improvement,1
established,1
grains,1
organized,1
fishes,1
slowly,1
bit,1
just,1
impact,1
invariably,1
bruce,1
jersey,1
sherding,1
periodically,1
four,1
ljniversity,1
operate,1
tried,1
resource,1
powerful,1
requested,1
followed,1
facing,1
obstacles,1
discomfort,1
deadlines,1
painted,1
exploitation,1
david,1
dug,1
faced,1
refrigerators,1
view,1
neurocranium,1
matching,1
gregory,1
result,1
advance,1
came,1
pastoral,1
necessities,1
lead,1
whom,1
identifying,1
walk,1
location,1
avenue,1
transient,1
guns,1
houses,1
search,1
called,1
strength,1
item,1
sights,1
attack,1
mapping,1
silicon,1
scenes,1
researchdesign,1
carleton,1
disorders,1
realize,1
diet,1
bug,1
medicines,1
fuel,1
overburdened,1
infected,1
fourth,1
neighboring,1
occupation,1
shall,1
cultural,1
cuts,1
block,1
michigan,1
reviews,1
tools,1
viewed,1
schneider,1
inches,1
applied,1
younger,1
otherwise,1
safe,1
record,1
however,1
procedures,1
your,1
absolute,1
conferences,1
facilities,1
multipartite,1
headache,1
creates,1
near,1
cows,1
eliminate,1
provincial,1
degrees,1
artifacts,1
literature,1
cots,1
accomplishment,1
scope,1
detract,1
received,1
delicacies,1
protein,1
heart,1
future,1
significantly,1
brought,1
breeding,1
purpose,1
training,1
example,1
tombs,1
related,1
revealed,1
routinely,1
bite,1
aja,1
extraneous,1
loss,1
whole,1
describe,1
northwest,1
carbide,1
issues,1
archeology,1
constitute,1
contains,1
concentrate,1
fruitful,1
pan,1
salad,1
device,1
et,1
mathematical,1
occupied,1
publish,1
away,1
fungus,1
surrounding,1
employed,1
entails,1
shower,1
interpreted,1
week,1
foes,1
assembly,1
concave,1
graduate,1
soup,1
earth,1
evening,1
change,1
hardship,1
describing,1
sweep,1
clorox,1
acne,1
indicators,1
villagers,1
cope,1
weakness,1
inaccuracies,1
night,1
specifically,1
around,1
fatigue,1
contingency,1
baggage,1
few,1
sprinkled,1
alleviate,1
prompted,1
disaster,1
breaking,1
presence,1
reported,1
striped,1
distinguished,1
portions,1
usual,1
villages,1
tended,1
impossible,1
fully,1
managed,1
articulation,1
purification,1
goat,1
follicles,1
describes,1
cycle,1
appropriate,1
asp,1
lend,1
subsequently,1
periods,1
seats,1
cite,1
south,1
morphology,1
inhabit,1
reduced,1
matter,1
nonetheless,1
elimination,1
contact,1
bringing,1
certified,1
scientific,1
gather,1
cardiology,1
identified,1
economic,1
plans,1
wait,1
appreciate,1
brief,1
xcavation,1
shuler,1
reduce,1
converted,1
whatever,1
lotion,1
approaching,1
establishes,1
expanded,1
indicates,1
interactions,1
outer,1
modes,1
strategic,1
decisions,1
exceeded,1
scrubbing,1
sweeping,1
pacific,1
vegetables,1
reference,1
permission,1
opportunities,1
rubric,1
represents,1
convex,1
read,1
requiring,1
thought,1
serve,1
annnyas,1
windows,1
fifth,1
exposure,1
ne,1
orange,1
processing,1
adjusted,1
informal,1
light,1
assistance,1
jug,1
culture,1
experimental,1
outlined,1
wisconsin,1
social,1
fill,1
ceramic,1
fellow,1
members,1
salmon,1
successfully,1
gillette,1
technique,1
mark,1
compazine,1
halozone,1
academy,1
crm,1
drink,1
varies,1
flushing,1
lime,1
unsuccessful,1
fact,1
naive,1
lack,1
breakfast,1
treatment,1
storing,1
head,1
lesion,1
areas,1
temples,1
pressure,1
dehydrating,1
lubricating,1
diverse,1
personal,1
farming,1
everything,1
shallow,1
variation,1
resolved,1
man,1
reflect,1
worn,1
bony,1
forms,1
never,1
conclusions,1
aching,1
likelihood,1
learn,1
present,1
ground,1
risked,1
vibramycin,1
manner,1
drs,1
annular,1
developing,1
relevant,1
michael,1
council,1
punctate,1
distance,1
style,1
coined,1
explicitly,1
remarkably,1
epoxy,1
anticipate,1
imagine,1
original,1
meetings,1
incident,1
recognizing,1
crystals,1
greatest,1
oil,1
encounter,1
session,1
survive,1
examples,1
effectiveness,1
easier,1
discovery,1
width,1
legs,1
endowment,1
meals,1
jfa,1
snakes,1
lake,1
including,1
passes,1
campsite,1
dehydrated,1
unpredictable,1
ageing,1
concern,1
top,1
ladle,1
budget,1
controlling,1
entirely,1
waste,1
eaten,1
food,1
largely,1
persisted,1
virtually,1
spiced,1
helpers,1
institutional,1
questions,1
methodology,1
unpasteurized,1
engineers,1
hoc,1
aids,1
adolphus,1
fruits,1
full,1
raising,1
taxon,1
california,1
involves,1
described,1
bleed,1
clear,1
adding,1
vat,1
op,1
inadequate,1
health,1
peter,1
brad,1
temperatures,1
someone,1
started,1
resultant,1
scorpion,1
membranous,1
collected,1
distinction,1
dry,1
stages,1
maximize,1
administrative,1
filled,1
accurate,1
applicable,1
provides,1
lose,1
instruction,1
quick,1
mceachran,1
skull,1
readers,1
intoduced,1
pump,1
systems,1
k,1
eyes,1
feet,1
sight,1
overcome,1
wise,1
topics,1
exactly,1
adjacent,1
availability,1
james,1
enemies,1
seeking,1
probably,1
ate,1
sanitary,1
principal,1
haven,1
pottery,1
darker,1
opposite,1
greek,1
conjunctivitis,1
jelly,1
widely,1
species,1
attended,1
reluctant,1
performing,1
dietary,1
standard,1
farm,1
dealing,1
entitled,1
depth,1
asking,1
indication,1
signs,1
fueled,1
aid,1
cleansing,1
archaeologicalfield,1
chances,1
humanities,1
window,1
interdependent,1
mixture,1
segments,1
crucial,1
foreign,1
cramping,1
staples,1
menus,1
pieces,1
excrement,1
select,1
inside,1
intimidating,1
primarily,1
watching,1
seen,1
deposit,1
team,1
worse,1
allowing,1
grinding,1
contribution,1
sequences,1
try,1
indicate,1
walka,1
intend,1
construction,1
wildlife,1
achieve,1
magnification,1
tub,1
measured,1
types,1
months,1
raab,1
canada,1
arts,1
nowhere,1
resemble,1
crowded,1
clinical,1
extensions,1
thick,1
regularly,1
earliest,1
detail,1
stephen,1
freshwater,1
dissertation,1
anthropological,1
contained,1
thinking,1
coat,1
associated,1
dispersed,1
reviewing,1
rea,1
broke,1
calomine,1
conclusion,1
version,1
conjunction,1
ve,1
manual,1
demonstrate,1
steel,1
hydration,1
confounding,1
known,1
constructed,1
ranch,1
funding,1
aspirin,1
meat,1
sciences,1
patients,1
offers,1
set,1
quickly,1
spawns,1
defining,1
bottle,1
monthly,1
sure,1
correspond,1
worth,1
december,1
seriously,1
save,1
setting,1
sampling,1
board,1
capital,1
accommodate,1
half,1
wall,1
facility,1
minimized,1
report,1
humid,1
hospital,1
brothers,1
paleontology,1
obviously,1
equilibrium,1
gas,1
fills,1
constant,1
allocated,1
build,1
cities,1
distinctive,1
past,1
rural,1
works,1
type,1
february,1
absolutely,1
advances,1
better,1
places,1
phd,1
beginning,1
warnings,1
purchase,1
completion,1
communicate,1
reactions,1
worthwhile,1
references,1
particular,1
practicalities,1
nearby,1
maintain,1
seasonal,1
passed,1
theory,1
transactions,1
unnecessary,1
therapy,1
encased,1
scrupulous,1
waters,1
sleeping,1
institute,1
fisheries,1
bronchitis,1
fatigued,1
proposing,1
listed,1
upper,1
bacteria,1
st,1
abundantly,1
researchers,1
lomotil,1
bought,1
abrasions,1
john,1
careful,1
pain,1
urged,1
met,1
attached,1
scorpions,1
introduced,1
city,1
particles,1
easy,1
giving,1
intended,1
progressing,1
controls,1
irritation,1
extended,1
screen,1
obtain,1
lab,1
alternating,1
indebted,1
clothing,1
aims,1
catches,1
syndrome,1
leap,1
named,1
white,1
layers,1
shown,1
breaks,1
commercial,1
unable,1
years,1
editor,1
caloric,1
peanut,1
average,1
contract,1
conditions,1
commode,1
national,1
temperature,1
write,1
aware,1
tactical,1
wish,1
joined,1
dense,1
eggs,1
need,1
n,1
arrivals,1
piece,1
pasta,1
extremely,1
enclosure,1
summary,1
coughing,1
indoor,1
stools,1
modeling,1
removed,1
valuable,1
drying,1
themselves,1
straw,1
consisted,1
inasmuch,1
cook,1
deposits,1
era,1
consultedl,1
create,1
texts,1
element,1
severely,1
sips,1
develop,1
outhouse,1
focus,1
mature,1
seek,1
operational,1
doing,1
ca,1
showed,1
scoop,1
fertilize,1
noon,1
deeper,1
harmful,1
