WORDCOUNTS,WEIGHT
the,153
of,111
and,80
in,61
a,52
to,44
was,30
as,22
is,21
that,21
this,21
archaeology,21
by,20
for,17
southwestern,17
at,15
with,15
university,15
new,15
it,13
had,10
were,10
archaeological,10
he,9
museum,9
more,9
i,9
press,9
an,9
his,8
american,8
chapter,8
cambridge,8
on,8
my,7
both,7
which,7
early,7
society,7
who,6
into,6
hewett,6
prehistoric,6
ruins,6
there,6
world,6
their,5
from,5
indian,5
but,5
book,5
its,5
such,5
development,5
santa,5
between,5
be,5
about,4
me,4
history,4
these,4
most,4
social,4
time,4
discipline,4
what,4
geology,4
mexico,4
will,3
now,3
interesting,3
nairobi,3
been,3
career,3
fe,3
h,3
all,3
prehistory,3
or,3
just,3
too,3
being,3
first,3
way,3
established,3
colorado,3
important,3
natural,3
are,3
how,3
commercialism,3
academic,3
v,3
political,3
proceedings,3
context,3
them,3
prestige,3
because,3
wissler,3
leakey,3
work,3
richard,3
meuthen,3
part,3
became,3
kalb,3
beginnings,3
have,3
good,3
snead,3
nelson,3
remains,3
perspective,3
study,3
when,3
pueblo,3
story,3
those,3
southwest,3
professional,3
student,3
major,3
chronicle,3
south,2
led,2
fortunate,2
york,2
various,2
rivalries,2
george,2
if,2
scientific,2
bring,2
presentation,2
represented,2
stratigraphy,2
introduction,2
notably,2
after,2
contribution,2
they,2
one,2
columbian,2
kenya,2
competition,2
makes,2
us,2
index,2
specimens,2
growing,2
alfred,2
mary,2
no,2
reviewed,2
department,2
only,2
jon,2
rival,2
peabody,2
here,2
spanned,2
over,2
control,2
many,2
friendly,2
came,2
could,2
our,2
kenyan,2
out,2
john,2
other,2
late,2
cultural,2
war,2
reviews,2
notable,2
carefully,2
fortune,2
isbn,2
eastern,2
has,2
public,2
her,2
while,2
institute,2
well,2
hyde,2
some,2
understanding,2
sabloff,2
own,2
events,2
ethnology,2
edn,2
identity,2
profitable,2
afar,2
wetherill,2
harvard,2
willey,2
human,2
conflict,2
than,2
relationships,2
professor,2
institutional,2
national,2
general,2
individual,2
excavations,2
would,2
field,2
period,2
bone,2
settlement,2
clark,2
drive,2
smithsonian,2
depression,2
research,2
chicago,2
even,2
tim,2
journal,2
among,2
we,2
stone,2
so,2
attention,2
gordon,2
grahame,2
boasian,2
settlers,1
carried,1
does,1
huntington,1
not,1
undergraduate,1
mesolithic,1
gustav,1
san,1
reconstructed,1
relationship,1
devote,1
philadelphia,1
collis,1
off,1
power,1
town,1
whose,1
personally,1
assisting,1
minor,1
century,1
note,1
variety,1
chaeology,1
batsford,1
reviewer,1
mesa,1
she,1
chambered,1
interweaving,1
continued,1
rather,1
science,1
concerned,1
camp,1
figure,1
johns,1
economic,1
c,1
opponent,1
scholar,1
drama,1
brian,1
designated,1
americanist,1
ironic,1
site,1
subject,1
strictly,1
begin,1
ically,1
antagonistic,1
appreciate,1
harris,1
order,1
tozzer,1
bulletin,1
brings,1
e,1
governors,1
april,1
always,1
collections,1
californian,1
still,1
succinct,1
yale,1
entanglements,1
clothbound,1
began,1
heye,1
heard,1
coffee,1
interplay,1
standing,1
sending,1
grew,1
recognize,1
group,1
anxious,1
osteology,1
discover,1
complex,1
achievements,1
gallery,1
changes,1
special,1
elaborate,1
methods,1
britain,1
illustrations,1
verde,1
analysis,1
collecting,1
discoveries,1
united,1
ma,1
referring,1
incisive,1
antiquities,1
communities,1
galisteo,1
glossy,1
criticism,1
cohorts,1
sets,1
fair,1
methuen,1
reason,1
face,1
read,1
adobe,1
sociocultural,1
under,1
former,1
decade,1
cliff,1
chronology,1
objects,1
organization,1
family,1
western,1
marred,1
school,1
intensive,1
let,1
then,1
mummis,1
tells,1
constant,1
before,1
days,1
accomplishments,1
something,1
dominate,1
reverberations,1
source,1
excellence,1
prepuebloan,1
w,1
grand,1
academia,1
age,1
experience,1
lower,1
economically,1
word,1
rise,1
archaeologists,1
follow,1
antiquaries,1
avoided,1
independent,1
considers,1
lee,1
palace,1
egos,1
long,1
every,1
swedish,1
members,1
continues,1
name,1
museums,1
utah,1
interests,1
care,1
famed,1
helped,1
business,1
photos,1
m,1
give,1
taken,1
usher,1
decided,1
know,1
providing,1
might,1
others,1
hire,1
death,1
view,1
europe,1
imbedded,1
conflicts,1
archer,1
partner,1
worked,1
growth,1
advanced,1
england,1
official,1
ranchers,1
complementary,1
paper,1
moving,1
fossil,1
miss,1
divinity,1
bordering,1
admit,1
setting,1
gorge,1
available,1
scientists,1
scholars,1
stringent,1
best,1
leading,1
wesley,1
histories,1
together,1
found,1
desire,1
begun,1
wealthy,1
great,1
appeared,1
right,1
judge,1
gulch,1
potentially,1
rich,1
centers,1
follows,1
shot,1
crowd,1
substantive,1
thanks,1
onto,1
farmsteaders,1
powell,1
very,1
affected,1
oh,1
uncovered,1
benefit,1
scene,1
styles,1
reproduction,1
subsequent,1
man,1
help,1
past,1
initial,1
essentially,1
achieved,1
base,1
fresh,1
markets,1
america,1
took,1
date,1
hand,1
scholarship,1
greatly,1
following,1
beginning,1
present,1
neighboring,1
keys,1
drop,1
shall,1
adventures,1
focused,1
reading,1
promoters,1
michigan,1
within,1
combined,1
whether,1
milton,1
symbols,1
form,1
cairns,1
british,1
making,1
accounts,1
case,1
excellent,1
side,1
sw,1
material,1
focusing,1
pretty,1
year,1
seasonal,1
sport,1
passed,1
specimen,1
perhaps,1
greatarchaeologists,1
recorded,1
dwellers,1
books,1
extent,1
albeit,1
indispensible,1
jack,1
capacity,1
gained,1
shifts,1
hopkins,1
primary,1
particularly,1
firm,1
killed,1
expensive,1
pursued,1
cloth,1
representatives,1
copernicus,1
findspots,1
themesolithicage,1
voice,1
account,1
generally,1
demonstrated,1
don,1
opened,1
understatement,1
prior,1
basis,1
emphasis,1
r,1
marked,1
exploring,1
revealed,1
activity,1
artifacts,1
used,1
strain,1
sale,1
planning,1
made,1
little,1
completed,1
remember,1
insight,1
upon,1
carry,1
obvious,1
son,1
limitations,1
milford,1
concept,1
formal,1
region,1
brought,1
attached,1
except,1
ethiopia,1
london,1
visitors,1
city,1
establishment,1
despite,1
looking,1
goes,1
finding,1
photographic,1
enter,1
himself,1
concern,1
caught,1
mcgregor,1
respectable,1
host,1
significant,1
hosted,1
use,1
putnam,1
dedication,1
programs,1
obtain,1
lab,1
place,1
refers,1
factor,1
literally,1
visits,1
funded,1
exposed,1
palaeoanthropology,1
accumulative,1
aims,1
portrays,1
participated,1
think,1
yourself,1
chaco,1
magnate,1
chapters,1
laboratory,1
call,1
documented,1
trip,1
full,1
review,1
jealousy,1
frederic,1
dating,1
systematic,1
railway,1
misfortune,1
until,1
showing,1
eventual,1
commercial,1
mine,1
artifact,1
trade,1
navajo,1
interested,1
open,1
countless,1
talbot,1
since,1
moderated,1
edgar,1
visited,1
graduate,1
restraint,1
scandinavia,1
publication,1
regions,1
gruff,1
author,1
kidder,1
peter,1
interest,1
isles,1
attended,1
tone,1
permit,1
occasion,1
least,1
nels,1
david,1
allowed,1
jeremy,1
xxvi,1
encyclopedia,1
him,1
things,1
states,1
rancher,1
affirmation,1
vault,1
you,1
dry,1
defined,1
shortly,1
earlier,1
stimulated,1
last,1
quite,1
ward,1
provides,1
atmosphere,1
shift,1
old,1
latter,1
around,1
openly,1
sojourn,1
times,1
several,1
freeman,1
treats,1
charles,1
few,1
somehow,1
highly,1
trying,1
serving,1
columbia,1
six,1
close,1
extraordinary,1
mi,1
inception,1
become,1
emphasized,1
interpretations,1
ancestors,1
portions,1
left,1
ann,1
baringo,1
lake,1
truly,1
can,1
find,1
olduvai,1
james,1
hunters,1
probably,1
working,1
vincent,1
traditional,1
northern,1
home,1
buzzed,1
colleague,1
saw,1
institution,1
roots,1
deeply,1
north,1
wedding,1
bonito,1
protagonist,1
climates,1
undiminished,1
pottery,1
cooperative,1
readable,1
influence,1
taking,1
race,1
rest,1
chambers,1
paleoanthropology,1
digging,1
activities,1
arizona,1
anglo,1
