WORDCOUNTS,WEIGHT
and,49
the,47
of,44
a,25
in,19
by,17
to,17
map,17
is,14
university,14
for,14
from,12
maker,12
as,11
boston,11
an,11
at,10
can,9
new,8
with,7
on,7
or,6
maps,6
data,6
archaeological,6
field,6
archaeology,6
be,6
one,5
maya,5
you,5
c,5
pro,5
journal,5
only,4
m,4
subscription,4
editorial,4
office,4
professor,4
g,4
published,4
not,3
windows,3
abrams,3
index,3
illustrated,3
social,3
volume,3
other,3
anthropology,3
j,3
book,3
out,3
john,3
survey,3
michael,3
making,3
your,3
well,3
information,3
r,3
bibliography,3
richard,3
patricia,3
use,3
editor,3
this,3
perspective,3
massachusetts,3
texas,3
flintknapping,3
shimada,2
hardcover,2
l,2
its,2
program,2
classic,2
grande,2
izumi,2
associate,2
illustrations,2
diblasi,2
stone,2
edited,2
h,2
museum,2
studies,2
pampa,2
ancient,2
assistant,2
into,2
commonwealth,2
just,2
n,2
bruce,2
manual,2
t,2
more,2
postage,2
address,2
history,2
been,2
has,2
available,2
copy,2
current,2
p,2
whittaker,2
eu,2
wall,2
reviews,2
existing,2
tools,2
form,2
material,2
ford,2
manuscripts,2
paperback,2
number,2
create,2
custom,2
art,2
abstracts,2
maritime,2
contours,2
multiple,2
including,2
sent,2
inexpensive,2
measure,2
screen,2
using,2
human,2
structures,2
our,2
call,2
spring,2
used,2
vat,2
author,2
david,2
settlement,2
thomas,2
old,2
computer,2
james,2
early,2
also,2
uk,2
quarterly,2
southeastern,2
built,2
geographical,2
society,2
neu,1
lyon,1
mochica,1
van,1
arcview,1
rights,1
site,1
trustees,1
fifty,1
schools,1
aid,1
york,1
page,1
request,1
crow,1
variety,1
gis,1
costs,1
architecture,1
operations,1
lot,1
laptops,1
economic,1
licence,1
f,1
impressive,1
straighfforward,1
how,1
ibz,1
telephone,1
melody,1
sort,1
mastercard,1
albion,1
curtis,1
others,1
elliot,1
college,1
coastal,1
institutions,1
oscar,1
attaching,1
formative,1
detailed,1
reconstruction,1
edwin,1
manuscript,1
domination,1
sarah,1
b,1
copan,1
told,1
center,1
balikh,1
their,1
southern,1
roads,1
hester,1
volumes,1
special,1
study,1
keech,1
boyd,1
white,1
designed,1
mcnair,1
word,1
update,1
idicate,1
yet,1
managing,1
s,1
interpretation,1
monuments,1
itself,1
typeset,1
environment,1
we,1
ordnance,1
day,1
susan,1
download,1
niger,1
sociocultural,1
water,1
was,1
borque,1
excavation,1
anthropological,1
presents,1
v,1
contained,1
included,1
aerial,1
complete,1
director,1
culture,1
following,1
wright,1
complexity,1
al,1
but,1
w,1
must,1
measurements,1
most,1
prin,1
sophisticated,1
prehistoric,1
additional,1
powerful,1
useful,1
physical,1
please,1
that,1
catalog,1
testament,1
fast,1
labor,1
griffin,1
june,1
text,1
museums,1
sciences,1
archeological,1
grinnell,1
offers,1
set,1
founding,1
carolyn,1
photos,1
processor,1
rita,1
season,1
natural,1
view,1
terrain,1
arcinfo,1
allow,1
cobb,1
all,1
towards,1
projects,1
many,1
raw,1
smith,1
mcintosh,1
paper,1
hohokam,1
georgia,1
based,1
ceramic,1
motsinger,1
board,1
mcgill,1
areas,1
style,1
indicate,1
print,1
public,1
kingship,1
printed,1
nt,1
display,1
puritan,1
strength,1
marvin,1
mapping,1
analyses,1
behavioral,1
users,1
compatible,1
deal,1
able,1
gulf,1
scanned,1
canti,1
international,1
exported,1
build,1
evolving,1
i,1
pattern,1
elia,1
translating,1
feature,1
excavations,1
anne,1
works,1
living,1
hierarchic,1
terry,1
late,1
marni,1
outside,1
handbook,1
do,1
henry,1
reserved,1
robert,1
political,1
investigations,1
posit,1
scholarly,1
mcanany,1
frogram,1
accepted,1
them,1
whether,1
offield,1
residential,1
symbols,1
selected,1
system,1
british,1
mull,1
models,1
council,1
excellent,1
side,1
mmap,1
publications,1
feb,1
ltd,1
mapmakerl,1
databases,1
theory,1
metropolitan,1
lean,1
packs,1
books,1
wiseman,1
king,1
blake,1
method,1
assemblage,1
pmro,1
gps,1
ojections,1
remarkably,1
advisory,1
wesolowsky,1
technical,1
expensive,1
require,1
addresses,1
installations,1
lesure,1
interpreting,1
periodical,1
anna,1
provey,1
understanding,1
nordic,1
journals,1
kathleen,1
literature,1
middle,1
subscriptions,1
kits,1
specialist,1
own,1
avery,1
tool,1
move,1
discountsfor,1
upon,1
wilkinson,1
carry,1
student,1
internet,1
os,1
code,1
leads,1
point,1
combine,1
ohio,1
press,1
easy,1
elite,1
energetics,1
look,1
tjeerd,1
techniques,1
copyright,1
sheets,1
repertory,1
citation,1
island,1
make,1
equity,1
issues,1
archeology,1
diversity,1
canyon,1
ricardo,1
regarding,1
winter,1
individuals,1
which,1
personal,1
versatile,1
option,1
reflect,1
question,1
hampshire,1
until,1
students,1
it,1
stanford,1
such,1
years,1
interested,1
generate,1
cambridge,1
margaret,1
illinois,1
have,1
wylie,1
write,1
arkansas,1
peter,1
meddens,1
change,1
ability,1
issn,1
archaegy,1
posing,1
individual,1
ibr,1
architectural,1
coring,1
price,1
datarem,1
range,1
period,1
function,1
distances,1
complex,1
alison,1
features,1
mexico,1
visa,1
box,1
submissions,1
ai,1
derive,1
poster,1
laptop,1
modest,1
wendy,1
wellington,1
small,1
charles,1
few,1
written,1
vessel,1
gradients,1
k,1
annotation,1
methods,1
editors,1
fellows,1
suitable,1
rila,1
ancestors,1
applying,1
kinship,1
single,1
vancouver,1
mechanical,1
dedicated,1
maine,1
women,1
structure,1
fri,1
norman,1
equipment,1
capabilities,1
archaeologist,1
sept,1
kaniana,1
abandoned,1
traditional,1
northern,1
resistance,1
images,1
paid,1
world,1
correspondence,1
belize,1
production,1
florida,1
bonafide,1
should,1
jones,1
processors,1
groundbreaking,1
actions,1
rates,1
massive,1
arizona,1
decision,1
pope,1
