WORDCOUNTS,WEIGHT
the,163
and,138
of,131
in,51
a,36
to,28
isbn,26
white,21
this,21
black,21
index,19
archaeological,18
volume,17
university,15
from,15
by,15
cloth,15
new,14
archaeology,14
paper,13
press,13
on,12
for,11
at,9
as,9
is,9
with,9
are,9
an,9
that,8
presents,8
research,8
ancient,7
john,7
c,7
no,6
their,6
american,6
contributions,6
survey,6
papers,6
part,6
editor,6
author,6
d,6
technology,5
color,5
how,5
inscriptions,5
presented,5
human,5
early,5
present,5
general,5
e,4
museum,4
east,4
anthropological,4
peabody,4
m,4
prehistoric,4
maya,4
region,4
historical,4
i,4
other,4
references,4
material,4
sites,4
vol,4
art,4
through,4
harvard,4
area,4
study,4
explore,4
pottery,4
greek,4
role,3
materials,3
l,3
southern,3
corpus,3
methods,3
evolution,3
about,3
uxmal,3
h,3
monuments,3
studies,3
organization,3
excavation,3
environment,3
w,3
first,3
origins,3
social,3
bronze,3
olduvai,3
different,3
xii,3
william,3
photography,3
case,3
record,3
discovery,3
ohio,3
results,3
central,3
were,3
cambridge,3
g,3
published,3
excavations,3
field,3
period,3
glass,3
settlement,3
between,3
evolutionary,3
methodological,3
publications,3
be,3
james,3
using,3
we,3
codices,3
argolid,2
f,2
he,2
relationship,2
mexico,2
investigated,2
fieldwork,2
been,2
developed,2
site,2
curtis,2
foreword,2
mummification,2
tammy,2
approaches,2
settlements,2
k,2
use,2
construction,2
hominids,2
list,2
oxford,2
summaries,2
centuries,2
athenian,2
modern,2
joseph,2
photographs,2
considered,2
prehistory,2
school,2
ian,2
culture,2
n,2
metallurgical,2
experimental,2
series,2
practices,2
contexts,2
women,2
most,2
two,2
reports,2
exposed,2
surface,2
long,2
inhabitants,2
painted,2
also,2
important,2
mark,2
know,2
history,2
j,2
raw,2
asia,2
s,2
sapiens,2
p,2
analyses,2
out,2
beds,2
xcalumkin,2
last,2
patterns,2
date,2
brittany,2
robert,2
silver,2
acropolis,2
what,2
focus,2
landscape,2
dating,2
cobalt,2
context,2
can,2
andean,2
theory,2
dumbarton,2
has,2
near,2
america,2
well,2
information,2
r,2
understanding,2
used,2
zuni,2
work,2
middle,2
bc,2
literary,2
bibliography,2
outline,2
age,2
israel,2
west,2
point,2
patricia,2
agnes,2
edn,2
mortuary,2
along,2
its,2
hieroglyphic,2
todd,2
implications,2
inventory,2
behavior,2
issues,2
oaks,2
details,2
review,2
xviii,2
discovered,2
have,2
authors,2
stann,2
publication,2
peter,2
contributors,2
david,2
include,2
tom,2
mixtec,2
issn,2
provides,2
thomas,2
perspective,2
several,2
spanish,2
concerning,2
creek,2
paleoindian,2
editors,2
stone,2
topics,2
xvi,2
roe,2
evidence,2
arizona,2
society,2
pohl,1
tombs,1
carved,1
metallurgy,1
van,1
bells,1
carried,1
media,1
analytic,1
it,1
civilization,1
seasons,1
now,1
heikkinen,1
pertaining,1
interesting,1
led,1
high,1
exterior,1
cover,1
publishing,1
africa,1
identification,1
production,1
way,1
synthesizing,1
provide,1
his,1
jaltepec,1
concerned,1
scientific,1
epigraphic,1
stylistic,1
ecological,1
homo,1
milieu,1
alphabetical,1
myriam,1
danny,1
dry,1
district,1
maps,1
provenience,1
comparative,1
edward,1
suspected,1
dorothy,1
howland,1
basic,1
secrets,1
en,1
plans,1
environmental,1
classic,1
transition,1
jane,1
order,1
bulletin,1
foraging,1
means,1
who,1
slag,1
transformed,1
detailed,1
fossil,1
introduction,1
juan,1
distributed,1
lawrence,1
thirteen,1
sarah,1
originated,1
astill,1
group,1
matolcsi,1
ix,1
publishes,1
direction,1
responsible,1
expectations,1
discoveries,1
united,1
frank,1
augmented,1
paleolithic,1
bdla,1
fieldwalking,1
types,1
interpretation,1
ram,1
accounts,1
examined,1
ramirez,1
margiana,1
remains,1
represents,1
unraveling,1
mit,1
builds,1
morrow,1
susan,1
dean,1
sounds,1
earliest,1
celia,1
slavic,1
greeks,1
collection,1
paleontological,1
detail,1
isaac,1
elizabeth,1
or,1
gamble,1
puzzle,1
contained,1
included,1
reformulating,1
dated,1
eastward,1
monument,1
experiments,1
any,1
associated,1
before,1
readers,1
detailing,1
believed,1
reexamination,1
preface,1
mary,1
bruce,1
economic,1
mexican,1
source,1
princeton,1
ruth,1
version,1
changing,1
upper,1
xi,1
registration,1
illustrated,1
hudson,1
unusually,1
extensive,1
file,1
neandertals,1
sculpted,1
archaeologists,1
dominguez,1
t,1
explaining,1
position,1
sources,1
routes,1
ultraviolet,1
reconnaissance,1
caroline,1
text,1
nigel,1
offers,1
paul,1
book,1
geomorphologists,1
ii,1
neanderthals,1
colors,1
stories,1
toward,1
drawing,1
natural,1
view,1
dunnell,1
humans,1
each,1
all,1
neil,1
greater,1
cemetery,1
uses,1
efforts,1
people,1
frangois,1
clive,1
based,1
company,1
patrice,1
explores,1
setting,1
exploration,1
innovations,1
moffitt,1
europe,1
asserts,1
silverware,1
route,1
appendix,1
argue,1
search,1
current,1
grenville,1
entryway,1
attempting,1
viii,1
rich,1
marek,1
exploiting,1
classical,1
diverse,1
antonio,1
events,1
end,1
religion,1
contemporary,1
kingdom,1
examining,1
nationalism,1
niche,1
smiths,1
great,1
xx,1
utilize,1
ethnohistorical,1
works,1
honor,1
late,1
ages,1
zooarchaeological,1
state,1
further,1
encroaching,1
sacred,1
monographs,1
v,1
spain,1
geography,1
augustine,1
political,1
cultural,1
shlomo,1
within,1
discuss,1
conservation,1
carefully,1
combined,1
gill,1
tools,1
selected,1
offering,1
michael,1
guide,1
theoretical,1
council,1
salamon,1
monograph,1
grounds,1
vivid,1
colder,1
xiv,1
handaxes,1
projectile,1
paperback,1
native,1
recording,1
conclusions,1
books,1
extent,1
method,1
manuals,1
patrick,1
number,1
thames,1
world,1
zreda,1
mummies,1
day,1
institute,1
ecology,1
localities,1
aspects,1
solving,1
watershed,1
design,1
regarding,1
directly,1
status,1
installment,1
prior,1
some,1
technologies,1
exploring,1
journals,1
recommendations,1
updated,1
propylea,1
jordan,1
bob,1
conference,1
suggests,1
both,1
anatomically,1
socioeconomic,1
researchers,1
range,1
eighteenth,1
randall,1
demonstrating,1
multiple,1
taking,1
significantly,1
leads,1
george,1
postclassic,1
artful,1
sculpture,1
timely,1
discusses,1
mario,1
previously,1
resources,1
elucidate,1
compares,1
indigenous,1
ac,1
data,1
identity,1
akademiai,1
tjeerd,1
techniques,1
interviews,1
description,1
sindor,1
findings,1
egyptian,1
bust,1
conventional,1
realm,1
avinoam,1
target,1
during,1
equity,1
demonstrates,1
diversity,1
geared,1
contains,1
unesco,1
records,1
sequence,1
oasis,1
actually,1
coming,1
processes,1
think,1
andrew,1
chapters,1
call,1
smelting,1
which,1
pagan,1
eric,1
full,1
reproduction,1
ronald,1
cemeteries,1
andel,1
avi,1
ephraim,1
until,1
subfield,1
project,1
facts,1
immediate,1
such,1
development,1
munn,1
stelae,1
runnels,1
fake,1
holy,1
margaret,1
donald,1
interior,1
against,1
euw,1
directed,1
laboratories,1
b,1
discussed,1
comprehensive,1
national,1
foci,1
hungary,1
predators,1
lady,1
interpret,1
register,1
excavated,1
christopher,1
marshals,1
forgery,1
land,1
price,1
revised,1
conducted,1
kurz,1
manufacture,1
regarded,1
meeting,1
naama,1
alison,1
unipub,1
hosler,1
tabular,1
century,1
integration,1
obtained,1
stages,1
crafted,1
interprets,1
earlier,1
fred,1
placenames,1
religious,1
association,1
younker,1
talmage,1
entrance,1
archaic,1
indices,1
jinos,1
moved,1
vi,1
especially,1
sarianidi,1
problems,1
pierre,1
cs,1
architectural,1
systems,1
components,1
charlotte,1
completing,1
recounted,1
themselves,1
oystein,1
fullest,1
played,1
interpretations,1
scholarship,1
commodity,1
engineering,1
reevaluation,1
ofer,1
brown,1
masek,1
find,1
norman,1
annual,1
x,1
nan,1
equipment,1
geological,1
progress,1
neandertal,1
blue,1
analyze,1
statue,1
essays,1
elche,1
ronnie,1
interaction,1
southwest,1
journal,1
look,1
scolar,1
tilantongo,1
examines,1
describes,1
fredrik,1
ofhuman,1
among,1
oklahoma,1
completes,1
recent,1
highlands,1
florida,1
concise,1
peloponnese,1
value,1
remarkable,1
richly,1
provided,1
olavi,1
displaced,1
finds,1
came,1
ca,1
built,1
valleys,1
influence,1
valuable,1
portrait,1
geographical,1
von,1
major,1
mnesicles,1
gold,1
separate,1
