WORDCOUNTS,WEIGHT
and,155
the,136
of,123
in,65
by,57
a,50
to,36
university,28
archaeology,27
edited,24
i,24
cloth,22
this,19
archaeological,19
paper,16
from,16
r,16
on,15
e,14
for,14
an,14
w,12
volume,12
new,12
at,11
j,11
with,10
l,10
is,10
ancient,10
m,10
are,10
michael,10
h,9
book,9
culture,9
boston,9
d,9
research,9
f,8
how,8
as,8
david,8
available,8
s,8
illus,7
series,7
its,7
g,7
james,7
b,6
studies,6
most,6
t,6
paul,6
william,6
material,6
art,6
artifacts,6
editor,6
peter,6
settlement,6
provides,6
field,6
o,5
their,5
illustrations,5
about,5
subscription,5
index,5
organic,5
n,5
published,5
human,5
ii,5
prehistoric,5
office,5
foundations,5
information,5
editorial,5
issues,5
evolutionary,5
journal,5
north,5
greek,5
perspectives,4
materials,4
transition,4
approaches,4
american,4
complex,4
special,4
study,4
prehistory,4
or,4
history,4
first,4
tikal,4
also,4
important,4
ceramic,4
great,4
john,4
maps,4
address,4
ed,4
behavioral,4
region,4
collection,4
southwestern,4
have,4
systems,4
texas,4
pottery,4
major,4
site,3
brian,3
change,3
york,3
implications,3
various,3
his,3
it,3
curtis,3
olmec,3
introduction,3
village,3
interpretation,3
thomas,3
case,3
old,3
stephen,3
was,3
excavation,3
then,3
numbers,3
mary,3
bifacial,3
contexts,3
athens,3
lithic,3
other,3
photos,3
postage,3
anthropological,3
smith,3
transmission,3
color,3
inquiry,3
out,3
basin,3
survey,3
state,3
present,3
sanctuary,3
reviews,3
within,3
maya,3
unique,3
context,3
ford,3
wide,3
technical,3
mehmet,3
sites,3
data,3
work,3
bibliography,3
richard,3
desert,3
discusses,3
farrand,3
press,3
jeffrey,3
central,3
theoretical,3
years,3
anasazi,3
runnels,3
washington,3
social,3
palaeolithic,3
massachusetts,3
c,3
be,3
early,3
utah,3
northern,3
belize,3
ceren,3
recent,3
examines,3
empirical,3
south,2
civilization,2
body,2
will,2
camp,2
bring,2
classic,2
coastal,2
detailed,2
carson,2
visual,2
contribution,2
sarah,2
center,2
payson,2
southern,2
sheets,2
one,2
religious,2
life,2
solecki,2
analysis,2
white,2
ma,2
stein,2
museum,2
arts,2
conservation,2
earliest,2
technology,2
stillwater,2
telephone,2
presents,2
commonwealth,2
latin,2
complete,2
k,2
olsen,2
lowlands,2
nw,2
without,2
ethnoarchaeology,2
different,2
origins,2
beyond,2
usa,2
please,2
that,2
long,2
ozdogan,2
more,2
bruce,2
set,2
mark,2
all,2
herbert,2
gary,2
shows,2
principles,2
turner,2
pages,2
p,2
time,2
together,2
reed,2
covering,2
jennifer,2
historical,2
review,2
ogy,2
past,2
julie,2
use,2
robert,2
cultural,2
daniel,2
ad,2
debitage,2
coast,2
excellent,2
side,2
sciences,2
record,2
manuscripts,2
theory,2
books,2
has,2
style,2
america,2
agriculture,2
addresses,2
imperial,2
some,2
understanding,2
aspects,2
fax,2
hammond,2
douglas,2
abstracts,2
made,2
sediments,2
accompanying,2
virginia,2
x,2
city,2
booklet,2
household,2
techniques,2
elizabeth,2
ritual,2
maschner,2
steven,2
framework,2
people,2
ideas,2
harrison,2
roman,2
our,2
which,2
national,2
technological,2
schwartz,2
regional,2
iv,2
pennsylvania,2
dating,2
spring,2
such,2
three,2
publication,2
essay,2
pulltrouser,2
www,2
arc,2
working,2
current,2
physical,2
summer,2
high,2
mexico,2
preservation,2
specifically,2
clark,2
between,2
th,2
shaw,2
norman,2
bentley,2
y,2
would,2
world,2
among,2
than,2
middle,2
glen,1
nicholas,1
compendium,1
trigger,1
lqlt,1
chronological,1
wetland,1
van,1
european,1
carried,1
eia,1
willey,1
landscapes,1
ew,1
opposed,1
dale,1
now,1
twelve,1
bellwood,1
mesolithic,1
lopez,1
birgitte,1
cast,1
lineages,1
handsome,1
decoration,1
relationship,1
applications,1
rothschild,1
colin,1
units,1
significant,1
perry,1
milliken,1
terrific,1
box,1
variety,1
nanna,1
span,1
wiseman,1
way,1
testimony,1
justin,1
science,1
arcihaoi,1
african,1
ac,1
vining,1
alexaader,1
been,1
commentary,1
willy,1
abric,1
highlands,1
aeo,1
developed,1
ogundiran,1
integrating,1
practical,1
denmark,1
gulf,1
ibz,1
foster,1
subject,1
hill,1
mastercard,1
limited,1
joan,1
warwick,1
critical,1
tartaron,1
unit,1
deadly,1
wwroil,1
bifaces,1
foreword,1
islands,1
college,1
casas,1
dow,1
process,1
oscar,1
assembles,1
whalen,1
accepted,1
represented,1
community,1
analyzes,1
ignasi,1
reconstruction,1
mountains,1
team,1
kalb,1
blades,1
manuscript,1
interactions,1
understand,1
per,1
connected,1
they,1
sitecivilizi,1
ethel,1
se,1
viewed,1
lorenzo,1
mesoamerica,1
aurignacian,1
iconnected,1
volumes,1
evolution,1
gallery,1
com,1
selection,1
positive,1
instructions,1
methods,1
minoan,1
spectacular,1
pp,1
hi,1
stiner,1
designed,1
diblasi,1
robin,1
list,1
readiing,1
presenting,1
fod,1
coherence,1
teresa,1
authority,1
derek,1
rnd,1
gathering,1
managing,1
shell,1
types,1
raymond,1
strategies,1
monuments,1
completely,1
walker,1
thejstorart,1
lives,1
kl,1
rt,1
making,1
coverage,1
articles,1
specified,1
read,1
javier,1
imaging,1
publications,1
benjamin,1
frankel,1
plus,1
array,1
broodbank,1
continuity,1
yman,1
kelly,1
nielsen,1
greeks,1
distributional,1
adventures,1
ne,1
lifespan,1
organization,1
goldberg,1
corning,1
river,1
frederick,1
into,1
swamp,1
included,1
lowland,1
cyclades,1
thejournal,1
berry,1
king,1
specify,1
light,1
associated,1
before,1
director,1
edition,1
harold,1
following,1
dena,1
thematic,1
alexia,1
ethnographic,1
iatin,1
northeastern,1
publishes,1
princeton,1
complexity,1
al,1
closely,1
veritable,1
minnis,1
largest,1
advancing,1
singly,1
insights,1
hemphill,1
illustrated,1
aksum,1
reports,1
agents,1
cyprian,1
extensive,1
joe,1
toronto,1
occupied,1
steffen,1
christy,1
ecuador,1
incomplete,1
additional,1
textile,1
gina,1
frameworks,1
spriggs,1
only,1
bioarchaeological,1
emeritus,1
comes,1
erupted,1
upon,1
fagan,1
edinburgh,1
shed,1
jon,1
ballard,1
useful,1
lee,1
hansjorgen,1
explicate,1
poulter,1
ricardo,1
inhabitants,1
rice,1
western,1
lyman,1
archeological,1
discovche,1
proposals,1
fertile,1
wherever,1
signe,1
stoltman,1
typesetting,1
juxtaposing,1
othe,1
founding,1
sold,1
challenge,1
give,1
cc,1
behavior,1
secondary,1
eds,1
others,1
lekson,1
spencer,1
according,1
board,1
attempt,1
over,1
changes,1
ecological,1
dc,1
brooke,1
intellectual,1
mcgill,1
colonization,1
nevada,1
jens,1
wetlands,1
advanced,1
neil,1
descriptive,1
anthropology,1
raw,1
materialswith,1
quilter,1
tolstoy,1
friendly,1
request,1
expanding,1
depression,1
outside,1
rights,1
exploration,1
treatment,1
affordable,1
copy,1
agenda,1
scholars,1
abilities,1
villa,1
leading,1
isbn,1
alexander,1
could,1
leaders,1
penelope,1
ulfeldt,1
gobi,1
six,1
ebert,1
daily,1
volcano,1
fry,1
printed,1
afar,1
geoarch,1
called,1
documents,1
meuse,1
derrold,1
vincenzo,1
editd,1
accessible,1
report,1
lozano,1
post,1
rich,1
effort,1
cordage,1
cult,1
drama,1
larger,1
deal,1
pacific,1
lifeways,1
attacking,1
hassan,1
diverse,1
mongolia,1
fellows,1
complementing,1
pillsbury,1
carolina,1
hunting,1
religion,1
renfrew,1
arthur,1
contemporary,1
aerial,1
reflected,1
sanger,1
neandertal,1
examining,1
program,1
adler,1
byzantine,1
reaearch,1
fo,1
workman,1
killion,1
interpretations,1
feature,1
wood,1
weta,1
anne,1
wall,1
chiefdom,1
assessment,1
channel,1
big,1
edge,1
late,1
loose,1
zooarchaeological,1
date,1
materiality,1
ofer,1
marine,1
v,1
consulting,1
paris,1
hampshire,1
ground,1
dincauze,1
classified,1
sociopolitical,1
unworked,1
jeanne,1
scholarly,1
done,1
ruins,1
elih,1
kommos,1
literature,1
jennings,1
oregon,1
anastasia,1
empire,1
establish,1
spatial,1
orthodoxy,1
whether,1
unearthing,1
contents,1
rose,1
recently,1
ceramics,1
meanings,1
british,1
webster,1
journals,1
mohammad,1
want,1
forth,1
lane,1
containers,1
monograph,1
andean,1
rubber,1
focusing,1
textbook,1
jordi,1
axel,1
josep,1
year,1
destruction,1
forthcoming,1
alfred,1
map,1
projectile,1
paperback,1
jfa,1
chronologically,1
southwestarchaeology,1
metropolitan,1
roy,1
stillwatermountains,1
jelinek,1
occurrence,1
find,1
utilitarian,1
problem,1
kimberly,1
consisting,1
assemblage,1
urton,1
webb,1
those,1
de,1
rafique,1
spain,1
cognition,1
matthew,1
primary,1
wayne,1
u,1
cusing,1
pei,1
marie,1
advisory,1
wesolowsky,1
gyi,1
require,1
kathryn,1
multidisciplinary,1
well,1
changed,1
yaroslav,1
yield,1
presented,1
trade,1
rodolfo,1
periodical,1
dynamics,1
original,1
yepez,1
application,1
development,1
subsistence,1
spheres,1
marc,1
gotham,1
possible,1
accounting,1
philip,1
amilcare,1
urban,1
port,1
jameson,1
used,1
size,1
cluster,1
subscriptions,1
lpr,1
bower,1
scope,1
st,1
turkey,1
latino,1
brantingham,1
feinman,1
socioeconomic,1
cantwell,1
avery,1
moseley,1
emphasis,1
hundred,1
joseph,1
carry,1
larsen,1
must,1
petersburg,1
measuring,1
milford,1
allue,1
west,1
environments,1
sedlacek,1
rightmire,1
paola,1
patricia,1
conceptual,1
part,1
urcid,1
through,1
individual,1
technologies,1
competing,1
interational,1
example,1
previously,1
sent,1
recovery,1
knowledge,1
dynamic,1
jr,1
two,1
pulls,1
role,1
southwest,1
dizerega,1
centuries,1
smakkerup,1
tjeerd,1
yale,1
woodland,1
where,1
nonpolemic,1
histor,1
copyright,1
enduring,1
embossed,1
measurement,1
extended,1
brings,1
repertory,1
masterful,1
warfare,1
politica,1
island,1
call,1
wonderful,1
during,1
place,1
caspar,1
leblanc,1
northwest,1
potts,1
andrefsky,1
thorough,1
maria,1
eoretical,1
beginnings,1
exceptionally,1
karen,1
jo,1
representation,1
contributing,1
li,1
tribute,1
wisconsin,1
jen,1
regarding,1
think,1
periodicals,1
cuting,1
bc,1
goal,1
thus,1
wari,1
wolpoff,1
individuals,1
chapters,1
kuhn,1
includes,1
attica,1
recounting,1
puritan,1
jodi,1
full,1
write,1
question,1
institution,1
alvarez,1
hattula,1
students,1
nash,1
il,1
gai,1
ofarchaeology,1
models,1
cotahuasi,1
archaeolo,1
sacrificing,1
project,1
istanbul,1
stanford,1
spectrum,1
artifact,1
pisano,1
archaeologists,1
open,1
marshes,1
lands,1
reviewofarchaeology,1
since,1
polity,1
illustrates,1
trends,1
bandi,1
graduate,1
tables,1
conditions,1
authors,1
bei,1
jade,1
aided,1
guthrie,1
intact,1
lakes,1
points,1
holcomb,1
peru,1
archaeologist,1
authoritative,1
archaeologicapal,1
arnold,1
consumption,1
creating,1
issn,1
contributors,1
brain,1
excavated,1
sbitrab,1
americas,1
elegantly,1
known,1
architectural,1
chumash,1
successful,1
land,1
excavations,1
describing,1
define,1
claremont,1
kc,1
tim,1
range,1
bosphorus,1
followed,1
discover,1
laurie,1
function,1
buildings,1
fabrics,1
villagethe,1
ability,1
preliminary,1
glass,1
soressi,1
visa,1
cohen,1
cypriot,1
france,1
antiquity,1
prosperous,1
doing,1
radar,1
submissions,1
colleagues,1
ralph,1
le,1
drooker,1
anyone,1
applicationi,1
illicit,1
periods,1
area,1
discourse,1
institutions,1
klosowski,1
skibo,1
legacy,1
nicopolis,1
bank,1
bruhns,1
definitive,1
hoffecker,1
grahame,1
small,1
pye,1
colinvaux,1
computer,1
phillipson,1
several,1
chert,1
ibr,1
akinwumi,1
carlson,1
ilighted,1
probe,1
drift,1
stahl,1
back,1
multiple,1
subjects,1
highly,1
revealing,1
ha,1
strongest,1
charlotte,1
bray,1
catherine,1
lditcd,1
schiffer,1
chapel,1
eloquent,1
close,1
houses,1
meaning,1
subcriptions,1
editors,1
kuzmin,1
dramatic,1
single,1
relation,1
australian,1
periodically,1
rila,1
distinguished,1
ancestors,1
bone,1
ann,1
displayed,1
andes,1
recovered,1
foremost,1
cahill,1
can,1
mechanical,1
networks,1
dept,1
structure,1
fekri,1
dibble,1
eries,1
ethiopias,1
snead,1
views,1
chilton,1
drawn,1
aim,1
vincent,1
method,1
valley,1
khipu,1
interaction,1
stimulating,1
develop,1
bietti,1
look,1
re,1
benchmark,1
slide,1
roe,1
reserved,1
describes,1
paid,1
elevation,1
logy,1
details,1
correspondence,1
pioneering,1
kelley,1
ramenofsky,1
we,1
line,1
taylor,1
sedimentary,1
kidder,1
copiously,1
encyclopedia,1
evaluated,1
bonafide,1
should,1
provided,1
skill,1
sandra,1
modifications,1
diana,1
bines,1
groundbreaking,1
race,1
trustees,1
stanley,1
rates,1
federmesser,1
gordon,1
continuously,1
geographical,1
citation,1
uad,1
sandweiss,1
heritage,1
ofil,1
swee,1
grandes,1
manuel,1
local,1
societies,1
