WORDCOUNTS,WEIGHT
the,1063
of,644
and,379
in,280
to,262
a,251
is,122
at,119
from,114
that,109
was,101
be,100
on,97
for,83
this,76
by,74
are,72
it,71
with,70
were,68
been,59
which,55
i,51
as,48
an,47
not,42
have,42
site,41
shell,39
other,36
tranchets,36
stone,35
neolithic,34
but,34
these,34
all,33
had,33
sites,33
has,32
one,31
denticulated,31
two,31
j,29
point,29
may,29
l,29
age,29
tool,29
tools,28
or,27
possible,26
university,26
field,26
note,26
figure,26
bronze,26
some,25
will,24
their,23
excavation,22
than,22
franchthi,22
m,22
t,22
also,22
found,21
dates,21
its,21
points,21
they,20
s,20
sierra,20
data,20
he,20
cm,20
excavations,19
prehistoric,19
number,19
d,19
argolid,18
edge,18
fig,18
no,18
samples,18
greece,18
each,18
both,18
retouch,18
e,17
pl,17
g,17
part,17
only,17
period,17
f,16
would,16
area,16
surface,16
evidence,16
news,16
large,15
survey,15
such,15
pinacate,15
w,15
used,15
research,15
short,15
southern,15
more,15
teeth,15
very,15
c,15
if,14
into,14
date,14
journal,14
contributions,14
should,14
my,13
there,13
his,13
square,13
b,13
most,13
occupation,13
during,13
excavated,13
above,13
fact,13
tranchet,13
use,13
study,13
tenta,13
form,13
between,13
aceramic,12
cutting,12
thus,12
results,12
archaeological,12
collected,12
normal,12
any,12
information,12
now,11
o,11
studies,11
available,11
within,11
cemeteries,11
since,11
sample,11
n,11
archeological,11
method,11
near,11
artifacts,11
project,11
pottery,11
same,11
many,11
made,11
earlier,11
major,11
side,10
vol,10
collection,10
flake,10
section,10
flakes,10
r,10
small,10
presence,10
plan,10
new,10
do,10
material,10
radiocarbon,10
op,10
can,10
analysis,10
problem,10
through,10
years,10
opcit,10
valley,10
later,9
h,9
first,9
seems,9
chipped,9
phase,9
de,9
could,9
cit,9
further,9
burial,9
placed,9
work,9
settlement,9
using,9
end,9
where,9
less,9
flint,9
three,9
me,9
when,9
known,9
type,9
phd,9
middle,9
butt,9
being,8
khirokitia,8
those,8
recorded,8
inverse,8
dosinia,8
x,8
unpublished,8
millennium,8
tape,8
burials,8
specimens,8
out,8
vasilikos,8
because,8
several,8
south,8
make,8
under,8
published,8
layer,8
deposits,8
ventral,8
dikaios,8
program,8
types,8
following,8
here,8
board,8
while,8
reported,8
hesperia,8
valve,8
include,8
remains,8
early,8
north,8
cyprus,7
rounded,7
renfrew,7
context,7
system,7
general,7
valves,7
van,7
rather,7
dated,7
four,7
suggested,7
p,7
elg,7
revealed,7
structures,7
helladic,7
below,7
greek,7
saliagos,7
about,7
ceramic,7
present,7
range,7
dating,7
like,7
obsidian,7
we,7
angular,7
tiryns,7
methods,7
dissertation,7
series,7
control,7
did,7
what,7
national,7
painted,7
among,7
formed,6
either,6
political,6
projectile,6
along,6
professor,6
interest,6
application,6
palaeolithic,6
walls,6
card,6
after,6
certain,6
cave,6
undertaken,6
lerna,6
late,6
cultural,6
bc,6
whole,6
suggest,6
few,6
industry,6
up,6
preliminary,6
cemetery,6
matter,6
various,6
complete,6
time,6
grave,6
classical,6
worn,6
bch,6
discussion,6
indiana,6
examples,6
manufactured,6
mortuary,6
full,6
so,6
standard,6
often,6
aegean,6
usually,6
five,6
archaeology,6
indicate,6
earliest,6
considered,6
then,6
organization,6
over,6
half,6
knapper,6
list,6
too,6
lies,6
crew,6
our,6
recording,6
recent,6
final,5
introduction,5
complex,5
taken,5
might,5
flotation,5
fresh,5
kitsos,5
determined,5
west,5
combination,5
mm,5
z,5
third,5
even,5
basic,5
corinth,5
percussion,5
means,5
record,5
upper,5
recovered,5
efficient,5
always,5
important,5
denticulations,5
appearance,5
term,5
though,5
american,5
produced,5
shape,5
received,5
del,5
lower,5
belmont,5
employed,5
flaking,5
coast,5
provided,5
chronological,5
likely,5
brief,5
still,5
once,5
nw,5
department,5
appeared,5
removal,5
forms,5
never,5
plane,5
upon,5
region,5
recover,5
dull,5
california,5
platform,5
features,5
latter,5
structure,5
probably,5
opposite,5
consists,5
dimensions,5
who,5
translation,5
deposit,5
tinaja,5
school,5
precise,5
dr,5
archeologists,5
wall,5
report,5
them,5
volcanic,5
cypriot,5
given,5
gloss,5
naoh,5
average,5
spur,5
ca,5
represent,4
tule,4
tend,4
second,4
occurred,4
worked,4
nature,4
uncovered,4
occasional,4
east,4
desired,4
evans,4
blades,4
initial,4
relatively,4
distinct,4
old,4
architectural,4
find,4
excavator,4
distribution,4
phases,4
mesolithic,4
identification,4
unit,4
curvilinear,4
associate,4
k,4
support,4
slope,4
objects,4
established,4
director,4
squares,4
observations,4
lithic,4
problems,4
appear,4
salvage,4
vrana,4
called,4
typical,4
outside,4
possibility,4
well,4
none,4
eh,4
purpose,4
weinberg,4
personal,4
tanged,4
least,4
bulldozer,4
next,4
generally,4
valuable,4
reduced,4
architecture,4
located,4
stratigraphy,4
indicates,4
museum,4
mh,4
place,4
illustrated,4
processed,4
stones,4
useful,4
provide,4
barbed,4
rock,4
areas,4
striking,4
considerable,4
simple,4
conclusions,4
took,4
corps,4
ch,4
previously,4
top,4
recovery,4
laboratory,4
wace,4
pennsylvania,4
obtained,4
become,4
depth,4
seasons,4
particular,4
continued,4
naturally,4
butts,4
began,4
length,4
table,4
stratified,4
sections,4
conclusion,4
tang,4
must,4
measurements,4
athens,4
spots,4
exploration,4
best,4
foundation,4
iii,4
special,4
selected,4
amant,4
suggests,4
became,4
techniques,4
therefore,4
until,4
course,4
although,4
attributes,4
shells,4
comparison,4
exclusively,4
much,4
grants,4
does,3
eleld,3
limits,3
indicated,3
expedition,3
red,3
per,3
village,3
needed,3
berbati,3
thickest,3
park,3
western,3
description,3
mainland,3
asine,3
swedish,3
retouched,3
location,3
experiments,3
definition,3
broken,3
together,3
closer,3
case,3
eastern,3
king,3
translations,3
america,3
prior,3
except,3
pairs,3
exist,3
regarding,3
central,3
includes,3
cf,3
kind,3
ai,3
concerning,3
amount,3
opposed,3
interesting,3
main,3
developed,3
remain,3
sw,3
knew,3
excavators,3
eight,3
rods,3
factors,3
reason,3
stadia,3
just,3
numbers,3
show,3
statement,3
beyond,3
care,3
kafxcalla,3
cut,3
systems,3
view,3
came,3
seven,3
reasons,3
recently,3
flaked,3
acknowledgements,3
basis,3
contexts,3
related,3
elizabeth,3
scars,3
quadrant,3
mediterranean,3
long,3
around,3
soil,3
peak,3
boundaries,3
periods,3
datum,3
bedrock,3
variety,3
absence,3
subject,3
kalavasos,3
edges,3
object,3
bsa,3
single,3
yet,3
technology,3
ne,3
light,3
reports,3
noted,3
others,3
longer,3
pair,3
scholars,3
larger,3
transit,3
enough,3
arrow,3
hand,3
systematic,3
coarse,3
see,3
deep,3
preparation,3
ayios,3
encountered,3
ibid,3
another,3
original,3
understanding,3
desert,3
resulting,3
previous,3
specimen,3
clear,3
individual,3
times,3
characterized,3
elnd,3
probable,3
black,3
adequately,3
margin,3
especially,3
article,3
v,3
slightly,3
attention,3
la,3
division,3
assigned,3
agrieliki,3
she,3
brandeis,3
bifacially,3
bivalve,3
seen,3
collections,3
detailed,3
quite,3
antiquities,3
photographs,3
heavy,3
simply,3
instructed,3
howell,3
sherds,3
equipment,3
metropolitan,3
sure,3
readily,3
paper,3
believe,3
replication,3
proposed,3
works,3
carefully,3
investigation,3
kaflsalla,3
spatial,3
whether,3
marathon,3
map,3
announcements,3
her,3
produce,3
almost,3
level,3
conventional,3
contract,3
approximately,3
kai,3
need,3
manufacture,3
buchanan,3
supported,3
removed,3
themselves,3
text,3
cryptocrystalline,3
immediately,3
society,3
occur,3
arizona,3
difficult,2
der,2
order,2
done,2
common,2
way,2
tion,2
faced,2
extend,2
environmental,2
jane,2
magnetic,2
measures,2
submission,2
associated,2
alone,2
combine,2
ayfos,2
distributed,2
expect,2
conducted,2
replaced,2
intellectual,2
instructions,2
true,2
proistorikos,2
bifacial,2
easily,2
competence,2
athenian,2
modern,2
sickle,2
former,2
ian,2
presents,2
total,2
bp,2
chief,2
hafted,2
sources,2
certainly,2
interests,2
originally,2
rapid,2
season,2
thessaly,2
supplied,2
eruption,2
tradition,2
secondary,2
belong,2
typological,2
confusion,2
diminiou,2
diamant,2
ischia,2
alignment,2
debitage,2
proposals,2
plain,2
primary,2
iv,2
draw,2
rests,2
bibliography,2
vital,2
agora,2
enter,2
minimum,2
todd,2
removes,2
exposed,2
human,2
apex,2
explained,2
mycenae,2
illustrates,2
against,2
author,2
corner,2
characteristic,2
shatter,2
tucson,2
concentric,2
scarp,2
extensively,2
cases,2
items,2
response,2
holds,2
suitable,2
left,2
y,2
geological,2
terrace,2
communication,2
tentatively,2
stratum,2
function,2
error,2
industries,2
employ,2
steps,2
without,2
operations,2
ventana,2
english,2
unifacially,2
coastal,2
burnished,2
represented,2
similar,2
importance,2
se,2
parts,2
porto,2
pages,2
emergency,2
width,2
von,2
front,2
prehistory,2
consider,2
possibly,2
cyclades,2
impact,2
traces,2
orientation,2
steatite,2
riverside,2
lavriotiki,2
resource,2
additional,2
centimeter,2
followed,2
cost,2
requires,2
permanent,2
david,2
experimentation,2
akerstrom,2
bearing,2
entered,2
faunal,2
midden,2
international,2
fishing,2
ago,2
radiometric,2
constantly,2
proistorikai,2
handbook,2
fourth,2
lava,2
rectangular,2
circular,2
cannot,2
sesklou,2
barbs,2
bow,2
rectilinear,2
wide,2
photo,2
concavities,2
technical,2
directly,2
having,2
chp,2
island,2
blade,2
overlying,2
planning,2
shouldered,2
future,2
unless,2
heavily,2
london,2
example,2
designate,2
fail,2
archeology,2
away,2
own,2
sampled,2
social,2
successful,2
corresponds,2
buildings,2
stage,2
reliable,2
squarely,2
involved,2
shapes,2
accomplished,2
investigations,2
torrent,2
kephallonia,2
impossible,2
triticum,2
annual,2
ek,2
eld,2
proper,2
grateful,2
finds,2
am,2
triangular,2
humanistic,2
subsequently,2
inspection,2
chalk,2
portion,2
led,2
units,2
situation,2
transverse,2
hinge,2
service,2
crete,2
nearly,2
exception,2
etc,2
july,2
symmetry,2
sponsored,2
direction,2
reference,2
examined,2
prof,2
fit,2
read,2
thought,2
chronology,2
us,2
horn,2
management,2
falls,2
humanities,2
allows,2
regional,2
strata,2
sam,2
lack,2
plywood,2
technique,2
mark,2
again,2
nevada,2
addition,2
shows,2
occurrence,2
carbonized,2
minnesota,2
choice,2
john,2
contemporary,2
resolved,2
fashion,2
clearing,2
flyer,2
fragments,2
ages,2
adjacent,2
cards,2
accepted,2
supp,2
necessary,2
perhaps,2
caskey,2
distance,2
remove,2
entirety,2
classes,2
cheli,2
completed,2
surfaces,2
virgin,2
endowment,2
deliberately,2
including,2
angle,2
refers,2
larnaca,2
sequence,2
submitted,2
overlap,2
connected,2
jacobsen,2
pattern,2
volunteer,2
fracturing,2
discovered,2
amounts,2
summer,2
mexico,2
serial,2
proximity,2
graduated,2
preservation,2
thomas,2
parallel,2
feet,2
narrow,2
correction,2
northern,2
destruction,2
anatolia,2
carried,2
applications,2
fairly,2
science,2
vertical,2
tin,2
remaining,2
masca,2
aja,2
construction,2
measured,2
sandstone,2
aboriginal,2
itself,2
ypo,2
mud,2
korakou,2
undertook,2
environment,2
suggestions,2
ash,2
stratigraphic,2
fifteen,2
comes,2
akropoleis,2
wear,2
ever,2
characteristics,2
physical,2
funding,2
apsidal,2
tomb,2
steven,2
hohokam,2
interested,2
seem,2
ft,2
down,2
thens,2
brick,2
bit,2
reliability,2
historical,2
past,2
recorder,2
absolutely,2
cardex,2
believed,2
beginning,2
scholarly,2
incised,2
unlikely,2
nearby,2
extent,2
gouges,2
migrations,2
antiparos,2
tephra,2
translated,2
church,2
immerwahr,2
outline,2
trees,2
preserved,2
careful,2
code,2
rod,2
plans,2
controls,2
reconstruct,2
dorsal,2
isolated,2
proximal,2
coming,2
unifaces,2
prepared,2
necessarily,2
shown,2
locations,2
tumuli,2
sharpest,2
cambridge,2
recovering,2
accept,2
wish,2
hammerstone,2
smaller,2
forming,2
roughly,2
sides,2
summary,2
needs,2
offered,2
km,2
th,2
conchoidally,2
ends,2
rosenthal,2
built,2
hypothesis,2
nine,1
yieldfrom,1
memorize,1
margins,1
ield,1
transportation,1
currently,1
produces,1
grece,1
epirus,1
silica,1
flow,1
dirty,1
prefer,1
polish,1
horizontal,1
estimated,1
mpl,1
adriatic,1
destroying,1
concerned,1
anthony,1
implying,1
aliverij,1
gerrit,1
cent,1
commentary,1
groups,1
generous,1
ethnologie,1
scholar,1
designated,1
encouraged,1
tou,1
thrown,1
determine,1
ioannisj,1
filing,1
connection,1
phzilotheij,1
wheelmade,1
brittle,1
mountains,1
totally,1
manuscript,1
beveled,1
linguistic,1
minutes,1
choirospilia,1
center,1
settlements,1
operator,1
rchdelt,1
measurement,1
identify,1
designed,1
hohle,1
precede,1
merged,1
word,1
amanth,1
live,1
uniquely,1
sets,1
shipping,1
completely,1
drawings,1
additionally,1
notched,1
flows,1
blows,1
ms,1
descriptive,1
reasonably,1
overlook,1
trace,1
position,1
history,1
unlike,1
laid,1
elateia,1
replicate,1
holding,1
planes,1
stretches,1
polygonum,1
before,1
assisted,1
dig,1
santorini,1
something,1
theniensia,1
knappers,1
crastsmen,1
revision,1
corresponding,1
contact,1
limestone,1
floruit,1
different,1
negative,1
experience,1
file,1
perimeters,1
said,1
fabric,1
member,1
anything,1
unfacial,1
estrana,1
archaeologists,1
permit,1
foresee,1
prosymna,1
lightly,1
expertise,1
fast,1
every,1
huyuk,1
preceding,1
tropicaz,1
penasco,1
taillee,1
platformpreparation,1
finger,1
exclusive,1
ii,1
implications,1
give,1
meters,1
concentrated,1
waterworn,1
hiesel,1
attempt,1
iialieis,1
anywhere,1
fragmentary,1
pfeilglatter,1
stretch,1
england,1
discerned,1
dramatically,1
zeitschrift,1
eligible,1
possibilities,1
comparatively,1
maxlma,1
archaeologically,1
attractive,1
securing,1
continue,1
stringent,1
pps,1
advantage,1
parameters,1
suggesting,1
deadline,1
desire,1
great,1
display,1
thank,1
differences,1
farmers,1
tangs,1
potentially,1
origin,1
rich,1
producing,1
jewellery,1
able,1
proves,1
lh,1
hundred,1
typewritten,1
reveal,1
onto,1
ol,1
room,1
hunting,1
pavement,1
take,1
comparative,1
listed,1
subsequent,1
help,1
inadvertently,1
feature,1
devised,1
improved,1
julie,1
consist,1
state,1
replicated,1
rch,1
alert,1
marine,1
raised,1
tv,1
skyros,1
staff,1
cyrpus,1
platforms,1
replicas,1
pitt,1
mail,1
letting,1
reading,1
somewhat,1
approximatelytcontemporary,1
sheet,1
identielcations,1
stopped,1
papers,1
contents,1
majority,1
sq,1
theoretical,1
datable,1
erosional,1
issue,1
levkas,1
generosity,1
badilla,1
existence,1
suspect,1
sophisticated,1
resulted,1
stuffed,1
botanical,1
jfa,1
owe,1
pluvial,1
unaware,1
money,1
propensity,1
u,1
discuss,1
bivalves,1
figs,1
siliceous,1
difelcult,1
account,1
quantities,1
lends,1
opened,1
wheel,1
toothed,1
cooperation,1
activity,1
ar,1
open,1
securely,1
mechanized,1
yanik,1
slight,1
sieved,1
designationj,1
functions,1
olivella,1
move,1
obvious,1
fine,1
cardium,1
say,1
far,1
indicating,1
selecting,1
fur,1
desirable,1
apply,1
representing,1
macedonia,1
einergency,1
letter,1
eroded,1
safely,1
lambert,1
strengthens,1
beidha,1
preclassique,1
butparticularly,1
inventory,1
controlled,1
surplus,1
bot,1
polycarpou,1
quem,1
interments,1
recordingj,1
mc,1
chemi,1
pounding,1
throughout,1
regularly,1
ronald,1
reservoir,1
affiliation,1
submit,1
vrysi,1
relationships,1
angles,1
offer,1
proceeded,1
mine,1
ogy,1
thinner,1
pretreatment,1
keeps,1
interior,1
sacramento,1
machine,1
inventoried,1
aus,1
longitudinal,1
flintworking,1
signielcant,1
ease,1
trench,1
sp,1
acta,1
thinned,1
shaft,1
attested,1
occurs,1
spot,1
issued,1
taper,1
ins,1
funded,1
braniff,1
convention,1
concavity,1
insofar,1
applicant,1
expected,1
funds,1
univesity,1
barb,1
conditionsj,1
methodfor,1
underlying,1
spoudai,1
perspective,1
refer,1
sized,1
asterisk,1
pierre,1
ante,1
greecel,1
neolithie,1
completing,1
channels,1
served,1
cleave,1
bone,1
ollection,1
continuous,1
jirm,1
pure,1
thin,1
determinations,1
rounding,1
emproving,1
weight,1
drawn,1
aim,1
rationale,1
look,1
conelrm,1
details,1
redated,1
apparently,1
william,1
guard,1
hasan,1
pronounced,1
invites,1
arrowheads,1
influence,1
impressions,1
olympia,1
cites,1
implementation,1
toolssrom,1
munchen,1
ado,1
grotte,1
costa,1
ze,1
higher,1
behave,1
efficiency,1
monococcum,1
mpth,1
weapon,1
gallia,1
hey,1
scope,1
york,1
town,1
deviations,1
essential,1
particulary,1
archaeologysrom,1
predicted,1
act,1
ba,1
camp,1
links,1
principally,1
destroy,1
grid,1
absent,1
checks,1
predictably,1
district,1
public,1
stop,1
basaltic,1
abundance,1
possession,1
percussionflaking,1
flld,1
appreciation,1
levels,1
fair,1
preparing,1
exhausted,1
hansen,1
myself,1
process,1
broaden,1
ce,1
profusion,1
dealt,1
determining,1
slipped,1
lasted,1
mile,1
soundings,1
derived,1
direct,1
floated,1
rgolid,1
tabulate,1
slze,1
nos,1
creek,1
professors,1
kypriakai,1
deputy,1
offering,1
white,1
wedgeshaped,1
origins,1
tractor,1
ves,1
vl,1
pistacia,1
accounts,1
eighteen,1
arid,1
understand,1
category,1
elements,1
specielc,1
affect,1
elve,1
wanted,1
foothills,1
entry,1
locationj,1
sorts,1
languages,1
organized,1
scalcely,1
emergence,1
clearly,1
proved,1
elsewhere,1
moderately,1
differentiated,1
gradually,1
quoted,1
hordeum,1
fournoi,1
frequently,1
bulldozing,1
offeature,1
solid,1
undated,1
superior,1
bote,1
crabtree,1
encouragement,1
havara,1
shed,1
predates,1
isolation,1
ornament,1
vale,1
lcarnegie,1
imminent,1
convent,1
preference,1
ancient,1
drawing,1
lor,1
dc,1
radial,1
contention,1
ranges,1
raw,1
uses,1
result,1
closely,1
advance,1
remembered,1
ooo,1
lead,1
balk,1
conspectus,1
virtuosity,1
questioned,1
nancy,1
serialflaking,1
celaya,1
six,1
rule,1
search,1
traditionally,1
audiovisual,1
aaa,1
resembles,1
afanufactured,1
outcrops,1
relation,1
replica,1
chosen,1
criticisms,1
events,1
worker,1
rth,1
emerge,1
accompany,1
nail,1
emotionally,1
mpw,1
attenuated,1
steeply,1
attained,1
base,1
cores,1
whitney,1
yeoryios,1
helladischen,1
arranged,1
topics,1
equally,1
standardized,1
pointing,1
informed,1
blow,1
acropolis,1
cuts,1
displayed,1
lithospermum,1
careless,1
bore,1
appears,1
ceramics,1
excellent,1
elgs,1
experimental,1
handled,1
however,1
ford,1
mediaeval,1
sims,1
procedures,1
catling,1
required,1
fox,1
thera,1
corinthia,1
creates,1
wants,1
briefly,1
aspects,1
improve,1
outstanding,1
xix,1
participation,1
minimal,1
designation,1
distinguish,1
degrees,1
line,1
liable,1
sonora,1
formerly,1
hung,1
publish,1
steep,1
analyze,1
carry,1
preferred,1
reader,1
limassol,1
concept,1
brought,1
drew,1
discusses,1
nontraditional,1
sharon,1
compass,1
apparent,1
wildesen,1
reduction,1
clearer,1
comment,1
variajournal,1
routinely,1
queries,1
ten,1
reminded,1
got,1
iia,1
eol,1
overview,1
genuine,1
kindly,1
consistently,1
backdirt,1
kiva,1
slte,1
people,1
actually,1
cluster,1
runs,1
versus,1
jahre,1
device,1
call,1
attica,1
earthmoving,1
reflect,1
archeologist,1
miniatures,1
nodules,1
cone,1
ives,1
southerly,1
entails,1
ashvan,1
predominance,1
tendency,1
fieldwork,1
thensj,1
smallest,1
caterpiller,1
doubtful,1
status,1
horizon,1
karten,1
memoirs,1
cz,1
concave,1
attributed,1
papago,1
graduate,1
else,1
deltion,1
annotated,1
regions,1
levaks,1
jmay,1
mykonos,1
gateway,1
good,1
change,1
schachtgrab,1
normally,1
indicator,1
correct,1
marinatos,1
deriving,1
lowest,1
millimeters,1
shaping,1
leguminosae,1
indicators,1
jorg,1
troodos,1
thermisi,1
cllltural,1
diagnostic,1
explored,1
intervals,1
leaves,1
wider,1
erected,1
adversely,1
volcano,1
acts,1
observe,1
protect,1
attached,1
portions,1
mixing,1
dem,1
dedicated,1
fully,1
visible,1
bulletin,1
diinensions,1
pa,1
und,1
submitting,1
notice,1
beach,1
notes,1
provenance,1
appropriate,1
calcite,1
nv,1
propriety,1
disturbing,1
undesirable,1
geographical,1
avoid,1
taylour,1
deficiency,1
tul,1
cite,1
kindness,1
pertaining,1
approximate,1
fortunate,1
exterior,1
artisacts,1
request,1
authorization,1
inhabitants,1
materials,1
spelled,1
summarize,1
bringing,1
polished,1
scientific,1
lesser,1
sesklo,1
inadequacy,1
populations,1
economic,1
sonoran,1
doctoral,1
dampen,1
antiparost,1
labeled,1
ia,1
sunset,1
limited,1
intended,1
grabung,1
interiors,1
forward,1
islands,1
elegante,1
drops,1
woodland,1
intensively,1
hersperia,1
presently,1
sending,1
unprecedented,1
initially,1
outer,1
registered,1
grooved,1
abrupt,1
surveyed,1
decisions,1
measure,1
sponsorship,1
guide,1
jdi,1
nonagriculturalists,1
collect,1
stenciled,1
recognized,1
karageorghis,1
od,1
extraneous,1
suited,1
experienced,1
counterparts,1
ring,1
burialsmisassignment,1
remnant,1
differentiate,1
recruited,1
bordaz,1
idaho,1
processing,1
included,1
fringes,1
breakage,1
enigmatic,1
assistance,1
transects,1
collectively,1
lord,1
choices,1
battered,1
obligated,1
ethnographic,1
boeotia,1
ed,1
demonstrates,1
witthoft,1
experiment,1
ornamental,1
satisfactory,1
largest,1
volunteers,1
prehistoire,1
truncated,1
cycladic,1
classieled,1
independent,1
expose,1
sketch,1
fill,1
underway,1
heraeum,1
successfully,1
laterally,1
french,1
skyrou,1
beads,1
stated,1
molina,1
loader,1
eutresis,1
toward,1
cemereries,1
approaching,1
pointed,1
harmonious,1
flat,1
added,1
projects,1
spear,1
efforts,1
usefulness,1
rchaiologikon,1
schrader,1
consideration,1
limit,1
hollow,1
treatment,1
conduct,1
head,1
across,1
intercommunication,1
utilizing,1
zawi,1
match,1
attempting,1
disturbed,1
trapezoidal,1
really,1
tepe,1
banks,1
associates,1
hear,1
somewhere,1
how,1
grows,1
micronesian,1
authorss,1
substantially,1
camera,1
formulating,1
minimize,1
comparable,1
hinges,1
discussed,1
greater,1
surrounding,1
maker,1
thompson,1
rcheph,1
anthropologist,1
likelihood,1
learn,1
ground,1
puerto,1
leeds,1
manner,1
en,1
road,1
continuing,1
developing,1
purposes,1
existing,1
armed,1
axes,1
forth,1
dimini,1
paired,1
xmoon,1
jelinek,1
books,1
chalcolithic,1
alepotrypaj,1
going,1
argument,1
extremities,1
recommend,1
day,1
identifiable,1
valleys,1
convenient,1
elevation,1
habitat,1
summers,1
local,1
imagine,1
demonstrated,1
meetings,1
nonmortuary,1
rafts,1
jameson,1
elevations,1
regu,1
kalavasostenta,1
considering,1
rendered,1
discovery,1
accompanying,1
farming,1
bear,1
values,1
contours,1
locate,1
neatly,1
bucket,1
mycenaean,1
epiktitos,1
distinctly,1
enormous,1
strongly,1
omitted,1
judge,1
gifford,1
identity,1
wonder,1
beds,1
entirely,1
significant,1
anomoly,1
persisted,1
assumption,1
rivers,1
additions,1
virtually,1
robinson,1
factor,1
conditions,1
andf,1
congress,1
questions,1
assign,1
trend,1
engineers,1
scheduled,1
hour,1
auf,1
individuals,1
examination,1
ys,1
check,1
ln,1
strikingly,1
embark,1
involves,1
described,1
inversely,1
welding,1
kilometer,1
installed,1
low,1
perimeter,1
seldom,1
significance,1
schematically,1
historic,1
sy,1
communicated,1
stockholm,1
comprehensive,1
express,1
language,1
obtaining,1
minyan,1
co,1
volcanism,1
methodological,1
reviewers,1
dieguito,1
protruding,1
substitutedfor,1
sykes,1
lie,1
irregularity,1
conversation,1
connects,1
abundant,1
transcript,1
permitting,1
reuse,1
sufelciently,1
sandy,1
readers,1
facing,1
random,1
glycymeris,1
somehow,1
internal,1
disclosed,1
satisfy,1
ribs,1
lacking,1
equipmentj,1
ornaments,1
respectively,1
exactly,1
mainly,1
effect,1
attendant,1
availability,1
remainder,1
corners,1
consulting,1
seeking,1
comfortably,1
differ,1
nails,1
beachwashed,1
figures,1
maximal,1
occupied,1
institution,1
tte,1
connections,1
professional,1
eplktltosv,1
basically,1
grade,1
tenuous,1
outright,1
propose,1
chert,1
adzes,1
erevnai,1
petroglyphs,1
attended,1
melos,1
covered,1
separate,1
dietary,1
filnal,1
argolidl,1
dealing,1
archeph,1
discipline,1
indication,1
euboia,1
arriving,1
speculate,1
triangles,1
extracted,1
aid,1
uniface,1
shattered,1
back,1
belonged,1
persson,1
shortest,1
crucial,1
foreign,1
practitioners,1
suggestive,1
bound,1
pieces,1
chronologic,1
colleagues,1
walling,1
bags,1
dragged,1
army,1
team,1
bears,1
send,1
grinding,1
sequences,1
relevant,1
recognize,1
try,1
spanning,1
articles,1
indigeneously,1
applicants,1
implementing,1
drs,1
fall,1
anaskaphai,1
researcher,1
achieve,1
opuscula,1
suctuating,1
fields,1
get,1
examine,1
face,1
naxos,1
worlds,1
unusual,1
evrimata,1
premier,1
susan,1
ainong,1
influencing,1
blegen,1
announces,1
addressed,1
howellss,1
assistant,1
contemplated,1
exercised,1
constant,1
evenly,1
pinta,1
ergaleia,1
accordance,1
mentioned,1
changing,1
laconia,1
farrand,1
sonoyta,1
fabricator,1
extensive,1
legge,1
featllres,1
eng,1
summit,1
les,1
avena,1
temporal,1
ralph,1
eleven,1
snaketown,1
juts,1
obtuse,1
command,1
alternative,1
wherever,1
set,1
equation,1
cover,1
spite,1
highly,1
hafting,1
pylos,1
favorably,1
natural,1
pennsyzvania,1
soo,1
recommenced,1
anthropology,1
hammerstones,1
cultures,1
iiib,1
mykene,1
lying,1
december,1
confident,1
specially,1
prominence,1
reminiscent,1
intrusion,1
eventually,1
cavity,1
particularly,1
handmade,1
skirmish,1
bordes,1
mailed,1
obviously,1
speculation,1
pebbles,1
rethod,1
chairman,1
associations,1
uppermost,1
distinguished,1
richardson,1
crater,1
better,1
turned,1
lens,1
drop,1
according,1
nestor,1
automatically,1
fuller,1
genera,1
exposing,1
ifunction,1
notable,1
combined,1
terms,1
lavezzi,1
cropolis,1
dhali,1
making,1
references,1
supports,1
varying,1
noticeable,1
artifactual,1
passed,1
doubled,1
theory,1
thenian,1
ceased,1
adaptation,1
consisting,1
saddle,1
foundations,1
studying,1
require,1
proposing,1
don,1
emphasis,1
urban,1
ascertain,1
categories,1
chronometric,1
signify,1
size,1
des,1
felt,1
solve,1
noticeably,1
gratitude,1
practical,1
magnificent,1
bodies,1
monitored,1
apparatus,1
intention,1
necessity,1
wedge,1
interrelated,1
urged,1
redundant,1
slopes,1
sea,1
corinthian,1
preferable,1
despite,1
practices,1
suppl,1
easy,1
variability,1
elrst,1
ac,1
xliv,1
die,1
demonstrate,1
step,1
argive,1
assumptions,1
went,1
sheets,1
acute,1
exceeded,1
vast,1
contribute,1
programs,1
obtain,1
lab,1
manufacturing,1
james,1
connotation,1
culturalfeatures,1
phenomenon,1
exceptionally,1
maintained,1
definitions,1
au,1
think,1
contrasts,1
profs,1
photostat,1
question,1
layers,1
moderate,1
colloquxum,1
models,1
conducive,1
breaks,1
differentiation,1
unable,1
editor,1
difference,1
follow,1
finding,1
numerous,1
institutional,1
opens,1
jacques,1
write,1
grant,1
shatters,1
redrawn,1
parallels,1
serrated,1
manufacturers,1
ogical,1
integrated,1
land,1
dense,1
tricky,1
constriction,1
sur,1
flank,1
tabular,1
writer,1
exceeding,1
regular,1
palace,1
you,1
piece,1
contamination,1
photograph,1
objections,1
encouragingll,1
extremely,1
typology,1
association,1
definitive,1
doubtless,1
nonegalitarian,1
moved,1
vi,1
excavationj,1
vessel,1
cleaner,1
invited,1
substitute,1
removing,1
chisel,1
interdisciplinary,1
last,1
scholarship,1
chicago,1
plnacate,1
reached,1
schematic,1
irrelevant,1
morattol,1
create,1
texts,1
maximum,1
substantial,1
northwestern,1
little,1
messenia,1
provenanc,1
traditional,1
gulf,1
duration,1
strong,1
ab,1
observed,1
unequivocal,1
tf,1
building,1
meeting,1
mistaken,1
close,1
draft,1
customs,1
row,1
thorough,1
