WORDCOUNTS,WEIGHT
the,604
of,418
and,204
to,188
in,187
a,170
that,111
is,101
for,97
are,67
on,64
be,57
not,54
by,53
we,53
it,52
this,50
as,48
was,47
were,45
with,44
an,43
or,41
have,40
area,40
i,38
archaeological,35
at,33
sites,33
missouri,31
university,29
from,28
one,26
site,26
has,25
public,25
research,24
destruction,24
been,24
articles,24
what,23
no,23
about,23
times,22
but,22
had,21
which,21
our,21
if,20
survey,20
us,20
time,20
there,20
than,19
may,19
preservation,18
archeologists,18
report,18
mimbres,17
some,17
field,17
these,17
more,17
do,17
contract,17
units,16
such,16
will,16
only,16
new,16
would,16
can,16
archeological,15
professional,15
highway,14
project,14
all,13
those,13
cultural,13
work,13
national,13
his,12
rescue,12
my,12
several,12
resources,12
should,12
rate,11
federal,11
salvage,11
other,11
costs,11
part,11
division,11
archaeologists,10
mr,10
money,10
pueblo,10
study,10
most,10
jacobson,10
fisher,10
who,10
very,10
city,10
major,10
per,9
they,9
total,9
sq,9
dr,9
how,9
unit,9
their,9
data,9
archaeology,9
archeology,9
state,9
destroyed,9
kansas,9
general,9
table,9
program,9
any,9
extensive,9
excavation,8
american,8
funds,8
because,8
its,8
society,8
he,8
many,8
fact,8
areas,8
where,8
audit,8
historic,8
period,8
mexico,8
spent,8
probably,8
over,8
past,8
whether,8
years,8
given,7
j,7
even,7
journal,7
archeologist,7
april,7
two,7
department,7
significant,7
three,7
staff,7
commission,7
through,7
summary,7
does,6
now,6
way,6
into,6
estimates,6
n,6
m,6
cannot,6
when,6
f,6
under,6
reports,6
published,6
less,6
agencies,6
number,6
article,6
story,6
she,6
primarily,6
jelks,6
quotes,6
here,6
historical,6
investigation,6
while,6
information,6
size,6
little,6
charge,6
land,6
need,6
evidence,6
done,5
estimated,5
large,5
illegal,5
sapillo,5
being,5
long,5
worked,5
within,5
excavations,5
amount,5
columbia,5
b,5
section,5
management,5
based,5
found,5
out,5
events,5
well,5
lost,5
used,5
during,5
few,5
smithsonian,5
brushpile,5
projects,5
disturbed,5
present,5
region,5
figures,5
me,5
indicate,5
changing,5
worth,5
did,5
furniture,5
newsletter,5
early,5
valley,5
ca,5
go,4
rchaeological,4
agency,4
something,4
certainly,4
available,4
last,4
king,4
activity,4
memo,4
sent,4
gila,4
author,4
response,4
left,4
estimate,4
alleged,4
act,4
district,4
edward,4
clearly,4
days,4
too,4
four,4
cost,4
standards,4
prehistoric,4
could,4
future,4
purpose,4
example,4
apparent,4
class,4
least,4
responsibility,4
grievance,4
soil,4
st,4
provided,4
activities,4
various,4
make,4
surveyed,4
um,4
noted,4
also,4
heritage,4
charges,4
see,4
perhaps,4
local,4
made,4
range,4
louis,4
agreement,4
architectural,4
so,4
provides,4
payment,4
james,4
contracts,4
things,4
provide,4
respect,4
conservation,4
considered,4
detail,4
then,4
following,4
series,4
must,4
known,4
know,4
merely,4
them,4
particular,4
screens,4
marquardt,4
think,4
donald,4
you,4
measured,4
c,4
abandoned,4
doing,4
directors,3
later,3
filing,3
just,3
conducted,3
true,3
h,3
first,3
taken,3
waldo,3
seems,3
mind,3
raised,3
mogollon,3
acre,3
case,3
prior,3
possible,3
say,3
human,3
review,3
thing,3
items,3
find,3
look,3
higher,3
whose,3
levels,3
certain,3
summarized,3
front,3
means,3
consider,3
river,3
interim,3
house,3
upper,3
resource,3
additional,3
suggested,3
legislative,3
effort,3
seven,3
late,3
though,3
let,3
ignorance,3
method,3
near,3
participation,3
basis,3
planning,3
residents,3
whole,3
issues,3
people,3
trowel,3
actually,3
below,3
questionable,3
involve,3
coordinator,3
small,3
results,3
value,3
am,3
valuable,3
business,3
architecture,3
limited,3
above,3
indicates,3
opportunities,3
assistance,3
culture,3
journalist,3
members,3
law,3
toward,3
others,3
rock,3
preserve,3
appeared,3
ought,3
really,3
corps,3
tell,3
strategies,3
necessary,3
another,3
discussion,3
increase,3
findings,3
questions,3
engineers,3
individuals,3
office,3
significance,3
points,3
amounts,3
anyone,3
excavated,3
thomas,3
especially,3
effect,3
ago,3
attention,3
increasing,3
note,3
figure,3
five,3
army,3
detailed,3
often,3
responsible,3
antiquities,3
forest,3
each,3
board,3
best,3
works,3
better,3
communicate,3
smaller,3
terms,3
statement,3
problem,3
observations,3
up,3
contain,3
presented,3
preserved,3
reported,3
simply,3
programs,3
challenges,3
lands,3
average,3
register,3
although,3
states,3
piece,3
specific,3
much,3
north,3
dollar,2
frequent,2
shovel,2
gerald,2
page,2
represent,2
esprit,2
environmental,2
resulted,2
sopa,2
implies,2
alone,2
grasses,2
evans,2
effective,2
properly,2
carpenter,2
completely,2
protection,2
contractor,2
history,2
presents,2
title,2
pinus,2
maybe,2
stereotype,2
materials,2
lower,2
jesse,2
hence,2
crews,2
give,2
secretary,2
genteel,2
supplied,2
together,2
undertake,2
rich,2
concludes,2
help,2
written,2
date,2
principal,2
investigations,2
surveys,2
primary,2
discuss,2
design,2
account,2
vol,2
marked,2
cooperation,2
laws,2
interior,2
expertise,2
acres,2
phase,2
facts,2
quality,2
calculated,2
since,2
objective,2
interest,2
relations,2
sample,2
kind,2
cases,2
nor,2
blame,2
memorandum,2
back,2
inclusion,2
third,2
archaeologist,2
apparently,2
contracting,2
poor,2
york,2
rather,2
growth,2
remain,2
sw,2
presentation,2
knew,2
opportunity,2
determining,2
earlier,2
derived,2
contributions,2
conifers,2
unprofessional,2
ones,2
support,2
qualify,2
serve,2
sorts,2
image,2
proved,2
proposed,2
egregious,2
w,2
age,2
recovered,2
officer,2
beyond,2
requires,2
problems,2
willing,2
hardware,2
important,2
view,2
appear,2
reprinted,2
called,2
auditing,2
deal,2
technical,2
hall,2
lanman,2
applied,2
procedures,2
explain,2
required,2
impression,2
briefly,2
expensive,2
representatives,2
degrees,2
received,2
claim,2
description,2
records,2
newspaper,2
institution,2
fieldwork,2
week,2
own,2
litter,2
t,2
arkansas,2
someone,2
permit,2
responses,2
solution,2
brush,2
sense,2
indicator,2
reliable,2
hired,2
owned,2
involved,2
around,2
intervals,2
rates,2
tended,2
couple,2
lyle,2
wife,2
defrauding,2
negligence,2
preliminary,2
digging,2
appeal,2
mariana,2
second,2
approximate,2
investigating,2
matter,2
practices,2
scientific,2
service,2
located,2
appreciate,2
brief,2
islands,2
whatever,2
still,2
improper,2
pacific,2
antiquarian,2
interpretation,2
museum,2
fair,2
esoteric,2
challenged,2
complete,2
useful,2
undisturbed,2
bulk,2
power,2
spend,2
reporting,2
ask,2
financial,2
idea,2
end,2
everything,2
enough,2
hand,2
continuing,2
contracted,2
ignoring,2
classes,2
private,2
investigated,2
deposits,2
concern,2
entirely,2
waste,2
use,2
food,2
october,2
unfair,2
engaged,2
eligible,2
trust,2
directed,2
profession,2
controversies,2
good,2
summer,2
high,2
accurate,2
probable,2
conclusions,2
outside,2
internal,2
dollars,2
adaptations,2
northern,2
amateur,2
insignificant,2
adaptive,2
fee,2
propose,2
chert,2
improperly,2
ranging,2
telephone,2
unwarranted,2
plastic,2
colonizers,2
seen,2
returned,2
proposition,2
rapidly,2
covering,2
why,2
construction,2
analysis,2
united,2
education,2
months,2
paying,2
investigate,2
sowbelly,2
mitigative,2
precise,2
equipment,2
alternative,2
december,2
current,2
particularly,2
going,2
mismanagement,2
quoted,2
phd,2
beginning,2
scholarly,2
ruins,2
unique,2
form,2
adaptation,2
require,2
advise,2
resident,2
suggests,2
art,2
welcome,2
unreasonable,2
both,2
attached,2
alleges,2
william,2
subject,2
recommendations,2
territory,2
come,2
false,2
question,2
wild,2
shown,2
until,2
illinois,2
insight,2
applicable,2
approximately,2
remains,2
removed,2
km,2
desk,2
needle,2
funding,2
improved,2
recognized,2
maximum,2
focus,2
broader,2
built,2
occur,2
grants,2
ammunition,1
final,1
possessed,1
respected,1
currently,1
accomplish,1
edge,1
difficult,1
common,1
concerned,1
meaning,1
commentary,1
stood,1
legislature,1
guaranteeing,1
created,1
aviation,1
mcja,1
administered,1
extreme,1
determine,1
mackerel,1
introduction,1
gripping,1
sphere,1
cornfield,1
elaborately,1
becoming,1
center,1
needed,1
replaced,1
centimeter,1
systematically,1
kinds,1
provisions,1
tend,1
picked,1
terminated,1
ma,1
likely,1
confines,1
motivation,1
situation,1
desperately,1
competence,1
largely,1
modern,1
supervised,1
painted,1
ms,1
trenching,1
policy,1
comparisons,1
justified,1
western,1
necessarily,1
inventory,1
yard,1
laid,1
holding,1
cit,1
tells,1
before,1
pots,1
communicating,1
feels,1
litigation,1
descriptions,1
elled,1
source,1
chief,1
meaningless,1
bulldozers,1
leads,1
experience,1
joe,1
consistent,1
anything,1
wrongdoing,1
either,1
exacting,1
cope,1
wrong,1
every,1
mosaics,1
lyman,1
falsely,1
handle,1
fenced,1
problemoriented,1
fund,1
unwisely,1
elndings,1
meters,1
abound,1
might,1
address,1
rush,1
disturbance,1
attempt,1
fantastically,1
articulate,1
rational,1
ourselves,1
sphaeralcea,1
georgia,1
reach,1
s,1
excavating,1
leading,1
inarchaeological,1
assertion,1
suggesting,1
accompanied,1
equivocal,1
estimation,1
dismayed,1
reasons,1
ben,1
throughout,1
acreage,1
origin,1
studied,1
able,1
take,1
real,1
subsequent,1
hobbyist,1
exonerated,1
feature,1
course,1
trouble,1
respond,1
aaamem,1
somewhat,1
ambiguous,1
committed,1
behind,1
personnel,1
context,1
papers,1
ad,1
reneged,1
lawmakers,1
issue,1
side,1
acknowledged,1
forum,1
depending,1
governmental,1
forthcoming,1
projectile,1
discredited,1
recorded,1
walks,1
guidelines,1
sought,1
cleared,1
agriculture,1
right,1
chapter,1
replacement,1
felt,1
capable,1
determined,1
enforcement,1
pressperhaps,1
lodging,1
fraud,1
move,1
investigator,1
vital,1
obvious,1
fine,1
afissouri,1
taking,1
point,1
treating,1
flatly,1
cited,1
astronomer,1
bowls,1
merican,1
undoubtedly,1
decreasing,1
himself,1
interviews,1
explorer,1
inexpensive,1
measurement,1
aiodels,1
merica,1
damages,1
evaluating,1
controlled,1
surplus,1
funded,1
unprotected,1
learned,1
conflict,1
divorced,1
includes,1
ravaged,1
professionalism,1
fun,1
surely,1
copyrighted,1
accuracy,1
explained,1
peculiarities,1
development,1
inflation,1
against,1
realized,1
intact,1
corner,1
cosgrove,1
informant,1
lectures,1
signielcant,1
relatively,1
sp,1
spendthrift,1
santa,1
walter,1
price,1
oldschool,1
employing,1
pay,1
usda,1
treasure,1
century,1
extensively,1
margy,1
refuses,1
economical,1
clay,1
integrity,1
honored,1
stored,1
approval,1
deterrent,1
body,1
boundary,1
justifiable,1
radio,1
misleading,1
graybill,1
truly,1
determinations,1
severely,1
undertaking,1
outset,1
explore,1
conspiracy,1
drawn,1
communication,1
lens,1
luna,1
cooperative,1
enrich,1
acted,1
influence,1
acknowledge,1
compromise,1
unfortunate,1
error,1
cites,1
headline,1
poorly,1
focused,1
phases,1
permits,1
opposed,1
excavate,1
interesting,1
topic,1
flake,1
adequate,1
reagan,1
resists,1
dilemma,1
drainages,1
ways,1
main,1
absent,1
across,1
centered,1
foetidissima,1
basic,1
square,1
af,1
reference,1
centimeters,1
perves,1
process,1
subdivision,1
mean,1
broaden,1
active,1
deliberately,1
goes,1
heard,1
se,1
hazardous,1
balanced,1
creek,1
emergency,1
gratefully,1
abysmal,1
limitation,1
productive,1
miscellaneous,1
fantasy,1
determination,1
category,1
acquisition,1
partnership,1
bad,1
old,1
worshipped,1
mission,1
plus,1
needless,1
improvement,1
established,1
severity,1
intensive,1
organized,1
reprintedfollowing,1
branch,1
specify,1
allocation,1
frequently,1
decide,1
nowadays,1
situations,1
opportunistic,1
show,1
commonly,1
jars,1
operate,1
fashioned,1
lithic,1
surface,1
follow,1
rental,1
generally,1
random,1
ofbarcheology,1
imprisonment,1
asks,1
mix,1
peabody,1
flakes,1
destructive,1
hit,1
screened,1
providing,1
decades,1
whipped,1
macrame,1
greater,1
hours,1
talking,1
gregory,1
closely,1
lead,1
encourage,1
path,1
concentration,1
location,1
bearing,1
nonsensical,1
federally,1
totl,1
elt,1
access,1
inappropriate,1
centers,1
objectives,1
changed,1
shared,1
curiosity,1
criticisms,1
arboreal,1
radical,1
carolina,1
wellmeaning,1
noting,1
approximation,1
initial,1
employee,1
abnormally,1
longitude,1
markets,1
detailing,1
accurately,1
further,1
affair,1
equally,1
equal,1
xational,1
tools,1
recently,1
produced,1
wasteful,1
meet,1
suffered,1
purchased,1
younger,1
record,1
your,1
counties,1
judicial,1
professionals,1
gladiators,1
acknowledgements,1
sparse,1
criteria,1
receive,1
aspects,1
failure,1
none,1
having,1
feeding,1
network,1
relatives,1
accounting,1
line,1
nomination,1
assistants,1
publish,1
scope,1
rocks,1
paraphrase,1
hoehle,1
carry,1
leisure,1
reader,1
r,1
coping,1
unless,1
debatable,1
fired,1
ranger,1
crude,1
civil,1
knowledge,1
wedel,1
comment,1
confirms,1
crying,1
positions,1
intentionally,1
loss,1
year,1
literature,1
realm,1
describe,1
fit,1
consistently,1
place,1
policies,1
easiest,1
broad,1
structures,1
winter,1
ratory,1
call,1
documented,1
personal,1
douglas,1
reflect,1
legislation,1
piles,1
artifact,1
interpreted,1
graduate,1
weeks,1
count,1
manipulation,1
errors,1
eccentric,1
smear,1
traders,1
unbeatable,1
monetary,1
fisherl,1
expended,1
preceded,1
change,1
tone,1
running,1
successful,1
caused,1
working,1
cold,1
suggest,1
holes,1
irresponsibly,1
sharp,1
quite,1
sake,1
sufficient,1
ignore,1
june,1
objectively,1
aianagement,1
significantly,1
amounted,1
dramatic,1
invaluable,1
suddenly,1
impossible,1
yielded,1
vein,1
fully,1
sifting,1
describes,1
paid,1
using,1
leveled,1
diminished,1
appropriate,1
searches,1
rotten,1
sophistication,1
reducing,1
artistry,1
periods,1
inspection,1
mess,1
therefore,1
role,1
reduced,1
variety,1
antiquated,1
factual,1
drainage,1
deserve,1
indicative,1
gren,1
distorted,1
short,1
indeed,1
happy,1
comparative,1
sunset,1
techniques,1
drops,1
reduce,1
intensively,1
pile,1
july,1
presently,1
bill,1
overestimated,1
standing,1
humans,1
spot,1
airplane,1
hold,1
ponderosa,1
riches,1
reclaimed,1
single,1
fighting,1
percentage,1
sincere,1
allegations,1
communities,1
criticism,1
inspecting,1
permission,1
arrangements,1
coverage,1
thought,1
notable,1
soon,1
seeing,1
technology,1
fifth,1
exposure,1
latitude,1
neither,1
favorable,1
salutary,1
rode,1
acting,1
home,1
extravagant,1
light,1
professor,1
same,1
teaching,1
wenner,1
lll,1
ed,1
deliver,1
responsive,1
excellence,1
largest,1
organize,1
unusually,1
allows,1
regional,1
rizona,1
camped,1
picture,1
testimony,1
chose,1
administrators,1
showing,1
inspected,1
disappearing,1
lewis,1
name,1
ballooned,1
attacks,1
stated,1
strike,1
again,1
locating,1
qualieled,1
responsibilities,1
marchand,1
performs,1
towards,1
spear,1
release,1
ripoffs,1
lack,1
admit,1
consideration,1
stories,1
treatment,1
overwhelming,1
conduct,1
tolerate,1
proposal,1
plan,1
mountainous,1
abstract,1
regulation,1
pretty,1
warning,1
faults,1
debated,1
arthur,1
contemporary,1
substantially,1
inherently,1
evaluators,1
succeeding,1
pattern,1
seldom,1
cooperated,1
never,1
patterns,1
readers,1
arrow,1
likelihood,1
v,1
covered,1
manner,1
sadly,1
validity,1
accepted,1
southwestern,1
establish,1
michael,1
answer,1
surveillance,1
arduous,1
material,1
turgid,1
capacities,1
wherewithall,1
bully,1
preparation,1
discloses,1
wood,1
shwaiko,1
bulletin,1
summers,1
original,1
compose,1
grantors,1
remote,1
greatest,1
spending,1
elevations,1
institute,1
invested,1
examples,1
background,1
discovery,1
completed,1
imponderables,1
disagree,1
demonstrating,1
israel,1
formal,1
including,1
ethnology,1
previously,1
sufficiently,1
disassembled,1
judge,1
vandalized,1
varying,1
budget,1
looting,1
businesslike,1
refers,1
congress,1
academics,1
harvard,1
submitted,1
exhibited,1
trend,1
actual,1
maintains,1
nothing,1
examination,1
full,1
purposeful,1
california,1
minimize,1
jacobsen,1
shelter,1
subsurface,1
open,1
volunteer,1
clear,1
discovered,1
stress,1
comprehensive,1
op,1
supportive,1
serviceable,1
counter,1
vested,1
individual,1
keep,1
divisions,1
valseys,1
like,1
fellow,1
function,1
plant,1
him,1
collected,1
obtained,1
hiring,1
lie,1
administrative,1
vegetation,1
after,1
illicit,1
losing,1
standard,1
adequately,1
latter,1
sojourn,1
belief,1
advisors,1
misunderstandings,1
eloquent,1
unconvinced,1
glut,1
lines,1
lacking,1
assessing,1
nobody,1
categorize,1
concepts,1
percent,1
micronesia,1
rhetorical,1
ate,1
saw,1
retraction,1
herrings,1
conveyed,1
chemist,1
concluded,1
widely,1
species,1
tennessee,1
fails,1
farm,1
dealing,1
carried,1
indication,1
tests,1
discussing,1
aid,1
mitigate,1
looted,1
perspectives,1
succinctly,1
bureau,1
replied,1
science,1
assert,1
sometimes,1
usually,1
continue,1
buyers,1
plays,1
practical,1
delighted,1
hill,1
reasonable,1
employment,1
begin,1
huntergatherer,1
citizens,1
order,1
insufficient,1
widespread,1
attacking,1
statutes,1
referred,1
misassigned,1
success,1
reason,1
collections,1
began,1
lives,1
contribution,1
subscribers,1
remaining,1
try,1
executive,1
expert,1
life,1
chairs,1
directorate,1
unsupported,1
applicants,1
introductory,1
efficiency,1
expectations,1
hope,1
innuendos,1
composed,1
types,1
instances,1
get,1
itself,1
figured,1
edulis,1
interpretive,1
unacceptable,1
rigorous,1
comic,1
door,1
matters,1
acquired,1
assistant,1
inspect,1
share,1
contained,1
stratigraphic,1
magnitude,1
supervisor,1
stable,1
terrible,1
surveysubarea,1
rea,1
lattice,1
audits,1
appointed,1
conjunction,1
measurements,1
demonstrate,1
regulated,1
wear,1
officially,1
inadvertent,1
continues,1
temporal,1
willingness,1
carl,1
text,1
americocentric,1
ripping,1
mossbennett,1
priceless,1
quickly,1
natural,1
fault,1
anthropology,1
rented,1
artifice,1
different,1
suggestions,1
interested,1
seem,1
believe,1
publisheds,1
unknown,1
straightforward,1
print,1
appendix,1
printed,1
sensational,1
expense,1
disheartening,1
half,1
presence,1
regard,1
inquiry,1
eventually,1
foundation,1
compliance,1
job,1
contradictory,1
goods,1
benefit,1
liberal,1
visits,1
fulltime,1
sandwiches,1
specification,1
deployment,1
prospects,1
utilized,1
passage,1
type,1
february,1
places,1
person,1
growing,1
regulations,1
purchase,1
sue,1
reputations,1
accounts,1
cause,1
maintain,1
covers,1
protective,1
ruin,1
theory,1
shall,1
leaving,1
extent,1
fascination,1
pool,1
incompetence,1
her,1
getting,1
illegally,1
thousands,1
pursued,1
annual,1
yield,1
awarded,1
agreed,1
threat,1
eligibility,1
outline,1
inaccuracies,1
trivial,1
code,1
pits,1
protected,1
conclude,1
affecting,1
alternatives,1
became,1
yearly,1
convinced,1
elrst,1
ac,1
buy,1
turns,1
intended,1
controls,1
exceeded,1
finish,1
cb,1
preconstruction,1
obtain,1
lesson,1
underestimate,1
duped,1
ever,1
qualitative,1
indians,1
disrupted,1
exceptionally,1
crew,1
snuff,1
coming,1
store,1
swarts,1
remarks,1
prepared,1
campus,1
buying,1
students,1
recording,1
editor,1
initiated,1
arrows,1
finding,1
conditions,1
execrable,1
slope,1
grant,1
cucurbita,1
imperative,1
publicized,1
wish,1
teraction,1
ended,1
offer,1
actively,1
include,1
salt,1
upon,1
building,1
canadian,1
files,1
gross,1
opinions,1
product,1
issouri,1
manufacturer,1
values,1
regular,1
effects,1
colleagues,1
off,1
shift,1
increased,1
untouched,1
campaign,1
offered,1
observation,1
supported,1
juniperus,1
potential,1
jfa,1
contravention,1
themselves,1
mystery,1
charged,1
sectors,1
geographical,1
irrelevant,1
pleased,1
partial,1
mett,1
substantial,1
entire,1
sheer,1
adolph,1
traditional,1
newsletters,1
strong,1
among,1
whenever,1
observed,1
famous,1
cross,1
crimson,1
fiscal,1
asked,1
indicating,1
close,1
draft,1
arizona,1
deeper,1
looking,1
