WORDCOUNTS,WEIGHT
the,561
of,411
and,292
in,251
a,157
to,134
is,103
that,96
air,70
on,60
was,57
as,57
temperature,56
this,55
by,55
with,55
at,52
be,50
for,49
from,45
are,45
were,44
an,44
site,43
tuyere,38
have,34
it,31
wind,31
tuyeres,30
we,30
temperatures,30
furnace,29
been,29
iron,28
heat,27
which,27
or,25
will,24
has,23
not,23
archaeological,22
high,21
than,20
flakes,19
had,19
these,19
preheating,19
may,18
would,18
furnaces,18
flow,17
into,17
combustion,17
mm,17
de,17
schmidt,17
but,17
no,16
their,16
study,16
sites,16
figure,16
there,15
sand,15
avery,15
larger,15
transfer,14
all,14
experimental,14
stones,14
wall,14
also,13
can,13
african,13
early,13
cit,12
smelting,12
j,12
x,12
university,12
surface,12
m,12
its,12
only,12
note,12
very,12
through,12
our,12
evidence,12
they,11
one,11
journal,11
p,11
chips,11
r,11
research,11
short,11
slag,11
loc,11
made,11
increase,11
news,11
cm,11
area,11
per,10
quadrat,10
based,10
used,10
field,10
results,10
use,10
pottery,10
must,10
different,10
shown,10
d,10
observed,10
point,9
such,9
contributions,9
ancient,9
work,9
archaeology,9
action,9
about,9
technology,9
material,9
three,9
each,9
information,9
conference,9
measured,9
rate,8
stone,8
h,8
other,8
some,8
out,8
preheated,8
et,8
when,8
movement,8
department,8
more,8
end,8
region,8
primitive,8
methods,8
measurements,8
both,8
little,8
techniques,8
rapid,7
case,7
cu,7
possible,7
could,7
fuel,7
because,7
indianapolis,7
small,7
he,7
implications,7
taken,7
above,7
rehder,7
less,7
showing,7
described,7
nuclear,7
effect,7
over,7
given,7
thermocouples,6
total,6
being,6
nose,6
bead,6
those,6
dr,6
human,6
important,6
charcoal,6
found,6
project,6
artifact,6
flaking,6
subject,6
thermocouple,6
many,6
areas,6
time,6
present,6
where,6
haya,6
desert,6
bellows,6
survey,6
bed,6
so,6
protruding,6
flame,6
k,6
africa,6
length,6
temper,6
size,6
using,6
formation,6
specific,6
maximum,6
recent,6
if,5
later,5
e,5
large,5
rounded,5
easily,5
position,5
western,5
occurred,5
beds,5
right,5
electron,5
reverse,5
calculated,5
g,5
clay,5
further,5
estimate,5
even,5
his,5
l,5
developed,5
b,5
hot,5
result,5
prehistoric,5
near,5
well,5
minute,5
data,5
during,5
first,5
spicules,5
presence,5
f,5
two,5
fluxed,5
anthropology,5
ibid,5
process,5
peter,5
held,5
physics,5
cape,5
increasing,5
angular,5
five,5
strongly,5
analysis,5
considered,5
particularly,5
historical,5
quadrats,5
calculations,5
approximately,5
traditional,5
now,4
done,4
universite,4
passing,4
experience,4
long,4
composition,4
i,4
last,4
state,4
within,4
papers,4
activity,4
along,4
measurement,4
behavior,4
inner,4
since,4
due,4
characteristic,4
amount,4
back,4
instruments,4
across,4
calculation,4
direct,4
image,4
clearly,4
days,4
most,4
ambient,4
suggested,4
greater,4
location,4
bloomery,4
placed,4
technical,4
artifacts,4
positions,4
place,4
away,4
involved,4
several,4
optical,4
up,4
velocity,4
preheat,4
south,4
therefore,4
microwear,4
exterior,4
minor,4
under,4
boundary,4
same,4
nw,4
experiment,4
water,4
pixe,4
physique,4
demonstrated,4
range,4
samples,4
top,4
significant,4
processes,4
scanning,4
amounts,4
obtained,4
become,4
science,4
inside,4
canada,4
radiant,4
connection,4
u,4
beginning,4
according,4
form,4
while,4
too,4
content,4
radiation,4
assumptions,4
average,4
register,4
removed,4
assumed,4
deposition,4
substantial,4
much,4
technological,4
should,4
major,4
final,3
introduction,3
melting,3
studies,3
history,3
lower,3
might,3
address,3
advanced,3
s,3
abw,3
great,3
resulting,3
normal,3
heating,3
visibility,3
sq,3
erosional,3
side,3
sophisticated,3
dune,3
design,3
move,3
measuring,3
tanzania,3
west,3
eroded,3
review,3
development,3
corner,3
sponges,3
relatively,3
mailing,3
modem,3
operation,3
town,3
basic,3
special,3
diameters,3
feel,3
factors,3
show,3
commonly,3
operate,3
recovered,3
readings,3
requires,3
problems,3
problem,3
dunes,3
initial,3
elemental,3
produced,3
cannot,3
applied,3
aspiration,3
remains,3
basis,3
discussions,3
smallest,3
negligible,3
highly,3
rates,3
value,3
institut,3
second,3
attributable,3
comparative,3
reduce,3
make,3
comments,3
deflated,3
metallurgical,3
us,3
largest,3
hearth,3
rise,3
technique,3
toward,3
hiles,3
outside,3
extended,3
new,3
fragments,3
smelters,3
ground,3
operating,3
original,3
numbered,3
laboratory,3
open,3
co,3
collected,3
after,3
sandy,3
james,3
figures,3
carried,3
provide,3
bare,3
who,3
existed,3
sponge,3
then,3
any,3
following,3
physical,3
here,3
readily,3
reversal,3
flowing,3
molten,3
down,3
lancaster,3
proposed,3
evident,3
seasonal,3
announcements,3
extent,3
fully,3
institute,3
almost,3
thereby,3
reported,3
slopes,3
laser,3
measure,3
analysts,3
cp,3
years,3
decrease,3
national,3
smaller,3
typology,3
increased,3
comparison,3
among,3
occur,3
arizona,3
tube,3
does,2
currently,2
edge,2
estimated,2
fraction,2
indicated,2
created,2
affected,2
resulted,2
considerably,2
manuscript,2
distributed,2
conducted,2
complex,2
tylecote,2
identify,2
tend,2
smelt,2
ore,2
committee,2
organic,2
title,2
source,2
du,2
contact,2
cast,2
archaeologists,2
way,2
covered,2
chacmool,2
steady,2
season,2
tilted,2
nature,2
experiments,2
europe,2
blown,2
analyses,2
atlantic,2
take,2
real,2
inadvertently,2
replicated,2
precisely,2
additives,2
recorded,2
east,2
microscopy,2
account,2
felt,2
valveless,2
bloom,2
judith,2
except,2
houdayer,2
regarding,2
neutron,2
thus,2
exercises,2
differential,2
angles,2
blast,2
pilot,2
laboratoire,2
unpublished,2
interest,2
shaft,2
occurs,2
sample,2
concerning,2
uniformly,2
compared,2
nusselt,2
weight,2
nick,2
cultural,2
pyrometer,2
adiabatic,2
walls,2
york,2
whose,2
powdered,2
mean,2
similar,2
certain,2
leave,2
derived,2
scattered,2
support,2
means,2
arid,2
category,2
changes,2
microscope,2
possibly,2
objects,2
metallurgy,2
grains,2
just,2
observations,2
w,2
age,2
orientation,2
delta,2
wire,2
additional,2
fontes,2
hours,2
participants,2
acknowledgments,2
entering,2
typical,2
ocean,2
late,2
recently,2
metals,2
method,2
expensive,2
shape,2
sem,2
having,2
percent,2
timbuktu,2
literature,2
start,2
floodplain,2
edn,2
reduction,2
forge,2
intentionally,2
gave,2
q,2
mathematical,2
upwind,2
absorb,2
depositional,2
detailed,2
level,2
around,2
intervals,2
industry,2
coachella,2
division,2
hammerstone,2
moved,2
subsequently,2
periods,2
midpoint,2
situation,2
variety,2
absence,2
scientific,2
limited,2
anniversary,2
engineering,2
interpretation,2
reference,2
requiring,2
thought,2
unidirectional,2
thesis,2
imitate,2
informal,2
complete,2
culture,2
industrial,2
reports,2
toronto,2
published,2
skeletons,2
useful,2
lee,2
volume,2
pointed,2
available,2
put,2
addition,2
added,2
analytical,2
fact,2
shows,2
ceramic,2
layer,2
mall,2
diameter,2
discussed,2
external,2
forms,2
do,2
mali,2
paris,2
model,2
square,2
necessary,2
distance,2
number,2
technologies,2
investigated,2
scatter,2
findings,2
varying,2
recuperator,2
sherd,2
deduce,2
points,2
oxidizing,2
curve,2
practiced,2
standard,2
exchange,2
attendant,2
probably,2
relative,2
investigations,2
la,2
concluded,2
brown,2
speculate,2
relationship,2
modification,2
saliege,2
she,2
dm,2
bound,2
order,2
predict,2
dimensions,2
seen,2
relevant,2
remaining,2
recognize,2
antiquity,2
class,2
united,2
respect,2
unusual,2
environment,2
practice,2
rh,2
sorting,2
series,2
conclusion,2
extensive,2
steel,2
potter,2
sherds,2
alternative,2
erected,2
excess,2
dimension,2
paper,2
melt,2
novel,2
downslope,2
seriously,2
believe,2
losses,2
gas,2
phd,2
blowing,2
n,2
spatial,2
whether,2
ones,2
making,2
degree,2
particular,2
cluster,2
deflation,2
ivan,2
presented,2
convection,2
careful,2
recognition,2
beach,2
quartzite,2
november,2
ac,2
wires,2
alain,2
obtain,2
discussion,2
brissaud,2
solids,2
coated,2
conditions,2
slope,2
course,2
contributed,2
include,2
although,2
consumption,2
need,2
france,2
fine,2
supported,2
carbon,2
carl,2
jfa,2
between,2
c,2
reached,2
views,2
valley,2
ends,2
north,2
close,2
row,2
fir,1
desirable,1
sizecategory,1
go,1
infrared,1
o,1
silica,1
deny,1
oriented,1
limits,1
prefer,1
horizontal,1
slows,1
avoiding,1
commentary,1
nest,1
functional,1
stoves,1
represent,1
extreme,1
environmental,1
determine,1
worthy,1
consigns,1
multilingual,1
mystification,1
alone,1
originating,1
totally,1
notably,1
debris,1
unsuccessful,1
group,1
center,1
methodology,1
ironsmelting,1
integrity,1
picked,1
formed,1
loaned,1
constitutes,1
khcd,1
completely,1
landward,1
discussants,1
postdepositional,1
windblown,1
tempered,1
acceptance,1
protection,1
excavation,1
ian,1
dg,1
laid,1
hominid,1
evaluating,1
amply,1
before,1
steeply,1
induced,1
bark,1
properties,1
kml,1
highlight,1
tends,1
metallic,1
consistent,1
sources,1
revisited,1
supposedly,1
posed,1
production,1
hc,1
interests,1
originally,1
give,1
aperture,1
postage,1
tumulus,1
lakes,1
central,1
mcgill,1
hcd,1
universitd,1
forges,1
seems,1
supplied,1
heated,1
handling,1
layout,1
operators,1
comparatively,1
rhode,1
reach,1
displacement,1
panel,1
height,1
packed,1
purposefully,1
secondary,1
assess,1
neal,1
assertion,1
atmospheres,1
thank,1
producing,1
arises,1
vitrified,1
able,1
chosen,1
reveal,1
onto,1
mississippi,1
characterizing,1
subsequent,1
help,1
inland,1
achieved,1
feature,1
silicates,1
mind,1
date,1
concepts,1
consulting,1
staff,1
advantages,1
signs,1
ash,1
checked,1
surveys,1
behind,1
dissolved,1
threshold,1
worldwide,1
context,1
contents,1
debitage,1
globe,1
proceed,1
historians,1
formulation,1
mass,1
kathy,1
america,1
addresses,1
mesh,1
burning,1
characterize,1
sieved,1
alter,1
occurring,1
conceptual,1
consequent,1
lessard,1
sent,1
uncertain,1
fluorescence,1
dynamic,1
monitoring,1
apply,1
undoubtedly,1
facto,1
minimum,1
forged,1
says,1
exposed,1
relies,1
heaters,1
valladas,1
natives,1
goal,1
technologically,1
throughout,1
relationships,1
profession,1
montreal,1
aspirators,1
explained,1
estimating,1
modify,1
facts,1
difficulties,1
immediate,1
reject,1
bent,1
taxonomic,1
interior,1
contentions,1
realized,1
singularly,1
accidentally,1
mixed,1
adopted,1
pm,1
application,1
pvm,1
century,1
extensively,1
expected,1
z,1
forced,1
conundrum,1
palaeolithic,1
cases,1
items,1
old,1
speculative,1
etnologia,1
underlying,1
keep,1
leaks,1
fig,1
response,1
six,1
difficulty,1
served,1
allowing,1
applying,1
left,1
drooping,1
effective,1
fourth,1
publications,1
find,1
y,1
geological,1
charcoals,1
consequently,1
faune,1
dry,1
corrected,1
sieve,1
hardly,1
injectors,1
student,1
master,1
tempering,1
mechanism,1
selectively,1
industries,1
strokes,1
higher,1
steps,1
interesting,1
nucleaire,1
betrays,1
recognized,1
adequate,1
german,1
without,1
identification,1
rather,1
dilemma,1
sensing,1
compatible,1
how,1
remain,1
fuels,1
inconel,1
sw,1
longest,1
environments,1
marott,1
pulsating,1
opportunity,1
proportion,1
associate,1
eight,1
importance,1
se,1
entrances,1
coke,1
balanced,1
spicule,1
postale,1
assuming,1
pages,1
bibliographical,1
periodic,1
supposed,1
az,1
firing,1
dilution,1
paragraphs,1
affect,1
plus,1
marks,1
conceptualization,1
river,1
parkington,1
slowly,1
presumably,1
oxidize,1
section,1
edition,1
impact,1
smelts,1
traces,1
germane,1
preoccupation,1
recycling,1
instrument,1
slowpoke,1
physicist,1
frequently,1
reviewed,1
upper,1
incorrectly,1
solid,1
xi,1
four,1
watercooled,1
origins,1
follow,1
statement,1
polytechnique,1
beyond,1
surmise,1
aquatiques,1
definite,1
cost,1
patterning,1
archeological,1
anaerometry,1
weighed,1
calgary,1
opinion,1
providing,1
drawing,1
view,1
appear,1
dc,1
thrust,1
experimentation,1
whereas,1
advance,1
remembered,1
path,1
concentration,1
asserts,1
holds,1
medicine,1
carrying,1
exaggeration,1
entered,1
erosion,1
called,1
access,1
relating,1
changed,1
siliceous,1
reply,1
her,1
requirements,1
nuclkaire,1
vigorous,1
autographic,1
representative,1
embedded,1
academic,1
density,1
traversed,1
handbook,1
pure,1
furthermore,1
understood,1
fusion,1
let,1
appears,1
refractory,1
excellent,1
lamprecht,1
grounds,1
energy,1
toppled,1
however,1
explored,1
dwelling,1
absolute,1
explain,1
approached,1
conferences,1
wide,1
flaked,1
possibility,1
kitchen,1
failure,1
directly,1
kg,1
crushed,1
degrees,1
revealed,1
leakage,1
planning,1
rocks,1
abstracts,1
tool,1
carry,1
del,1
concept,1
percentage,1
heavily,1
toth,1
part,1
london,1
appreciable,1
example,1
agnes,1
knowledge,1
apparent,1
related,1
indigenous,1
urban,1
excessive,1
description,1
geology,1
predominantly,1
cracking,1
loss,1
gasses,1
kindly,1
island,1
consistently,1
obscured,1
reynolds,1
probes,1
reactor,1
inclusions,1
actually,1
strain,1
bits,1
beads,1
ontario,1
winter,1
tondidarou,1
device,1
buhaya,1
personal,1
justification,1
regional,1
employed,1
systematic,1
differentially,1
fieldwork,1
interpreted,1
status,1
enthusiastic,1
chemistry,1
redistributed,1
t,1
regions,1
uniqueness,1
creating,1
least,1
movejournal,1
normally,1
successful,1
ago,1
hard,1
below,1
questionable,1
aroused,1
suggest,1
simpler,1
straight,1
foundry,1
le,1
hummocky,1
latta,1
stimulated,1
sharp,1
acted,1
atmosphere,1
event,1
quantification,1
castle,1
few,1
wider,1
leather,1
breaking,1
distinguished,1
villages,1
mixing,1
coast,1
always,1
annual,1
visible,1
purpose,1
raised,1
world,1
highlyfused,1
altogether,1
provenance,1
reflected,1
interieur,1
valuable,1
reducing,1
schematic,1
doppler,1
purchasing,1
society,1
survived,1
activation,1
morphology,1
critical,1
megalitique,1
protruded,1
led,1
approximate,1
arrangement,1
comment,1
matter,1
practices,1
curves,1
steadily,1
requirement,1
indeed,1
located,1
quantified,1
thermoluminescence,1
intended,1
nearly,1
prevailing,1
object,1
standardization,1
experimentally,1
judgment,1
illustrating,1
oce,1
translates,1
initially,1
cracks,1
lb,1
southern,1
aligned,1
innovation,1
direction,1
ipso,1
selection,1
pegs,1
conventional,1
postulate,1
frank,1
calculate,1
contributing,1
flux,1
depicted,1
potsherds,1
photographed,1
yet,1
auspices,1
recuperators,1
makes,1
message,1
mobile,1
management,1
misses,1
amazon,1
ed,1
al,1
replicas,1
noted,1
increasingly,1
thermodynamic,1
resemblance,1
longer,1
street,1
resolution,1
california,1
ind,1
challenge,1
power,1
others,1
death,1
academy,1
mckern,1
rock,1
residence,1
generously,1
smith,1
missing,1
powder,1
admit,1
idea,1
overwhelming,1
fundamental,1
conduct,1
rotation,1
instituto,1
appeared,1
sse,1
contradict,1
break,1
john,1
demonstrating,1
contemporary,1
centigrade,1
considerable,1
pattern,1
serious,1
removal,1
windward,1
patterns,1
conclusions,1
enough,1
took,1
adjacent,1
nozzles,1
centre,1
increases,1
clusters,1
purposes,1
establish,1
ch,1
see,1
answer,1
rotate,1
protrusion,1
forth,1
schick,1
native,1
begun,1
free,1
recreational,1
remained,1
studied,1
argues,1
archeologiques,1
another,1
prandel,1
situated,1
divided,1
survive,1
background,1
assemblages,1
explanation,1
upon,1
bear,1
values,1
preislamiques,1
israel,1
including,1
thickness,1
delicate,1
previously,1
predominates,1
sixth,1
sufficiently,1
unconsolidated,1
load,1
empirical,1
entirely,1
cupola,1
resieving,1
hypotheses,1
prevailed,1
largely,1
redistribution,1
operated,1
assumption,1
rivers,1
factor,1
tumble,1
ideas,1
net,1
recovery,1
engaged,1
taboos,1
full,1
raising,1
previous,1
chemical,1
complicated,1
synthetic,1
heatcap,1
low,1
clear,1
reassessing,1
reality,1
legitimacy,1
laboratories,1
authors,1
comprehensive,1
op,1
publication,1
inadequate,1
obtaining,1
perpendicular,1
misclassified,1
dominated,1
succursale,1
flake,1
arc,1
symposium,1
times,1
helpful,1
flood,1
period,1
spread,1
function,1
responses,1
reconstructed,1
stages,1
accurate,1
improved,1
enriched,1
provides,1
artificial,1
readers,1
especially,1
discarded,1
comparing,1
pump,1
internal,1
incapable,1
industrially,1
protrude,1
relation,1
sensible,1
examine,1
hierarchical,1
structure,1
residue,1
slightly,1
positioning,1
insignificant,1
caution,1
convincingly,1
bibliographic,1
widely,1
consumed,1
depth,1
indication,1
stage,1
reliable,1
discussing,1
environs,1
absorbing,1
independent,1
practitioners,1
oxide,1
program,1
prandelt,1
vertical,1
widespread,1
primarily,1
sway,1
bulletin,1
lost,1
sensitive,1
concluding,1
collections,1
ordering,1
compiles,1
send,1
distorting,1
originated,1
halved,1
indicate,1
responsible,1
efficiency,1
dans,1
proximity,1
analytiques,1
surprising,1
convective,1
supporting,1
coordination,1
types,1
metallurgist,1
centuries,1
itself,1
face,1
rigorous,1
niger,1
photographs,1
rises,1
stable,1
occean,1
claims,1
nacional,1
freshwater,1
contemplated,1
contained,1
deposited,1
shadow,1
judgments,1
suite,1
senior,1
datations,1
extending,1
demonstrate,1
wear,1
geographic,1
demarcation,1
reinforced,1
precise,1
quantitative,1
record,1
ripples,1
griffin,1
sciences,1
set,1
namib,1
enters,1
natural,1
principle,1
intensive,1
chapman,1
cultures,1
december,1
sizes,1
interested,1
seem,1
did,1
best,1
ft,1
leaders,1
tandem,1
decarbonization,1
current,1
picks,1
speculation,1
rely,1
audience,1
intoand,1
useless,1
orinoco,1
recherche,1
enlarged,1
recorder,1
type,1
better,1
table,1
concrete,1
thanked,1
unlikely,1
automatic,1
what,1
economy,1
microlithic,1
investigation,1
them,1
terms,1
selected,1
list,1
typologies,1
independently,1
upslope,1
add,1
trubowitz,1
maintain,1
covers,1
map,1
beaches,1
penetration,1
distribution,1
consisting,1
weights,1
produce,1
revista,1
acknowledgment,1
travel,1
martha,1
marking,1
researchers,1
noses,1
sheltering,1
occasionally,1
preserved,1
potters,1
entrance,1
urged,1
uniform,1
despite,1
chip,1
undertaken,1
role,1
easy,1
giving,1
focal,1
tried,1
step,1
lump,1
appointed,1
smallestsized,1
indians,1
maintained,1
au,1
coming,1
blooms,1
keynote,1
ese,1
diagram,1
indiana,1
question,1
models,1
elongated,1
commercial,1
locations,1
editor,1
notes,1
initiated,1
copies,1
institutional,1
wish,1
offer,1
applicable,1
instead,1
correlated,1
proceeding,1
specialists,1
regime,1
manufacture,1
product,1
build,1
states,1
substantiated,1
you,1
effects,1
attempted,1
tucuman,1
ranged,1
roughly,1
retouch,1
observation,1
potential,1
apart,1
archaeologica,1
charged,1
hotel,1
vary,1
radioanalytical,1
conductive,1
amant,1
agrees,1
classes,1
evidently,1
element,1
equipment,1
northwestern,1
abandoned,1
histograms,1
elden,1
alberta,1
profiles,1
pulling,1
middle,1
building,1
formulae,1
built,1
showed,1
draft,1
interferometer,1
grants,1
hypothesis,1
