WORDCOUNTS,WEIGHT
the,192
of,141
and,93
in,67
to,58
a,49
is,37
from,36
that,33
as,31
for,31
are,29
aurignacian,26
an,25
on,23
assemblages,22
this,22
blades,19
these,18
distant,17
faunal,17
raw,16
with,15
sources,15
material,15
not,14
by,14
evenness,14
two,12
at,11
study,11
index,11
materials,11
archaeological,11
high,11
one,11
sites,10
behavior,10
sediments,10
it,9
modern,9
diversity,9
between,9
early,9
model,8
stone,8
lithic,8
be,8
assemblage,8
percentages,8
low,8
have,8
palaeolithic,8
would,8
subsistence,7
mobility,7
within,7
human,7
pottery,7
his,6
group,6
fall,6
also,6
later,6
all,6
roman,6
i,6
three,6
excavated,6
suggest,6
bone,6
than,6
does,5
ii,5
been,5
template,5
large,5
category,5
but,5
those,5
number,5
local,5
some,5
point,5
which,5
de,5
value,5
archaeology,5
catalogue,5
km,5
other,5
how,5
will,4
he,4
roc,4
environments,4
they,4
assigned,4
university,4
organization,4
title,4
byzantine,4
same,4
taxa,4
lambda,4
more,4
important,4
different,4
book,4
found,4
there,4
do,4
while,4
because,4
tool,4
its,4
focus,4
taxon,4
difficulties,4
such,4
sample,4
taxonomic,4
le,4
combe,4
find,4
retouched,4
no,3
rather,3
populations,3
detailed,3
probability,3
ware,3
mammal,3
studies,3
cutoff,3
or,3
into,3
any,3
upper,3
lower,3
additional,3
only,3
archaeologists,3
useful,3
provide,3
concerns,3
greater,3
paper,3
possible,3
p,3
behavioral,3
transferred,3
new,3
piage,3
what,3
transfers,3
context,3
ad,3
less,3
strategies,3
perhaps,3
has,3
ferrassie,3
well,3
increases,3
suggests,3
middle,3
both,3
made,3
comprise,3
lake,3
abri,3
reindeer,3
adaptations,3
size,3
contains,3
were,3
theoretical,3
open,3
fragmentation,3
social,3
earlier,3
estimates,3
several,3
k,3
yielded,3
when,3
maximum,3
nisp,3
journal,3
results,3
much,3
we,3
relative,3
should,3
general,3
species,3
heavily,2
may,2
therefore,2
interesting,2
perspectives,2
contact,2
way,2
identified,2
main,2
chatelperronian,2
appreciation,2
sw,2
nearly,2
foraging,2
measures,2
seen,2
remaining,2
movement,2
american,2
expectations,2
analysis,2
system,2
interpretation,2
opportunities,2
under,2
slavic,2
taphonomic,2
possibly,2
western,2
magnitude,2
associated,2
just,2
bordeaux,2
foragers,2
reviewed,2
insights,2
most,2
department,2
commonly,2
included,2
potential,2
noted,2
fluvial,2
t,2
measuring,2
published,2
ceramic,2
geomorphology,2
s,2
here,2
questions,2
alternative,2
originally,2
view,2
over,2
appear,2
utilization,2
control,2
intensive,2
analytical,2
organized,2
fact,2
lack,2
consideration,2
least,2
did,2
areas,2
laboratory,2
histories,2
poulter,2
access,2
analyses,2
exploiting,2
deal,2
end,2
complete,2
places,2
outside,2
particularly,2
raised,2
cultural,2
headings,2
where,2
reviews,2
form,2
migratory,2
case,2
evaluation,2
expedient,2
isbn,2
draws,2
elsewhere,2
clearly,2
chapter,2
inverse,2
richness,2
r,2
understanding,2
data,2
used,2
illustrate,2
work,2
pataud,2
los,2
preferred,2
values,2
region,2
including,2
city,2
despite,2
apparent,2
press,2
geomorphological,2
role,2
samples,2
transition,2
minimum,2
largely,2
meet,2
representation,2
du,2
thus,2
andrew,2
chapters,2
prey,2
proceeds,2
full,2
away,2
differential,2
surrounding,2
years,2
sofiiskiya,2
nikopolis,2
beyond,2
geoarchaeological,2
good,2
approximately,2
include,2
so,2
features,2
nine,2
france,2
defined,2
preservation,2
arbitrary,2
nicopolis,2
around,2
small,2
summary,2
perspective,2
refreshing,2
random,2
relation,2
themselves,2
geomorphic,2
alluvial,2
single,2
little,2
look,2
corresponds,2
counts,2
technological,2
recent,2
balkans,2
broader,2
attention,2
game,2
strategy,2
perfect,1
appeal,1
natural,1
dissertation,1
final,1
chronological,1
hallam,1
dealing,1
european,1
factors,1
ers,1
reduction,1
henri,1
tance,1
tests,1
via,1
recognized,1
adequate,1
encountering,1
reduced,1
dominates,1
buzaz,1
arbitrarily,1
craig,1
curves,1
easy,1
expected,1
independent,1
scientific,1
sometimes,1
links,1
ecological,1
usually,1
variable,1
variously,1
incorrect,1
surroundings,1
absent,1
you,1
across,1
behaviorally,1
benot,1
f,1
scrapers,1
correlations,1
located,1
comparative,1
site,1
pieces,1
reasonable,1
limited,1
support,1
critical,1
landscape,1
kliment,1
randomly,1
brief,1
levels,1
fewer,1
recognizes,1
notion,1
process,1
red,1
mean,1
gesher,1
sensitive,1
positioned,1
represented,1
collections,1
balcanica,1
considerably,1
team,1
assumptions,1
arid,1
expanded,1
commenced,1
subenvironments,1
specific,1
contribution,1
obtains,1
geoor,1
similar,1
premises,1
b,1
michel,1
center,1
universitet,1
jurassic,1
indicate,1
compiling,1
abrupt,1
antiquity,1
touched,1
contributions,1
assuming,1
often,1
stein,1
illustrations,1
tend,1
deviates,1
prime,1
chamois,1
principle,1
animals,1
once,1
ferrasie,1
hellenistic,1
handles,1
uniquely,1
consistency,1
ways,1
martin,1
reference,1
get,1
approaches,1
examined,1
devoted,1
drawings,1
articles,1
environment,1
older,1
thought,1
peigord,1
optimally,1
facilitated,1
space,1
array,1
photographs,1
collect,1
former,1
generously,1
chronology,1
locally,1
behave,1
latitude,1
essential,1
boundary,1
statistical,1
was,1
yazoo,1
excavation,1
necessarily,1
borrowed,1
repeated,1
tackle,1
generalized,1
emergence,1
une,1
combined,1
informal,1
section,1
collectively,1
uses,1
bp,1
choices,1
numbers,1
assume,1
record,1
generally,1
bruce,1
monograph,1
nice,1
princeton,1
complexity,1
differs,1
version,1
changing,1
contexts,1
too,1
profile,1
quantifies,1
w,1
facets,1
leads,1
denis,1
pinnacle,1
consistent,1
origins,1
exploit,1
paleolithique,1
avoided,1
picture,1
hallmark,1
partitioning,1
des,1
declining,1
physical,1
volume,1
definitions,1
long,1
plates,1
contradict,1
requires,1
problems,1
text,1
peabody,1
production,1
tell,1
notionally,1
klewer,1
specimens,1
liberally,1
decoration,1
evidence,1
vezere,1
mark,1
locale,1
providing,1
defining,1
ancient,1
approche,1
location,1
attempt,1
available,1
frequencies,1
humans,1
brooke,1
fumel,1
equally,1
each,1
many,1
j,1
nature,1
arrived,1
standards,1
closely,1
specialized,1
gary,1
utah,1
unifying,1
treated,1
treatment,1
europe,1
meaning,1
reexamined,1
individuals,1
best,1
could,1
down,1
examination,1
consisting,1
transported,1
bit,1
agree,1
color,1
traditionally,1
bovids,1
emphasis,1
imported,1
proportional,1
choice,1
exceptionally,1
foundation,1
defy,1
tables,1
shot,1
really,1
settles,1
testing,1
istrum,1
demonstrating,1
concludes,1
focuses,1
very,1
zone,1
primary,1
survey,1
take,1
hinges,1
help,1
reflect,1
inadvertently,1
search,1
featured,1
propositions,1
display,1
reinvigorates,1
fragments,1
reasons,1
works,1
none,1
evaluate,1
julie,1
late,1
patterns,1
further,1
universite,1
phd,1
precisely,1
represent,1
lens,1
though,1
according,1
invalid,1
focused,1
jean,1
somewhat,1
granulometric,1
something,1
performed,1
commonwealth,1
na,1
dating,1
purposes,1
investigation,1
intermingled,1
unique,1
setting,1
tools,1
papers,1
non,1
appears,1
whether,1
relevant,1
terms,1
produced,1
selected,1
us,1
answer,1
ones,1
historically,1
dryland,1
biases,1
stobi,1
borrowing,1
scale,1
tips,1
integrating,1
teasing,1
dearth,1
tolo,1
sophisticated,1
above,1
artifactual,1
core,1
your,1
time,1
thematic,1
mni,1
problem,1
surveying,1
supplemented,1
method,1
adopts,1
continuum,1
carinated,1
humid,1
going,1
step,1
out,1
jc,1
failure,1
reanalysis,1
produce,1
original,1
specifically,1
balance,1
another,1
information,1
having,1
almost,1
uneven,1
evolutionarily,1
perigord,1
virginia,1
degrees,1
technologies,1
closed,1
sturge,1
situated,1
artifacts,1
categories,1
geological,1
discussion,1
ideal,1
qua,1
mousteriennes,1
inferred,1
devotes,1
appendices,1
anatomically,1
godishnik,1
varieties,1
empirically,1
alone,1
repetition,1
given,1
fine,1
reader,1
apart,1
brought,1
combination,1
systematics,1
simply,1
conceptual,1
introduced,1
line,1
proportions,1
prevalent,1
lithoclasts,1
dynamic,1
chooses,1
comportement,1
along,1
test,1
variability,1
complexities,1
himself,1
demonstrate,1
humains,1
returning,1
bv,1
analyzing,1
territory,1
significant,1
measure,1
use,1
romanarchaeology,1
restricting,1
linking,1
place,1
factor,1
issues,1
depositional,1
climatic,1
warranted,1
neandertals,1
people,1
palaeoanthropology,1
includes,1
au,1
linked,1
being,1
build,1
dispense,1
recovery,1
continue,1
our,1
terra,1
radiocarbon,1
unpublished,1
chosen,1
previous,1
pause,1
question,1
g,1
lithique,1
cothbound,1
southwestern,1
symbolic,1
groupes,1
instructive,1
immediate,1
clear,1
bent,1
similarity,1
ancillary,1
william,1
importance,1
heuristic,1
consult,1
discussed,1
violated,1
boston,1
dominated,1
danube,1
remember,1
ouniversitet,1
individual,1
stratigraphic,1
times,1
furnishing,1
although,1
adaptive,1
arise,1
indicator,1
excavations,1
their,1
interpret,1
like,1
revised,1
working,1
field,1
turonian,1
jeanmichel,1
period,1
need,1
distances,1
complex,1
reinforces,1
unexpected,1
stage,1
heartland,1
glass,1
played,1
ecology,1
turn,1
area,1
cases,1
movius,1
job,1
integrity,1
items,1
antiqua,1
latter,1
forms,1
classification,1
exchange,1
archaic,1
argues,1
promotion,1
underscore,1
margin,1
retouch,1
offered,1
intermittently,1
somehow,1
causing,1
article,1
systems,1
pioneering,1
editing,1
alleviate,1
salt,1
evolutionary,1
methods,1
distinctions,1
columbia,1
industry,1
maestrictian,1
wares,1
third,1
insists,1
imporjournal,1
editors,1
feibel,1
straddling,1
still,1
technologique,1
distinguished,1
compared,1
left,1
justification,1
effect,1
misleading,1
methodological,1
fourth,1
can,1
wisely,1
excluded,1
confusing,1
overarching,1
articulation,1
through,1
substantial,1
exclusively,1
even,1
valley,1
majority,1
dependent,1
traditional,1
using,1
figures,1
inverted,1
focussed,1
sine,1
buzas,1
among,1
apparently,1
french,1
notes,1
about,1
appropriate,1
geneste,1
profiles,1
occupy,1
provided,1
paul,1
preliminary,1
catalogues,1
indicating,1
ca,1
la,1
ma,1
cassified,1
society,1
jeffrey,1
culminate,1
next,1
