WORDCOUNTS,WEIGHT
the,167
of,144
and,101
in,59
a,55
to,41
that,29
as,23
is,17
for,17
with,15
from,15
by,15
eurasia,14
on,14
new,13
are,12
its,11
this,11
archaeological,11
an,11
ancient,10
steppe,10
eurasian,9
archaeology,9
research,9
but,8
more,8
have,8
interaction,8
not,7
or,7
social,7
chapters,7
at,6
will,6
it,6
his,6
their,6
one,6
contributions,6
both,6
central,6
such,6
between,6
be,6
provide,5
they,5
mcdonald,5
culture,5
these,5
regional,5
volume,5
prehistoric,5
book,5
been,5
cultural,5
has,5
understanding,5
which,5
studies,4
colin,4
continent,4
east,4
prehistory,4
any,4
contexts,4
age,4
two,4
bronze,4
long,4
many,4
current,4
real,4
late,4
within,4
typologies,4
institute,4
some,4
focus,4
neighbors,4
sense,4
field,4
provides,4
profound,4
systems,4
editors,4
much,4
traditions,4
evidence,4
attention,4
does,3
materials,3
who,3
tin,3
movement,3
effort,3
anthropological,3
emergence,3
material,3
migration,3
most,3
rather,3
exploitation,3
other,3
set,3
important,3
intellectual,3
towards,3
asia,3
global,3
typological,3
commitment,3
i,3
there,3
v,3
investigations,3
excellent,3
can,3
data,3
work,3
upon,3
west,3
through,3
use,3
were,3
trade,3
dynamics,3
clear,3
authors,3
language,3
millennium,3
typology,3
site,3
philip,3
y,3
recent,3
zones,3
york,2
reflects,2
no,2
marsha,2
sets,2
populations,2
l,2
economic,2
yet,2
groups,2
across,2
practical,2
maps,2
archetype,2
appreciation,2
forward,2
e,2
detailed,2
transformation,2
often,2
united,2
spark,2
support,2
changes,2
decade,2
collection,2
us,2
index,2
into,2
n,2
impact,2
w,2
practices,2
insights,2
themes,2
geographic,2
being,2
only,2
based,2
kohl,2
emphasize,2
t,2
law,2
andronovo,2
efforts,2
pastoral,2
possibilities,2
lead,2
societies,2
our,2
histories,2
own,2
job,2
contemporary,2
historical,2
boroffka,2
term,2
do,2
malaspina,2
discipline,2
what,2
reviews,2
effect,2
report,2
establish,2
spatial,2
population,2
theoretical,2
issue,2
scale,2
practice,2
cir,2
dna,2
ford,2
networks,2
zerjal,2
her,2
while,2
number,2
kathryn,2
well,2
homogeneity,2
local,2
account,2
network,2
possible,2
betrayed,2
those,2
bc,2
discovery,2
move,2
range,2
must,2
communities,2
brought,2
conceptual,2
promises,2
concern,2
describe,2
needed,2
copper,2
discussion,2
eneolithic,2
broad,2
take,2
interactions,2
ultimately,2
until,2
nikolaus,2
artifact,2
open,2
depositional,2
interest,2
less,2
although,2
define,2
suggest,2
states,2
caucasia,2
black,2
diffusionary,2
exchange,2
perspective,2
back,2
concerns,2
contact,2
debate,2
james,2
early,2
substantial,2
northern,2
critique,2
world,2
than,2
here,2
provided,2
political,2
close,2
small,2
presumed,2
culturalist,2
nations,1
caucasus,1
increasing,1
tombs,1
south,1
difficult,1
arrives,1
mechanisms,1
yields,1
disparate,1
collaborations,1
interesting,1
led,1
lexical,1
relationship,1
carla,1
transform,1
units,1
curricula,1
platter,1
saga,1
payoffs,1
transformations,1
note,1
rassamakin,1
absence,1
waves,1
way,1
meets,1
bringing,1
shuicheng,1
assiduously,1
papers,1
if,1
faith,1
history,1
links,1
action,1
five,1
main,1
soviet,1
models,1
scholar,1
watch,1
created,1
providing,1
result,1
extents,1
program,1
surprisingly,1
obscuring,1
splicing,1
critical,1
vague,1
lines,1
classic,1
florescence,1
brief,1
fuse,1
heights,1
widespread,1
dmitry,1
attract,1
presentation,1
myself,1
institutions,1
disagreements,1
dissolution,1
step,1
intensively,1
commended,1
seen,1
context,1
competing,1
july,1
itself,1
introduction,1
constitution,1
katie,1
make,1
ceramic,1
lawrence,1
tools,1
loses,1
passing,1
inhere,1
neolithic,1
backdrop,1
group,1
perennial,1
spot,1
appearance,1
complex,1
languished,1
dynamism,1
hold,1
innovation,1
lexicon,1
study,1
yuval,1
remain,1
distant,1
white,1
patrizia,1
existed,1
about,1
discoveries,1
spaulding,1
coherence,1
consequences,1
antiquities,1
institutemonographs,1
pivotal,1
rosters,1
ways,1
interpretation,1
approaches,1
bias,1
opportunities,1
understand,1
pernicious,1
suggested,1
bryan,1
unraveling,1
read,1
struggle,1
problematic,1
kanakaria,1
largely,1
paying,1
modern,1
favor,1
albert,1
foreshadowing,1
financial,1
ensure,1
seat,1
array,1
predecessor,1
january,1
cause,1
university,1
dawning,1
underdeveloped,1
dergachev,1
gennady,1
j,1
organization,1
perestroika,1
western,1
sociology,1
reluctance,1
arguments,1
aleksandr,1
sociological,1
homogeneous,1
rarely,1
emotions,1
anantique,1
criticizing,1
ussr,1
opens,1
placed,1
formalized,1
series,1
nice,1
excitement,1
particular,1
al,1
argued,1
robust,1
reviewed,1
observations,1
lydian,1
peoples,1
advancing,1
department,1
simply,1
reliance,1
constituted,1
stolen,1
conceptualize,1
painful,1
bioarchaeological,1
scrutiny,1
concerning,1
willingness,1
sources,1
supported,1
comprising,1
constituting,1
endured,1
hoard,1
carl,1
mosaics,1
terminology,1
sherds,1
successfully,1
reconsideration,1
also,1
portrays,1
faculty,1
m,1
taken,1
coincidence,1
association,1
toward,1
decades,1
partitioning,1
over,1
appear,1
reporting,1
terrain,1
promote,1
rare,1
worked,1
each,1
all,1
projects,1
neil,1
greater,1
anthropology,1
missing,1
chapman,1
analytical,1
paper,1
cultures,1
husbandry,1
definition,1
unifying,1
immense,1
koryakova,1
revitalized,1
principles,1
archaeologically,1
europe,1
agenda,1
mallory,1
daghestan,1
tradition,1
best,1
twenty,1
assess,1
prominence,1
together,1
accompanied,1
pastoralism,1
argue,1
hiebert,1
agree,1
maikop,1
p,1
attempting,1
goren,1
crop,1
potentially,1
analyses,1
exotic,1
producing,1
out,1
aesthetic,1
subjective,1
preoccupied,1
demands,1
quotidian,1
international,1
ellen,1
john,1
how,1
arrangements,1
end,1
debates,1
impatient,1
near,1
substantially,1
doubt,1
emerge,1
bases,1
considerable,1
expansion,1
help,1
sociologies,1
discussed,1
serious,1
color,1
passionate,1
assessment,1
last,1
evident,1
ages,1
conclusions,1
state,1
accurately,1
hand,1
drove,1
animal,1
equally,1
present,1
heartening,1
robert,1
remarkable,1
draw,1
discrete,1
where,1
behind,1
continuing,1
shared,1
sumptions,1
them,1
center,1
relevant,1
domestication,1
nomadic,1
handful,1
michael,1
ones,1
jianjun,1
case,1
received,1
comes,1
patty,1
fish,1
takes,1
sites,1
xvii,1
map,1
perhaps,1
isbn,1
restitution,1
writes,1
theory,1
eastern,1
distribution,1
key,1
method,1
liliana,1
periodization,1
particularly,1
randy,1
dmytri,1
illegally,1
ties,1
cloth,1
migrations,1
underlie,1
chapter,1
balance,1
another,1
chromosomal,1
when,1
too,1
forest,1
refracted,1
reorganize,1
development,1
emphasis,1
illusory,1
technologies,1
used,1
vast,1
divided,1
drive,1
scope,1
derived,1
conference,1
presume,1
radically,1
cucutenitripolye,1
levine,1
sober,1
usak,1
careful,1
apart,1
nomads,1
variations,1
unencumbered,1
sea,1
line,1
despite,1
climax,1
dynamic,1
contacts,1
located,1
related,1
actors,1
conceptualizations,1
variability,1
valentin,1
description,1
transition,1
host,1
copan,1
asian,1
ordering,1
territory,1
impulses,1
engage,1
fit,1
programs,1
telegin,1
during,1
refreshingly,1
refined,1
proper,1
noting,1
diversity,1
constitute,1
collaborative,1
sequence,1
relevance,1
questions,1
tatiana,1
coming,1
stimulate,1
mistake,1
maturation,1
ukraine,1
oversimplify,1
andrew,1
yuri,1
et,1
iron,1
proliferation,1
away,1
collapse,1
triumphs,1
rise,1
promoted,1
stultifying,1
uruk,1
theories,1
il,1
internal,1
students,1
talented,1
theme,1
exceedingly,1
touch,1
archaeologists,1
ludmila,1
horizon,1
significance,1
cambridge,1
run,1
past,1
since,1
biblical,1
placing,1
three,1
against,1
encapsulates,1
approach,1
either,1
se,1
misplaced,1
assemblages,1
change,1
halaf,1
hardship,1
contributors,1
held,1
general,1
defense,1
relations,1
instead,1
times,1
raises,1
grown,1
southern,1
excavations,1
dostoyevskian,1
period,1
specialists,1
unified,1
pavel,1
arbitrary,1
rooted,1
century,1
thoughtful,1
mines,1
collected,1
immediacy,1
accelerating,1
static,1
given,1
terminologies,1
colleagues,1
interacting,1
area,1
squarely,1
forestalls,1
adam,1
primer,1
lose,1
emerging,1
fredrik,1
developments,1
collections,1
ongoing,1
explicitly,1
troubles,1
nomadism,1
reflect,1
marija,1
teams,1
marcello,1
inform,1
blank,1
weighty,1
leads,1
velikent,1
few,1
problems,1
accomplished,1
propelled,1
migrating,1
grow,1
requires,1
arise,1
extraordinary,1
presence,1
dramatic,1
diffusionism,1
parochial,1
themselves,1
exported,1
witnessed,1
ethnic,1
era,1
find,1
overarching,1
raised,1
articulation,1
up,1
including,1
consumption,1
element,1
even,1
geographically,1
entire,1
horse,1
develop,1
journal,1
abandoned,1
results,1
disarticulate,1
strong,1
mature,1
occupied,1
deeply,1
exchanges,1
appropriate,1
so,1
should,1
jones,1
broader,1
successive,1
nuanced,1
signals,1
baggage,1
sophistication,1
gordon,1
major,1
martin,1
examines,1
gold,1
dismiss,1
heterogeneous,1
sparking,1
