WORDCOUNTS,WEIGHT
of,108
the,105
and,55
a,46
de,46
in,44
journal,42
to,32
bulletin,28
des,28
be,28
revue,27
for,26
american,23
fur,23
should,22
et,19
studies,18
zeitschrift,17
archaeology,14
on,14
university,13
by,13
museum,11
or,11
field,11
la,10
is,9
di,9
numismatic,9
der,9
classical,9
mitteilungen,9
deutschen,9
boston,9
society,9
at,8
not,8
archaologischen,8
corpus,8
with,8
jahrbuch,8
etudes,8
membership,8
review,8
will,7
that,7
studi,7
archaeological,7
all,6
are,6
oriental,6
issn,6
association,6
article,6
quarterly,6
archeologia,5
archiv,5
ancient,5
abteilung,5
rivista,5
published,5
societe,5
philosophy,5
inscriptiones,5
inscriptionum,5
institute,5
r,5
art,5
philology,5
della,5
individuals,5
editor,5
write,5
one,5
research,5
publications,5
und,5
van,4
it,4
page,4
tes,4
e,4
scholarly,4
about,4
reference,4
turk,4
school,4
cahiers,4
from,4
book,4
number,4
memoires,4
belge,4
proceedings,4
persons,4
british,4
inscriptions,4
archeologique,4
die,4
numismatik,4
international,4
jfa,4
antike,4
issues,4
instituts,4
volume,4
philosophical,4
contributors,4
their,4
oesterreichischen,4
ba,3
foreign,3
arqueologia,3
glasnik,3
bullettino,3
espanol,3
manuscript,3
as,3
numbers,3
annals,3
must,3
first,3
academy,3
anthropological,3
regular,3
royal,3
par,3
prehistoric,3
out,3
abbreviations,3
philologie,3
new,3
end,3
historical,3
accompany,3
written,3
cultural,3
rch,3
william,3
literature,3
jahreshefte,3
papers,3
references,3
ma,3
cristiana,3
archivo,3
guidelines,3
praktika,3
line,3
wien,3
s,3
its,3
numismatique,3
classica,3
harvard,3
i,3
author,3
acta,3
d,3
an,3
special,3
dates,3
belles,3
ephemeris,3
world,3
notes,3
professional,3
degli,3
separate,3
chretien,2
have,2
now,2
akademije,2
ja,2
york,2
dergisi,2
note,2
numerals,2
forschungen,2
science,2
concerned,2
tribal,2
centered,2
z,2
wissenschaft,2
historiques,2
en,2
per,2
hetairias,2
subject,2
rome,2
christ,2
associate,2
they,2
graecarum,2
indicate,2
za,2
thailand,2
agyptische,2
word,2
antiquities,2
schools,2
roma,2
lettres,2
selectae,2
parentheses,2
you,2
technical,2
photographs,2
subscription,2
history,2
historique,2
italiana,2
title,2
arte,2
commonwealth,2
nat,2
complete,2
culture,2
same,2
deutsches,2
savants,2
du,2
w,2
upper,2
nationale,2
two,2
department,2
lower,2
opcit,2
t,2
scriptorum,2
double,2
titles,2
text,2
name,2
drustva,2
press,2
human,2
other,2
m,2
excavation,2
prahistorische,2
appear,2
nauka,2
each,2
j,2
paper,2
graecae,2
available,2
belleten,2
travaux,2
institutions,2
athenais,2
editors,2
anzeiger,2
aerial,2
c,2
texas,2
akademie,2
numismatische,2
monographs,2
archeologica,2
latines,2
wiener,2
relations,2
photography,2
devoted,2
annales,2
kunst,2
archaeologia,2
list,2
archseologique,2
captions,2
byzantinon,2
your,2
metropolitan,2
eastern,2
u,2
america,2
srpske,2
palestine,2
theological,2
antiquaires,2
byzantines,2
size,2
subscriptions,2
cambridge,2
multiple,2
evon,2
massachusetts,2
x,2
lournal,2
reduction,2
archseologiques,2
reports,2
use,2
atti,2
consecutively,2
grecques,2
numbered,2
ergon,2
g,2
full,2
archaiologikes,2
scope,2
archaologische,2
anciennes,2
forum,2
biblical,2
reviews,2
publication,2
f,2
hawaii,2
kleinasiatische,2
spomenik,2
below,2
del,2
france,2
after,2
remains,2
footnotes,2
latinae,2
jahrbucher,2
archaeologica,2
do,2
rchespa,2
analysis,2
annual,2
usa,2
st,2
kunstgeschichte,2
przeglad,2
weekly,2
bollettino,2
pakistan,2
fransaise,2
monumenta,2
ca,2
activities,2
orientale,2
kurt,1
including,1
increasing,1
communications,1
barbara,1
may,1
ephdac,1
kyushu,1
latinorum,1
openness,1
antichita,1
musaielv,1
epigraphique,1
civilization,1
archjug,1
recueil,1
landscapes,1
margins,1
numismatics,1
cw,1
arhesloski,1
iran,1
members,1
cr,1
fa,1
advances,1
ourna,1
ntiquities,1
thll,1
georg,1
archaiologikon,1
vestnik,1
mohr,1
ancienne,1
ka,1
south,1
srpskog,1
perspectives,1
bie,1
dealing,1
box,1
prefer,1
no,1
az,1
asatene,1
academia,1
tedlock,1
european,1
nclit,1
anatolian,1
comunale,1
illus,1
letters,1
if,1
littserature,1
prehistorique,1
religions,1
ethnologischer,1
qda,1
dacoromana,1
interested,1
rchaeology,1
commentary,1
traffic,1
vogty,1
main,1
nr,1
vereeniging,1
vienna,1
arctic,1
rarq,1
pregled,1
prompt,1
hellados,1
created,1
ia,1
jwarb,1
site,1
imperiale,1
denkmaler,1
consists,1
reasonable,1
bifao,1
representing,1
minoris,1
dig,1
institution,1
nstituts,1
djbn,1
brief,1
exist,1
scavi,1
disciplines,1
robert,1
boff,1
homeriques,1
oriens,1
religionswissenschaft,1
le,1
northeast,1
notizie,1
monuments,1
dimensions,1
who,1
serbia,1
italics,1
graecorum,1
translation,1
aa,1
merican,1
make,1
garden,1
economics,1
james,1
scientielc,1
berlin,1
libraries,1
latinarum,1
disc,1
legal,1
rhm,1
sarajevu,1
ex,1
developments,1
geldgeschichte,1
supplementum,1
governatorato,1
importance,1
comitse,1
islam,1
rates,1
center,1
try,1
executive,1
cpcp,1
contributor,1
wilhelm,1
alttestamentaliche,1
nine,1
antiquity,1
klasyczny,1
archefon,1
pages,1
road,1
byzantinischen,1
antdenk,1
alte,1
etnografya,1
hellenique,1
joa,1
symbolae,1
powerfully,1
asianique,1
antiquorum,1
identify,1
mesn,1
assyriologie,1
ward,1
archaeologici,1
arrowsmith,1
augmented,1
amanth,1
chronicle,1
eranjb,1
archaeometric,1
chr,1
solume,1
indoeuropean,1
table,1
bmfea,1
ifugao,1
inquire,1
rcha,1
jargon,1
musj,1
asiatic,1
actao,1
lux,1
socisetse,1
active,1
h,1
interpretation,1
ncient,1
orientalisches,1
recherches,1
send,1
icr,1
weiner,1
drawings,1
rt,1
articles,1
paragraphs,1
divers,1
bonnjbb,1
italiani,1
clasnik,1
interpretive,1
romantic,1
litterature,1
hj,1
kagawa,1
baspr,1
albert,1
revista,1
bizantini,1
turkarkderg,1
under,1
res,1
illustration,1
micenei,1
historia,1
beiblatt,1
nacional,1
western,1
committee,1
orientalia,1
nnsee,1
rivlsta,1
transactions,1
linguae,1
into,1
languages,1
edvor,1
courtauld,1
kulgare,1
bullcomm,1
attipontacc,1
internationale,1
storia,1
clmed,1
wd,1
biographical,1
constant,1
before,1
section,1
yoshizaki,1
biabulg,1
religieuse,1
christentum,1
ibeibl,1
following,1
air,1
brookmusq,1
penelope,1
rcheologica,1
societa,1
mediaeval,1
jcs,1
ethnological,1
cis,1
historicorum,1
publishes,1
jp,1
iranian,1
chief,1
al,1
but,1
moyen,1
institutes,1
lundensis,1
istorii,1
materials,1
my,1
christianus,1
age,1
ve,1
themes,1
japan,1
most,1
manual,1
literary,1
pannonicae,1
begins,1
assyriennes,1
cahart,1
acting,1
antiquitas,1
without,1
typed,1
additional,1
aasor,1
only,1
hungarica,1
follow,1
sprache,1
jras,1
avoided,1
memorie,1
requested,1
concerning,1
vogt,1
bioklimatologie,1
cuneiform,1
jb,1
retiom,1
walters,1
include,1
geschichtsforschung,1
altertum,1
rbphil,1
nsmn,1
long,1
every,1
forschung,1
bsocbulg,1
publiee,1
athmitt,1
commission,1
piot,1
painted,1
telephone,1
mussee,1
extracted,1
byzantinisches,1
paul,1
sceiolarly,1
solheim,1
hellenic,1
set,1
scientific,1
jugoslavica,1
care,1
ii,1
news,1
romanas,1
melanges,1
methodological,1
ind,1
others,1
cia,1
drawing,1
footnote,1
attempt,1
over,1
archaeosogy,1
balkan,1
epigraphicum,1
anatst,1
vdi,1
ethnolanz,1
archaeologie,1
central,1
l,1
primarily,1
orientalium,1
geological,1
pz,1
sure,1
epeteris,1
hiodern,1
experimentation,1
gazette,1
fielul,1
anthropology,1
historica,1
kairo,1
ban,1
procrns,1
words,1
problem,1
education,1
contents,1
ils,1
biblique,1
mnemefon,1
procbritac,1
roman,1
figures,1
applications,1
uals,1
kademias,1
allow,1
gesellschaft,1
reserved,1
rckomm,1
soviet,1
disspan,1
leading,1
politics,1
route,1
ahr,1
blake,1
rchaiologike,1
checks,1
includes,1
thenon,1
mittkairo,1
antichi,1
instituto,1
rcheph,1
aaa,1
abstract,1
humanities,1
wurzburger,1
bda,1
amsterdam,1
bsraa,1
naucnog,1
dissertationes,1
radiocarbon,1
foundation,1
arkeologya,1
moderne,1
fragmenta,1
liverpool,1
sections,1
range,1
basor,1
subscribe,1
francaise,1
zatw,1
service,1
warburg,1
caharch,1
maher,1
chiang,1
ehr,1
far,1
jths,1
romani,1
state,1
starinar,1
mesoamerican,1
religion,1
jrelig,1
wjh,1
presentation,1
within,1
fruhgeschichte,1
styles,1
diameter,1
descripmon,1
bmoip,1
byzantine,1
addition,1
past,1
ricerche,1
arkeoloji,1
byulleten,1
mass,1
underline,1
natural,1
byzantinische,1
works,1
ttimgrecia,1
rendus,1
kommission,1
anthropologist,1
museums,1
cie,1
correspondance,1
mind,1
readers,1
applying,1
antropologia,1
meter,1
schweizerische,1
esterik,1
xxxiii,1
primitive,1
paris,1
those,1
hamburger,1
tarih,1
nuovo,1
denkschriften,1
political,1
opposite,1
racrist,1
yale,1
covered,1
china,1
cil,1
headings,1
jean,1
mediterranei,1
where,1
committed,1
what,1
rca,1
sheet,1
christliche,1
opuscula,1
nsc,1
athenische,1
palastinajahrbuch,1
romanticism,1
amiran,1
arising,1
romanistische,1
drevnej,1
accepted,1
bmma,1
whether,1
godisnjak,1
ad,1
inches,1
larger,1
ed,1
english,1
applied,1
voting,1
issue,1
paljb,1
side,1
mdoc,1
sciences,1
etruscarum,1
cairo,1
placed,1
anthropologie,1
osloenses,1
dennis,1
nna,1
jkf,1
forthcoming,1
manuscripts,1
abbreviated,1
denkschr,1
altertumskunde,1
philological,1
pleistocene,1
recording,1
zfa,1
fragmente,1
brooklyn,1
series,1
religieuses,1
assyrs,1
livy,1
dumbarton,1
altertumswissenschaft,1
arkheologiya,1
pencilling,1
griechischen,1
historians,1
style,1
jewish,1
literatures,1
anthropologischen,1
jerome,1
obschestvo,1
zur,1
melrome,1
near,1
primary,1
partial,1
godianjak,1
really,1
madrmitt,1
agriculture,1
discuss,1
ecology,1
contemporary,1
aspects,1
ibid,1
islamic,1
women,1
nsnsamerican,1
ricrel,1
kennis,1
tot,1
archeologiques,1
bonner,1
information,1
madrider,1
investigations,1
when,1
flgure,1
msemoires,1
xpe,1
atticarum,1
africaine,1
bch,1
moskovskoe,1
storica,1
data,1
queries,1
open,1
used,1
discussion,1
work,1
focused,1
romische,1
publish,1
bulgare,1
mm,1
lication,1
both,1
archaeologist,1
pliny,1
rheinisches,1
made,1
universitatis,1
beitrage,1
chiefly,1
upon,1
cmh,1
historisches,1
preferred,1
add,1
beschaving,1
neoellenici,1
etruschi,1
insciptionum,1
filologia,1
fine,1
istituto,1
sides,1
concept,1
nc,1
repigr,1
fasti,1
dopapers,1
egyptiennes,1
ivid,1
aigner,1
staffing,1
hetaireias,1
cited,1
scuola,1
berliner,1
bottom,1
lukacs,1
bevordering,1
oriente,1
athens,1
relatifs,1
eliable,1
ta,1
samples,1
poetries,1
bfam,1
elrst,1
arch,1
bbyzi,1
ethnologie,1
techniques,1
top,1
intended,1
epigr,1
bjv,1
egyptian,1
asae,1
subscrgptions,1
jrs,1
aja,1
germaniae,1
asian,1
artj,1
insert,1
measure,1
hittite,1
bantfr,1
largely,1
prakta,1
jea,1
elgure,1
problems,1
place,1
boletin,1
intelligible,1
encourages,1
romana,1
prirody,1
asiae,1
geophysik,1
rega,1
consult,1
bullzagreb,1
contains,1
jaarbericht,1
approval,1
historiker,1
sequence,1
usage,1
submitted,1
jian,1
oaks,1
repeatedly,1
archaologischer,1
cq,1
evolution,1
syrie,1
outside,1
historische,1
recovery,1
nsnnm,1
stital,1
iron,1
berichte,1
cp,1
christianorum,1
igforsch,1
deltion,1
pertinentes,1
ispytatelei,1
archrw,1
zemaljskih,1
affiliation,1
neutestamentliche,1
pubassociate,1
california,1
dating,1
material,1
assyriological,1
students,1
indogermanische,1
inquiries,1
classique,1
rchj,1
istanbul,1
vorund,1
touch,1
sepigraphique,1
imperii,1
recent,1
studien,1
lettering,1
quality,1
annuario,1
this,1
kurumu,1
ig,1
crpetersb,1
run,1
zeitung,1
memoirs,1
since,1
chrsetienne,1
backgrounds,1
ancpak,1
imperative,1
bulletino,1
tis,1
jbl,1
ajnum,1
tables,1
authors,1
oc,1
sarajevo,1
revartanc,1
xxiii,1
aus,1
sylloge,1
points,1
internazionale,1
ephep,1
archeologiczny,1
babesch,1
oic,1
spoudon,1
social,1
responses,1
presentes,1
rair,1
prosopographia,1
orientis,1
least,1
eranos,1
keep,1
te,1
rn,1
arheoloskog,1
would,1
ziva,1
bibla,1
period,1
bringing,1
direct,1
so,1
hz,1
fransais,1
ws,1
graeci,1
monumenti,1
smaller,1
csel,1
between,1
mittnumges,1
pompeiani,1
high,1
dictionary,1
glass,1
implements,1
graecum,1
voks,1
semitic,1
przkl,1
alto,1
antiquitses,1
antk,1
catholic,1
muzeja,1
magna,1
photograph,1
rstpomp,1
issione,1
jsah,1
klassischen,1
organ,1
illicit,1
ogis,1
jqr,1
zchrk,1
rank,1
fhg,1
standard,1
ancien,1
antika,1
sanders,1
union,1
orient,1
pontificia,1
preliminary,1
rasyr,1
csco,1
petersbourg,1
underlined,1
gallery,1
annliv,1
bay,1
enclosed,1
orientali,1
margin,1
antci,1
refer,1
ecclesiasticorum,1
kf,1
separately,1
charles,1
pa,1
hscp,1
epigraphica,1
welt,1
architectural,1
samuel,1
k,1
cahhistarch,1
humanistic,1
oral,1
monant,1
inst,1
nth,1
oxford,1
academie,1
bmq,1
manchester,1
jwalt,1
binah,1
comptes,1
sark,1
geographers,1
institut,1
distinguished,1
egypt,1
erecla,1
respectively,1
cig,1
latest,1
topics,1
hist,1
mediaevalia,1
single,1
chicago,1
vasorum,1
syrienne,1
helveticum,1
amant,1
beginning,1
sovetskaya,1
always,1
byza,1
geographica,1
generally,1
mitsuo,1
y,1
archpreg,1
consecutive,1
bbreviations,1
flush,1
jsav,1
etci,1
also,1
given,1
classiques,1
bstm,1
affa,1
stlle,1
results,1
tap,1
artb,1
bsr,1
zntw,1
commissione,1
mitteilung,1
we,1
than,1
altertumswissenshaft,1
taylor,1
pennsylvania,1
etbyz,1
masakazu,1
yugoslave,1
jfng,1
jaarboek,1
our,1
ilmat,1
broader,1
marx,1
illuminates,1
questions,1
weltisl,1
numismatica,1
welcomes,1
attention,1
sitzungsberichte,1
francais,1
skopskog,1
semiticarum,1
thesaurus,1
jdi,1
fogg,1
ton,1
counts,1
revac,1
publ,1
atene,1
relation,1
occur,1
creticae,1
paar,1
ajseml,1
religiose,1
joai,1
anatomy,1
mail,1
contexts,1
bullroum,1
comm,1
