WORDCOUNTS,WEIGHT
the,557
and,430
of,427
in,303
recuay,186
ad,134
a,120
to,113
de,99
as,91
that,82
with,67
for,65
moche,65
at,63
from,63
is,58
wari,56
pottery,55
early,54
late,53
university,52
culture,49
i,47
cultural,47
on,47
by,44
or,42
highland,38
huaras,37
radiocarbon,35
chavin,34
middle,34
are,34
bp,33
also,32
have,32
peru,31
la,31
chinchawasi,28
during,28
style,28
period,28
chinchawas,28
groups,27
was,27
chronology,27
new,26
were,26
ancash,26
be,26
topic,25
cajamarca,25
gallinazo,24
been,24
intermediate,23
it,22
horizon,22
styles,22
not,22
other,21
level,21
more,21
evidence,21
interaction,21
phase,20
highlands,20
pashash,20
ceramics,20
this,20
into,19
an,19
influence,19
coastal,19
local,19
such,18
b,18
sites,18
settlement,18
c,18
north,18
stylistic,17
bc,17
but,17
northern,17
andean,17
central,16
its,16
lau,16
exchange,16
valley,16
common,15
appears,15
del,15
research,15
general,15
american,14
santa,14
dates,14
occupation,14
ceramic,14
can,14
associated,14
most,14
huaylas,14
red,13
context,13
some,13
y,13
may,13
expansion,13
ware,13
patterns,13
including,13
black,13
queyash,13
between,13
recent,13
ca,13
contexts,12
has,12
bennett,12
en,12
warmi,12
after,12
cotojirca,12
andes,12
pierina,12
two,12
peoples,12
kaolinite,12
became,12
later,11
tradition,11
assays,11
political,11
iv,11
developments,11
no,11
found,11
regional,11
region,11
use,11
archaeological,11
known,11
area,11
m,10
archaeology,10
large,10
h,10
t,10
there,10
relationships,10
site,10
callejon,10
changes,10
well,10
r,10
journal,10
coast,10
society,10
f,10
economic,10
funerary,10
many,10
range,10
which,10
earlier,10
especially,10
figure,10
different,10
settlements,9
j,9
investigations,9
development,9
aquillpo,9
l,9
prehistory,9
data,9
microfilms,9
peruvian,9
small,9
v,9
isbell,9
areat,9
california,9
ages,9
ann,9
table,9
cm,9
cultures,9
very,9
phd,9
art,9
although,9
major,9
anthropology,8
history,8
all,8
date,8
wares,8
than,8
their,8
studies,8
established,8
w,8
amat,8
cut,8
casma,8
honcopampa,8
because,8
los,8
part,8
alto,8
limited,8
museum,8
ancient,8
these,8
only,8
samples,8
three,8
would,8
transformations,8
yale,8
nacional,8
current,8
yielded,8
huari,8
huantar,8
association,8
strong,8
e,7
lower,7
state,7
marcara,7
richard,7
occurs,7
excavations,7
century,7
communication,7
emergence,7
age,7
gero,7
appear,7
prehistoric,7
circular,7
grieder,7
sculpture,7
bowl,7
boletin,7
refuse,7
one,7
texas,7
proulx,7
practices,7
identified,7
indicates,7
under,7
floor,7
social,7
john,7
pattern,7
valleys,7
examples,7
trade,7
architectural,7
derived,7
obsidian,7
often,7
tomb,7
associations,7
animal,7
vessels,7
presented,7
despite,7
does,6
o,6
fortified,6
stone,6
occurred,6
ii,6
within,6
el,6
designs,6
bowls,6
along,6
pucp,6
sample,6
terada,6
pampa,6
lima,6
latin,6
upper,6
commonly,6
based,6
pacha,6
centers,6
produced,6
publications,6
dumbarton,6
personal,6
decline,6
provided,6
architecture,6
communities,6
al,6
nawpa,6
fill,6
fundamental,6
occupations,6
time,6
santiago,6
where,6
material,6
largely,6
k,6
painting,6
huamachuco,6
probably,6
connections,6
wilson,6
banco,6
geographic,6
lumbreras,6
over,6
form,6
distribution,6
suggests,6
little,6
reported,6
through,6
terminal,6
burger,6
vessel,6
collapse,5
g,5
william,5
schaedel,5
civilization,5
support,5
monumental,5
intensive,5
n,5
show,5
additional,5
painted,5
important,5
access,5
basis,5
tombs,5
castillo,5
et,5
documented,5
least,5
field,5
suggest,5
presence,5
chronological,5
related,5
likely,5
already,5
department,5
decoration,5
ponte,5
coincided,5
mortuary,5
sequence,5
previous,5
subsequent,5
gambini,5
continued,5
widespread,5
indicate,5
linares,5
following,5
temple,5
best,5
iii,5
while,5
prestige,5
materials,5
d,5
conchucos,5
dark,5
zones,5
lanning,5
occur,5
final,4
inka,4
complex,4
comprised,4
modern,4
had,4
before,4
taken,4
emerged,4
seems,4
rims,4
s,4
suggesting,4
simple,4
matsumoto,4
system,4
key,4
figs,4
ritual,4
guitarrero,4
replaced,4
defensive,4
determinations,4
traditions,4
dearqueologia,4
phases,4
theresa,4
donnan,4
flanks,4
burial,4
certain,4
parts,4
white,4
house,4
observations,4
jars,4
recovered,4
ranges,4
p,4
shared,4
chacas,4
universidad,4
work,4
imports,4
punta,4
status,4
regions,4
emerging,4
around,4
smithsonian,4
south,4
flourished,4
san,4
camelid,4
exterior,4
shimada,4
andina,4
wendell,4
located,4
religious,4
frank,4
julio,4
yet,4
addition,4
orange,4
light,4
hearth,4
increasingly,4
lack,4
huaraz,4
motifs,4
outside,4
vini,4
less,4
perhaps,4
another,4
gordon,4
elite,4
laboratory,4
washington,4
cultura,4
open,4
clear,4
administrative,4
fancy,4
mining,4
become,4
provide,4
ideology,4
antiquity,4
fall,4
considered,4
anthropological,4
measurements,4
temporal,4
here,4
natural,4
report,4
distinctive,4
beginning,4
mosna,4
both,4
role,4
reappraisal,4
katak,4
years,4
resist,4
donald,4
much,4
technological,4
comparable,4
should,4
broader,4
hypothesis,4
tokyo,3
interests,3
situate,3
calibrated,3
horizontal,3
glascock,3
imported,3
village,3
significant,3
greater,3
position,3
geometric,3
western,3
updated,3
being,3
tiwanaku,3
first,3
production,3
affinities,3
textiles,3
broken,3
purple,3
disappearance,3
religion,3
mackey,3
somewhat,3
papers,3
case,3
occasional,3
honco,3
eastern,3
intrusive,3
primary,3
prior,3
marked,3
vital,3
x,3
warfare,3
throughout,3
component,3
since,3
due,3
congreso,3
millennium,3
neighbors,3
relations,3
fabrics,3
nested,3
distinct,3
oxidized,3
epoca,3
infrequently,3
expected,3
developed,3
levels,3
similar,3
importance,3
special,3
cave,3
just,3
exteriors,3
four,3
modeled,3
problem,3
location,3
wide,3
zone,3
initial,3
further,3
focused,3
residential,3
viru,3
future,3
locus,3
prominent,3
cordillera,3
apparent,3
polychrome,3
gender,3
bankmann,3
issues,3
broad,3
proliferation,3
institution,3
change,3
published,3
daniel,3
assay,3
arqueologicos,3
llama,3
components,3
makowski,3
when,3
quispisisa,3
preliminary,3
periods,3
appeal,3
will,3
ravines,3
kayan,3
imagery,3
interiors,3
rucabado,3
reconstruction,3
unprecedented,3
about,3
older,3
continuity,3
technology,3
specimens,3
coeval,3
ranra,3
routes,3
luis,3
smith,3
wegner,3
shows,3
areas,3
calib,3
instituto,3
end,3
buse,3
contemporary,3
viri,3
forms,3
secular,3
unclear,3
arqueologia,3
mcewan,3
escudero,3
government,3
understanding,3
discussion,3
cambridge,3
represented,3
jose,3
decorated,3
co,3
christopher,3
times,3
characterized,3
like,3
so,3
thomas,3
reuse,3
mainly,3
do,3
occupied,3
haven,3
heartland,3
independent,3
george,3
sometimes,3
foreign,3
vertical,3
becomes,3
seen,3
sequences,3
analysis,3
michael,3
sociedad,3
forest,3
any,3
series,3
complexity,3
changing,3
constituted,3
meat,3
east,3
yaia,3
goods,3
suite,3
notable,3
whether,3
shady,3
chullpa,3
institute,3
menzel,3
emphasis,3
press,3
variability,3
colonial,3
contrasts,3
rogger,3
until,3
burnt,3
typically,3
montane,3
yong,3
national,3
contacts,2
caserones,2
currently,2
if,2
functional,2
capa,2
introduction,2
they,2
center,2
needed,2
identify,2
formed,2
authority,2
favor,2
intermontane,2
pots,2
source,2
long,2
negra,2
fund,2
colors,2
military,2
face,2
reevaluation,2
andrzej,2
timing,2
exotic,2
brian,2
kingdom,2
wariinfluence,2
last,2
quinui,2
robert,2
physical,2
cuenca,2
growing,2
effigy,2
ascribed,2
linear,2
sunken,2
design,2
quantities,2
prehispanic,2
international,2
world,2
fine,2
combination,2
point,2
above,2
fragment,2
herrera,2
reichert,2
punctations,2
huacaloma,2
thus,2
unpublished,2
interest,2
relatively,2
cf,2
norte,2
transitional,2
drainage,2
elements,2
old,2
coarser,2
fig,2
judas,2
find,2
kaolin,2
applique,2
apparently,2
spread,2
paste,2
poorly,2
pacific,2
yarcok,2
reiterates,2
without,2
identification,2
reimer,2
rather,2
his,2
elaborate,2
across,2
remain,2
kayin,2
joan,2
influential,2
unit,2
process,2
huacohu,2
una,2
environments,2
chakwas,2
buenos,2
direct,2
study,2
origins,2
plaza,2
monuments,2
larco,2
huacohui,2
linked,2
deamericanistas,2
argued,2
profile,2
powerful,2
readings,2
beyond,2
comparisons,2
view,2
ziolkowski,2
artistic,2
iconography,2
character,2
bearing,2
societies,2
six,2
typical,2
midden,2
carol,2
out,2
peek,2
scenes,2
austin,2
seriations,2
viking,2
radiometric,2
base,2
term,2
understood,2
transactions,2
michigan,2
reviews,2
chicama,2
nieveria,2
cannot,2
absolute,2
uceda,2
public,2
near,2
shape,2
used,2
schreiber,2
ten,2
repeating,2
database,2
prehispdnicos,2
partly,2
internacional,2
redand,2
reflect,2
herding,2
rise,2
attributed,2
either,2
redware,2
interregional,2
below,2
buildings,2
mochicas,2
quite,2
suchimancillo,2
habitation,2
characteristics,2
exc,2
strap,2
tello,2
dramatic,2
massachusetts,2
boundaries,2
aggrandize,2
chimu,2
using,2
city,2
displaced,2
pervasive,2
francais,2
massive,2
fiber,2
critical,2
therefore,2
ceremonial,2
polished,2
lev,2
evaluate,2
overall,2
classic,2
rodriguez,2
tropical,2
manifest,2
single,2
victor,2
permission,2
ama,2
trent,2
restricted,2
tanguche,2
historia,2
nature,2
perspectives,2
nepenia,2
reports,2
bar,2
maintained,2
imprenta,2
hilltop,2
onuki,2
available,2
towns,2
decorative,2
towards,2
treatment,2
head,2
scholars,2
temples,2
chullpas,2
krzysztof,2
sculptural,2
striking,2
extended,2
grave,2
pamphlet,2
rosalino,2
never,2
fits,2
hand,2
adjacent,2
plate,2
present,2
innovative,2
dorothy,2
assemblage,2
number,2
encountered,2
anticipate,2
remained,2
original,2
rustic,2
situated,2
comprise,2
memoirs,2
manifestations,2
andines,2
band,2
willey,2
solis,2
real,2
dating,2
ties,2
diachronically,2
prospectivas,2
incisions,2
hudntar,2
revised,2
features,2
high,2
latter,2
graves,2
systems,2
parallel,2
editors,2
craft,2
palo,2
institut,2
structure,2
we,2
fostered,2
carried,2
consists,2
antinez,2
antiguo,2
science,2
segments,2
huarmey,2
program,2
corrals,2
plastic,2
referred,2
who,2
strongly,2
jar,2
espejo,2
united,2
surprising,2
centuries,2
iowa,2
huaricoto,2
burned,2
share,2
stratigraphic,2
chonta,2
mentioned,2
version,2
extending,2
tambo,2
demonstrate,2
precise,2
constructed,2
text,2
highly,2
dimension,2
bottle,2
each,2
owing,2
cemetery,2
ancestor,2
specialized,2
steven,2
innovations,2
seem,2
did,2
argue,2
half,2
foundation,2
particularly,2
reflected,2
las,2
rural,2
evident,2
subterranean,2
salomon,2
cal,2
what,2
economy,2
combined,2
terms,2
selected,2
pertinent,2
agricultural,2
lynch,2
don,2
urban,2
revista,2
asaro,2
size,2
popular,2
occasionally,2
elias,2
transport,2
surveys,2
contemporaneity,2
interchange,2
prevalent,2
transition,2
commodities,2
arguments,2
phenomenon,2
promoted,2
dioses,2
models,2
locations,2
hernan,2
mutual,2
finding,2
credito,2
warsaw,2
include,2
quinu,2
defined,2
modeling,2
clarify,2
elites,2
sharing,2
exclusively,2
given,2
traditional,2
manifests,2
dos,2
building,2
salinar,2
sa,1
fir,1
resolve,1
frequent,1
difficult,1
now,1
thwarted,1
mummies,1
choloque,1
precepts,1
huancaco,1
oriented,1
helaine,1
convergence,1
solveig,1
polish,1
always,1
stuart,1
develops,1
redder,1
corporate,1
generous,1
akten,1
theancientnasca,1
correlations,1
immune,1
portion,1
investigaciones,1
affected,1
widening,1
shrines,1
environmental,1
expedition,1
ruinas,1
portrayals,1
dissolution,1
resided,1
durante,1
extends,1
kroeber,1
itself,1
fragmented,1
manuscript,1
sphere,1
obtains,1
colegio,1
patio,1
group,1
obsolete,1
led,1
academia,1
traded,1
pigments,1
fed,1
nepeia,1
ma,1
handles,1
sumptuary,1
impermeable,1
completely,1
earlymiddle,1
bias,1
sherds,1
drawings,1
jonathan,1
fernindez,1
archaistic,1
eisleb,1
delmuseo,1
conscious,1
monolithic,1
io,1
reasonably,1
acceptance,1
trace,1
qj,1
organic,1
quimit,1
unlike,1
cornell,1
turismo,1
arabel,1
englewood,1
descriptions,1
chapdelaine,1
calibration,1
territorial,1
controlled,1
sequential,1
offering,1
postinka,1
iij,1
themes,1
test,1
highlighted,1
karen,1
archaeologists,1
lllij,1
coalesced,1
northcentral,1
certainly,1
human,1
silesian,1
implications,1
drastic,1
enables,1
might,1
ramiro,1
inkaaquillpo,1
spiraling,1
worked,1
experiments,1
ulf,1
gary,1
containing,1
resemblance,1
comparatively,1
principles,1
kongresses,1
height,1
attractive,1
knowing,1
garth,1
stratigraphically,1
crops,1
assess,1
broadly,1
featuring,1
great,1
confusion,1
thank,1
differences,1
pressed,1
fully,1
normative,1
follows,1
geopolitical,1
studied,1
personages,1
refuges,1
concludes,1
composition,1
wields,1
heiko,1
resulting,1
witness,1
listed,1
help,1
achieved,1
feature,1
southernmost,1
cerro,1
rafael,1
consist,1
blackwell,1
sacred,1
marine,1
tv,1
those,1
staff,1
contrasting,1
coordinated,1
signs,1
theodore,1
rg,1
lecturer,1
tremendous,1
contents,1
similarities,1
sq,1
oblazabal,1
nowhere,1
slip,1
inclusive,1
synchronic,1
weaving,1
dearth,1
alfred,1
projectile,1
plain,1
resembles,1
fernando,1
gaps,1
albeit,1
formulation,1
rodman,1
kanchero,1
priimers,1
cu,1
blanca,1
pasturage,1
addresses,1
trophy,1
alluvium,1
account,1
vol,1
knife,1
placement,1
militaristic,1
crested,1
culturas,1
determined,1
fl,1
illustrate,1
peruanos,1
caiamarca,1
nepefia,1
renowned,1
insight,1
suir,1
terence,1
west,1
occurring,1
taking,1
variations,1
except,1
maneuvered,1
far,1
resources,1
fur,1
cited,1
tinyash,1
anticipated,1
considerably,1
promises,1
raphael,1
collection,1
arqueologica,1
reliably,1
corresponding,1
signal,1
finials,1
hudson,1
framework,1
matte,1
evans,1
recuaygroups,1
interments,1
iron,1
matos,1
review,1
actual,1
cemeteries,1
surely,1
ofmoche,1
connect,1
vifiaque,1
mine,1
representations,1
dynamics,1
kazuo,1
incas,1
illustrates,1
resembling,1
cronologia,1
sediment,1
hierarchy,1
trujillo,1
characteristic,1
mixed,1
acta,1
vicus,1
heterogeneity,1
mailing,1
heightened,1
kvietok,1
expansionistic,1
jr,1
eastanglia,1
overt,1
actas,1
komisji,1
assessment,1
accelerating,1
asymmetrical,1
z,1
earmark,1
excelled,1
hold,1
gaceta,1
rank,1
adam,1
precludes,1
losandes,1
urbanization,1
vescelius,1
places,1
twoand,1
david,1
burgeoning,1
refer,1
concerning,1
ocupacion,1
profound,1
back,1
response,1
serving,1
disinterest,1
inclusion,1
young,1
served,1
orpuna,1
emphases,1
thin,1
fineware,1
unequivocally,1
prado,1
obscure,1
terrace,1
bolivia,1
americanos,1
bricenio,1
unresolved,1
excav,1
balcon,1
details,1
disruptions,1
conceive,1
breras,1
luna,1
leadership,1
though,1
intercepts,1
claude,1
capitals,1
walls,1
lesser,1
surprisingly,1
offices,1
pinkish,1
online,1
via,1
segundo,1
cahuachi,1
recognized,1
whose,1
reflects,1
makeover,1
tt,1
growth,1
uhle,1
aimed,1
main,1
absent,1
caraz,1
angeles,1
edward,1
panorama,1
sw,1
subphase,1
lasting,1
pojoc,1
laarqueologiaandina,1
supplement,1
variant,1
janusz,1
propuestasy,1
tan,1
contributions,1
scales,1
huards,1
distant,1
burials,1
jesus,1
clarification,1
update,1
valuation,1
addressing,1
internecine,1
fights,1
understand,1
warring,1
discernible,1
nor,1
finer,1
circulated,1
facilitated,1
mission,1
locally,1
possibly,1
objects,1
organization,1
deidades,1
benefits,1
image,1
specialization,1
organized,1
elementanalysis,1
warren,1
section,1
referencing,1
informe,1
fortifications,1
americanists,1
ideologies,1
mary,1
mayal,1
frequently,1
benefited,1
situations,1
orientation,1
heading,1
exploited,1
max,1
exotics,1
surface,1
follow,1
connecting,1
severed,1
indications,1
efficient,1
followed,1
toro,1
generally,1
ceremony,1
requires,1
terminology,1
mieczyslaw,1
reconsideration,1
fixed,1
subsidiary,1
syntheses,1
protohistory,1
metal,1
provisional,1
export,1
strategy,1
preference,1
drawing,1
strengthen,1
trajectories,1
ofancient,1
civilizacion,1
disappeared,1
imperialism,1
ofperu,1
contention,1
diachronic,1
peruana,1
nacimiento,1
moving,1
nepeiia,1
result,1
closely,1
came,1
acceptable,1
lead,1
identifying,1
virtuosity,1
arqueologicas,1
corridors,1
archivo,1
portable,1
appearance,1
rule,1
moon,1
demise,1
graciously,1
color,1
traditionally,1
combinations,1
effort,1
behavioral,1
seven,1
patrick,1
earlyi,1
estudios,1
infrequent,1
relate,1
overextension,1
centrally,1
reiterate,1
mythical,1
wilkawain,1
balkanization,1
emerge,1
commoners,1
vigorous,1
thames,1
collectively,1
amaru,1
acquiring,1
libreria,1
academic,1
accurately,1
chakipampa,1
ofchonta,1
arqueologiayarteantiguo,1
bands,1
sentries,1
province,1
interruption,1
viewed,1
spout,1
intensity,1
priorities,1
alana,1
scale,1
wealth,1
featuressuch,1
tuscan,1
theandes,1
katharina,1
ismael,1
instrumental,1
usi,1
decapitation,1
pierinainka,1
fineline,1
memory,1
briefly,1
technical,1
warriors,1
overlapping,1
improve,1
colonies,1
products,1
none,1
lechtman,1
artisans,1
perez,1
line,1
conduit,1
revealed,1
mapped,1
artifacts,1
indicios,1
abroad,1
received,1
subphases,1
ideal,1
comprises,1
goldstein,1
significantly,1
laura,1
heavily,1
example,1
symbolism,1
antropologia,1
sociedades,1
restructuring,1
popper,1
desarrollo,1
grants,1
q,1
describe,1
consistently,1
unidad,1
contains,1
dietler,1
waman,1
ricardo,1
survey,1
structures,1
rows,1
neue,1
thereafter,1
holdover,1
llaca,1
away,1
anticipating,1
anglia,1
wertime,1
buff,1
fieldwork,1
stanford,1
crosscuts,1
alan,1
interpreted,1
rendered,1
challenging,1
relative,1
societyforamerican,1
tejidos,1
renovated,1
citing,1
stonelined,1
depicting,1
contests,1
staple,1
llacaamai,1
enclosures,1
metalwork,1
recuayprehistory,1
revistaarqueologica,1
working,1
elmuseo,1
macedo,1
tom,1
reinforces,1
aggrandizement,1
reliable,1
trading,1
moseley,1
presencia,1
wing,1
vicuis,1
moratorium,1
sharp,1
quitapanmpa,1
prized,1
dried,1
tziokowski,1
leaves,1
shapes,1
wider,1
concerns,1
renovation,1
aci,1
julien,1
editrice,1
representation,1
civilizaciones,1
essentially,1
villages,1
sculptures,1
organizadora,1
mixing,1
potent,1
impossible,1
core,1
occasions,1
centralandean,1
majority,1
folge,1
gliwice,1
results,1
und,1
espinoza,1
environmentally,1
mouths,1
hermann,1
recuaytradition,1
geographical,1
concomitant,1
avoid,1
lend,1
heidy,1
mochica,1
span,1
inset,1
purpucala,1
improves,1
horizons,1
partially,1
fanged,1
associatin,1
noteworthy,1
habitats,1
power,1
internationalen,1
onset,1
matter,1
thanks,1
nonetheless,1
various,1
attributable,1
dispositions,1
estilo,1
iconograffa,1
overlapped,1
gradual,1
contrasted,1
minelli,1
ofjars,1
militar,1
prospered,1
diagnostic,1
nearly,1
positioned,1
community,1
monochrome,1
formative,1
yungay,1
grande,1
still,1
izumi,1
mystifying,1
intervention,1
huaca,1
expanded,1
xl,1
interactions,1
orbit,1
comments,1
standing,1
atop,1
settings,1
strategic,1
templo,1
positive,1
structural,1
silva,1
vicinity,1
resilient,1
postulate,1
scarcity,1
andeanists,1
ineffective,1
competition,1
kent,1
relied,1
elaboration,1
interpretation,1
reference,1
politica,1
arrangements,1
represents,1
experienced,1
alongside,1
acknowledgments,1
esoteric,1
soon,1
rain,1
den,1
nubbins,1
inspiration,1
lattices,1
ne,1
us,1
guerra,1
krysztof,1
included,1
falls,1
moises,1
commonwealth,1
ci,1
roko,1
arcs,1
same,1
ethnographic,1
demonstrates,1
geografica,1
largest,1
prace,1
junctions,1
insights,1
steve,1
reliance,1
noted,1
ofnorthern,1
williams,1
predominate,1
functioned,1
perceptively,1
fairly,1
picture,1
volume,1
members,1
kulturen,1
paul,1
jeffrey,1
popularity,1
mark,1
others,1
pastes,1
preferences,1
exotjournal,1
herbert,1
efforts,1
fact,1
doorway,1
consideration,1
cachipampa,1
vlo,1
icd,1
predominant,1
depict,1
altperuanische,1
lacks,1
clenched,1
break,1
larger,1
banks,1
diverse,1
surfaces,1
fallen,1
fernandez,1
descended,1
distributions,1
interaccion,1
dull,1
pennsylvania,1
man,1
yoshio,1
roof,1
fragments,1
perspectiva,1
esculturay,1
berenice,1
thompson,1
polska,1
fillets,1
conclusions,1
volkerkunde,1
jaime,1
ashy,1
likelihood,1
formations,1
ground,1
remarkable,1
kembel,1
operating,1
sector,1
road,1
landscape,1
chavmn,1
developing,1
armed,1
vulnerable,1
norwegian,1
marcaria,1
see,1
necessary,1
origin,1
tomaval,1
ao,1
rich,1
nivin,1
ryan,1
native,1
frequency,1
stylistically,1
como,1
distance,1
commercial,1
manifested,1
carinated,1
shifts,1
argument,1
warriorpriest,1
polities,1
bulletin,1
argues,1
interpreting,1
demonstrated,1
fundamentally,1
analyzed,1
exhibit,1
finish,1
coherent,1
invested,1
considering,1
background,1
made,1
assemblages,1
ic,1
meals,1
trajectory,1
deposits,1
affinity,1
cronologiaarqueologica,1
amerikanisten,1
passes,1
liil,1
owe,1
silverman,1
warrior,1
expand,1
concern,1
top,1
cecilia,1
conservatively,1
caca,1
bears,1
enduring,1
expression,1
overtones,1
rivers,1
additions,1
refers,1
congress,1
ideas,1
complements,1
questions,1
evolution,1
exhibited,1
rare,1
lawrence,1
engaged,1
marcos,1
individuals,1
multicomponent,1
examination,1
exerted,1
overlap,1
continuities,1
underwent,1
described,1
versions,1
rejected,1
perimeter,1
significance,1
urbana,1
grew,1
iconographic,1
pomabamba,1
points,1
secularization,1
peter,1
maintenance,1
aberrant,1
amounts,1
held,1
bulkier,1
instigate,1
huariadministrative,1
belongs,1
mariusz,1
honcopamnpa,1
played,1
stresses,1
mountain,1
proximity,1
leventhal,1
abundant,1
sian,1
steward,1
postrecuay,1
spondylus,1
methods,1
styl,1
vinaque,1
ryozo,1
respectively,1
contact,1
shallow,1
museen,1
influences,1
lowie,1
james,1
silvia,1
chamis,1
sexta,1
slightly,1
decapitator,1
geography,1
versus,1
estero,1
staatlische,1
marshalling,1
ofperuvian,1
positioning,1
occupy,1
recurring,1
tumshukayko,1
attention,1
convincingly,1
widely,1
brown,1
guadalupito,1
motif,1
necks,1
sazon,1
contributes,1
smaller,1
ranging,1
trails,1
matriz,1
elfas,1
relying,1
triangles,1
christian,1
confronts,1
esteemed,1
untenable,1
emulation,1
abundance,1
meander,1
dual,1
enumerated,1
processed,1
nufiez,1
tomo,1
bars,1
nuniez,1
chan,1
ecological,1
five,1
quinfi,1
rcc,1
suggestive,1
claimed,1
bj,1
suspected,1
spindle,1
altitude,1
begin,1
cn,1
trabajos,1
lines,1
florescence,1
fewer,1
primarily,1
tuber,1
litografia,1
means,1
lost,1
directions,1
collections,1
obstacle,1
ordering,1
carpathica,1
ideologia,1
norwich,1
visual,1
markers,1
wlfredo,1
clays,1
contribution,1
remaining,1
furnish,1
spanning,1
why,1
masca,1
escuela,1
inspired,1
indea,1
construction,1
proyecto,1
prolegomenon,1
frontier,1
stratified,1
exists,1
strategically,1
knots,1
rim,1
canada,1
heather,1
parapets,1
spun,1
earliest,1
aml,1
tumba,1
addressed,1
forests,1
artesy,1
anthropomorphic,1
meant,1
quilter,1
contained,1
arte,1
metallurgy,1
diseno,1
eventually,1
striations,1
olazabal,1
sainsbury,1
dispersed,1
ajsi,1
yayno,1
marcarai,1
comes,1
conclusion,1
intensification,1
homogeneity,1
incorporated,1
finest,1
reformulation,1
dieter,1
extensive,1
ever,1
too,1
continues,1
extension,1
waldemar,1
themoche,1
charles,1
prehistoricmonumental,1
besides,1
whorl,1
firstfour,1
auquish,1
satellite,1
krzanowski,1
quickly,1
berkeley,1
ran,1
flow,1
unavailable,1
continental,1
masonry,1
control,1
illuminate,1
clifford,1
urpay,1
laboratoy,1
atrium,1
sumptuaries,1
unknown,1
alexander,1
prominence,1
brick,1
supe,1
ju,1
anams,1
allied,1
pigment,1
siglos,1
presumably,1
directoral,1
everted,1
dumped,1
historical,1
purview,1
atlatl,1
past,1
sierra,1
reliant,1
ethos,1
emerges,1
type,1
advances,1
better,1
america,1
preussischer,1
defend,1
commences,1
spoons,1
ruins,1
poder,1
heads,1
comparaciones,1
labores,1
zona,1
spatial,1
offield,1
reconcile,1
accounts,1
supports,1
discernibly,1
maintain,1
passed,1
map,1
unrest,1
starkly,1
adaptation,1
heavier,1
appropriated,1
insightful,1
annexed,1
repetitive,1
characterizes,1
weights,1
abruptly,1
require,1
secure,1
produce,1
lowermost,1
oo,1
calderon,1
information,1
almost,1
capilla,1
kingly,1
contain,1
plata,1
cluster,1
spaces,1
martha,1
cientificos,1
careful,1
potters,1
multiple,1
pits,1
cl,1
stuiver,1
introduced,1
fenomeno,1
content,1
confirm,1
verification,1
constricted,1
tapestries,1
mayor,1
shelia,1
clarifies,1
intended,1
administration,1
adapted,1
investigated,1
cb,1
programs,1
reconstruct,1
antigua,1
copper,1
visitante,1
comell,1
allows,1
exploit,1
headwaters,1
coming,1
construed,1
paula,1
ecuador,1
precision,1
our,1
oakland,1
named,1
bureau,1
lone,1
cuadernos,1
formation,1
manchan,1
onesigma,1
drafts,1
theme,1
differentiation,1
fi,1
editor,1
reveals,1
hoof,1
lands,1
michczynski,1
intensified,1
americana,1
numerous,1
frame,1
leverage,1
stratification,1
accept,1
gravelot,1
bawden,1
ended,1
contributed,1
offer,1
approximately,1
americas,1
flc,1
uncalibrated,1
enabling,1
battling,1
boletn,1
facilitates,1
manufacture,1
sacrificial,1
guiapara,1
disruption,1
bricefio,1
gil,1
theandean,1
contamination,1
aew,1
horizonte,1
gleim,1
measured,1
remains,1
shift,1
roughly,1
desert,1
ruth,1
primera,1
pukcha,1
virt,1
offered,1
specific,1
supported,1
territories,1
potential,1
laurencich,1
pioneering,1
distinctions,1
archaeologica,1
ribbed,1
km,1
alexandra,1
tiahuanacoid,1
mujica,1
smooth,1
correlate,1
chicago,1
reached,1
cline,1
era,1
agrees,1
carhuac,1
chuco,1
plataforma,1
divergent,1
focus,1
images,1
ayacucho,1
among,1
diverges,1
networks,1
cross,1
premature,1
geograficaamericana,1
calibrations,1
built,1
sculptured,1
templos,1
close,1
tube,1
