WORDCOUNTS,WEIGHT
the,157
of,129
and,128
in,46
a,32
isbn,32
to,31
this,29
is,24
from,23
on,21
index,20
cloth,20
archaeological,18
press,17
with,15
university,15
volume,15
paper,14
archaeology,14
new,13
as,13
are,12
an,12
at,11
site,11
editors,10
analysis,9
for,9
contributions,8
british,8
no,7
by,7
roman,6
prehistoric,6
report,6
artifacts,6
general,6
settlement,6
research,6
book,6
stone,6
his,5
excavation,5
history,5
series,5
culture,5
present,5
references,5
its,5
data,5
editor,5
topics,5
perspectives,4
american,4
about,4
studies,4
prehistory,4
associated,4
two,4
that,4
also,4
french,4
ceramic,4
other,4
survey,4
historical,4
native,4
maya,4
work,4
both,4
include,4
late,4
smithsonian,4
excavations,4
publications,4
pottery,4
south,3
it,3
contact,3
intended,3
importance,3
burials,3
english,3
museum,3
school,3
edition,3
variety,3
dating,3
age,3
regional,3
origins,3
social,3
theory,3
hunters,3
scholars,3
found,3
written,3
record,3
agricultural,3
thames,3
well,3
information,3
vol,3
emphasis,3
r,3
conference,3
tool,3
surveys,3
through,3
athens,3
use,3
focus,3
hudson,3
california,3
development,3
author,3
bibliography,3
summary,3
systems,3
between,3
columbia,3
c,3
philistines,3
results,3
institution,3
north,3
society,3
alabama,2
san,2
applications,2
ecological,2
l,2
main,2
floppy,2
coastal,2
who,2
lost,2
community,2
large,2
southern,2
mesoamerica,2
complex,2
chariot,2
structural,2
study,2
creek,2
minoan,2
illustrations,2
guide,2
hellenistic,2
not,2
holmes,2
under,2
official,2
ancient,2
into,2
shaw,2
included,2
indices,2
complete,2
interregional,2
traces,2
princeton,2
w,2
four,2
extensive,2
underwater,2
resource,2
jawa,2
bronze,2
inhabitants,2
text,2
more,2
plenum,2
production,2
ii,2
m,2
natural,2
view,2
postglacial,2
cemetery,2
tomb,2
textiles,2
color,2
classical,2
international,2
john,2
demographic,2
there,2
representative,2
further,2
monographs,2
concepts,2
lateand,2
robert,2
william,2
covered,2
proceedings,2
context,2
tools,2
spatial,2
ceramics,2
ad,2
ramsses,2
case,2
environmental,2
royal,2
material,2
levant,2
distribution,2
wickliffe,2
routledge,2
shifts,2
america,2
agriculture,2
gardens,2
status,2
analyzed,2
bc,2
examples,2
appendices,2
reader,2
transport,2
west,2
lake,2
discusses,2
city,2
resources,2
detailed,2
overview,2
diskette,2
approach,2
people,2
aztec,2
amateur,2
anasazi,2
explorations,2
arkansas,2
protohistoric,2
florida,2
publication,2
isles,2
mississippian,2
christopher,2
land,2
price,2
revised,2
after,2
presenting,2
thomas,2
perspective,2
patterns,2
specific,2
architectural,2
ables,2
yielded,2
drawn,2
traditional,2
paid,2
world,2
kidder,2
attention,2
examines,2
paleolithic,1
chronological,1
ridge,1
given,1
f,1
crete,1
ofsmithsonian,1
seasons,1
republican,1
mesolithic,1
processual,1
archipelago,1
educator,1
second,1
expansionism,1
ann,1
moshe,1
iroquois,1
metal,1
meade,1
century,1
provide,1
limits,1
identification,1
architecture,1
shuswap,1
dothan,1
uecker,1
lillooet,1
fortified,1
religions,1
lurudef,1
symposium,1
mojave,1
groups,1
maarten,1
motivations,1
fields,1
located,1
americanist,1
ia,1
program,1
luann,1
backfill,1
quarrying,1
levels,1
islands,1
intriguing,1
notion,1
process,1
rome,1
e,1
analyzes,1
diagnose,1
boreal,1
edwin,1
expanded,1
semiotic,1
eight,1
they,1
landscapes,1
village,1
persimmon,1
grew,1
se,1
publia,1
modes,1
batsford,1
plots,1
one,1
mounted,1
special,1
ouachita,1
medulinska,1
southeast,1
examine,1
construction,1
united,1
join,1
reconstructs,1
alamo,1
peripheries,1
demolished,1
stratified,1
education,1
h,1
interpretation,1
auspices,1
centuries,1
reference,1
di,1
underwaterarchaeology,1
athenian,1
susan,1
mission,1
joseph,1
slavic,1
stephen,1
premanturska,1
antler,1
periods,1
or,1
presents,1
contained,1
macintosh,1
benco,1
assistance,1
historian,1
bay,1
placed,1
descriptions,1
contemporaries,1
families,1
indian,1
landing,1
facsimile,1
jamaica,1
updated,1
contexts,1
biography,1
dissemination,1
layreader,1
hashemite,1
bureau,1
toronto,1
records,1
first,1
sequence,1
textile,1
symbolic,1
lucayan,1
bringing,1
ballard,1
followed,1
stuart,1
dense,1
quantitative,1
lavish,1
global,1
street,1
textual,1
mixes,1
necropolis,1
symbol,1
science,1
neolithic,1
caddoan,1
set,1
colorado,1
important,1
military,1
suggested,1
drawing,1
over,1
actual,1
nevada,1
introducing,1
each,1
marauders,1
greater,1
anthropology,1
j,1
nature,1
analytical,1
cultures,1
herbert,1
different,1
based,1
s,1
principles,1
introduce,1
exploration,1
societies,1
europe,1
nancy,1
storing,1
scientists,1
jeanne,1
penelope,1
deposits,1
examination,1
appendix,1
here,1
half,1
search,1
areas,1
documents,1
abstract,1
current,1
farmers,1
livingston,1
ofamericanist,1
inquiry,1
relating,1
narrative,1
out,1
reproduces,1
associates,1
speculation,1
how,1
cultivation,1
carnegie,1
covering,1
municipium,1
matos,1
distributions,1
edward,1
i,1
elsewhere,1
chipped,1
philosophical,1
stewardship,1
anne,1
toni,1
sebastian,1
advances,1
merely,1
forms,1
academic,1
papers,1
gravina,1
arranged,1
moctezuma,1
sociopolitical,1
investigations,1
cultural,1
formation,1
third,1
such,1
what,1
basics,1
ideological,1
within,1
aspects,1
investigation,1
reign,1
dynasty,1
combined,1
worldwide,1
burial,1
them,1
domestication,1
similarities,1
produced,1
istria,1
coaches,1
michael,1
coast,1
patty,1
takes,1
formatted,1
alfred,1
edinburgh,1
perform,1
guidance,1
abridgement,1
eastern,1
books,1
wiseman,1
gives,1
near,1
governing,1
foundations,1
utahanthropological,1
worldarchaeology,1
institute,1
kitchen,1
arkansasarcheological,1
representations,1
aims,1
sites,1
connections,1
carriages,1
chapter,1
ornamentation,1
eduardo,1
some,1
virginia,1
stance,1
cooperation,1
journals,1
literature,1
vast,1
art,1
illustrate,1
decipherment,1
middle,1
popular,1
douglas,1
indiana,1
intent,1
archaeologist,1
socioeconomic,1
bodies,1
imports,1
assemblages,1
los,1
presented,1
farming,1
maritime,1
heart,1
entrance,1
code,1
formal,1
narrowly,1
interdisciplinary,1
point,1
wh,1
explains,1
ethnology,1
fur,1
realistic,1
contacts,1
chart,1
horticultural,1
agora,1
resembling,1
egypt,1
easy,1
tenure,1
skeletal,1
techniques,1
interviews,1
description,1
pocket,1
computers,1
ten,1
economies,1
rm,1
warfare,1
directed,1
describe,1
gleaning,1
during,1
size,1
agropastoralists,1
treasury,1
issues,1
colonial,1
diversity,1
maria,1
using,1
glyphic,1
jo,1
writing,1
questions,1
monographies,1
ontario,1
central,1
recovery,1
kingdom,1
chapters,1
iron,1
throughout,1
were,1
campus,1
chosen,1
focuses,1
saa,1
tabular,1
elegant,1
rise,1
than,1
theories,1
natufian,1
francois,1
refugees,1
participate,1
ultimately,1
until,1
accompanying,1
practices,1
fieldwork,1
used,1
artifact,1
invasion,1
years,1
visions,1
significance,1
discovered,1
margaret,1
donald,1
three,1
macedonia,1
numerous,1
authors,1
vance,1
unpublished,1
samuel,1
g,1
finally,1
points,1
millennium,1
utah,1
concentrates,1
center,1
value,1
expeditions,1
overseer,1
alphabetically,1
contributors,1
held,1
excavated,1
patricia,1
relations,1
strict,1
david,1
controversies,1
virgin,1
salt,1
derived,1
bone,1
change,1
d,1
building,1
grouped,1
spread,1
plant,1
suggest,1
states,1
cache,1
wellillustrated,1
mexico,1
calumet,1
stresses,1
memphite,1
accurate,1
bahamas,1
mediterranean,1
area,1
diagnostic,1
cases,1
provides,1
considerd,1
typology,1
remains,1
involved,1
old,1
around,1
rahtz,1
ships,1
deductions,1
small,1
artificial,1
several,1
writings,1
siege,1
midcontinent,1
problems,1
highly,1
natuflan,1
introductory,1
methods,1
breaking,1
craft,1
served,1
decline,1
pula,1
texas,1
henry,1
effect,1
caribbean,1
yugoslav,1
cognitive,1
james,1
v,1
theaztec,1
explore,1
including,1
jordan,1
cosmology,1
vincent,1
pueblo,1
documentary,1
story,1
memoir,1
archeological,1
interaction,1
communication,1
adaptations,1
northern,1
classics,1
much,1
macmillan,1
details,1
bexar,1
among,1
integrates,1
recent,1
gifts,1
joint,1
visualizing,1
evaluated,1
louisiana,1
preliminary,1
finds,1
political,1
ca,1
built,1
impressions,1
activities,1
attended,1
readership,1
alaska,1
thorough,1
