WORDCOUNTS,WEIGHT
the,1776
of,1425
in,677
a,554
and,527
to,522
that,275
for,234
is,191
by,168
this,159
as,159
be,157
on,154
it,142
with,136
our,135
at,134
was,134
we,134
sites,130
from,112
have,111
site,102
area,91
an,86
not,84
has,83
these,79
been,78
are,78
which,77
some,73
or,69
one,68
were,67
boeotia,66
more,64
but,62
figure,62
its,60
would,60
had,58
survey,57
than,57
density,56
all,55
period,50
between,50
early,50
other,49
only,49
classical,49
most,46
boeotian,46
there,45
their,45
if,44
such,44
late,43
i,42
o,41
m,41
each,41
even,40
so,40
very,38
will,38
may,37
total,35
field,35
two,35
can,35
over,35
within,34
could,34
also,34
later,33
sq,33
prehistoric,33
roman,33
small,32
years,32
distribution,31
out,30
under,30
land,30
much,30
population,29
work,29
ancient,29
time,29
then,29
first,28
us,28
number,28
possible,27
hellenistic,27
same,27
any,27
size,27
into,26
v,26
archaeological,26
evidence,26
he,25
they,24
sample,24
his,24
intensive,24
bc,24
periods,24
about,24
greek,24
rural,24
those,23
study,23
part,23
least,23
level,23
many,23
high,23
greece,23
km,23
snodgrass,22
less,22
per,21
century,21
ca,21
large,20
no,20
l,20
settlement,20
new,20
range,20
especially,20
valley,20
mavrommati,19
own,19
areas,19
larger,19
three,19
times,19
different,19
byzantine,19
agricultural,19
both,19
city,19
now,18
being,18
journal,18
surface,18
important,18
fact,18
covered,18
perhaps,18
made,18
increase,18
pottery,18
archaeology,18
historical,18
what,18
turkish,18
recent,18
further,17
when,17
coverage,17
sampling,17
far,17
almost,17
kopais,16
season,16
seems,16
case,16
proportion,16
university,16
four,16
based,16
found,16
though,16
whole,16
few,16
results,16
another,16
general,16
archaic,16
must,16
j,15
main,15
landscape,15
proved,15
age,15
villages,15
still,15
see,15
after,15
whether,15
up,15
c,15
substantial,15
should,15
major,15
account,14
point,14
against,14
higher,14
without,14
just,14
too,14
definite,14
method,14
thebes,14
well,14
having,14
finds,14
region,14
modem,14
centuries,14
sherds,14
given,14
way,13
settlements,13
history,13
taken,13
uncertain,13
central,13
relatively,13
p,13
project,13
helladic,13
above,13
once,13
yet,13
picture,13
where,13
local,13
like,13
figures,13
note,13
plains,13
changes,13
form,13
although,13
expedition,12
village,12
s,12
great,12
kind,12
ha,12
because,12
suggest,12
several,12
already,12
material,12
known,12
here,12
u,12
urban,12
d,12
messenia,12
british,11
recorded,11
muses,11
whose,11
rather,11
w,11
occupation,11
r,11
who,11
table,11
territory,11
average,11
reached,11
every,10
subsequent,10
feature,10
state,10
eastern,10
soils,10
thespiai,10
earlier,10
sanctuary,10
basis,10
year,10
units,10
surveyed,10
single,10
choice,10
end,10
pattern,10
relative,10
thisbe,10
five,10
assumed,10
did,10
include,10
among,10
does,9
studies,9
limestone,9
t,9
sources,9
available,9
system,9
thus,9
n,9
aspects,9
askra,9
family,9
located,9
overall,9
others,9
do,9
samples,9
findings,9
described,9
low,9
obtained,9
standard,9
mainly,9
occupied,9
provide,9
athens,9
them,9
middle,9
conditions,9
lake,9
surveys,9
represent,8
h,8
holding,8
long,8
give,8
worked,8
since,8
g,8
parts,8
cultivators,8
numbers,8
suggested,8
basin,8
plot,8
produced,8
artifacts,8
carry,8
brought,8
apparent,8
partly,8
people,8
approach,8
either,8
change,8
order,8
diagnostic,8
second,8
economic,8
make,8
minnesota,8
hope,8
carried,8
seen,8
team,8
series,8
conclusion,8
cover,8
natural,8
half,8
cities,8
past,8
produce,8
cambridge,8
course,8
need,8
comparison,8
immediately,8
north,8
close,8
final,7
american,7
modern,7
before,7
something,7
lower,7
ii,7
take,7
last,7
agriculture,7
marked,7
along,7
excavations,7
walkers,7
vm,7
find,7
square,7
b,7
certain,7
means,7
show,7
during,7
place,7
regional,7
social,7
onchestos,7
published,7
inhabitants,7
again,7
towns,7
striking,7
enough,7
ground,7
extended,7
scatter,7
significant,7
use,7
recovery,7
full,7
clear,7
publication,7
individual,7
k,7
northern,7
farmstead,7
seasons,7
methods,7
school,7
extensive,7
set,7
seem,7
particularly,7
together,7
particular,7
annual,7
through,7
offer,7
provided,7
smaller,7
difficult,6
e,6
notably,6
military,6
location,6
help,6
fresh,6
visibility,6
side,6
plain,6
collection,6
adopted,6
expected,6
wares,6
across,6
result,6
levels,6
represented,6
plots,6
support,6
settled,6
frankish,6
followed,6
view,6
whereas,6
concentration,6
initial,6
base,6
equally,6
cannot,6
near,6
future,6
revealed,6
away,6
research,6
majority,6
chronological,6
south,6
matter,6
nearly,6
represents,6
light,6
complete,6
shows,6
plan,6
men,6
fieldwork,6
locations,6
day,6
original,6
background,6
entirely,6
largely,6
chosen,6
discovered,6
features,6
latter,6
date,6
become,6
factors,6
detailed,6
covering,6
antiquity,6
analysis,6
itself,6
oxyrhynchus,6
reinforced,6
bronze,6
besides,6
neo,6
ratio,6
sizes,6
exploration,6
map,6
extent,6
while,6
shown,6
increased,6
era,6
argolid,5
limits,5
correlation,5
center,5
decade,5
geometric,5
western,5
excavation,5
cultivable,5
experience,5
round,5
problems,5
might,5
terrain,5
company,5
rich,5
able,5
political,5
existence,5
community,5
quality,5
hierarchy,5
interest,5
served,5
effective,5
operation,5
poor,5
growth,5
remain,5
radius,5
palaiopanagia,5
melos,5
squares,5
upper,5
communities,5
holdings,5
census,5
representative,5
appears,5
applied,5
probably,5
loss,5
employed,5
good,5
working,5
next,5
boundaries,5
st,5
f,5
therefore,5
led,5
reduced,5
absence,5
aim,5
short,5
indeed,5
makes,5
adjacent,5
technique,5
occupations,5
bradford,5
degree,5
government,5
lands,5
explanation,5
factor,5
transect,5
kilometer,5
points,5
random,5
often,5
effect,5
usually,5
exceptional,5
fall,5
lying,5
returns,5
beloch,5
merely,5
terms,5
densities,5
dark,5
suggests,5
ohio,5
unit,5
aims,5
until,5
spacing,5
levy,5
remains,5
west,5
albanian,5
themselves,5
documentary,5
longer,5
done,4
edge,4
medieval,4
appear,4
kinds,4
likely,4
peaks,4
theban,4
athenian,4
reasonably,4
laid,4
consistent,4
localities,4
steady,4
actual,4
ourselves,4
confirmed,4
tradition,4
prosperity,4
primary,4
activity,4
obvious,4
kopaic,4
taking,4
human,4
conflict,4
explained,4
moment,4
southern,4
hyettos,4
conducted,4
palaeolithic,4
cases,4
distinct,4
back,4
body,4
pausanias,4
tentatively,4
apparently,4
nonarchaeological,4
town,4
operations,4
how,4
similar,4
neogen,4
matched,4
enabled,4
nor,4
cause,4
established,4
clearly,4
section,4
always,4
highest,4
greater,4
travellers,4
strength,4
centers,4
neighboring,4
third,4
suffered,4
boeotians,4
record,4
absolute,4
trend,4
wide,4
possibility,4
knowledge,4
description,4
reflect,4
surrounding,4
copais,4
regions,4
successful,4
below,4
contrast,4
mediterranean,4
involved,4
around,4
vagia,4
decline,4
schematic,4
approximate,4
critics,4
techniques,4
return,4
surviving,4
bsa,4
positive,4
teneric,4
bintliff,4
today,4
included,4
noted,4
rise,4
independent,4
inference,4
volume,4
cumulative,4
inevitably,4
contemporary,4
serious,4
forms,4
present,4
tertiary,4
purposes,4
polis,4
belief,4
distance,4
encountered,4
calculation,4
slaves,4
formal,4
including,4
virtually,4
questions,4
continue,4
previous,4
significance,4
mountain,4
outside,4
slightly,4
controversial,4
ranging,4
farm,4
undifferentiated,4
circle,4
fairly,4
naturally,4
employment,4
success,4
began,4
quite,4
answer,4
attachment,4
detail,4
mentioned,4
circumstances,4
extending,4
down,4
cultivation,4
allocated,4
type,4
inscriptions,4
lies,4
obtain,4
haliartos,4
mention,4
argument,4
national,4
citadel,4
effects,4
hoplites,4
colleagues,4
offered,4
predictable,4
traditional,4
strong,4
successive,4
showed,4
undergraduate,3
estimated,3
imported,3
slaughter,3
extreme,3
environmental,3
ultimate,3
totally,3
distributed,3
group,3
becoming,3
needed,3
systematically,3
produces,3
formed,3
ways,3
considerations,3
former,3
labor,3
title,3
occurred,3
cit,3
track,3
test,3
expertise,3
preceding,3
england,3
strip,3
reach,3
belong,3
advantage,3
suggesting,3
studied,3
disappearance,3
closer,3
real,3
greatly,3
somewhat,3
context,3
issue,3
right,3
politics,3
combination,3
quota,3
undergone,3
deserted,3
sign,3
surplus,3
exist,3
million,3
surely,3
bracket,3
de,3
arable,3
stremmata,3
decided,3
application,3
dozen,3
judged,3
turn,3
cultivator,3
compared,3
module,3
beginning,3
generation,3
weakness,3
ok,3
poverty,3
interesting,3
recognized,3
york,3
plotted,3
ba,3
bring,3
absent,3
lie,3
official,3
process,3
ills,3
bias,3
eight,3
special,3
feel,3
resistivity,3
accounts,3
possibly,3
organization,3
peasant,3
allowance,3
argued,3
presumed,3
shorter,3
passed,3
justified,3
exploitation,3
pleistocene,3
opening,3
closely,3
appearance,3
six,3
carrying,3
access,3
conspicuous,3
emerge,3
war,3
block,3
intensity,3
scale,3
grounds,3
safe,3
none,3
line,3
tr,3
student,3
claim,3
purpose,3
civil,3
confined,3
island,3
topographical,3
inferences,3
records,3
reoccupied,3
statistics,3
personal,3
elies,3
legislation,3
graduate,3
guard,3
polybius,3
ago,3
stage,3
reaches,3
habitation,3
amounted,3
yielded,3
appropriate,3
preliminary,3
separate,3
rest,3
avoid,3
archaeologists,3
situation,3
demand,3
saw,3
service,3
exception,3
measure,3
vicinity,3
museum,3
east,3
home,3
orchomenos,3
issues,3
belonging,3
begins,3
maintained,3
aspect,3
put,3
added,3
projects,3
cultivated,3
lack,3
treatment,3
fundamental,3
nucleated,3
fallen,3
doubt,3
considerable,3
external,3
empire,3
extremity,3
ao,3
remained,3
violent,3
mean,3
examples,3
comprise,3
writings,3
deposits,3
band,3
processes,3
students,3
specimen,3
open,3
appreciably,3
op,3
damage,3
characterized,3
collaboration,3
preservation,3
repeated,3
favored,3
parallel,3
tactics,3
dense,3
armor,3
isocrates,3
suggestion,3
stratified,3
belonged,3
she,3
lines,3
widespread,3
primarily,3
force,3
length,3
existed,3
achieve,3
respect,3
types,3
earliest,3
publications,3
undertook,3
anthropological,3
magnitude,3
heavy,3
historian,3
lessons,3
simply,3
specific,3
der,3
environment,3
believe,3
report,3
inquiry,3
eventually,3
written,3
benefit,3
free,3
passage,3
living,3
advances,3
places,3
growing,3
unlikely,3
nearby,3
covers,3
seasonal,3
mere,3
lengths,3
theory,3
leaving,3
supplemented,3
fully,3
imperial,3
property,3
altogether,3
giving,3
durable,3
exceeded,3
families,3
phenomenon,3
question,3
beyond,3
instead,3
probabilistic,3
walking,3
shift,3
summary,3
supported,3
potential,3
geographical,3
element,3
destructive,3
countryside,2
directors,2
mostly,2
rate,2
common,2
fertile,2
adopt,2
indicated,2
groups,2
truth,2
market,2
affected,2
extend,2
episodes,2
measures,2
alone,2
considerably,2
berlin,2
prediction,2
complex,2
factories,2
tthat,2
putative,2
identify,2
om,2
informative,2
true,2
proika,2
shortfall,2
peloponnesian,2
favor,2
position,2
necessarily,2
mainland,2
unlike,2
fruitful,2
exceptions,2
leipzig,2
source,2
corresponding,2
du,2
leads,2
negative,2
predominantly,2
said,2
direction,2
else,2
upland,2
provision,2
permit,2
modest,2
certainly,2
production,2
church,2
concentrated,2
anomalies,2
rapid,2
shortage,2
stretch,2
advanced,2
commentary,2
active,2
stratification,2
possibilities,2
individuals,2
crops,2
stay,2
simple,2
spaced,2
proves,2
lh,2
revival,2
thanks,2
hands,2
office,2
traditionally,2
raised,2
papyrus,2
el,2
takes,2
forthcoming,2
gaps,2
eventual,2
adverse,2
constraint,2
mass,2
alluvium,2
holocene,2
determined,2
concentrating,2
paucity,2
slight,2
functions,2
etienne,2
fine,2
say,2
reflecting,2
supervision,2
owners,2
resources,2
selecting,2
household,2
agora,2
comprehensive,2
excursus,2
iron,2
includes,2
throughout,2
review,2
eras,2
historically,2
component,2
severe,2
immediate,2
thinner,2
visited,2
characteristic,2
paint,2
attested,2
cf,2
fabrics,2
affairs,2
funds,2
estimates,2
drainage,2
elements,2
old,2
destroyed,2
underlying,2
refer,2
concerning,2
catalogue,2
reported,2
mailing,2
serving,2
slave,2
inclusion,2
towers,2
dates,2
continuous,2
twice,2
witnessed,2
truly,2
detecting,2
thin,2
diagnostics,2
compare,2
geological,2
communication,2
look,2
scarcity,2
pronounced,2
shall,2
handful,2
evenly,2
phases,2
exponents,2
lesser,2
civilization,2
steps,2
fleet,2
reflects,2
predicted,2
ml,2
grid,2
systematized,2
selling,2
hoplite,2
highway,2
subsistence,2
incidence,2
opportunity,2
granted,2
supplement,2
developments,2
leave,2
ayiofarango,2
assuming,2
emergency,2
resettlement,2
lay,2
space,2
reason,2
understand,2
solutions,2
category,2
capitalization,2
invite,2
days,2
impact,2
maintain,2
acceptance,2
consequence,2
permanent,2
dominant,2
strategy,2
drawing,2
numerical,2
standards,2
problem,2
came,2
whom,2
societies,2
public,2
called,2
seven,2
international,2
big,2
traversed,2
meter,2
equal,2
buried,2
circular,2
districts,2
priorities,2
meet,2
estimate,2
pollen,2
procedures,2
explain,2
huge,2
failure,2
shape,2
gained,2
kg,2
correctly,2
used,2
nucleus,2
received,2
industrial,2
start,2
eh,2
arms,2
electrical,2
data,2
criticized,2
tanagra,2
broad,2
mn,2
grain,2
densely,2
actually,2
structures,2
et,2
documented,2
attica,2
achieving,2
artifact,2
breakdown,2
markedly,2
attributed,2
gap,2
count,2
towards,2
sampled,2
related,2
running,2
solution,2
normally,2
arise,2
useful,2
tested,2
ayiopharango,2
event,2
bank,2
specifically,2
intervals,2
soil,2
choose,2
questionably,2
investigations,2
dramatic,2
peak,2
mel,2
tended,2
progress,2
dependent,2
paid,2
using,2
estates,2
cj,2
value,2
gross,2
interests,2
seemed,2
content,2
society,2
survived,2
portion,2
critical,2
steadily,2
britain,2
comparative,2
crete,2
limited,2
landless,2
fragmentation,2
drops,2
whatever,2
ours,2
says,2
experiences,2
signs,2
decisions,2
selection,2
onethird,2
reclaimed,2
percentage,2
listed,2
oxford,2
simultaneous,2
megalopolis,2
reference,2
examined,2
pp,2
restricted,2
selective,2
tax,2
acting,2
fringes,2
falls,2
transects,2
largest,2
bushels,2
parties,2
reports,2
inheritance,2
comparably,2
invariable,2
members,2
name,2
improbably,2
fell,2
addition,2
demographic,2
leading,2
minority,2
consideration,2
conduct,2
predominated,2
children,2
enable,2
daily,2
really,2
farming,2
everything,2
debated,2
neglected,2
fragments,2
conclusions,2
took,2
paris,2
flooded,2
turk,2
continuing,2
relevant,2
necessary,2
apportionment,2
vegetation,2
amounting,2
remarkably,2
flysch,2
answers,2
interpreted,2
compose,2
classes,2
understanding,2
disease,2
approaching,2
treated,2
discovery,2
upon,2
locate,2
mycenaean,2
epigraphic,2
empirical,2
weeks,2
rare,2
examination,2
catchment,2
theoretical,2
sunken,2
sherd,2
reality,2
authors,2
stress,2
modemrn,2
function,2
summer,2
risen,2
farms,2
collected,2
drilling,2
legacy,2
article,2
exaggeration,2
plans,2
maude,2
james,2
conducting,2
save,2
opposite,2
la,2
division,2
decision,2
decreased,2
visit,2
increasing,2
rift,2
cereal,2
diodorus,2
me,2
visits,2
chances,2
continued,2
recall,2
poseidon,2
practical,2
testing,2
reasonable,2
irrespective,2
referred,2
remaining,2
recognize,2
whereby,2
life,2
responsible,2
construction,2
surprising,2
unusual,2
interview,2
following,2
dispersed,2
abandonment,2
incorporated,2
throw,2
deep,2
beotie,2
limit,2
thiessen,2
detect,2
beside,2
continues,2
extension,2
pace,2
her,2
recognizable,2
physical,2
reconnaissance,2
desolation,2
alternative,2
satellite,2
know,2
principle,2
country,2
readily,2
officials,2
share,2
seriously,2
setting,2
industry,2
capital,2
incorporating,2
unknown,2
ph,2
sensational,2
presence,2
current,2
foundation,2
iii,2
sum,2
enlarged,2
works,2
better,2
turned,2
phd,2
drop,2
virtual,2
explanations,2
notable,2
investigation,2
combined,2
unique,2
spatial,2
rose,2
stability,2
selected,2
namely,2
making,2
supports,2
mp,2
imposed,2
xironomi,2
add,2
calculations,2
interval,2
foundations,2
periphery,2
studying,2
secure,2
yield,2
oo,2
information,2
socioeconomic,2
little,2
outline,2
presented,2
john,2
owner,2
trees,2
careful,2
introduced,2
sea,2
interaction,2
became,2
ac,2
die,2
subject,2
administration,2
adjoining,2
crystalline,2
recording,2
differentiation,2
generate,2
finding,2
internally,2
wish,2
documentation,2
proceeding,2
enabling,2
rent,2
atherden,2
defined,2
burdens,2
rackham,2
roughly,2
needs,2
observation,2
territories,2
irrigated,2
jfa,2
passages,2
objects,2
th,2
partial,2
gulf,2
counts,2
uk,2
seek,2
comparable,2
unexpectedly,2
building,2
doing,2
quaternary,2
continuously,2
hypothesis,2
admirably,1
subsequently,1
frequent,1
founding,1
abolition,1
geomorphological,1
esettlements,1
currently,1
quadrates,1
compels,1
struggle,1
validation,1
tallying,1
kasimis,1
residing,1
conflicting,1
undoubtedly,1
fortified,1
aoreo,1
anthony,1
generated,1
populous,1
recalls,1
italy,1
keller,1
generous,1
staff,1
aspledon,1
embarked,1
faced,1
designated,1
vee,1
financed,1
dangers,1
epidemics,1
consume,1
outskirts,1
resulted,1
college,1
thrown,1
intriguing,1
reckoning,1
elections,1
quantify,1
combine,1
poorer,1
eliminated,1
succession,1
introduction,1
string,1
debris,1
passing,1
expect,1
landholding,1
coupled,1
replaced,1
touched,1
unsatisfactory,1
saved,1
denied,1
confidence,1
properly,1
designed,1
prime,1
maize,1
extant,1
distributions,1
columns,1
greig,1
word,1
adoptive,1
enshrines,1
schools,1
authority,1
farther,1
picking,1
rainfall,1
candid,1
walker,1
pressing,1
easily,1
specified,1
competence,1
broadranging,1
incidentally,1
supervised,1
peripherai,1
operated,1
grove,1
anthropology,1
trace,1
vitally,1
resurgence,1
presents,1
inaugurating,1
observing,1
shrunken,1
assisted,1
husbands,1
haigh,1
concession,1
migration,1
civic,1
territorial,1
chief,1
descriptions,1
excepts,1
qualification,1
character,1
properties,1
contexts,1
turning,1
chalks,1
associate,1
prosperous,1
emendation,1
dot,1
fabric,1
overwhelmingly,1
picturesque,1
attributable,1
olive,1
fraction,1
decidedly,1
extremities,1
definitely,1
walnut,1
completion,1
ommo,1
topographic,1
connection,1
jointly,1
voices,1
neolithic,1
turnstiles,1
originally,1
controlled,1
overloading,1
abound,1
cavalry,1
hire,1
daughters,1
thesetwo,1
assist,1
permanently,1
beautiful,1
emerged,1
fragmentary,1
nature,1
experiments,1
words,1
laurence,1
handling,1
thespies,1
resemblance,1
likeliest,1
ft,1
archaeologically,1
attractive,1
reexamined,1
text,1
twenty,1
agrarian,1
credits,1
exceptionally,1
correspondingly,1
governed,1
highland,1
undertake,1
differences,1
justifiable,1
timing,1
outbreak,1
potentially,1
wave,1
analyses,1
producing,1
assembled,1
colloque,1
achievement,1
kopai,1
mercenaries,1
scheme,1
reveal,1
entered,1
composition,1
leased,1
procedure,1
delion,1
room,1
renfrew,1
expense,1
anyway,1
timber,1
devastation,1
farmer,1
lasting,1
outset,1
nil,1
menelaion,1
cc,1
persistence,1
consist,1
mind,1
mai,1
alert,1
burdening,1
mr,1
principal,1
polygonal,1
classified,1
molise,1
advantages,1
ofsamping,1
ruined,1
career,1
wheler,1
soiland,1
revise,1
checked,1
hostility,1
elucidating,1
threshold,1
lecturer,1
ripon,1
ad,1
depends,1
akin,1
datable,1
leuktra,1
documenting,1
empty,1
frazer,1
carryingcapacity,1
occasional,1
narrower,1
governmental,1
fused,1
dearth,1
suspect,1
forward,1
dr,1
blackman,1
historians,1
outlet,1
capacity,1
adopts,1
sought,1
iv,1
firm,1
cleared,1
saying,1
excels,1
distortion,1
figs,1
vol,1
uneven,1
suppress,1
felt,1
capable,1
outlying,1
machinery,1
prospect,1
cooperation,1
condition,1
tracing,1
illustrate,1
pretend,1
sabloff,1
establishing,1
obviously,1
bibliography,1
ramon,1
intensively,1
move,1
births,1
measuring,1
apart,1
uphill,1
variations,1
except,1
unwarrantably,1
disparities,1
consequent,1
palalopanagia,1
classics,1
margaret,1
timothy,1
establishment,1
coordinating,1
quantity,1
painfully,1
overlooking,1
rocktype,1
apply,1
fragmented,1
representing,1
enter,1
interviews,1
minimum,1
unhappy,1
unrecorded,1
safely,1
measurement,1
warfare,1
emod,1
italian,1
possiblet,1
desertion,1
behavior,1
aggression,1
diversity,1
disparaging,1
framework,1
wherever,1
ranked,1
li,1
learned,1
wnw,1
bdotiennes,1
epigraphical,1
vai,1
mistake,1
mcgill,1
convincing,1
halted,1
hazards,1
dependence,1
colluvial,1
influx,1
nn,1
redeemed,1
development,1
mm,1
professor,1
evadia,1
confgderation,1
tables,1
realized,1
shm,1
cramped,1
millennium,1
neighbors,1
authoritative,1
concentrations,1
dismisses,1
amounts,1
occurs,1
agros,1
discerning,1
measurable,1
forbade,1
polling,1
realization,1
quicker,1
alison,1
insofar,1
emigration,1
collaborating,1
rivalling,1
z,1
ai,1
priority,1
inhabited,1
pessimistic,1
precludes,1
ephors,1
maintaining,1
flourishing,1
complains,1
coarser,1
tabulation,1
fulfilled,1
keep,1
frequented,1
fielding,1
fortunes,1
depend,1
causing,1
disproportionately,1
fig,1
extraordinary,1
disturbs,1
exercise,1
suitable,1
pouring,1
minus,1
applying,1
outnumbered,1
buses,1
athenians,1
criterion,1
price,1
helpful,1
remoter,1
weight,1
y,1
drawn,1
listi,1
exclude,1
archaeologist,1
grouped,1
inconvenient,1
shortor,1
corrected,1
revphil,1
deeply,1
longterm,1
demonstrably,1
experts,1
hardly,1
commanding,1
invites,1
bagged,1
sheffield,1
ma,1
adjust,1
thickly,1
impressions,1
loans,1
alarm,1
delineated,1
affiliations,1
assessed,1
opposed,1
simultaneously,1
ephoros,1
adequate,1
dangerously,1
mbyz,1
sprinklers,1
irked,1
preworld,1
hopes,1
exact,1
programmatic,1
statements,1
subjected,1
pit,1
otherssocial,1
doctorate,1
aimed,1
predictably,1
generations,1
essence,1
compatible,1
studmedarch,1
iiirirlmoderate,1
possession,1
vegetables,1
basic,1
influential,1
hetty,1
explicit,1
corinth,1
calculates,1
remote,1
messinia,1
refine,1
convicted,1
environments,1
deliberately,1
suffer,1
interruption,1
survives,1
arguably,1
determining,1
extremest,1
risk,1
heard,1
resume,1
stops,1
importance,1
se,1
emerges,1
direct,1
unattractive,1
contributions,1
pages,1
scales,1
distant,1
deserting,1
summarized,1
productive,1
animals,1
consequences,1
reinforce,1
maes,1
front,1
provides,1
soona,1
supposed,1
moves,1
consistency,1
proclaimed,1
totalled,1
modified,1
downward,1
albert,1
acquisition,1
finer,1
vastly,1
immigrant,1
wanted,1
soother,1
blame,1
locally,1
reinforcement,1
improvement,1
occupational,1
reluctance,1
derogatory,1
descent,1
monastery,1
organized,1
geschichte,1
scaleo,1
hotly,1
domdne,1
presumably,1
handled,1
warren,1
allocation,1
yearning,1
spirit,1
placed,1
traces,1
invariably,1
gradually,1
exploratory,1
weak,1
vitality,1
frequently,1
calendar,1
accumulating,1
xi,1
doric,1
initiative,1
operate,1
experienced,1
heading,1
resource,1
additional,1
albuquerque,1
inflated,1
defeat,1
indications,1
actes,1
efficient,1
cotton,1
idealized,1
obstacles,1
comparisons,1
cost,1
stark,1
surge,1
preferably,1
kbeirion,1
painted,1
altitude,1
oppression,1
portrays,1
firmly,1
bevolkerung,1
subjects,1
biasing,1
msg,1
provisional,1
preference,1
providing,1
participated,1
decades,1
management,1
boiotian,1
stands,1
scenery,1
compiled,1
organic,1
constructive,1
conquest,1
radial,1
irrigation,1
draws,1
hours,1
uses,1
gregory,1
projections,1
lock,1
lead,1
sociological,1
pioneering,1
thousands,1
conspectus,1
steiattica,1
plateau,1
professionals,1
bearing,1
declined,1
lain,1
conservative,1
difficulty,1
das,1
search,1
farmsteads,1
typical,1
midden,1
adhered,1
mavromati,1
impressionistic,1
strongly,1
embracing,1
lived,1
economics,1
deal,1
demands,1
prepare,1
facilitate,1
road,1
siphae,1
relate,1
beotienne,1
dispute,1
outweigh,1
mesoamerican,1
fthonos,1
insisting,1
publicationthe,1
approximation,1
administratively,1
steeply,1
cores,1
im,1
implemented,1
affluence,1
frontage,1
lat,1
intervening,1
fourth,1
unchanged,1
reasons,1
understood,1
informed,1
cultural,1
italians,1
corinthians,1
receive,1
acropolis,1
pitch,1
pursued,1
mate,1
uncultivated,1
burial,1
summarily,1
neither,1
sentence,1
biases,1
excellent,1
monograph,1
troops,1
sima,1
however,1
hypothetical,1
catling,1
bulldozer,1
patent,1
confirmation,1
zenith,1
availability,1
awarded,1
eager,1
drain,1
structure,1
thespiae,1
severest,1
si,1
oh,1
scene,1
lhell,1
wants,1
memory,1
distressed,1
expensive,1
motivated,1
improve,1
outstanding,1
watershed,1
periodical,1
onus,1
network,1
designation,1
distinguish,1
lr,1
relief,1
unexcavated,1
mapped,1
taxing,1
inferred,1
astonishing,1
viability,1
scope,1
rocks,1
scatters,1
pr,1
detract,1
steep,1
rupp,1
role,1
ite,1
carries,1
insights,1
soundest,1
imagined,1
reader,1
consequently,1
concept,1
prominent,1
heavily,1
occupants,1
degrees,1
london,1
hundreds,1
explains,1
accretions,1
example,1
swifter,1
calls,1
reduction,1
clearer,1
confirms,1
prelimestone,1
liable,1
surprise,1
securing,1
genuine,1
gave,1
consistently,1
jhs,1
fail,1
easiest,1
constitute,1
beginnings,1
formerly,1
increasingly,1
cluster,1
runs,1
director,1
winter,1
call,1
forces,1
garden,1
proliferation,1
showing,1
stanford,1
arrangements,1
allotments,1
reputation,1
smallest,1
miss,1
wheat,1
connections,1
nj,1
strongest,1
inaccessibility,1
metic,1
manifestation,1
shortcomings,1
prices,1
concentrates,1
multiplicity,1
widen,1
creating,1
computer,1
unfavorable,1
closing,1
correct,1
registration,1
squatters,1
hard,1
omm,1
cooperative,1
laborious,1
sympathy,1
wildly,1
buildings,1
unexpected,1
theoretically,1
wished,1
enrollment,1
impossibly,1
involve,1
debts,1
prevalence,1
hired,1
unpromising,1
exemption,1
sharp,1
hence,1
nearest,1
arretine,1
attention,1
teams,1
influence,1
initiating,1
separately,1
rr,1
inescapable,1
wider,1
dire,1
highly,1
components,1
executed,1
competitive,1
oe,1
sitedensity,1
trireme,1
florentine,1
shaded,1
choosing,1
impairment,1
essentially,1
sultry,1
suddenly,1
alluvial,1
sklavenzahl,1
impossible,1
obliteration,1
geologically,1
credible,1
attic,1
impoverishment,1
core,1
remitted,1
occasions,1
ropes,1
museums,1
barely,1
glosses,1
visible,1
sifting,1
universities,1
itselfhave,1
infantry,1
wife,1
correspondence,1
nancy,1
vivien,1
plausible,1
dakaronia,1
grateful,1
contoured,1
salmon,1
generalship,1
miserable,1
massive,1
landlords,1
concomitant,1
discriminating,1
commensurate,1
transforming,1
blanket,1
flourished,1
liberation,1
battle,1
register,1
crescendo,1
absentee,1
partially,1
unofficial,1
noteworthy,1
sons,1
nonsettlement,1
io,1
implications,1
minor,1
observations,1
holds,1
variety,1
practices,1
factory,1
various,1
mesa,1
architecture,1
resettled,1
uncoordinated,1
requirement,1
polygons,1
orme,1
identified,1
action,1
separation,1
highways,1
areall,1
expansion,1
barley,1
plataeans,1
herakles,1
repopulation,1
brief,1
yields,1
fruit,1
spend,1
slanted,1
supporting,1
aggravate,1
brings,1
constraints,1
osios,1
reduce,1
prove,1
converted,1
july,1
judgment,1
presently,1
expanded,1
conceived,1
manifest,1
standing,1
afield,1
sigillata,1
fewonly,1
soao,1
stedman,1
byz,1
undefined,1
spot,1
labored,1
hitherto,1
backed,1
aligned,1
impugn,1
spectacular,1
lassithi,1
fighting,1
sidgwick,1
roesch,1
rectangle,1
fieldwalking,1
hadzidouros,1
spartan,1
auspices,1
randomized,1
meanwhile,1
mh,1
bewails,1
nondestructive,1
marginal,1
happened,1
alongside,1
serve,1
exactly,1
detectable,1
sounds,1
palynology,1
den,1
stems,1
rom,1
chronology,1
ia,1
combat,1
populated,1
remnant,1
latitude,1
boundary,1
favorable,1
lesson,1
underestimate,1
scanty,1
metallurgy,1
processing,1
generalized,1
planned,1
enigmatic,1
extinction,1
excavationwork,1
adjusted,1
intelligible,1
positively,1
assistance,1
essential,1
culture,1
choices,1
dropped,1
generally,1
intolerable,1
unitary,1
nw,1
locality,1
colored,1
gratifying,1
subdivisions,1
al,1
silk,1
climatic,1
flints,1
containing,1
unusually,1
sweets,1
historiker,1
bordering,1
fiinften,1
sector,1
considers,1
investigating,1
double,1
fill,1
itarl,1
etudes,1
party,1
seasonally,1
walled,1
leader,1
funerary,1
resistance,1
circumferences,1
vicissitudes,1
french,1
law,1
juxtaposing,1
conceal,1
inundated,1
bulk,1
briefer,1
ethnohistorical,1
strike,1
neglect,1
mark,1
isolates,1
eutresis,1
purely,1
rows,1
stating,1
schachter,1
academy,1
locating,1
pointed,1
wisest,1
slavery,1
almonds,1
water,1
sardonic,1
missing,1
loukas,1
stricter,1
faster,1
idea,1
epimeletes,1
stories,1
coincidence,1
turner,1
complaints,1
scholars,1
deficient,1
professed,1
villa,1
pressure,1
recurrent,1
walked,1
totals,1
proposal,1
strabo,1
agree,1
appeared,1
match,1
tally,1
crop,1
employing,1
siculus,1
arisen,1
never,1
district,1
somewhere,1
reaffirmed,1
justification,1
minneapolis,1
substantially,1
venture,1
golden,1
commuting,1
abaeocritus,1
umme,1
discussed,1
enlarge,1
depopulation,1
confederacy,1
patterns,1
multiplication,1
soom,1
throwing,1
hand,1
sitesize,1
hesiod,1
venizelos,1
remarkable,1
begin,1
operating,1
drs,1
rationalization,1
dashed,1
palaeobotany,1
inroads,1
existing,1
execution,1
shared,1
establish,1
vulnerable,1
interviewees,1
contracted,1
seamen,1
tell,1
coincided,1
poles,1
clover,1
patently,1
fewer,1
militated,1
begun,1
impoverished,1
countries,1
prescribe,1
gives,1
shifts,1
stratochori,1
inequity,1
going,1
ribbondevelopment,1
identifiable,1
ecology,1
apud,1
cadastral,1
levying,1
oneman,1
sir,1
vegetational,1
demonstrated,1
acknowledgment,1
stabilize,1
credit,1
preh,1
analyzed,1
private,1
undiluted,1
collecting,1
balance,1
undiagnostic,1
partible,1
jameson,1
vast,1
theirs,1
divided,1
supplies,1
rulers,1
hear,1
excluding,1
easier,1
upsetting,1
squandering,1
width,1
accompanying,1
unquestionably,1
bear,1
contours,1
sides,1
generalizations,1
conceivable,1
arose,1
distinctly,1
sixth,1
rockbottom,1
transplantation,1
ruling,1
load,1
maquis,1
herself,1
complexities,1
mosaic,1
europeans,1
needing,1
varying,1
honorable,1
encourage,1
food,1
ironworking,1
sold,1
redistribution,1
bicycle,1
assumption,1
additions,1
prospective,1
guidance,1
assume,1
rescue,1
reconstructing,1
manipulation,1
prominently,1
bed,1
insure,1
hillslopes,1
bitter,1
assign,1
demarcating,1
variables,1
homelands,1
engaged,1
unanimity,1
nothing,1
dispiriting,1
baffling,1
ibid,1
fulfil,1
exerted,1
legal,1
parasitic,1
stopping,1
complicated,1
nuclei,1
dating,1
initiatives,1
involves,1
attraction,1
finally,1
exceedingly,1
defect,1
rejected,1
trade,1
passim,1
gesicht,1
hippodetes,1
accept,1
historic,1
heidelberg,1
unlucky,1
express,1
language,1
agreement,1
ottoman,1
clusters,1
aberrant,1
evils,1
interpret,1
workers,1
travels,1
failures,1
held,1
resultant,1
symposium,1
expert,1
controversies,1
architectural,1
divisions,1
chair,1
started,1
bco,1
supplying,1
innermost,1
exemplary,1
spread,1
strictures,1
fr,1
him,1
premium,1
mask,1
mexico,1
serves,1
stages,1
maximize,1
multiplier,1
counted,1
devise,1
filled,1
kept,1
accurate,1
probable,1
anyone,1
excavated,1
graduated,1
black,1
relevance,1
expired,1
excavating,1
spent,1
undertaken,1
fieldworkers,1
safest,1
remember,1
sparta,1
facing,1
boeotiens,1
somehow,1
internal,1
laying,1
trying,1
qualities,1
ensued,1
aegean,1
feet,1
eloquent,1
lift,1
narrow,1
geographers,1
suffers,1
tree,1
assessing,1
respectively,1
shallow,1
pprox,1
resettle,1
excluded,1
etruria,1
enjoyed,1
corinthia,1
deduction,1
expand,1
comfortably,1
sanctuaries,1
residue,1
rhetorical,1
story,1
manufacturers,1
equivalent,1
looked,1
dividing,1
attracted,1
geography,1
maximal,1
dimitrios,1
uninterrupted,1
pal,1
tendency,1
destruction,1
industrialization,1
joint,1
domesday,1
professional,1
chain,1
embodied,1
leondari,1
kahrstedt,1
concluded,1
widely,1
recuperate,1
applies,1
cereals,1
detain,1
landholdings,1
proki,1
dealing,1
supervising,1
european,1
parish,1
depth,1
warm,1
consists,1
contain,1
individualism,1
extracted,1
christian,1
conspicuously,1
impair,1
relationship,1
applications,1
appended,1
gloomy,1
oa,1
aid,1
backward,1
vv,1
delimiting,1
usurpation,1
scrutinized,1
lot,1
amti,1
george,1
assert,1
broadened,1
excepting,1
salient,1
foreign,1
holiday,1
cfall,1
vision,1
hectare,1
provisionally,1
impressive,1
maps,1
ministry,1
geophysical,1
program,1
pieces,1
rough,1
hill,1
unanswerable,1
cnrs,1
retrace,1
attitude,1
bare,1
resumed,1
male,1
paralimni,1
becomes,1
unquestioned,1
dimensions,1
army,1
recourse,1
relations,1
ancillary,1
progressively,1
ehell,1
armed,1
cemeterysites,1
millennia,1
visual,1
overlap,1
clays,1
contribution,1
muster,1
tower,1
furnish,1
halved,1
emphasizes,1
pln,1
endogamy,1
agios,1
insistently,1
evolution,1
why,1
owned,1
successor,1
casually,1
archdelt,1
grade,1
frontier,1
antiquities,1
oimo,1
thespian,1
wives,1
ology,1
ing,1
subdivided,1
griechische,1
spartans,1
federation,1
exists,1
instances,1
examine,1
face,1
nevertheless,1
conservation,1
complication,1
regularly,1
dickinson,1
acres,1
catalan,1
quantitative,1
sections,1
acquired,1
assistant,1
meant,1
border,1
contained,1
wars,1
exercised,1
smallish,1
mcdonald,1
stable,1
judgments,1
spell,1
habitual,1
ethnological,1
complexity,1
griechenlands,1
wear,1
nonagricultural,1
constituted,1
ever,1
scarcely,1
unbroken,1
antcl,1
theme,1
implied,1
satisfactory,1
fluctuating,1
claims,1
accelerated,1
doi,1
funding,1
sheepand,1
sciences,1
compensation,1
sustained,1
welt,1
rerouting,1
forty,1
eturk,1
crowds,1
dimension,1
enters,1
doubtful,1
euboea,1
conditioning,1
masonry,1
control,1
introducing,1
causes,1
planning,1
guaranteed,1
qi,1
paper,1
broaching,1
iiib,1
reversal,1
worth,1
confident,1
ubiquitous,1
leaders,1
rhitsona,1
vines,1
coring,1
argue,1
basins,1
regard,1
persevered,1
feed,1
counting,1
alternatively,1
er,1
abbreviations,1
superposition,1
solved,1
hinted,1
contradictory,1
wealth,1
epetra,1
powell,1
attractions,1
exhausting,1
mistrust,1
fills,1
hundred,1
disregarded,1
fulltime,1
useless,1
distinctive,1
climate,1
distinguished,1
precedence,1
scores,1
oliver,1
aonian,1
figur,1
sitescumulative,1
hermes,1
defend,1
weapons,1
suffering,1
according,1
unanimous,1
avoidance,1
purchase,1
heads,1
recession,1
convenient,1
proceedings,1
carefully,1
month,1
circles,1
tiniest,1
list,1
ones,1
references,1
coast,1
singles,1
duplication,1
testimonia,1
sociology,1
quote,1
ebyz,1
fictitious,1
attitudes,1
trebling,1
uouat,1
doubled,1
axis,1
ruin,1
sunk,1
fragmente,1
shortages,1
phylakopi,1
unnecessary,1
travel,1
griechischen,1
unwise,1
consisting,1
understandably,1
hegemony,1
incised,1
expressly,1
densest,1
abruptly,1
require,1
installations,1
insistent,1
parcels,1
minimal,1
gressive,1
agreed,1
missed,1
quantities,1
phenomena,1
emphasis,1
suspicion,1
atoms,1
lends,1
prevent,1
uncerain,1
categories,1
practice,1
hol,1
des,1
tenuous,1
gradation,1
yardstick,1
pumps,1
vitiated,1
burden,1
wandering,1
radically,1
clayey,1
exploitative,1
preserved,1
doles,1
modernizing,1
multiple,1
mod,1
ill,1
met,1
coordination,1
slopes,1
fair,1
elucidate,1
subsidies,1
alternatives,1
confirm,1
republic,1
easy,1
variability,1
sl,1
buy,1
predecessors,1
tried,1
countable,1
disciplines,1
returning,1
everywhere,1
went,1
substance,1
lump,1
incorporate,1
oz,1
arguments,1
kopas,1
indebted,1
discussion,1
hesperia,1
ranks,1
sizeable,1
qualitative,1
tractors,1
world,1
allows,1
pole,1
isolated,1
und,1
hilltop,1
ensuing,1
writing,1
abstained,1
think,1
frivolous,1
damaging,1
varied,1
precision,1
pair,1
antique,1
come,1
registers,1
susceptible,1
sickness,1
underlined,1
mthod,1
moderate,1
adopting,1
models,1
accelerate,1
survival,1
sediments,1
lists,1
thucydides,1
difference,1
julius,1
disposal,1
skripou,1
observed,1
sufficed,1
initiated,1
intensified,1
revert,1
contract,1
tackled,1
decrease,1
octants,1
scrutiny,1
paradigm,1
butt,1
villanova,1
strikingly,1
recovering,1
obliterated,1
sprung,1
vernacular,1
peloponnese,1
continuance,1
agiopharango,1
crisis,1
laymen,1
exceed,1
prolonged,1
actively,1
grown,1
typically,1
pecien,1
reminiscent,1
specialists,1
opinions,1
scoured,1
clearest,1
states,1
modules,1
regular,1
piece,1
siteand,1
attempted,1
off,1
objections,1
oldest,1
sical,1
bigger,1
lj,1
doubtless,1
wirtschaftliche,1
flooding,1
paced,1
vi,1
intermittently,1
clashes,1
intensely,1
cull,1
bern,1
best,1
schiffer,1
distinctions,1
clasical,1
comforting,1
compounded,1
contravention,1
consisted,1
supply,1
sectors,1
vary,1
inasmuch,1
nomos,1
peat,1
atitagra,1
uncertainty,1
toponym,1
evidently,1
ownership,1
entire,1
supplementary,1
corn,1
censuses,1
tractor,1
focus,1
duration,1
mechanization,1
livestock,1
terracotta,1
pairs,1
broader,1
forcibly,1
asked,1
built,1
cited,1
occur,1
retention,1
aggravated,1
richly,1
grants,1
