WORDCOUNTS,WEIGHT
the,199
of,178
and,143
in,97
a,96
to,70
is,59
or,52
as,37
that,35
with,34
by,34
archaeology,32
are,30
an,30
be,29
but,27
for,23
environmental,20
human,20
it,18
this,18
at,17
on,17
w,16
spatial,16
archaeological,16
from,15
its,15
context,14
cultural,13
has,13
systems,13
can,13
not,12
than,12
environment,11
contextual,11
new,11
communities,10
i,10
k,10
these,9
more,9
anthropology,9
approach,9
between,9
been,8
they,8
american,8
social,8
within,8
theory,8
sites,8
such,8
have,8
research,8
rather,7
complex,7
one,7
was,7
archaeologists,7
historical,7
r,7
both,7
empirical,7
which,7
were,7
so,7
would,7
also,7
will,6
science,6
ecological,6
analysis,6
anthropological,6
most,6
temporal,6
many,6
j,6
matrix,6
phenomena,6
conceptual,6
during,6
goal,6
ecosystem,6
axum,6
defined,6
part,6
may,5
concerned,5
systemic,5
study,5
biological,5
all,5
prehistoric,5
great,5
p,5
system,5
inputs,5
some,5
dynamic,5
press,5
techniques,5
g,5
field,5
when,5
even,5
journal,5
society,5
processes,4
basic,4
model,4
process,4
subsistence,4
their,4
interpretation,4
means,4
approaches,4
space,4
paper,4
no,4
without,4
must,4
show,4
only,4
alternative,4
far,4
there,4
butzer,4
m,4
do,4
what,4
artifacts,4
environments,4
little,4
role,4
biophysical,4
food,4
central,4
biotic,4
since,4
illinois,4
paradigm,4
several,4
components,4
methods,4
debate,4
early,4
method,4
dependent,4
focus,4
general,4
he,3
essential,3
his,3
l,3
five,3
how,3
landscape,3
ultimate,3
interactions,3
identify,3
contributing,3
settlement,3
centuries,3
distinct,3
university,3
variable,3
ed,3
complexity,3
illustrated,3
patterning,3
increasingly,3
regional,3
view,3
each,3
had,3
my,3
other,3
fundamental,3
any,3
particularly,3
international,3
ethiopia,3
demographic,3
equilibrium,3
base,3
never,3
v,3
equally,3
geography,3
political,3
stability,3
scale,3
problem,3
primary,3
information,3
development,3
data,3
individual,3
apparent,3
geology,3
continue,3
relationships,3
models,3
computer,3
d,3
physical,3
perspective,3
problems,3
potential,3
amant,3
concepts,3
geological,3
interaction,3
productivity,3
traditional,3
among,3
we,3
should,3
geographical,3
natural,2
ranging,2
processual,2
led,2
done,2
adequate,2
york,2
perspectives,2
matter,2
africa,2
materials,2
various,2
common,2
way,2
if,2
scientific,2
indeed,2
result,2
site,2
broad,2
community,2
still,2
above,2
c,2
importance,2
b,2
group,2
derived,2
often,2
productive,2
word,2
yet,2
rock,2
modern,2
conscious,2
us,2
key,2
ancient,2
minor,2
into,2
hierarchical,2
magnitude,2
then,2
transformations,2
just,2
culture,2
impact,2
archeology,2
cyclic,2
too,2
negative,2
simply,2
resource,2
first,2
upland,2
t,2
adaptively,2
followed,2
long,2
provide,2
networked,2
aggregates,2
set,2
dimension,2
distribution,2
intellectual,2
complementary,2
scientist,2
response,2
elaborate,2
different,2
least,2
secondary,2
ivory,2
nt,2
homogeneous,2
developed,2
attempting,2
out,2
objectives,2
transferred,2
diverse,2
suitable,2
survey,2
take,2
past,2
philosophical,2
living,2
advances,2
late,2
patterns,2
considered,2
practicable,2
pure,2
karl,2
population,2
less,2
see,2
cannot,2
strategies,2
applied,2
issue,2
energy,2
habitat,2
agricultural,2
required,2
market,2
formulation,2
heavily,2
criteria,2
ecology,2
contemporary,2
association,2
local,2
ssto,2
application,2
emphasis,2
degrees,2
illustrate,2
lost,2
organisms,2
vistas,2
floodplain,2
including,2
example,2
resources,2
discontinuities,2
apply,2
adaptive,2
variability,2
mosaic,2
interact,2
radiation,2
expression,2
largely,2
assumption,2
emphasizing,2
literally,2
framework,2
goals,2
real,2
theoretical,2
component,2
artifact,2
significance,2
own,2
objective,2
nile,2
either,2
beyond,2
good,2
southern,2
representative,2
shared,2
useful,2
obtained,2
interacted,2
provides,2
increased,2
better,2
instead,2
repeated,2
small,2
structural,2
body,2
classificatory,2
become,2
decline,2
egypt,2
point,2
chicago,2
archaeologist,2
analyze,2
given,2
much,2
crises,2
virtue,2
attention,2
am,2
ma,2
enjoy,2
activities,2
major,2
poorly,2
hypothesis,2
crossroads,1
contributes,1
inspection,1
temporarily,1
resolve,1
south,1
difficult,1
themes,1
flourished,1
suggest,1
affiliations,1
seventh,1
permits,1
busk,1
does,1
modelling,1
happen,1
therefore,1
now,1
originally,1
extremes,1
topography,1
polarizing,1
stimuli,1
applications,1
pharaonic,1
verb,1
curricula,1
exhibit,1
demand,1
steady,1
reflects,1
note,1
nonetheless,1
horizontal,1
collected,1
underway,1
carried,1
sometimes,1
sessions,1
salutary,1
drrer,1
groups,1
across,1
ssdirected,1
know,1
identity,1
microand,1
impressive,1
concentrated,1
practitioners,1
created,1
outcome,1
concern,1
reasonable,1
ironically,1
affected,1
schultz,1
appreciate,1
order,1
primarily,1
blues,1
exception,1
holistic,1
opposed,1
implies,1
who,1
lnvolution,1
directions,1
ecosystemic,1
multiscale,1
alternation,1
granted,1
evans,1
distributed,1
after,1
persistent,1
overlap,1
flexible,1
suggests,1
professor,1
default,1
suggestions,1
similar,1
interrelations,1
underexploited,1
transformation,1
backdrop,1
abstractions,1
center,1
direct,1
future,1
easily,1
owed,1
contributions,1
makes,1
matched,1
produced,1
lacking,1
use,1
scales,1
single,1
illustrations,1
chorley,1
reassessment,1
uncomfortable,1
represents,1
about,1
feel,1
hope,1
once,1
surprising,1
factors,1
periodic,1
ontogenetic,1
land,1
reds,1
jargon,1
multivariate,1
simulated,1
types,1
sciences,1
ncient,1
civilization,1
instances,1
modified,1
cybernetics,1
bias,1
reason,1
interrelationship,1
studies,1
specified,1
pp,1
requiring,1
nor,1
interpretive,1
rationalize,1
case,1
grounded,1
parts,1
serve,1
unacceptable,1
theorists,1
flows,1
affect,1
ensure,1
forest,1
meant,1
earliest,1
whereas,1
stable,1
diffuse,1
reevaluation,1
hazard,1
vastly,1
elephants,1
forests,1
selective,1
quantitative,1
classification,1
neither,1
raw,1
perceived,1
excavation,1
critical,1
stimulates,1
exponential,1
participants,1
cluster,1
subsystem,1
rarely,1
nat,1
cit,1
clearly,1
latin,1
constant,1
clark,1
amenable,1
same,1
opens,1
attain,1
receiving,1
sharply,1
ethnographic,1
articulated,1
preoccupation,1
svith,1
differs,1
aperiodic,1
changing,1
bsc,1
profile,1
qualitative,1
peoples,1
ethnoarchaeology,1
operate,1
records,1
bridges,1
acknowledgment,1
conceptualize,1
said,1
painful,1
sequence,1
fabric,1
demarcation,1
surface,1
kates,1
arguing,1
transitions,1
picture,1
engravings,1
present,1
lntroduction,1
specific,1
abundant,1
sources,1
evaluation,1
explicate,1
constituting,1
truly,1
members,1
requires,1
certainly,1
topographic,1
repeatedly,1
swelling,1
majority,1
dunnell,1
production,1
here,1
sustained,1
comprehensively,1
exclusive,1
concerns,1
microscale,1
belief,1
dominant,1
equation,1
edited,1
syntheses,1
controlled,1
flow,1
taken,1
strategy,1
larger,1
suggested,1
toward,1
defining,1
others,1
necessarily,1
rapid,1
attempt,1
thresholds,1
appear,1
delimitation,1
generated,1
similarly,1
dominated,1
mcgill,1
constructive,1
history,1
control,1
kent,1
synonomous,1
illuminate,1
readily,1
designing,1
descriptive,1
diachronic,1
active,1
henry,1
analytical,1
generational,1
definition,1
share,1
came,1
ratio,1
shows,1
game,1
lack,1
identifying,1
s,1
principles,1
location,1
stratigraphic,1
believe,1
scientists,1
crops,1
plenary,1
cumulative,1
pressure,1
indispensible,1
seasonality,1
foods,1
rule,1
found,1
metastable,1
ecotogy,1
begun,1
consequences,1
appeared,1
marked,1
critically,1
wine,1
abstract,1
minimized,1
operationalize,1
desirable,1
fully,1
time,1
changed,1
deal,1
able,1
intersecting,1
her,1
closer,1
census,1
relate,1
specifis,1
remain,1
biomass,1
proved,1
reflected,1
distant,1
opt,1
debt,1
distributions,1
evolving,1
considerable,1
man,1
feedback,1
fields,1
search,1
integrate,1
awedal,1
fresh,1
neglected,1
tree,1
external,1
foolish,1
msc,1
concatenations,1
depopulation,1
papers,1
state,1
exogenic,1
working,1
humanresource,1
chain,1
urgent,1
according,1
discipline,1
homeostatic,1
profited,1
innovative,1
mainly,1
flood,1
fuller,1
inappropriate,1
reviews,1
elucidating,1
investigation,1
effect,1
power,1
intersection,1
draft,1
establish,1
them,1
whether,1
terms,1
frankincense,1
degree,1
degradation,1
confrontation,1
appreciation,1
particular,1
lines,1
character,1
material,1
synchronic,1
depending,1
sophisticated,1
pollen,1
artifactual,1
statement,1
outlined,1
resilience,1
perhaps,1
lowlands,1
trade,1
eastern,1
design,1
availability,1
exploration,1
comprehension,1
extent,1
distance,1
public,1
fundamentals,1
photo,1
capacity,1
those,1
predynastic,1
castigating,1
shifts,1
palynologist,1
arrive,1
humid,1
another,1
really,1
interrelationships,1
argued,1
impression,1
version,1
immediate,1
require,1
geometric,1
drastic,1
failure,1
annual,1
specifically,1
years,1
interpreting,1
directly,1
indirectly,1
uneven,1
unequal,1
differ,1
opened,1
prior,1
possible,1
e,1
logical,1
understanding,1
urgency,1
liable,1
xiii,1
literature,1
discussion,1
paucity,1
middle,1
properties,1
survive,1
procphilsoc,1
examples,1
decision,1
background,1
obscure,1
leone,1
assemblages,1
valley,1
comprises,1
trees,1
unirrigated,1
decisions,1
helps,1
rheinische,1
heart,1
average,1
concept,1
leads,1
interdisciplinary,1
refinement,1
characterization,1
nature,1
reflecting,1
explication,1
purpose,1
treating,1
unadapted,1
intelligent,1
competing,1
fundamentally,1
atmospheric,1
readjustments,1
subsistencesettlement,1
increase,1
realistic,1
grading,1
became,1
two,1
predictability,1
excessive,1
drawing,1
aja,1
condition,1
alien,1
describe,1
faltered,1
palynology,1
residues,1
james,1
began,1
factor,1
ranks,1
causes,1
diversity,1
singled,1
facets,1
phenomenon,1
climatic,1
ecosystems,1
people,1
adjustment,1
unifying,1
resolved,1
willey,1
net,1
participated,1
valleymargin,1
regarding,1
millennia,1
sociology,1
variables,1
thus,1
our,1
multidimensional,1
endogenic,1
royal,1
personal,1
focuses,1
viability,1
mutually,1
economic,1
differential,1
complemented,1
continues,1
arborescent,1
thread,1
friedrichwilhelms,1
internal,1
ultimately,1
spring,1
described,1
reconstructing,1
distinguish,1
severe,1
locations,1
facts,1
interpreted,1
recent,1
editor,1
difference,1
interested,1
fragmentation,1
currents,1
memoir,1
landsat,1
ffom,1
initiated,1
subsystems,1
trends,1
three,1
quest,1
initially,1
sediment,1
discussed,1
comprehensive,1
op,1
inoperative,1
f,1
washington,1
millennium,1
rains,1
modes,1
lowor,1
rcheology,1
held,1
contributed,1
moment,1
considers,1
optimal,1
known,1
geoarchaeological,1
although,1
ensued,1
eventually,1
define,1
ssgeological,1
socially,1
measurable,1
function,1
laborious,1
delivered,1
constellation,1
plant,1
things,1
stage,1
gumerman,1
variation,1
indicators,1
serves,1
attributes,1
static,1
prosperity,1
changes,1
area,1
simplifications,1
configurations,1
interacting,1
earlier,1
mesopotamian,1
emphasizes,1
transcends,1
preservation,1
pluralistic,1
cases,1
deelned,1
oldest,1
emerging,1
remains,1
needfor,1
shift,1
old,1
deductivists,1
speculative,1
exchange,1
interim,1
calling,1
simulation,1
seminal,1
palaeoclimatic,1
mind,1
differing,1
characteristics,1
consensus,1
profound,1
unless,1
plea,1
tions,1
ssthe,1
parallel,1
evolutionary,1
qualifying,1
temporary,1
dr,1
introspective,1
holds,1
compounded,1
aggregations,1
meggers,1
ssarchaeological,1
narrow,1
choosing,1
geographers,1
interpretations,1
compared,1
overcome,1
methodologies,1
applying,1
effective,1
interconnections,1
intrasite,1
tended,1
methodological,1
animal,1
foremost,1
attendant,1
impoverishment,1
enterprise,1
odum,1
always,1
classes,1
views,1
up,1
scott,1
substantial,1
probably,1
st,1
entire,1
specializations,1
interlocking,1
northern,1
tidy,1
using,1
need,1
occupied,1
north,1
weave,1
sedimentary,1
appropriate,1
value,1
professional,1
provided,1
generation,1
elucidate,1
ingredients,1
adjust,1
multiple,1
rates,1
predicated,1
evenly,1
evidently,1
beg,1
symbiotic,1
gold,1
input,1
