WORDCOUNTS,WEIGHT
the,185
and,164
of,163
in,74
a,50
to,41
this,36
isbn,34
paper,31
white,30
black,30
are,27
as,25
volume,25
index,22
press,21
archaeological,20
archaeology,20
on,18
research,17
university,16
by,16
is,15
for,15
from,14
cloth,13
with,11
presented,11
an,11
editors,10
new,9
field,9
settlement,9
at,8
evidence,8
his,7
prehistory,7
series,7
historical,7
well,7
through,7
data,7
contributors,7
analysis,6
types,6
studies,6
school,6
that,6
m,6
cultural,6
maya,6
editor,6
period,6
early,6
no,5
l,5
foreword,5
american,5
about,5
united,5
into,5
women,5
j,5
prehistoric,5
current,5
monographs,5
papers,5
references,5
sites,5
bibliography,5
radiocarbon,5
california,5
general,5
between,5
essays,5
society,5
site,4
how,4
their,4
contributions,4
presents,4
illustrated,4
two,4
regional,4
questions,4
generously,4
book,4
discussed,4
late,4
list,4
tile,4
theory,4
while,4
international,4
place,4
human,4
which,4
were,4
dating,4
author,4
examine,4
publications,4
results,4
institution,4
recent,4
florida,4
examines,4
chronological,3
relationship,3
various,3
provide,3
fort,3
life,3
kelheim,3
paleolithic,3
h,3
interpretation,3
interpretive,3
modern,3
chronology,3
excavation,3
history,3
complete,3
culture,3
archaeologists,3
social,3
other,3
advanced,3
many,3
scholars,3
color,3
documents,3
italian,3
edition,3
texas,3
within,3
seminar,3
material,3
eastern,3
wide,3
information,3
aspects,3
kathryn,3
multidisciplinary,3
account,3
reprint,3
understanding,3
used,3
range,3
x,3
knowledge,3
mortuary,3
its,3
techniques,3
intended,3
during,3
world,3
survey,3
central,3
examination,3
theories,3
vii,3
memoirs,3
have,3
comprehensive,3
excavations,3
mediterranean,3
provides,3
remains,3
several,3
spanish,3
problems,3
smithsonian,3
study,3
iron,3
egypt,3
ann,3
be,3
james,3
valley,3
using,3
southeastern,3
periods,2
costa,2
barbara,2
may,2
european,2
f,2
amulets,2
iran,2
he,2
currently,2
materials,2
rise,2
english,2
will,2
names,2
georgia,2
taxonomy,2
skeletal,2
providing,2
gleason,2
environmental,2
classic,2
ten,2
rome,2
brings,2
formative,2
detailed,2
bias,2
eight,2
they,2
village,2
complex,2
discoveries,2
michael,2
reka,2
accordia,2
museum,2
reference,2
kalinga,2
examined,2
lives,2
case,2
considered,2
organization,2
ancient,2
following,2
changing,2
lydian,2
w,2
upper,2
stonehenge,2
these,2
age,2
arenal,2
most,2
contained,2
lower,2
first,2
jesse,2
hoard,2
production,2
neolithic,2
view,2
over,2
all,2
cemetery,2
nature,2
result,2
ceramic,2
s,2
exploration,2
europe,2
areas,2
appearance,2
together,2
time,2
been,2
john,2
basin,2
rica,2
mesoamerican,2
contemporary,2
cultivation,2
thne,2
i,2
chesapeake,2
pots,2
circulation,2
academic,2
date,2
chodistaas,2
further,2
handbook,2
oklahoma,2
manner,2
war,2
focus,2
jennings,2
balikh,2
british,2
thames,2
original,2
vol,2
development,2
subsistence,2
possible,2
artifacts,2
art,2
divided,2
work,2
middle,2
douglas,2
both,2
researchers,2
richard,2
r,2
region,2
themes,2
anthropological,2
lake,2
part,2
discusses,2
previously,2
ac,2
use,2
collection,2
who,2
issues,2
maria,2
hudson,2
celtic,2
processes,2
roman,2
jama,2
eric,2
focuses,2
cemeteries,2
southwestern,2
fieldwork,2
such,2
xv,2
past,2
tables,2
authors,2
peter,2
ireland,2
change,2
published,2
include,2
architectural,2
land,2
d,2
revised,2
manufacture,2
area,2
presenting,2
association,2
old,2
indices,2
concept,2
vi,2
potential,2
body,2
paleoindian,2
villages,2
views,2
journal,2
northern,2
workshop,2
william,2
provided,2
bela,2
la,2
major,2
increasing,1
courses,1
dealing,1
void,1
nagada,1
bernard,1
portion,1
assessed,1
parity,1
undergraduate,1
via,1
san,1
applications,1
second,1
philadelphia,1
done,1
ofpaleolithic,1
frederick,1
south,1
investigated,1
architecture,1
melvin,1
specialist,1
george,1
links,1
bring,1
crucial,1
populations,1
growth,1
energetics,1
analyses,1
italy,1
sensing,1
pittsburgh,1
synthesis,1
okeechobee,1
quihones,1
comparative,1
edward,1
it,1
represent,1
demonstrates,1
basic,1
ruminates,1
landscape,1
elliot,1
order,1
renee,1
supporting,1
concerns,1
presentation,1
remote,1
broaden,1
dimensions,1
object,1
diane,1
prove,1
represented,1
community,1
analyzes,1
translation,1
introduction,1
determining,1
garden,1
ethnoarchaeological,1
supplement,1
thirteen,1
landscapes,1
se,1
certain,1
large,1
executive,1
mesoamerica,1
led,1
none,1
achievements,1
volumes,1
changes,1
special,1
introductory,1
illustrations,1
construction,1
topics,1
approaches,1
maize,1
mortality,1
sheffield,1
factors,1
library,1
coastal,1
ana,1
edited,1
sets,1
motivation,1
dates,1
centuries,1
means,1
americans,1
worlds,1
environment,1
developments,1
centre,1
susan,1
array,1
earliest,1
biology,1
triation,1
ne,1
stephen,1
enigma,1
river,1
approached,1
or,1
description,1
benefits,1
organized,1
participants,1
occurred,1
included,1
vestiges,1
small,1
clearly,1
latin,1
bennyhoff,1
light,1
associated,1
before,1
harold,1
practice,1
n,1
bay,1
plantations,1
traces,1
bruce,1
variety,1
northeastern,1
colonial,1
complexity,1
fore,1
reviewed,1
ethnoarchaeology,1
different,1
indians,1
bernhard,1
reports,1
accidental,1
extensive,1
common,1
sequence,1
catalogue,1
origins,1
anthropology,1
only,1
manufacturing,1
howell,1
seminole,1
knapp,1
useful,1
lee,1
accounts,1
carl,1
glimpse,1
funerary,1
text,1
more,1
name,1
utah,1
sourcing,1
chronologically,1
paul,1
interests,1
quaternary,1
houston,1
explain,1
belief,1
ii,1
important,1
locale,1
toward,1
address,1
ofarizona,1
season,1
methodology,1
identified,1
xxi,1
iconography,1
conquest,1
illuminate,1
readily,1
intensive,1
raw,1
moving,1
elites,1
lengthy,1
postings,1
expanding,1
based,1
outside,1
reach,1
sampling,1
religious,1
treatment,1
marginalization,1
skills,1
leading,1
jantz,1
found,1
conceptualized,1
fascinating,1
great,1
display,1
typical,1
exclusion,1
farmers,1
report,1
carol,1
viii,1
quirigua,1
effort,1
prelude,1
out,1
classical,1
named,1
grasshopper,1
diverse,1
transforms,1
brian,1
concludes,1
events,1
jerald,1
end,1
remain,1
primary,1
covering,1
resulting,1
examining,1
mold,1
pattern,1
help,1
translating,1
initial,1
utilized,1
integrate,1
ethnohistorical,1
beliefs,1
rural,1
typological,1
living,1
assessment,1
advances,1
conclusions,1
state,1
concepts,1
present,1
access,1
political,1
though,1
according,1
scholarly,1
discipline,1
where,1
mainly,1
studying,1
developing,1
francois,1
investigation,1
lithic,1
offering,1
making,1
applied,1
slip,1
jefferson,1
judith,1
particular,1
scale,1
monograph,1
suppe,1
covers,1
xvii,1
hammond,1
xiv,1
protective,1
basketry,1
native,1
pleistocene,1
ruth,1
books,1
dumbarton,1
problem,1
adaptation,1
glyphs,1
key,1
method,1
assemblage,1
predynastic,1
matthew,1
number,1
terracottas,1
criteria,1
ecology,1
intratype,1
addresses,1
pioneers,1
xix,1
syria,1
deal,1
orientations,1
sir,1
holocene,1
identifications,1
classes,1
line,1
publishers,1
exploring,1
journals,1
illustrate,1
prehispanic,1
updated,1
bc,1
measures,1
establishing,1
examples,1
background,1
abstracts,1
alter,1
october,1
portraits,1
paleoclimates,1
reid,1
chronologies,1
nine,1
insights,1
delineated,1
berg,1
writings,1
barry,1
affecting,1
pam,1
originating,1
arlene,1
edn,1
role,1
indigenous,1
department,1
urban,1
variability,1
representing,1
gender,1
interest,1
ritual,1
findings,1
egyptian,1
empirical,1
got,1
flinders,1
overview,1
describe,1
discussions,1
alvaro,1
behavior,1
travel,1
citations,1
broad,1
framework,1
people,1
ideas,1
placing,1
labor,1
oaks,1
structures,1
ethnobiological,1
contribute,1
thus,1
petrie,1
relates,1
includes,1
pagan,1
eloise,1
personal,1
raising,1
schwartz,1
than,1
employed,1
pansouthwestern,1
pennsylvania,1
systematic,1
population,1
theoretical,1
curated,1
spectrum,1
lists,1
years,1
status,1
explorations,1
alliance,1
crises,1
naomi,1
trends,1
three,1
indexed,1
historic,1
against,1
illinois,1
numerous,1
made,1
seasons,1
introduces,1
aikens,1
comprise,1
national,1
personalities,1
samuel,1
g,1
stratification,1
assemblages,1
taxonomic,1
bender,1
essay,1
tool,1
expeditions,1
responses,1
payson,1
held,1
symposium,1
christopher,1
david,1
controversies,1
salt,1
interpret,1
chichen,1
collaboration,1
sardis,1
working,1
spread,1
fill,1
opinions,1
disciplines,1
crawford,1
sociological,1
states,1
thoughtful,1
integration,1
serbian,1
obtained,1
course,1
labyrinthos,1
deborah,1
irish,1
anyone,1
after,1
tangible,1
preservation,1
clay,1
typology,1
involved,1
definitive,1
forms,1
clark,1
archaic,1
magical,1
summary,1
perspective,1
encompassing,1
ceramics,1
character,1
depend,1
offered,1
oppidum,1
specific,1
comparing,1
back,1
wider,1
etruscan,1
components,1
eyes,1
facility,1
single,1
allowing,1
convey,1
c,1
assessing,1
carole,1
interpretations,1
applying,1
latest,1
differing,1
caribbean,1
ecuador,1
bojana,1
price,1
reflecting,1
debate,1
locales,1
dibble,1
norman,1
explore,1
including,1
aim,1
archaeologist,1
looks,1
pueblo,1
surveys,1
interaction,1
those,1
look,1
traditional,1
nieves,1
images,1
notes,1
traditions,1
structured,1
document,1
professional,1
pulling,1
should,1
pottery,1
controversial,1
scarecrow,1
preliminary,1
arbor,1
propose,1
built,1
greek,1
massive,1
geographical,1
paste,1
arizona,1
breakthroughs,1
fredrickson,1
thorough,1
