WORDCOUNTS,WEIGHT
the,288
of,227
and,141
in,120
to,93
a,90
is,60
note,40
opcit,40
are,40
be,39
by,34
for,32
as,30
or,30
dating,28
that,26
time,26
with,25
from,24
has,24
it,22
have,22
on,22
been,21
also,21
since,18
field,18
sample,17
some,17
more,16
j,16
can,16
at,15
trm,15
this,15
other,14
but,13
techniques,13
which,13
radiocarbon,13
involved,13
methods,12
archaeometry,11
technique,11
method,11
samples,11
may,10
one,10
h,10
most,10
new,10
r,10
than,10
if,9
e,9
their,9
not,9
result,9
these,9
there,9
related,9
rate,8
magnetic,8
about,8
archaeometric,8
any,8
s,8
radioactive,8
must,8
years,8
c,8
decay,8
now,7
statistical,7
they,7
generally,7
all,7
date,7
number,7
degree,7
use,7
an,7
old,7
research,7
variations,7
even,7
york,6
m,6
materials,6
rather,6
w,6
only,6
production,6
here,6
found,6
i,6
man,6
intensity,6
data,6
orientation,6
through,6
its,6
measurement,6
chronometric,6
thus,6
area,6
problems,6
study,6
d,6
when,6
results,6
world,6
will,5
science,5
scientific,5
lines,5
archaeology,5
still,5
introduction,5
force,5
similar,5
certain,5
measurable,5
once,5
clay,5
into,5
physical,5
anthropology,5
based,5
regard,5
produced,5
because,5
well,5
possible,5
used,5
work,5
both,5
made,5
point,5
accuracy,5
temperature,5
fission,5
become,5
pottery,5
order,4
applications,4
no,4
curves,4
various,4
developed,4
began,4
probability,4
authentication,4
applied,4
modern,4
under,4
was,4
organic,4
then,4
same,4
track,4
others,4
natural,4
fact,4
rehaeometry,4
very,4
nuclear,4
reading,4
terms,4
material,4
aspects,4
upon,4
fired,4
introduced,4
archaeomagnetic,4
million,4
layers,4
such,4
difference,4
application,4
instrumentation,4
direction,4
especially,4
between,4
uniformity,4
southwest,4
relative,4
united,4
widely,4
error,4
distribution,3
via,3
way,3
his,3
permits,3
testing,3
basic,3
released,3
b,3
american,3
studies,3
brothwell,3
achieve,3
firing,3
remnant,3
devices,3
anthropological,3
inorganic,3
already,3
two,3
g,3
known,3
either,3
measuring,3
brunton,3
set,3
medieval,3
implications,3
isotopes,3
authenticity,3
thermally,3
introduce,3
sampling,3
rchaeometry,3
magnetization,3
simple,3
current,3
crystalline,3
end,3
variation,3
resulting,3
present,3
arehaeometry,3
within,3
appears,3
relevant,3
necessary,3
takes,3
original,3
basis,3
isotopic,3
size,3
x,3
arehaeology,3
apply,3
archaeological,3
ordering,3
using,3
questions,3
processes,3
review,3
question,3
specimen,3
calculated,3
likewise,3
change,3
relatively,3
workers,3
least,3
dendrochronology,3
like,3
states,3
accurate,3
measured,3
carbon,3
up,3
archaeologist,3
those,3
should,3
increases,3
chronological,2
aitken,2
ferromagnetic,2
f,2
depth,2
does,2
procedure,2
deviation,2
rock,2
done,2
today,2
chronometry,2
estimated,2
meaning,2
effects,2
electrons,2
thermoluminescence,2
primarily,2
process,2
particle,2
excellent,2
determining,2
case,2
recently,2
parts,2
kilns,2
pegs,2
k,2
factors,2
types,2
exists,2
itself,2
represents,2
changes,2
read,2
serve,2
higgs,2
recommended,2
east,2
former,2
matters,2
established,2
curie,2
magnetism,2
before,2
factor,2
series,2
calibration,2
too,2
university,2
four,2
simply,2
extensive,2
ever,2
being,2
first,2
polar,2
hence,2
long,2
human,2
movements,2
taken,2
might,2
assist,2
ecological,2
dubois,2
addition,2
had,2
conducted,2
heated,2
principles,2
bearing,2
advantage,2
half,2
search,2
attempting,2
counting,2
halflife,2
users,2
studied,2
atomic,2
pioneer,2
proved,2
advocated,2
historical,2
brill,2
damage,2
base,2
type,2
advances,2
forms,2
torque,2
do,2
beginning,2
distortions,2
chinese,2
cultural,2
poverty,2
what,2
secular,2
context,2
cannot,2
particular,2
plaster,2
absolute,2
beta,2
style,2
structure,2
while,2
constructing,2
determine,2
criteria,2
great,2
require,2
early,2
produce,2
bombardment,2
information,2
almost,2
transmutation,2
readily,2
marked,2
stimulated,2
minute,2
ovens,2
reaching,2
marking,2
phenomena,2
fluctuation,2
range,2
above,2
chronologies,2
obvious,2
far,2
atmospheric,2
particles,2
geographical,2
lies,2
significant,2
expression,2
during,2
place,2
approach,2
construct,2
bc,2
et,2
throughout,2
were,2
susceptible,2
middle,2
considerable,2
employed,2
formation,2
theoretical,2
declination,2
universally,2
surface,2
errors,2
chemical,2
general,2
mass,2
although,2
radioactivity,2
chronology,2
caused,2
would,2
below,2
cf,2
so,2
high,2
curve,2
probabilities,2
chronometrics,2
heat,2
ingested,2
concerning,2
back,2
causing,2
architectural,2
etruscan,2
figure,2
oxford,2
uranium,2
suitable,2
bristlecone,2
effective,2
britain,2
effect,2
philip,2
always,2
electric,2
occur,2
journal,2
cosmic,2
understood,2
hardly,2
dates,2
emitted,2
reheating,2
rates,2
major,2
increase,2
solar,1
petra,1
ranging,1
alternating,1
difficult,1
wallpaintings,1
alpha,1
fleming,1
therefore,1
pertaining,1
layered,1
led,1
relationship,1
modification,1
seismographic,1
situation,1
geochronology,1
backward,1
played,1
matter,1
detected,1
residual,1
errorproducing,1
card,1
later,1
kenneth,1
crucial,1
substances,1
l,1
action,1
growth,1
tion,1
suspended,1
shortterm,1
volumetric,1
colombian,1
electrically,1
naturally,1
practical,1
quantified,1
comparative,1
concern,1
represent,1
begin,1
trials,1
wait,1
relaxation,1
remagnetizajournal,1
classic,1
introductions,1
levels,1
insufficient,1
fifty,1
rapid,1
bulletin,1
demagnetize,1
mean,1
hammond,1
etc,1
associated,1
speculate,1
solute,1
converted,1
whatever,1
seen,1
extends,1
fossil,1
considerably,1
collision,1
commenced,1
supplement,1
per,1
libbey,1
remanent,1
clays,1
professor,1
everybody,1
sequences,1
volcanic,1
group,1
reflection,1
la,1
covering,1
neat,1
disintegration,1
life,1
special,1
specific,1
oakley,1
analysis,1
tend,1
white,1
referent,1
cases,1
mexico,1
rays,1
animals,1
patches,1
control,1
formed,1
magnification,1
farther,1
elapsed,1
true,1
ones,1
means,1
sevilla,1
walker,1
orient,1
determination,1
definable,1
served,1
suited,1
seience,1
acquisition,1
nor,1
pressures,1
investigate,1
detectable,1
better,1
enough,1
assure,1
experimentation,1
ash,1
berger,1
varying,1
consider,1
water,1
locally,1
ringcounting,1
latitude,1
geneological,1
neither,1
enigma,1
cycles,1
nitrogen,1
acquired,1
ancient,1
geer,1
literary,1
processing,1
occurred,1
iggs,1
magnitude,1
mildly,1
total,1
fagg,1
light,1
expressed,1
oriented,1
just,1
culture,1
growing,1
magnetite,1
bp,1
n,1
dominate,1
traces,1
reviewed,1
invalidating,1
knapped,1
hydration,1
establishing,1
circumstances,1
uniradiated,1
measurements,1
flints,1
containing,1
show,1
dendrochronological,1
begins,1
potential,1
noted,1
recovered,1
magnetometers,1
continues,1
frameworks,1
thorium,1
ingestion,1
freed,1
precise,1
beyond,1
directions,1
faster,1
us,1
delivery,1
willard,1
mathematically,1
seientifie,1
baked,1
cooled,1
degrees,1
electrical,1
alia,1
utah,1
box,1
regeneration,1
interests,1
destructive,1
newly,1
internal,1
palaeoclimatology,1
palaeoclimate,1
dominant,1
spontaneous,1
originally,1
helped,1
name,1
give,1
geochronological,1
important,1
usher,1
know,1
toward,1
eds,1
again,1
death,1
approaching,1
dated,1
appear,1
varies,1
history,1
each,1
added,1
many,1
working,1
routine,1
missing,1
analytical,1
supplied,1
cultures,1
limited,1
my,1
different,1
seconds,1
longer,1
ceramic,1
extraction,1
identifying,1
location,1
available,1
melloni,1
industry,1
stratigraphic,1
twenty,1
areas,1
could,1
compasses,1
broken,1
examination,1
together,1
mineral,1
signielcance,1
brick,1
cultureand,1
called,1
strength,1
elt,1
determines,1
magnetometer,1
p,1
timing,1
seven,1
follows,1
really,1
ranges,1
correlations,1
diverse,1
link,1
ocean,1
surfaces,1
molecular,1
intrusive,1
coddled,1
discharges,1
gestalt,1
minutes,1
figurines,1
successors,1
take,1
emerge,1
listing,1
eat,1
iitephrochronology,1
zero,1
discussed,1
achieved,1
spinning,1
correlates,1
physies,1
fresh,1
glacial,1
wall,1
inter,1
incoherently,1
living,1
viscous,1
vegetation,1
acquiring,1
anthropologist,1
transit,1
ideally,1
academic,1
outside,1
hui,1
underside,1
further,1
greeted,1
intervening,1
animal,1
v,1
outlook,1
situ,1
extract,1
pine,1
born,1
decried,1
invalid,1
manner,1
discipline,1
somewhat,1
ancients,1
war,1
extracted,1
cooling,1
induced,1
purposes,1
existing,1
indirect,1
treat,1
mixing,1
whether,1
absorption,1
less,1
see,1
system,1
criterion,1
tell,1
making,1
datable,1
wherein,1
plants,1
employs,1
evaluation,1
containers,1
sciences,1
placed,1
thermal,1
emiliani,1
timelinked,1
calculations,1
dries,1
archaeologys,1
perform,1
nueva,1
foreshadowed,1
strains,1
pleistocene,1
theory,1
required,1
ceased,1
detectors,1
instrumented,1
anthropologists,1
problem,1
wintle,1
encased,1
content,1
weathered,1
going,1
facsimiles,1
encountered,1
influenced,1
hacilar,1
agriculture,1
realize,1
sites,1
enrichment,1
proportionate,1
regarding,1
bronzes,1
directly,1
local,1
chosen,1
account,1
ecologyrelated,1
discrepancies,1
ideal,1
microscopic,1
line,1
danish,1
infant,1
discussion,1
soils,1
object,1
suitability,1
vessels,1
lost,1
rocks,1
initial,1
background,1
urey,1
grossly,1
reversed,1
fie,1
seientist,1
level,1
frenchman,1
limitations,1
iimagnetic,1
dioxide,1
extrapolated,1
disintegrate,1
tsc,1
bray,1
neutrons,1
systematics,1
deposits,1
unalterable,1
thellier,1
markings,1
extending,1
beach,1
despite,1
quantity,1
apparent,1
role,1
foolproof,1
along,1
emissions,1
comment,1
representing,1
correlation,1
bandi,1
concentrating,1
experience,1
radiation,1
step,1
holocaust,1
assumptions,1
hazily,1
parameters,1
broader,1
manhattan,1
substance,1
categories,1
count,1
older,1
palynology,1
refined,1
substantially,1
postulated,1
much,1
blocking,1
inferences,1
colonial,1
diversity,1
phenomenon,1
bellan,1
mention,1
wherever,1
people,1
tons,1
aside,1
relevance,1
actually,1
remove,1
hwang,1
conditions,1
involve,1
actual,1
seepage,1
precision,1
device,1
continue,1
subsumed,1
freshly,1
come,1
variety,1
bishop,1
reflect,1
committee,1
lithic,1
nuclei,1
inert,1
constancy,1
southwestern,1
ultimately,1
project,1
yotoco,1
pattern,1
artifact,1
birth,1
cycle,1
low,1
development,1
discovered,1
sherd,1
terracotta,1
three,1
ordered,1
quest,1
decrease,1
weeks,1
abused,1
sampled,1
howeverj,1
baking,1
sensitivity,1
de,1
feature,1
deelnition,1
mode,1
xylem,1
makes,1
interest,1
tool,1
cores,1
contributed,1
solution,1
individual,1
times,1
include,1
physics,1
allowed,1
correct,1
hang,1
length,1
followed,1
direct,1
constituent,1
constructed,1
manufacture,1
complex,1
plant,1
completed,1
things,1
glass,1
century,1
values,1
involving,1
pinus,1
subtraction,1
obtained,1
stages,1
contamination,1
counted,1
glaze,1
attempted,1
disadvantage,1
priority,1
after,1
unity,1
applicable,1
standard,1
annealed,1
iddle,1
settlement,1
expressing,1
lose,1
typology,1
permitting,1
developments,1
around,1
late,1
underlying,1
practiced,1
americas,1
strict,1
pyddoke,1
favored,1
balls,1
inclination,1
ignore,1
mounting,1
few,1
having,1
vessel,1
crusts,1
structural,1
ls,1
photosynthesize,1
vector,1
assumed,1
actions,1
sense,1
suggested,1
presence,1
ballistic,1
occurs,1
hand,1
ancestors,1
geographically,1
excavations,1
usual,1
telling,1
except,1
insistent,1
pontic,1
obsidian,1
availability,1
enthusiastically,1
annual,1
unbroken,1
nok,1
tracks,1
y,1
probably,1
terrace,1
valley,1
entire,1
given,1
calendars,1
adopted,1
contemporaneity,1
reconciling,1
themselves,1
heir,1
poured,1
poorly,1
lolff,1
strong,1
among,1
hsien,1
technological,1
establishment,1
eye,1
recent,1
compass,1
provenance,1
appropriate,1
assists,1
value,1
evidence,1
basically,1
quarter,1
gross,1
recur,1
stored,1
inform,1
goksu,1
unrelated,1
rest,1
close,1
metric,1
offspring,1
arizona,1
tephrochronology,1
seemed,1
parastatic,1
geosphysical,1
minerals,1
azan,1
