WORDCOUNTS,WEIGHT
the,131
of,102
and,92
in,57
a,41
archaeology,33
by,32
to,32
this,20
is,18
from,16
university,14
archaeological,14
for,13
new,12
on,11
ancient,10
boston,10
book,9
i,9
an,8
at,7
their,7
r,7
as,7
site,6
hardback,6
e,6
studies,6
study,6
edited,6
with,6
that,6
john,6
cloth,6
art,6
field,6
it,5
l,5
h,5
volume,5
are,5
sampling,5
available,5
paperback,5
illus,5
region,5
which,5
editor,5
peter,5
social,5
journal,5
classic,4
detailed,4
one,4
index,4
but,4
w,4
first,4
archaeologists,4
published,4
offers,4
m,4
j,4
paper,4
survey,4
cultural,4
michael,4
maya,4
well,4
sites,4
information,4
richard,4
subscription,4
ritual,4
use,4
editorial,4
office,4
cambridge,4
g,4
provides,4
be,4
james,4
world,4
recent,4
will,3
f,3
color,3
york,3
islands,3
monuments,3
olmec,3
center,3
mesoamerica,3
american,3
religious,3
methods,3
analysis,3
essays,3
also,3
or,3
excavation,3
history,3
into,3
presents,3
mary,3
only,3
more,3
other,3
power,3
address,3
anthropological,3
all,3
winter,3
joyce,3
current,3
report,3
out,3
how,3
mesoamerican,3
edition,3
reviews,3
theory,3
number,3
urban,3
work,3
douglas,3
bibliography,3
range,3
maritime,3
discusses,3
gender,3
pilgrimage,3
comprehensive,3
contributors,3
david,3
period,3
thomas,3
research,3
texas,3
greek,3
brian,2
applications,2
second,2
essential,2
mexico,2
his,2
moche,2
tropics,2
postage,2
environmental,2
introduction,2
visual,2
b,2
offerings,2
about,2
museum,2
arts,2
prehistory,2
times,2
stephen,2
statistical,2
was,2
telephone,2
lowland,2
complete,2
culture,2
fax,2
must,2
illustrated,2
most,2
manual,2
athens,2
extensive,2
regional,2
peru,2
considers,2
stark,2
sciences,2
human,2
civilization,2
important,2
over,2
request,2
s,2
fundamental,2
societies,2
style,2
moon,2
great,2
p,2
time,2
ogy,2
schwartz,2
outside,2
investigations,2
photography,2
context,2
ad,2
british,2
side,2
record,2
ford,2
manuscripts,2
manuals,2
inca,2
technical,2
perez,2
understanding,2
data,2
prehispanic,2
middle,2
through,2
geographical,2
its,2
techniques,2
elizabeth,2
place,2
andrew,2
our,2
were,2
southwestern,2
fieldwork,2
argues,2
significance,2
clear,2
insights,2
have,2
national,2
le,2
developments,2
clark,2
ships,2
several,2
casas,2
k,2
massachusetts,2
v,2
pueblo,2
gould,2
than,2
sun,2
quarterly,2
evidence,2
society,2
grandes,2
scowlitz,1
nicholas,1
model,1
celtiberian,1
ranging,1
anita,1
haas,1
van,1
laura,1
carried,1
worldview,1
critical,1
not,1
now,1
orton,1
barbara,1
he,1
rothschild,1
dolores,1
clovis,1
o,1
varien,1
arc,1
kowalski,1
clive,1
today,1
perspectives,1
terrific,1
no,1
ims,1
materials,1
bukk,1
mesa,1
architecture,1
testimony,1
provide,1
concerned,1
scientific,1
camp,1
been,1
archaeoli,1
dmitri,1
main,1
vision,1
rights,1
maps,1
ibz,1
functional,1
program,1
pottery,1
subject,1
support,1
warwick,1
trustees,1
en,1
description,1
curtis,1
benson,1
borrowing,1
transition,1
jane,1
coastal,1
presentation,1
institutions,1
connection,1
oscar,1
lost,1
completely,1
fron,1
zeidler,1
formative,1
analyzes,1
harry,1
manuscript,1
distributed,1
interactions,1
importantly,1
compositional,1
copan,1
contents,1
area,1
deals,1
derived,1
hester,1
coverage,1
serial,1
veronica,1
gallery,1
special,1
rank,1
cave,1
spectacular,1
roberto,1
single,1
verde,1
designed,1
sailors,1
displayed,1
diblasi,1
guide,1
repertory,1
paleolithic,1
frontier,1
settlement,1
communities,1
authority,1
paradis,1
wendy,1
ology,1
sets,1
managing,1
types,1
mexican,1
fascinating,1
means,1
approaches,1
walker,1
examine,1
runggaldier,1
lives,1
jonathan,1
maureen,1
changes,1
divers,1
dana,1
marginal,1
cyclical,1
arclhaeogy,1
modern,1
cambmdge,1
ities,1
conservation,1
assad,1
want,1
photographs,1
technology,1
commonweath,1
chronologically,1
definitive,1
greeks,1
claims,1
diachronic,1
management,1
doing,1
stefan,1
duncan,1
included,1
une,1
commonwealth,1
branch,1
then,1
infrastructure,1
ordered,1
warren,1
section,1
director,1
just,1
material,1
growing,1
dorrell,1
orfrom,1
n,1
dena,1
lowlands,1
blade,1
alexia,1
bruce,1
series,1
sellet,1
al,1
focusing,1
du,1
upper,1
contexts,1
ournal,1
geraldine,1
cutting,1
experience,1
alta,1
mixtequilla,1
voltume,1
underwater,1
additional,1
y,1
albuquerque,1
sacrifice,1
exposition,1
paleolithique,1
lyons,1
inference,1
physical,1
temporal,1
please,1
supported,1
explicate,1
rather,1
text,1
symbol,1
archeological,1
press,1
archae,1
paul,1
typesetting,1
founding,1
colorado,1
give,1
mark,1
isotopes,1
might,1
drawing,1
dixon,1
natural,1
view,1
revealing,1
jeu,1
dc,1
state,1
mcgill,1
advanced,1
conquest,1
rosemary,1
shipwrecks,1
addition,1
many,1
working,1
tie,1
nature,1
analytical,1
stelae,1
cultures,1
ou,1
santos,1
friendly,1
prehistoric,1
olivier,1
principles,1
areas,1
board,1
copy,1
heredia,1
twenty,1
explores,1
scientifically,1
daily,1
inherent,1
printed,1
environmi,1
faunal,1
puritan,1
stanish,1
aeo,1
naissance,1
extended,1
ambitious,1
post,1
effort,1
centers,1
verenice,1
swca,1
particularly,1
drama,1
studied,1
classical,1
demands,1
sunyalbany,1
newsome,1
journals,1
skill,1
fellows,1
austin,1
newi,1
linda,1
pillsbury,1
debates,1
contemporary,1
perdu,1
before,1
legacy,1
considerable,1
help,1
there,1
c,1
feature,1
fresh,1
wall,1
last,1
edge,1
kozlowski,1
date,1
mastercard,1
waterborne,1
following,1
monographs,1
concepts,1
present,1
hampshire,1
robert,1
dincauze,1
sens,1
political,1
bauer,1
wit,1
scholarly,1
neolithique,1
alike,1
institute,1
communl,1
attica,1
ental,1
within,1
literature,1
unique,1
accepted,1
tools,1
whether,1
unearthing,1
karl,1
residential,1
recently,1
produced,1
photographers,1
ast,1
flageolet,1
references,1
alana,1
case,1
council,1
particular,1
sw,1
proche,1
rubber,1
practice,1
house,1
andi,1
cristi,1
alfred,1
basketry,1
explore,1
behavioral,1
reconstructing,1
shafer,1
metropolitan,1
protoclassic,1
donny,1
books,1
mathematics,1
hamilton,1
wiseman,1
extent,1
wide,1
bookstores,1
her,1
possibility,1
hutcheson,1
advisory,1
handsome,1
draw,1
wesolowsky,1
ecology,1
nicole,1
improve,1
require,1
addresses,1
agenda,1
video,1
years,1
periodical,1
account,1
lynette,1
development,1
tltc,1
some,1
recommended,1
jameson,1
microscopic,1
technologies,1
nordic,1
kathleen,1
used,1
vast,1
discussion,1
international,1
periodicals,1
subscriptions,1
examples,1
abstracts,1
cantwell,1
avery,1
made,1
carinates,1
upon,1
carry,1
measuring,1
careful,1
professor,1
paradise,1
formal,1
steve,1
granado,1
postclassic,1
jeff,1
lake,1
compelling,1
user,1
city,1
civilisation,1
resources,1
elucidate,1
berman,1
sufficiently,1
hays,1
role,1
dizerega,1
sixteenth,1
giving,1
tjeerd,1
disciplines,1
analyzing,1
gulf,1
artifacts,1
enduring,1
sweep,1
implications,1
overview,1
masterful,1
warfare,1
hundred,1
citation,1
database,1
sand,1
during,1
leblanc,1
has,1
rustler,1
inferences,1
demonstrates,1
using,1
framework,1
exceptionally,1
canyon,1
mineralogical,1
relevance,1
aztec,1
representation,1
au,1
ricardo,1
aspect,1
regarding,1
central,1
bc,1
goal,1
mixteca,1
phase,1
individuals,1
includes,1
accessible,1
jade,1
orient,1
raising,1
review,1
aurenche,1
frederic,1
wilshusen,1
connected,1
institution,1
until,1
students,1
archaeolo,1
recording,1
stanford,1
rulership,1
cycle,1
status,1
electronic,1
inabstracts,1
elia,1
pring,1
donald,1
authors,1
grew,1
hierarchy,1
publication,1
aided,1
express,1
washington,1
arkansas,1
essay,1
authoritative,1
interpret,1
creating,1
issn,1
joanne,1
excavated,1
patricia,1
individual,1
relations,1
ibr,1
architectural,1
stela,1
excavations,1
change,1
define,1
d,1
pllgritmniagc,1
shared,1
usa,1
andes,1
need,1
collins,1
schele,1
sacrificial,1
ability,1
trees,1
states,1
natasha,1
century,1
lli,1
visa,1
france,1
antiquity,1
obtained,1
mountain,1
submissions,1
karol,1
order,1
peruvian,1
deborah,1
steven,1
anyone,1
earlier,1
catalog,1
leading,1
preservation,1
cahill,1
liam,1
lucas,1
contributions,1
old,1
around,1
diggers,1
elegantly,1
spanish,1
castile,1
soil,1
foster,1
charles,1
problems,1
wider,1
erected,1
systems,1
body,1
charlotte,1
between,1
wason,1
columbia,1
archaeologica,1
eloquent,1
houses,1
editors,1
dramatic,1
rila,1
climate,1
interpretations,1
latest,1
scott,1
hills,1
titicaca,1
henry,1
gotham,1
cook,1
deposits,1
hongrie,1
vancouver,1
coast,1
philip,1
publications,1
undersea,1
adams,1
norman,1
major,1
seeking,1
magnetism,1
paleoecology,1
including,1
substantial,1
ethnohistory,1
cosmology,1
vincent,1
application,1
white,1
spain,1
southwest,1
copyright,1
proulx,1
reserved,1
describes,1
paid,1
correspondence,1
astrid,1
technological,1
landmark,1
charlene,1
traditions,1
kidder,1
copiously,1
florida,1
appropriate,1
discoveries,1
bonafide,1
should,1
delineate,1
broader,1
willey,1
sandra,1
questions,1
diana,1
sent,1
pillars,1
paleobotany,1
la,1
bines,1
impressions,1
rates,1
gordon,1
widely,1
household,1
embraces,1
poorly,1
moore,1
manuel,1
