WORDCOUNTS,WEIGHT
the,405
and,151
of,147
a,97
to,84
in,77
was,60
for,42
with,41
were,41
district,35
that,30
saskatchewan,28
an,26
be,25
as,24
on,24
indian,22
this,22
site,21
by,21
chiefs,21
burial,21
at,20
not,20
burials,20
archaeological,18
are,17
issue,17
government,16
no,15
their,15
from,15
is,14
or,14
community,13
property,13
provincial,13
all,12
heritage,11
these,11
archaeology,11
any,10
two,10
which,10
foundation,10
canadian,10
act,9
developers,9
one,9
archaeologists,9
had,9
hrb,9
removal,9
ft,8
out,8
discovery,8
its,8
skeletal,8
such,8
area,8
would,8
cemetery,8
it,7
if,7
they,7
walker,7
mission,7
position,7
management,7
into,7
culture,7
other,7
time,7
while,7
work,7
human,7
scr,7
remains,7
construction,6
recreation,6
then,6
senior,6
located,6
resolution,6
more,6
interests,6
courthouse,6
very,6
both,6
resources,6
became,6
during,6
individual,6
media,6
policy,6
meeting,6
will,5
now,5
fort,5
town,5
later,5
e,5
began,5
he,5
under,5
university,5
lessons,5
regina,5
but,5
department,5
did,5
could,5
found,5
new,5
historical,5
further,5
native,5
number,5
being,5
individuals,5
relocation,5
project,5
excavated,5
land,5
physical,5
involving,5
spurling,5
those,5
we,5
should,5
without,4
television,4
church,4
religious,4
months,4
canada,4
park,4
established,4
following,4
materials,4
graveyard,4
most,4
first,4
additional,4
officials,4
appeared,4
report,4
state,4
half,4
discussed,4
minister,4
situ,4
where,4
within,4
forum,4
representatives,4
public,4
injunction,4
another,4
day,4
local,4
some,4
possible,4
historic,4
visited,4
field,4
need,4
left,4
among,4
court,4
society,4
appeal,3
may,3
units,3
recognized,3
implications,3
matter,3
his,3
scientific,3
indicated,3
across,3
developed,3
stop,3
plans,3
order,3
who,3
remaining,3
importance,3
southern,3
american,3
analysis,3
anthropology,3
small,3
associated,3
made,3
indians,3
dispute,3
increasingly,3
concerned,3
news,3
stated,3
important,3
paper,3
lack,3
consent,3
judge,3
grave,3
changed,3
events,3
take,3
there,3
encountered,3
options,3
anthropologist,3
hand,3
what,3
smallpox,3
population,3
ernest,3
firm,3
well,3
sites,3
future,3
intention,3
carry,3
epidemic,3
met,3
given,3
including,3
despite,3
end,3
lesson,3
policies,3
recovery,3
prepared,3
cemeteries,3
ultimately,3
until,3
described,3
week,3
own,3
since,3
directed,3
have,3
permit,3
g,3
excavations,3
summer,3
affairs,3
after,3
settlement,3
involved,3
several,3
especially,3
problems,3
between,3
point,3
early,3
annual,3
archaeologist,3
valley,3
story,3
journal,3
general,3
conference,3
ca,3
major,3
contacted,3
nations,2
subsequently,2
courts,2
carried,2
seventh,2
go,2
various,2
been,2
groups,2
how,2
active,2
seen,2
determining,2
yet,2
police,2
executive,2
hester,2
mounted,2
preservation,2
study,2
responsible,2
discoveries,2
reinforce,2
elapsed,2
meet,2
represents,2
firms,2
premier,2
financial,2
purchased,2
considered,2
oppose,2
signed,2
western,2
royal,2
submitted,2
necessary,2
before,2
section,2
same,2
result,2
peoples,2
weekend,2
must,2
containing,2
social,2
compensation,2
here,2
set,2
outcome,2
might,2
death,2
over,2
condominium,2
ministerial,2
intensive,2
pipes,2
nature,2
parties,2
prehistoric,2
outside,2
access,2
lawyers,2
key,2
treatment,2
included,2
cbc,2
escalation,2
down,2
consulting,2
school,2
brian,2
demographic,2
glazed,2
developer,2
i,2
achieved,2
serious,2
assessment,2
question,2
late,2
turned,2
interviewed,2
do,2
tv,2
ground,2
political,2
buried,2
impact,2
unique,2
rose,2
see,2
british,2
deliberations,2
material,2
plains,2
spiritual,2
controversy,2
has,2
practices,2
shenkel,2
remained,2
remove,2
when,2
w,2
understanding,2
data,2
sioux,2
satisfied,2
information,2
analyzed,2
dr,2
part,2
city,2
july,2
previously,2
mortuary,2
press,2
ruling,2
reburial,2
precipitated,2
discussions,2
place,2
granted,2
accidental,2
people,2
issues,2
learned,2
interments,2
recovered,2
resolved,2
throughout,2
surrounding,2
immediate,2
assembly,2
clear,2
discovered,2
escalated,2
against,2
agreement,2
group,2
broadcast,2
held,2
working,2
period,2
little,2
assured,2
defined,2
consensus,2
direction,2
interim,2
concerning,2
advisors,2
although,2
removed,2
requires,2
temporary,2
withdrew,2
reburied,2
become,2
pending,2
arranged,2
shallow,2
publicarchaeology,2
results,2
immediately,2
recent,2
regulations,2
professional,2
adult,2
controversial,2
asked,2
built,2
attention,2
law,2
valuable,2
decision,2
rift,1
tourists,1
unlikely,1
dealing,1
exhumation,1
manitoba,1
insofar,1
freedoms,1
rights,1
commensurate,1
happen,1
parklands,1
tests,1
favoring,1
shovel,1
autumn,1
relationship,1
fueled,1
excajournal,1
second,1
adversarial,1
situation,1
business,1
encountering,1
today,1
contracting,1
perspectives,1
positions,1
manager,1
constrained,1
changing,1
crerar,1
fairly,1
bringing,1
journey,1
provide,1
bureaucrats,1
harden,1
meaning,1
identified,1
action,1
economic,1
cedar,1
quickly,1
federal,1
main,1
redesign,1
merit,1
short,1
effects,1
ministerially,1
box,1
separately,1
spill,1
remain,1
comparative,1
represent,1
judging,1
publicarchadology,1
afterwards,1
per,1
fisher,1
govern,1
levels,1
findings,1
devine,1
resumed,1
male,1
elder,1
responded,1
process,1
published,1
returning,1
lost,1
awarding,1
exerts,1
precedential,1
views,1
douglas,1
still,1
above,1
flexed,1
introduction,1
litigation,1
organization,1
force,1
intervention,1
returned,1
heard,1
associate,1
jerome,1
president,1
experiences,1
face,1
similar,1
peril,1
told,1
center,1
try,1
least,1
disputants,1
conflicts,1
life,1
pathologies,1
special,1
positive,1
often,1
putative,1
spared,1
deputy,1
allegedly,1
prime,1
lawyer,1
advised,1
feel,1
united,1
awareness,1
contributing,1
apolitical,1
respect,1
sets,1
brought,1
ninth,1
managing,1
h,1
opinions,1
instances,1
emerging,1
occupies,1
examined,1
opportunities,1
actions,1
disinterment,1
treaty,1
studies,1
interment,1
mounds,1
conform,1
association,1
benefits,1
soon,1
ensuing,1
female,1
meant,1
seeing,1
former,1
prehistory,1
decade,1
missionaries,1
rebury,1
apprised,1
bench,1
neither,1
committee,1
resolute,1
defendant,1
presents,1
assent,1
occurred,1
curious,1
watchword,1
contributions,1
dated,1
branch,1
elsewhere,1
nightly,1
k,1
proposed,1
historian,1
curiosity,1
remedy,1
induced,1
po,1
attractiveness,1
series,1
conclusion,1
variety,1
redesigning,1
michael,1
al,1
argued,1
determine,1
focusing,1
factionalization,1
dwindled,1
solid,1
situations,1
age,1
experience,1
emotional,1
initiative,1
congenital,1
file,1
swept,1
said,1
common,1
resource,1
reversing,1
piles,1
symbolic,1
only,1
scrutiny,1
indicate,1
precise,1
avoided,1
requested,1
satisfactory,1
skeletons,1
exact,1
us,1
constructed,1
generally,1
termination,1
charter,1
charles,1
alteration,1
davis,1
cost,1
specifically,1
undisturbed,1
discipline,1
rather,1
painful,1
disposition,1
colleagues,1
june,1
favorable,1
lewis,1
ossuary,1
equipment,1
archeological,1
useful,1
acquired,1
achieving,1
derives,1
interested,1
repose,1
connected,1
ripping,1
accorded,1
reticence,1
frederick,1
attempts,1
opinion,1
dug,1
preference,1
excavation,1
others,1
necessarily,1
undertook,1
view,1
available,1
initially,1
responsibilities,1
put,1
allow,1
disappeared,1
worked,1
control,1
image,1
each,1
sure,1
taking,1
england,1
cottagers,1
greater,1
j,1
maintains,1
headquarters,1
lobby,1
moving,1
closely,1
archival,1
confirmed,1
incomplete,1
hearing,1
shows,1
company,1
confirmatory,1
identifying,1
sooner,1
seem,1
believe,1
agenda,1
commemorative,1
best,1
unknown,1
advantage,1
pressure,1
designating,1
conflict,1
print,1
leased,1
daily,1
potentially,1
hands,1
great,1
predated,1
impractical,1
typical,1
heavy,1
visiting,1
disturbed,1
post,1
origin,1
children,1
together,1
able,1
ar,1
service,1
john,1
goods,1
jeopardized,1
contemporary,1
doubt,1
real,1
assistance,1
considerable,1
complete,1
governing,1
feature,1
ancestry,1
bony,1
current,1
m,1
bands,1
acquiring,1
limp,1
places,1
academic,1
behind,1
sent,1
dominion,1
believed,1
adjacent,1
pro,1
quietly,1
present,1
coffins,1
seriousness,1
contact,1
alton,1
increases,1
sympathetically,1
effective,1
due,1
silence,1
ideological,1
eventuality,1
corporation,1
discuss,1
receiving,1
confined,1
effect,1
stoppages,1
existing,1
combined,1
province,1
relevant,1
terms,1
sq,1
contracted,1
persons,1
posts,1
ratify,1
cause,1
interview,1
references,1
rebellion,1
confrontation,1
want,1
particular,1
involvement,1
lines,1
cover,1
tim,1
standstill,1
otherwise,1
proceed,1
placed,1
ed,1
agencies,1
swells,1
maintain,1
cabinet,1
jane,1
forthcoming,1
passed,1
procedures,1
overall,1
guidance,1
central,1
deep,1
availability,1
hamilton,1
plaintiffs,1
sell,1
extent,1
professionals,1
widespread,1
understandably,1
ironed,1
advice,1
motion,1
adverse,1
sought,1
going,1
possibility,1
commander,1
world,1
coin,1
influenced,1
consisting,1
receive,1
because,1
expensive,1
aspects,1
exhumed,1
ties,1
recency,1
trade,1
interpreting,1
suspended,1
account,1
original,1
observations,1
announced,1
agreed,1
followed,1
development,1
suggests,1
basis,1
remote,1
watched,1
stance,1
cooperation,1
enforcement,1
contain,1
situated,1
artifacts,1
encounter,1
size,1
discussion,1
profile,1
measures,1
disease,1
permitted,1
residents,1
examples,1
injunctions,1
mutual,1
flamboyant,1
completed,1
objected,1
richard,1
presented,1
values,1
professor,1
wearing,1
descendant,1
jfa,1
prompted,1
scaled,1
conflictive,1
abnormalities,1
conclude,1
say,1
presiding,1
hundreds,1
territories,1
surrendered,1
training,1
example,1
fur,1
apparent,1
ministers,1
along,1
negotiation,1
tabled,1
anglican,1
enter,1
ac,1
journals,1
comments,1
contract,1
restoration,1
intended,1
ten,1
sitting,1
analyzing,1
minimum,1
consistency,1
forged,1
significant,1
approve,1
year,1
use,1
missionary,1
continuance,1
tissues,1
fit,1
entry,1
largely,1
administers,1
federation,1
partly,1
engaging,1
hudson,1
guided,1
thin,1
exist,1
winning,1
protracted,1
ethnic,1
processes,1
build,1
expressed,1
like,1
engaged,1
accommodate,1
retaining,1
protesting,1
et,1
mentions,1
forces,1
national,1
ceremonies,1
legal,1
weekly,1
away,1
halted,1
repository,1
office,1
newspaper,1
than,1
employed,1
complicated,1
dating,1
bidding,1
single,1
endorsed,1
bid,1
dying,1
resort,1
commercial,1
argument,1
dakota,1
difficulties,1
years,1
authorized,1
received,1
attest,1
advisory,1
edification,1
intensified,1
sensitizing,1
lakes,1
frustrated,1
authors,1
communicated,1
c,1
stakes,1
peripheral,1
publication,1
traders,1
grant,1
citing,1
points,1
arkansas,1
aware,1
finally,1
lifted,1
crisis,1
wish,1
expeditions,1
workers,1
documentation,1
beneficial,1
caution,1
staple,1
known,1
needed,1
polly,1
started,1
issued,1
d,1
cultural,1
three,1
overemphasize,1
direct,1
responsibility,1
administrator,1
states,1
resolving,1
protest,1
relating,1
next,1
you,1
prosperous,1
obtained,1
politically,1
kind,1
forming,1
off,1
uninfluenced,1
proximity,1
elders,1
hold,1
squarely,1
owned,1
standard,1
cases,1
claims,1
expired,1
clay,1
decided,1
event,1
elements,1
nor,1
construct,1
around,1
duane,1
forensic,1
archaic,1
bulldozer,1
quick,1
graveyards,1
bay,1
honourable,1
frustrating,1
needs,1
influence,1
graves,1
ignore,1
mounting,1
few,1
pregnant,1
settled,1
article,1
formal,1
region,1
removing,1
arrange,1
conscientiously,1
six,1
compounded,1
presence,1
stake,1
km,1
research,1
themselves,1
allowing,1
convey,1
large,1
essentially,1
disinterments,1
relocating,1
twice,1
anderson,1
negotiate,1
tended,1
methodological,1
regular,1
funds,1
frozen,1
can,1
jacqueline,1
networks,1
died,1
beads,1
departmental,1
patience,1
sanguine,1
seeking,1
up,1
through,1
probably,1
also,1
plaintiff,1
raised,1
preserving,1
attracted,1
benchmark,1
much,1
staff,1
details,1
exchanging,1
uncertainties,1
saw,1
discretionary,1
vated,1
delay,1
jail,1
conveyed,1
catechist,1
protects,1
provided,1
rcmp,1
informed,1
shifted,1
am,1
settle,1
close,1
albeit,1
awaiting,1
manner,1
widely,1
activities,1
metric,1
subordinate,1
justice,1
seemed,1
traumatic,1
interlocutory,1
commemorating,1
