WORDCOUNTS,WEIGHT
the,172
of,105
and,98
in,83
to,55
a,51
is,28
roman,27
as,26
survey,25
for,24
by,18
on,18
it,17
that,15
mediterranean,15
be,15
with,13
more,13
not,12
are,12
from,12
barker,11
such,11
at,10
regional,10
this,10
archaeological,10
landscapes,9
one,9
but,9
volume,9
which,9
have,9
or,8
its,8
an,8
keller,7
how,7
their,7
about,7
yet,7
lloyd,7
has,7
will,6
studies,6
ancient,6
also,6
projects,6
rural,6
those,6
what,6
papers,6
archaeology,6
journal,6
much,6
these,6
if,5
been,5
university,5
just,5
two,5
book,5
other,5
local,5
data,5
region,5
world,5
academic,5
press,4
now,4
landscape,4
still,4
al,4
most,4
being,4
first,4
j,4
nature,4
et,4
there,4
where,4
within,4
empire,4
publications,4
rupp,4
point,4
through,4
were,4
cambridge,4
publication,4
field,4
settlement,4
patterson,4
northern,4
should,4
may,3
note,3
various,3
rather,3
site,3
e,3
contribution,3
certain,3
supply,3
no,3
reports,3
simply,3
bar,3
surface,3
social,3
useful,3
taken,3
others,3
snodgrass,3
seem,3
could,3
international,3
john,3
far,3
works,3
somewhat,3
economy,3
reviews,3
less,3
number,3
some,3
new,3
conference,3
upon,3
city,3
italy,3
food,3
collection,3
place,3
questions,3
structures,3
our,3
three,3
would,3
back,3
between,3
can,3
monographs,3
up,3
even,3
than,3
pottery,3
preliminary,3
implicitly,2
aim,2
he,2
demand,2
variety,2
programmatic,2
his,2
across,2
mantzourani,2
comparative,2
does,2
brief,2
uplands,2
view,2
detailed,2
determining,2
they,2
population,2
volumes,2
introductory,2
mobility,2
productive,2
once,2
bintliff,2
country,2
susan,2
us,2
school,2
into,2
encourage,2
then,2
series,2
changing,2
solid,2
already,2
must,2
only,2
archaeologists,2
independent,2
especially,2
human,2
alternative,2
amphorae,2
again,2
might,2
systems,2
over,2
appear,2
trajectories,2
central,2
emerged,2
conquest,2
each,2
addition,2
towards,2
many,2
paper,2
different,2
boeotia,2
scholars,2
agrarian,2
imaginary,2
rich,2
inevitably,2
classical,2
cultivation,2
take,2
claimed,2
historical,2
achieved,2
arable,2
simple,2
m,2
merely,2
never,2
beginning,2
equally,2
particular,2
proceedings,2
form,2
british,2
case,2
separates,2
existence,2
sophisticated,2
millett,2
historians,2
property,2
explicitly,2
well,2
imperial,2
another,2
almost,2
status,2
work,2
both,2
made,2
fine,2
r,2
very,2
end,2
great,2
largely,2
samnium,2
people,2
actually,2
increasingly,2
question,2
students,2
development,2
regions,2
good,2
large,2
individual,2
so,2
attolini,2
willingness,2
next,2
you,2
effects,2
kind,2
area,2
quite,2
nor,2
least,2
several,2
observation,2
specific,2
few,2
editors,2
etruria,2
structure,2
early,2
when,2
explore,2
substantial,2
exclusively,2
progress,2
given,2
interaction,2
look,2
practically,2
results,2
among,2
we,2
here,2
famine,2
value,2
limiting,1
sa,1
admirably,1
vantage,1
model,1
summed,1
final,1
countryside,1
periods,1
oxford,1
rights,1
critical,1
undertakings,1
explanations,1
led,1
currently,1
mostly,1
noteworthy,1
likely,1
collis,1
business,1
moses,1
forces,1
minor,1
perspectives,1
matter,1
absence,1
rome,1
predicted,1
operations,1
variability,1
fairly,1
exact,1
george,1
card,1
later,1
problematic,1
los,1
economic,1
five,1
france,1
complexities,1
reassessment,1
fieldwalker,1
short,1
indeed,1
h,1
created,1
remain,1
compensate,1
pieces,1
tersely,1
lie,1
represent,1
influential,1
curtis,1
extreme,1
address,1
tide,1
appreciation,1
acknowledged,1
enjoins,1
forward,1
levels,1
playing,1
islands,1
fair,1
monumenta,1
coastal,1
presentation,1
northeast,1
lasting,1
concern,1
breath,1
sensitive,1
prove,1
represented,1
community,1
relations,1
analyzes,1
goes,1
team,1
unnerving,1
make,1
distorting,1
heard,1
designs,1
persistent,1
legal,1
rigor,1
comparability,1
interplay,1
initially,1
b,1
se,1
movement,1
tracing,1
deals,1
quantitative,1
length,1
seemingly,1
ongoing,1
contributions,1
direction,1
pages,1
makes,1
drastically,1
methods,1
complication,1
analysis,1
relationship,1
essays,1
lay,1
enthusiasms,1
towns,1
ruiz,1
sheffield,1
requiring,1
second,1
factors,1
ofroman,1
authority,1
visibility,1
ways,1
bearings,1
thought,1
swept,1
all,1
means,1
approaches,1
modified,1
done,1
imperialism,1
determination,1
face,1
easily,1
provinces,1
read,1
perceptions,1
developments,1
town,1
old,1
array,1
lycia,1
ms,1
under,1
decade,1
unnatural,1
detail,1
organization,1
justified,1
western,1
index,1
was,1
excavation,1
variable,1
unconvincing,1
disappointment,1
total,1
any,1
rightly,1
section,1
elsewhere,1
same,1
millenniumad,1
something,1
impact,1
sharply,1
thematic,1
sheer,1
eager,1
territorial,1
lament,1
version,1
reviewed,1
institutes,1
observations,1
comparison,1
enumerate,1
provocative,1
four,1
show,1
department,1
potential,1
scarcely,1
said,1
warns,1
impending,1
appears,1
frameworks,1
forgive,1
way,1
else,1
avoided,1
considers,1
lightly,1
textual,1
every,1
surge,1
perhaps,1
rp,1
name,1
s,1
jointly,1
reassuring,1
papersranging,1
technique,1
power,1
implications,1
important,1
quickly,1
faced,1
providing,1
interested,1
natural,1
locating,1
utilization,1
straightforwardly,1
disappeared,1
scrupulously,1
undeniably,1
control,1
catching,1
invokes,1
revealed,1
greater,1
diachronic,1
demographic,1
asia,1
result,1
my,1
steven,1
engaged,1
prehistoric,1
fact,1
based,1
capability,1
ceramic,1
immense,1
reach,1
rowland,1
setting,1
extent,1
innovations,1
treatment,1
europe,1
wide,1
best,1
twenty,1
areas,1
striking,1
appel,1
argue,1
milestone,1
remark,1
battery,1
explanatory,1
access,1
differences,1
scenario,1
p,1
temptation,1
attempt,1
tactic,1
icing,1
particularly,1
out,1
changed,1
metaphorical,1
crank,1
obviously,1
reveal,1
generalizations,1
keos,1
radical,1
monitoring,1
getting,1
mesoamerican,1
graeme,1
while,1
constant,1
comparable,1
subsequent,1
help,1
inland,1
discussed,1
integrate,1
proposed,1
external,1
assessment,1
term,1
advances,1
late,1
circulation,1
patterns,1
mind,1
behind,1
stand,1
consciously,1
influences,1
remarkable,1
discourse,1
political,1
surely,1
scholarly,1
alike,1
institute,1
welcome,1
numbers,1
checked,1
michigan,1
literature,1
notable,1
developing,1
cheerfiully,1
lead,1
coarse,1
unique,1
shared,1
arcadia,1
orthodoxy,1
ceramics,1
underscores,1
see,1
inquiry,1
strategies,1
issue,1
lines,1
necessary,1
grounds,1
takes,1
material,1
synchronic,1
eye,1
advocates,1
uneasily,1
hypothetical,1
promulgated,1
isbn,1
absolute,1
numerous,1
books,1
networks,1
market,1
distribution,1
directly,1
distance,1
economies,1
figuring,1
metaphor,1
correlates,1
demography,1
junk,1
outlines,1
healthy,1
alcock,1
hypothesize,1
degree,1
outstanding,1
sites,1
typographical,1
osborne,1
argues,1
balance,1
provincial,1
account,1
emphasizing,1
analyses,1
spheres,1
emphasis,1
future,1
philip,1
understanding,1
frontispiece,1
extended,1
categories,1
divided,1
advanced,1
applicationat,1
heralded,1
examples,1
radically,1
explanation,1
outline,1
richard,1
start,1
presented,1
occasionally,1
helps,1
concluding,1
hoping,1
apart,1
plaintive,1
refinement,1
story,1
reflecting,1
introduced,1
owners,1
example,1
cited,1
looking,1
mediterraneaneasily,1
undertaken,1
twinkle,1
disappointments,1
related,1
role,1
along,1
fieldwalkers,1
elite,1
spain,1
subject,1
caught,1
ten,1
lies,1
step,1
batch,1
analyzing,1
era,1
zone,1
tantalizing,1
significant,1
used,1
overview,1
fit,1
during,1
utility,1
intelligible,1
factor,1
ranks,1
inferences,1
demonstrates,1
cycladic,1
figures,1
net,1
processes,1
trend,1
gualteri,1
comprised,1
thereafter,1
varied,1
thus,1
remarks,1
call,1
romanization,1
full,1
review,1
differential,1
wild,1
employed,1
complicated,1
dating,1
ofarchaeology,1
tarraconensis,1
models,1
targeting,1
project,1
distinctive,1
commercial,1
melodramatic,1
ager,1
deceptively,1
croatia,1
years,1
manageable,1
scanning,1
quality,1
runnels,1
observed,1
since,1
illustrates,1
provoked,1
modem,1
revolve,1
relentless,1
errors,1
de,1
g,1
optimistically,1
chokes,1
points,1
d,1
millennium,1
bibliographies,1
peter,1
change,1
characteristic,1
southern,1
relatively,1
serious,1
joined,1
general,1
adopted,1
times,1
raises,1
pride,1
ratios,1
loom,1
plotting,1
successful,1
characterized,1
jeremy,1
like,1
need,1
jr,1
paperbound,1
things,1
stage,1
features,1
resolving,1
tripartite,1
integration,1
ghors,1
piece,1
forced,1
consensus,1
off,1
topos,1
anyone,1
turn,1
epoch,1
amorphous,1
provides,1
measured,1
martin,1
walking,1
around,1
jl,1
life,1
announce,1
represents,1
pathbreaking,1
places,1
perspective,1
spanish,1
depend,1
beyond,1
driving,1
problems,1
amount,1
wider,1
concerns,1
modeling,1
although,1
highly,1
prominent,1
perceived,1
mee,1
revelling,1
geographies,1
archaeologica,1
wares,1
appeared,1
mi,1
become,1
patternseither,1
research,1
met,1
decline,1
c,1
variations,1
tactics,1
latest,1
ann,1
blanton,1
single,1
avowed,1
effect,1
tended,1
methodological,1
geographical,1
obsolescence,1
compare,1
find,1
visible,1
landmark,1
greece,1
stimulating,1
present,1
raised,1
traditional,1
immediately,1
colloquium,1
empiricist,1
facile,1
recent,1
appropriate,1
evidence,1
labelled,1
develop,1
finds,1
angell,1
signifying,1
macdonald,1
greek,1
am,1
triangular,1
workings,1
bypassed,1
brevity,1
conceptually,1
backbearing,1
derogate,1
motif,1
content,1
input,1
societies,1
