WORDCOUNTS,WEIGHT
the,220
and,168
of,162
in,73
a,48
to,41
this,39
black,35
isbn,34
white,33
paper,29
archaeology,26
index,25
volume,25
from,24
new,21
cloth,21
is,20
university,20
are,19
press,19
as,18
that,18
by,17
for,17
on,16
at,15
archaeological,14
research,13
j,12
no,11
material,11
author,11
information,9
an,9
culture,8
social,8
history,8
p,8
editor,8
have,8
price,8
f,7
m,7
american,7
contributions,7
study,7
analysis,7
roman,7
evidence,7
maya,7
which,7
david,7
early,7
site,6
their,6
one,6
studies,6
w,6
first,6
provide,6
ancient,6
prehistoric,6
past,6
art,6
range,6
through,6
de,6
texas,6
series,5
s,5
other,5
color,5
john,5
state,5
cultural,5
papers,5
well,5
bibliography,5
presented,5
its,5
data,5
g,5
contributors,5
provides,5
between,5
editors,5
james,5
among,5
north,5
l,4
foreword,4
e,4
village,4
b,4
h,4
reprint,4
materials,4
regional,4
mark,4
into,4
each,4
together,4
c,4
cahokia,4
routledge,4
sites,4
original,4
r,4
conference,4
timothy,4
identity,4
collection,4
work,4
systematic,4
development,4
cambridge,4
issn,4
field,4
area,4
mochica,4
world,4
city,4
examines,4
communities,3
san,3
morgan,3
way,3
ix,3
southeast,3
with,3
ways,3
wide,3
modern,3
excavation,3
presents,3
ucko,3
mary,3
also,3
age,3
illustrated,3
most,3
xiv,3
bronze,3
lewis,3
providing,3
view,3
different,3
current,3
historical,3
rural,3
edition,3
smithsonian,3
present,3
william,3
burial,3
michael,3
references,3
map,3
public,3
america,3
institute,3
multidisciplinary,3
urban,3
artifacts,3
used,3
journal,3
crafts,3
implications,3
during,3
much,3
human,3
central,3
years,3
anasazi,3
approach,3
discussed,3
chavin,3
magic,3
change,3
symposium,3
excavations,3
jr,3
exchange,3
archaic,3
etruscan,3
interpretations,3
bryn,3
publications,3
book,3
building,3
political,3
la,3
how,3
arizona,3
society,3
survived,2
alabama,2
van,2
will,2
second,2
iroquois,2
today,2
century,2
various,2
architecture,2
linda,2
galeria,2
pompeii,2
taphonomy,2
environmental,2
order,2
findings,2
diane,2
conceived,2
hagdud,2
large,2
ceramics,2
changes,2
illustrations,2
relationship,2
essays,2
list,2
ocmulgee,2
space,2
oxford,2
nikolai,2
examined,2
susan,2
rigorous,2
technology,2
joseph,2
arlen,2
stephen,2
pampa,2
western,2
anthropological,2
specialization,2
organized,2
guillermo,2
n,2
netiv,2
monograph,2
these,2
xi,2
extensive,2
catalogue,2
t,2
peru,2
objects,2
landscape,2
more,2
sciences,2
plenum,2
french,2
subjects,2
carolyn,2
mawr,2
natural,2
all,2
character,2
nature,2
international,2
explores,2
region,2
patrick,2
survey,2
wayne,2
las,2
last,2
neolithic,2
occupation,2
what,2
aiming,2
centuries,2
ad,2
produced,2
analyses,2
cover,2
be,2
verlag,2
theory,2
merle,2
assembled,2
near,2
aspects,2
chapter,2
suggests,2
some,2
middle,2
greene,2
richard,2
upon,2
insights,2
knowledge,2
mortuary,2
indigenous,2
techniques,2
disciplines,2
discussions,2
climatic,2
contains,2
interactions,2
et,2
than,2
theoretical,2
artifact,2
such,2
authors,2
surrounding,2
peter,2
mississippian,2
individual,2
fauna,2
d,2
function,2
le,2
remains,2
late,2
magical,2
summary,2
perspective,2
concerning,2
specific,2
k,2
egypt,2
ten,2
annual,2
valley,2
technological,2
institution,2
recent,2
gubbio,2
concise,2
economic,2
mojarra,2
von,2
product,2
nicholas,1
variation,1
final,1
resolve,1
erik,1
dealing,1
four,1
justin,1
rachel,1
seventh,1
sytze,1
critical,1
seasons,1
happen,1
reliable,1
usable,1
marilyn,1
barbara,1
reflexive,1
gerald,1
innovative,1
gallia,1
enhancing,1
applications,1
struggle,1
town,1
excavationes,1
reexamine,1
ofrendas,1
practices,1
rudy,1
clarissa,1
noble,1
bringing,1
etudes,1
george,1
inhabitants,1
dm,1
science,1
polished,1
chase,1
medieval,1
anthony,1
links,1
ecological,1
usually,1
growth,1
been,1
main,1
lynn,1
synthesis,1
integrating,1
practical,1
maps,1
result,1
comparative,1
edward,1
illustration,1
palenque,1
represent,1
ascent,1
civilization,1
en,1
curtis,1
lines,1
invigorating,1
spero,1
anniversary,1
resulted,1
class,1
initiatives,1
presentation,1
urbanism,1
mound,1
brings,1
who,1
success,1
attempt,1
culminates,1
community,1
formative,1
grande,1
reconstruction,1
izumi,1
introduction,1
linnea,1
make,1
surviving,1
ceramic,1
lawrence,1
understand,1
sponsored,1
case,1
they,1
importance,1
michel,1
catalogues,1
statuses,1
lucas,1
southern,1
mesoamerica,1
complex,1
emphasizes,1
volumes,1
life,1
gallery,1
lexicon,1
jenny,1
methods,1
offerings,1
rudolph,1
dans,1
construction,1
jonathon,1
represents,1
about,1
discoveries,1
sheds,1
once,1
dorica,1
paleolithic,1
has,1
stratified,1
edited,1
elaboration,1
types,1
interpretation,1
campagnes,1
thought,1
reference,1
emerging,1
approaches,1
revealed,1
narbonensis,1
flemming,1
articles,1
fold,1
rules,1
limits,1
york,1
environment,1
happened,1
applied,1
recommended,1
precolumbian,1
franfaise,1
considerations,1
xxix,1
taphonomic,1
selectivity,1
reconstruct,1
addressed,1
les,1
claims,1
model,1
river,1
sections,1
school,1
or,1
rated,1
description,1
reflects,1
conquest,1
encourage,1
occurred,1
included,1
elisabeth,1
sketches,1
freeman,1
vivid,1
biographical,1
reshaping,1
conclusions,1
gauging,1
growing,1
xxiv,1
bp,1
reviewing,1
precinct,1
taken,1
francesco,1
civilizations,1
bruce,1
maler,1
complexity,1
argued,1
experiment,1
but,1
moyen,1
reviewed,1
glossary,1
peoples,1
subscription,1
containing,1
show,1
two,1
reports,1
fluctuations,1
paleontological,1
mesa,1
georgia,1
round,1
savannah,1
recovered,1
resource,1
highlighted,1
pace,1
informed,1
only,1
archaeologists,1
look,1
tulane,1
beyond,1
picture,1
prdhistoire,1
considers,1
physical,1
notions,1
angel,1
sources,1
modest,1
not,1
pastime,1
stark,1
carbondale,1
shops,1
arranging,1
yves,1
temple,1
support,1
organizational,1
offers,1
waselkov,1
native,1
hally,1
hilyiik,1
founding,1
originally,1
decoration,1
technique,1
regarding,1
important,1
concentrated,1
interested,1
might,1
drawing,1
rapid,1
systems,1
continental,1
reporting,1
script,1
intellectual,1
encyclopedic,1
hanns,1
kent,1
addition,1
projects,1
many,1
devoted,1
capital,1
museum,1
literary,1
commentary,1
stratification,1
analytical,1
dzibilchaltun,1
cultures,1
uses,1
gregory,1
uncovering,1
zabern,1
specialized,1
steven,1
came,1
company,1
cynthia,1
functional,1
kurjack,1
access,1
luis,1
exploration,1
contextual,1
available,1
scientists,1
scholars,1
did,1
xii,1
societies,1
relates,1
mauro,1
medicine,1
found,1
marion,1
compile,1
basin,1
plan,1
faunal,1
documents,1
marvin,1
critically,1
differences,1
emphasis,1
report,1
inquiry,1
relating,1
richly,1
then,1
effort,1
dramatic,1
centers,1
out,1
objectives,1
habitat,1
vernon,1
diverse,1
incorporation,1
sinkhole,1
brian,1
carrasco,1
privileged,1
characterizing,1
relate,1
written,1
dating,1
light,1
pioneer,1
benefit,1
contemporary,1
diet,1
glazed,1
jennifer,1
examining,1
reilly,1
radiometric,1
pictures,1
there,1
setting,1
philosophical,1
bering,1
inferences,1
february,1
rafael,1
julie,1
forms,1
academic,1
eitan,1
zooarchaeological,1
further,1
elena,1
animal,1
chiefdoms,1
monographs,1
concepts,1
paris,1
integrates,1
dorie,1
sociopolitical,1
though,1
outlines,1
covered,1
technical,1
explanations,1
signs,1
hinterland,1
redonda,1
michigan,1
german,1
wands,1
within,1
anderson,1
developing,1
proceedings,1
purposes,1
carefully,1
daniel,1
thrive,1
worldwide,1
context,1
them,1
center,1
similarities,1
terms,1
population,1
preface,1
commemorating,1
renaissance,1
less,1
strategies,1
maryland,1
students,1
particular,1
underpinnings,1
wealth,1
occasional,1
placed,1
covers,1
xvii,1
cabinet,1
artifactual,1
fieldwork,1
college,1
books,1
caracol,1
distribution,1
east,1
key,1
professionals,1
woodward,1
manuals,1
gained,1
shifts,1
reflected,1
wood,1
possibility,1
reconstructible,1
correlates,1
agriculture,1
briefly,1
discuss,1
gillian,1
studying,1
changing,1
textual,1
jack,1
smallscale,1
account,1
claiming,1
simon,1
demonstrated,1
quantities,1
basis,1
phillipp,1
virginia,1
politics,1
journals,1
mirjam,1
size,1
decipherment,1
des,1
gatherers,1
bc,1
translated,1
session,1
vessels,1
robertson,1
examples,1
martha,1
appendices,1
abstracts,1
narratives,1
comprise,1
edoardo,1
explanation,1
program,1
tucatan,1
nine,1
lords,1
geraldine,1
mata,1
invited,1
laura,1
interdisciplinary,1
welldefined,1
patricia,1
part,1
uniform,1
visitors,1
previously,1
quantity,1
prospect,1
became,1
along,1
skeletal,1
tjeerd,1
elizabeth,1
pocket,1
reburial,1
economies,1
significant,1
use,1
overview,1
commodities,1
felix,1
tracing,1
station,1
emphasizing,1
sign,1
northwest,1
evaluating,1
pursuing,1
issues,1
diversity,1
maria,1
academics,1
harvard,1
formerly,1
evolution,1
exhibited,1
conflict,1
involve,1
totality,1
jan,1
like,1
pioneers,1
rituals,1
chapters,1
examination,1
includes,1
xxiii,1
were,1
examinations,1
additional,1
rene,1
review,1
collapse,1
indiana,1
yerkes,1
necessarily,1
relationships,1
tchad,1
ultimately,1
models,1
haut,1
it,1
reveals,1
significance,1
connections,1
margaret,1
kerr,1
mesoamericana,1
three,1
interior,1
can,1
illinois,1
hidden,1
dilettantes,1
national,1
foci,1
catherine,1
divine,1
devloped,1
points,1
health,1
interest,1
logic,1
characteristic,1
ray,1
reproduced,1
craftsmanship,1
joanne,1
jaeger,1
excavated,1
christopher,1
architectural,1
homes,1
land,1
jeremy,1
fiftieth,1
working,1
hunter,1
mesopotamia,1
nwyucatan,1
specialists,1
general,1
jesse,1
tom,1
buildings,1
employing,1
lee,1
preliminary,1
features,1
peninsula,1
mexico,1
preserve,1
integration,1
values,1
involving,1
myra,1
chad,1
france,1
effects,1
obtained,1
z,1
held,1
administrative,1
peruvian,1
after,1
mesopotamian,1
catalog,1
consolidation,1
rank,1
quite,1
presenting,1
settlement,1
hydrogtologie,1
thomas,1
elements,1
association,1
ofliving,1
acta,1
pages,1
microregionales,1
computer,1
patterns,1
leland,1
spanish,1
needs,1
flora,1
vi,1
charles,1
few,1
vertebrate,1
wider,1
maison,1
wilkins,1
rupert,1
miditerraneenne,1
mathews,1
aegean,1
brought,1
breaking,1
glenn,1
ranked,1
masson,1
relation,1
emphasized,1
climate,1
compared,1
xvi,1
dispels,1
fash,1
influences,1
coast,1
xxvi,1
fresh,1
xxvii,1
coppens,1
texts,1
when,1
views,1
species,1
jordan,1
nick,1
entire,1
greece,1
designed,1
those,1
larios,1
abandoned,1
morris,1
critique,1
describes,1
peabody,1
contending,1
ground,1
belize,1
notes,1
traditions,1
relative,1
unpublished,1
parker,1
chronicles,1
evaluated,1
remarkable,1
controversial,1
paul,1
sandra,1
questions,1
investigations,1
built,1
gordon,1
claudia,1
villalba,1
activities,1
fulford,1
depuis,1
xxv,1
hunt,1
pope,1
contexts,1
tennessee,1
thorough,1
jayne,1
