WORDCOUNTS,WEIGHT
the,247
of,185
and,132
a,81
in,74
to,66
that,46
is,34
as,32
by,26
are,26
this,24
with,22
on,22
from,21
classic,19
copan,18
at,17
early,17
de,16
more,15
for,15
chapter,15
yax,13
an,13
trincheras,13
site,12
late,12
not,11
data,11
history,10
but,10
their,9
was,9
cerro,9
be,9
maya,9
its,9
chapters,9
which,9
archaeological,8
cerros,7
e,7
one,7
different,7
new,7
associated,7
eurasia,7
sites,7
have,7
terraces,7
research,7
detailed,6
ancient,6
long,6
important,6
were,6
w,6
understanding,6
discussion,6
such,6
development,6
interaction,6
preclassic,5
they,5
construction,5
changes,5
university,5
labor,5
contexts,5
most,5
social,5
m,5
dynastic,5
been,5
other,5
local,5
suggests,5
these,5
used,5
volume,5
monumental,5
neighbors,5
state,5
architectural,5
examine,5
arizona,5
will,4
explanations,4
he,4
architecture,4
l,4
center,4
use,4
teotihuacan,4
into,4
presents,4
any,4
section,4
two,4
fire,4
many,4
uses,4
rule,4
survey,4
steppe,4
historical,4
cultural,4
within,4
form,4
she,4
has,4
her,4
number,4
ties,4
information,4
some,4
through,4
tombs,4
maria,4
ellen,4
authors,4
general,4
field,4
archaeology,4
area,4
systems,4
between,4
can,4
structure,4
traditions,4
political,4
final,3
does,3
no,3
although,3
commitment,3
presentation,3
seen,3
study,3
typologies,3
remains,3
or,3
begins,3
first,3
rise,3
archaeologists,3
ceramic,3
also,3
founding,3
power,3
each,3
j,3
had,3
nature,3
prehistoric,3
fact,3
typological,3
p,3
time,3
real,3
evident,3
those,3
robert,3
founder,3
acropolis,3
aspects,3
dynasty,3
context,3
case,3
material,3
lowlands,3
well,3
account,3
rulers,3
vessels,3
presented,3
region,3
role,3
elite,3
during,3
loa,3
north,3
own,3
connections,3
approach,3
washington,3
david,3
southern,3
excavations,3
suggest,3
hunal,3
attention,3
marcello,3
sculptures,3
when,3
critique,3
y,3
observed,3
eurasian,3
evidence,3
barbara,2
teotihuacain,2
speculate,2
features,2
debated,2
second,2
played,2
inhabitants,2
reiterates,2
contact,2
continent,2
five,2
imagery,2
located,2
both,2
lines,2
forward,2
christine,2
make,2
earlier,2
eight,2
contribution,2
similar,2
importance,2
american,2
intellectual,2
kaminaljuyu,2
analysis,2
mexico,2
sets,2
interpretation,2
museum,2
investigate,2
earliest,2
under,2
prehistory,2
powerful,2
detail,2
place,2
scale,2
organized,2
mcdonald,2
before,2
culture,2
n,2
tomb,2
series,2
variety,2
complexity,2
version,2
hohokam,2
department,2
simply,2
geographic,2
framework,2
only,2
surface,2
picture,2
continued,2
provide,2
exploitation,2
here,2
suggested,2
view,2
lori,2
shook,2
towards,2
efforts,2
global,2
secondary,2
location,2
societies,2
histories,2
great,2
constructions,2
effort,2
particularly,2
job,2
how,2
scholars,2
taube,2
mesoamerican,2
carnegie,2
clearly,2
pattern,2
external,2
color,2
occupation,2
where,2
reviews,2
combined,2
unique,2
rosalila,2
less,2
ford,2
tikal,2
isbn,2
required,2
style,2
institute,2
reviewed,2
oxygen,2
analyzed,2
urban,2
activity,2
artifacts,2
sonora,2
size,2
work,2
prior,2
tour,2
move,2
upon,2
range,2
stairway,2
brought,2
events,2
sharer,2
became,2
confirms,2
significant,2
extensive,2
describe,2
summarizes,2
evaluating,2
eneolithic,2
representation,2
evolution,2
central,2
versus,2
our,2
regional,2
institution,2
ultimately,2
open,2
significance,2
clear,2
there,2
opens,2
comprehensive,2
depositional,2
schortman,2
estimates,2
defense,2
construct,2
define,2
working,2
period,2
spread,2
caucasia,2
after,2
black,2
settlement,2
diffusionary,2
emerging,2
typology,2
involved,2
small,2
summary,2
influence,2
profound,2
sense,2
six,2
presence,2
editors,2
effect,2
book,2
james,2
including,2
would,2
valley,2
journal,2
results,2
much,2
based,2
about,2
evaluated,2
came,2
examines,2
environment,1
heavily,1
caucasus,1
douglas,1
dissertation,1
juan,1
south,1
difficult,1
activation,1
mechanisms,1
increasing,1
yields,1
communities,1
suggestion,1
manifestations,1
topography,1
interesting,1
together,1
appeal,1
relationship,1
transform,1
compares,1
recognized,1
done,1
foreshadowing,1
ceremonial,1
morrissey,1
reflects,1
compelling,1
payoffs,1
rassamakin,1
absence,1
equals,1
various,1
entitled,1
perspectives,1
way,1
bringing,1
stuart,1
seventeen,1
george,1
rather,1
his,1
cosmological,1
nw,1
crucial,1
economic,1
groups,1
lynn,1
across,1
c,1
practical,1
testing,1
overall,1
remain,1
comparative,1
program,1
expansion,1
sociologies,1
subject,1
carefully,1
represent,1
critical,1
vague,1
admirable,1
square,1
landscape,1
appreciation,1
transition,1
brief,1
aeas,1
merits,1
heights,1
nearly,1
centralization,1
determine,1
intriguing,1
disagreements,1
altar,1
lasting,1
who,1
community,1
collections,1
el,1
examined,1
ordering,1
areas,1
determining,1
missouri,1
effectively,1
interactions,1
outweighed,1
inhere,1
sequences,1
transformation,1
b,1
se,1
certain,1
group,1
movement,1
highlights,1
derived,1
burton,1
dynamism,1
styles,1
contributions,1
innovation,1
why,1
often,1
responsible,1
elaborated,1
distant,1
white,1
designed,1
mounds,1
existed,1
stone,1
united,1
ma,1
control,1
dismiss,1
consequences,1
likely,1
spark,1
yet,1
ways,1
monte,1
means,1
approaches,1
modified,1
rising,1
arrangements,1
opportunities,1
pernicious,1
marcus,1
read,1
problematic,1
developments,1
figural,1
ronald,1
paying,1
t,1
albert,1
costs,1
ensure,1
discussions,1
considered,1
quantify,1
rom,1
strontium,1
organization,1
failure,1
river,1
index,1
royal,1
jay,1
sociological,1
occurred,1
emergence,1
enigmatic,1
published,1
outsider,1
asia,1
complete,1
typifies,1
proposed,1
detailing,1
communicating,1
guatemala,1
days,1
growing,1
same,1
numbers,1
impact,1
formalized,1
result,1
nice,1
excitement,1
wright,1
argued,1
robust,1
homogeneity,1
too,1
practices,1
advancing,1
turning,1
must,1
age,1
four,1
reliance,1
sophisticated,1
summarize,1
being,1
recovered,1
viel,1
consistent,1
additional,1
origins,1
frameworks,1
symbolic,1
comes,1
follow,1
alfred,1
maikop,1
offered,1
charismatic,1
useful,1
jesse,1
temporal,1
subjective,1
willingness,1
initial,1
prevented,1
plates,1
lead,1
constituting,1
canuto,1
requires,1
temple,1
sherds,1
name,1
successfully,1
archeological,1
press,1
daunting,1
offers,1
destructive,1
established,1
neolithic,1
sections,1
viewed,1
comparison,1
taken,1
military,1
patron,1
cd,1
preference,1
providing,1
decades,1
partitioning,1
investments,1
treatment,1
neutron,1
over,1
sub,1
synthesizes,1
identified,1
iconography,1
motifs,1
flat,1
image,1
all,1
addition,1
legitimize,1
descriptive,1
anthropology,1
chapman,1
analytical,1
present,1
emotions,1
carving,1
incorporating,1
title,1
geoffrey,1
east,1
principles,1
key,1
coincidence,1
europe,1
inscriptions,1
tradition,1
did,1
best,1
blocks,1
assess,1
honduran,1
appearance,1
occupations,1
suggesting,1
found,1
prepared,1
argue,1
expanses,1
agree,1
mapped,1
traxler,1
current,1
fasquelle,1
scenario,1
potentially,1
exotic,1
grave,1
vibrant,1
out,1
larger,1
served,1
quotidian,1
injuries,1
antonio,1
personal,1
reveal,1
concludes,1
focuses,1
yune,1
goods,1
debates,1
while,1
contemporary,1
noting,1
edward,1
i,1
help,1
past,1
placing,1
setting,1
dates,1
observes,1
above,1
rural,1
passionate,1
living,1
type,1
term,1
hill,1
evaluate,1
installation,1
anthropologist,1
conclusions,1
written,1
burial,1
floodwater,1
further,1
hand,1
evoke,1
do,1
remainder,1
v,1
raised,1
reasons,1
heartening,1
text,1
william,1
altars,1
sedat,1
relegates,1
derivative,1
effective,1
buried,1
dorie,1
bioarchaeology,1
signs,1
focus,1
ratios,1
ideological,1
literature,1
continuing,1
excavation,1
sumptions,1
tools,1
them,1
relevant,1
karl,1
terms,1
population,1
produced,1
offering,1
reused,1
system,1
ones,1
theoretical,1
strategies,1
accounts,1
idea,1
suffered,1
excellent,1
sociology,1
intersocietal,1
necessary,1
wealth,1
hierarchically,1
agricultural,1
xvii,1
validate,1
jane,1
burners,1
writes,1
linear,1
project,1
fernando,1
km,1
agurcia,1
extent,1
wide,1
epigraphy,1
look,1
illustrated,1
near,1
standardizing,1
differs,1
create,1
hall,1
stating,1
improve,1
jim,1
cloth,1
remained,1
underlie,1
explored,1
original,1
discredits,1
usulutan,1
isotopic,1
refracted,1
reorganize,1
network,1
status,1
welcome,1
basis,1
possible,1
protected,1
lauren,1
arrives,1
motivations,1
reinterpreting,1
estimated,1
success,1
residents,1
strengths,1
received,1
radically,1
assemblages,1
discourages,1
closer,1
start,1
randall,1
nine,1
floodplain,1
sides,1
west,1
multiple,1
recording,1
combination,1
criticisms,1
point,1
since,1
patricia,1
formative,1
individual,1
sea,1
conjunctive,1
establishment,1
competing,1
climax,1
looking,1
contacts,1
develop,1
related,1
introduces,1
correlation,1
promises,1
hieroglyphic,1
identity,1
skeletal,1
incense,1
concern,1
contain,1
common,1
ritual,1
findings,1
reconstruct,1
bowl,1
step,1
empirical,1
adjoining,1
valdes,1
stair,1
asian,1
introduction,1
todd,1
impulses,1
implications,1
joyce,1
condition,1
q,1
largely,1
telegin,1
fail,1
collection,1
achiotes,1
refined,1
emphasize,1
copper,1
overtly,1
describes,1
broad,1
variation,1
manifestation,1
records,1
sequence,1
ideas,1
ricardo,1
goals,1
indicates,1
structures,1
stimulate,1
mistake,1
ukraine,1
places,1
jaguar,1
rituals,1
includes,1
misplaced,1
sculptural,1
throughout,1
aesthetic,1
bishop,1
chosen,1
proliferation,1
publication,1
rene,1
narrative,1
reflect,1
surrounding,1
expressed,1
stultifying,1
uruk,1
formation,1
believes,1
pennsylvania,1
until,1
models,1
attacks,1
subsequent,1
platform,1
theme,1
artifact,1
appendices,1
dynamics,1
editor,1
dialog,1
enhances,1
unencumbered,1
initiated,1
three,1
against,1
discussed,1
materials,1
peripheral,1
sculptors,1
grant,1
divine,1
d,1
trauma,1
dynamic,1
interest,1
halaf,1
instead,1
known,1
needed,1
attested,1
arise,1
occurs,1
consolidated,1
highlighting,1
level,1
helpful,1
pottery,1
conducted,1
below,1
so,1
function,1
reinforces,1
utilizes,1
states,1
schools,1
ongoing,1
static,1
earthen,1
terminologies,1
politically,1
typically,1
accurate,1
bands,1
catalog,1
carrelli,1
connects,1
forestalls,1
cases,1
provides,1
arbitrary,1
religious,1
built,1
notes,1
better,1
symposium,1
spaulding,1
perspective,1
faith,1
characteristics,1
concerning,1
ignore,1
supported,1
internal,1
carbon,1
body,1
expands,1
distinctions,1
diffusionism,1
become,1
massachusetts,1
spotty,1
considering,1
protect,1
ancestors,1
texas,1
conclude,1
hills,1
fash,1
occupants,1
truly,1
redor,1
debate,1
karla,1
classes,1
visible,1
up,1
element,1
terrace,1
given,1
edwin,1
deceased,1
ingrained,1
abandoned,1
northern,1
using,1
figures,1
disarticulate,1
burials,1
among,1
permanent,1
than,1
deeply,1
hiebert,1
recent,1
despite,1
leadership,1
professional,1
remarkable,1
should,1
building,1
provided,1
tallest,1
modifications,1
ca,1
nuanced,1
handful,1
roles,1
inform,1
censor,1
energetics,1
close,1
sophistication,1
trends,1
activities,1
occur,1
poorly,1
sample,1
society,1
coherence,1
culturalist,1
associations,1
sparking,1
