WORDCOUNTS,WEIGHT
the,527
and,328
of,305
in,266
to,125
a,118
for,114
sites,95
satellite,87
archaeological,78
sensing,69
remote,68
with,65
is,63
site,59
survey,58
from,57
middle,57
tells,54
on,51
be,51
egypt,48
tell,44
by,43
are,43
that,41
east,41
as,40
imagery,37
delta,36
can,36
this,33
archaeology,33
not,33
at,32
image,32
ancient,31
modern,30
or,30
which,28
analysis,27
spectral,27
images,27
it,25
landsat,25
using,25
field,24
methods,23
journal,20
areas,20
rate,19
x,19
have,19
classification,19
monitoring,18
an,18
pca,17
landscape,17
work,17
while,17
corona,16
data,16
towns,16
many,16
different,16
may,15
were,15
between,15
signatures,14
was,14
m,14
ground,14
each,14
aerial,13
research,13
will,13
same,13
only,13
success,13
over,13
bands,13
through,13
area,13
studies,12
archaeologists,12
such,12
how,12
had,12
et,12
new,12
unsupervised,12
features,12
destruction,12
figure,12
types,12
known,12
surveys,12
one,11
case,11
has,11
sarah,11
their,11
could,11
but,11
region,11
previously,11
use,11
local,11
egyptian,11
supervised,10
other,10
no,10
university,10
parcak,10
surface,10
international,10
project,10
results,10
identified,10
spot,10
al,10
these,10
where,10
multispectral,10
them,10
s,9
within,9
rgb,9
study,9
method,9
part,9
used,9
during,9
settlement,9
when,9
previous,9
information,9
urban,9
years,9
i,8
u,8
visited,8
american,8
even,8
across,8
because,8
soil,8
appropriate,8
techniques,8
time,8
patterns,8
material,8
showing,8
classes,8
range,8
would,8
high,8
preservation,8
been,8
unknown,8
map,8
pixel,8
large,7
km,7
tebilla,7
quickbird,7
there,7
development,7
due,7
de,7
rates,7
changes,7
future,7
floodplain,7
surrounding,7
alluvial,7
overall,7
two,7
more,7
locating,7
water,7
covered,7
similar,7
fields,7
nile,7
specific,7
they,6
first,6
season,6
all,6
possible,6
town,6
after,6
landscapes,6
additional,6
gregory,6
out,6
cultural,6
population,6
applied,6
distinguish,6
several,6
visible,6
press,6
department,6
also,6
appeared,6
conditions,6
individual,6
northern,6
crucial,6
antiquity,6
often,6
must,6
cover,6
did,6
detection,6
although,6
increased,6
should,6
represent,5
per,5
group,5
military,5
assist,5
confirmed,5
vegetation,5
sq,5
moisture,5
courtesy,5
beneath,5
electromagnetic,5
exist,5
spectrum,5
excavations,5
detecting,5
than,5
levels,5
factors,5
satellites,5
proved,5
threat,5
show,5
my,5
found,5
initial,5
david,5
scale,5
training,5
year,5
approach,5
regions,5
components,5
villages,5
majority,5
make,5
once,5
under,5
regional,5
resolution,5
projects,5
shows,5
lack,5
removal,5
developing,5
another,5
processes,5
full,5
practice,5
series,5
detect,5
temple,5
size,5
numerous,5
news,5
gis,4
does,4
now,4
pixels,4
way,4
protection,4
into,4
test,4
crops,4
analyses,4
last,4
those,4
principal,4
robert,4
digital,4
ad,4
british,4
depending,4
recorded,4
soils,4
general,4
van,4
parts,4
shell,4
affect,4
most,4
followed,4
silt,4
important,4
appear,4
processing,4
based,4
location,4
supreme,4
loss,4
people,4
documented,4
running,4
next,4
choose,4
preliminary,4
mumford,4
located,4
about,4
cairo,4
analytical,4
john,4
mohamed,4
pattern,4
great,4
present,4
council,4
necessary,4
sca,4
band,4
continue,4
described,4
three,4
radar,4
period,4
so,4
comparing,4
maps,4
seen,4
detailed,4
construction,4
antiquities,4
wall,4
wilkinson,4
utilized,4
what,4
wlodek,4
affecting,4
content,4
plans,4
bewley,4
include,4
ios,4
land,4
remains,4
early,4
major,4
convergence,3
if,3
created,3
environmental,3
determine,3
tracked,3
conducted,3
identify,3
formed,3
highlight,3
fund,3
taken,3
mudbrick,3
knowing,3
together,3
reveal,3
state,3
eastern,3
key,3
combination,3
along,3
human,3
mm,3
author,3
center,3
ability,3
viewing,3
distinct,3
old,3
geological,3
drawn,3
higher,3
colin,3
egyptology,3
represented,3
granted,3
risk,3
redundancy,3
thomas,3
consider,3
upper,3
problems,3
management,3
identifying,3
called,3
mapping,3
seven,3
chipman,3
late,3
density,3
cannot,3
record,3
bc,3
karnak,3
tool,3
its,3
issues,3
trends,3
change,3
level,3
useful,3
buildings,3
order,3
small,3
up,3
world,3
periods,3
partially,3
materials,3
expansion,3
museum,3
above,3
percentage,3
yet,3
light,3
crop,3
diverse,3
coordinates,3
do,3
threats,3
number,3
made,3
looting,3
factor,3
subsurface,3
upcoming,3
ahmed,3
hypostyle,3
evaluated,3
increasing,3
isodata,3
applications,3
earth,3
tony,3
army,3
remaining,3
implementing,3
united,3
table,3
photographs,3
any,3
comparison,3
geoarchaeology,3
exploration,3
report,3
particularly,3
grey,3
far,3
cities,3
past,3
type,3
particular,3
seasonal,3
generally,3
suggests,3
ideal,3
both,3
concessions,3
step,3
allows,3
models,3
reveals,3
course,3
need,3
abu,3
states,3
measured,3
enclosure,3
aster,3
potential,3
removed,3
c,3
deposition,3
entire,3
given,3
iraq,3
profiles,3
difficult,2
mostly,2
done,2
anthony,2
suggested,2
affected,2
northeast,2
differentiating,2
reflection,2
needed,2
complex,2
properly,2
conducting,2
approaches,2
salinity,2
organic,2
unlike,2
du,2
negative,2
clarifying,2
saleh,2
being,2
exposed,2
stressed,2
roman,2
distinguishing,2
anywhere,2
nature,2
reach,2
suggesting,2
display,2
differences,2
potentially,2
able,2
government,2
closer,2
help,2
greatly,2
classified,2
ambiguous,2
intelligence,2
system,2
side,2
globe,2
egyptologists,2
right,2
prior,2
some,2
slated,2
concentrating,2
epigraphy,2
alter,2
measuring,2
barry,2
very,2
resources,2
classifications,2
geomorphological,2
representing,2
collection,2
thus,2
trench,2
southern,2
highlighting,2
application,2
assessment,2
turn,2
feasible,2
enhancement,2
amount,2
awad,2
channels,2
six,2
dates,2
compared,2
left,2
fowler,2
compare,2
essential,2
costs,2
coastal,2
environments,2
proximity,2
connected,2
importance,2
grew,2
archaeologia,2
rising,2
shackley,2
river,2
intensive,2
numbers,2
impact,2
stonehenge,2
four,2
ibrahim,2
readings,2
beyond,2
required,2
drawing,2
view,2
prehistoric,2
allow,2
mokhtar,2
houses,2
vanranst,2
though,2
salvatori,2
war,2
dynasty,2
appears,2
recently,2
otherwise,2
however,2
lyons,2
tracking,2
near,2
well,2
basis,2
revealed,2
invisible,2
significantly,2
example,2
related,2
description,2
ten,2
schild,2
pyramid,2
own,2
attributed,2
subtle,2
pick,2
creating,2
officials,2
below,2
tested,2
mediterranean,2
involved,2
around,2
influence,2
altered,2
grow,2
distinguished,2
impossible,2
beydar,2
always,2
jeffreys,2
rest,2
likely,2
situation,2
imaging,2
variety,2
populations,2
service,2
comparative,2
limited,2
elizabeth,2
wetland,2
nearly,2
still,2
roads,2
surveyed,2
represents,2
den,2
technology,2
restricted,2
asch,2
planned,2
homogeneous,2
eais,2
demonstrates,2
polonia,2
social,2
routes,2
heritage,2
others,2
available,2
longer,2
turner,2
adjacent,2
bruna,2
flooded,2
richards,2
karl,2
michael,2
less,2
see,2
thousands,2
arch,2
discussion,2
cambridge,2
larry,2
values,2
including,2
canals,2
computers,2
prospection,2
virtually,2
francis,2
examination,2
chosen,2
dating,2
dahlin,2
sherd,2
peter,2
times,2
floodplains,2
coring,2
variance,2
obtained,2
lie,2
provides,2
computer,2
educational,2
especially,2
capabilities,2
differ,2
casana,2
prohibitive,2
relative,2
space,2
seasons,2
topography,2
iran,2
provide,2
ecological,2
foreign,2
testing,2
ministry,2
hill,2
photograph,2
primarily,2
lost,2
visual,2
sebbakh,2
face,2
mounds,2
then,2
homogeneity,2
extensive,2
photography,2
here,2
napoleonic,2
der,2
natural,2
country,2
anthropology,2
cemetery,2
paper,2
global,2
cultivation,2
examining,2
holcomb,2
february,2
destroyed,2
hall,2
proceedings,2
plants,2
agricultural,2
problem,2
surveying,2
her,2
jason,2
dark,2
lidar,2
missed,2
des,2
conference,2
monitored,2
plunder,2
role,2
clarifies,2
programs,2
false,2
formation,2
spring,2
recording,2
disappear,2
average,2
crumley,2
decrease,2
national,2
offer,2
approximately,2
groundtruthing,2
attempted,2
locate,2
vary,2
partial,2
verified,2
focus,2
showed,2
close,2
retention,2
nicholas,1
antiquites,1
currently,1
antoine,1
triple,1
polish,1
anatolian,1
fertile,1
inaccurate,1
generated,1
extrapolating,1
groups,1
danny,1
truth,1
market,1
extend,1
resulted,1
floodwaters,1
ismu,1
college,1
wissenschaften,1
luxor,1
red,1
measures,1
alone,1
combine,1
collegium,1
introduction,1
utility,1
distributed,1
unsuccessful,1
settlements,1
discover,1
kinds,1
karel,1
pacing,1
lambert,1
true,1
jonathan,1
comparisons,1
prentice,1
western,1
excavation,1
ian,1
assisted,1
nonetheless,1
positives,1
changlin,1
leads,1
ismailia,1
nicolai,1
said,1
expanding,1
either,1
jesse,1
sources,1
long,1
revisited,1
gdttinger,1
venice,1
nonexistent,1
elraey,1
entailed,1
evolution,1
give,1
meters,1
cropmarks,1
enables,1
might,1
kilometers,1
undocumented,1
terrain,1
actual,1
worked,1
steadman,1
nondistorted,1
tourist,1
j,1
redford,1
coptic,1
strip,1
allan,1
menlo,1
ebert,1
sobering,1
short,1
reasons,1
monitor,1
throughout,1
documention,1
generalizations,1
mississippi,1
kingdom,1
subsequent,1
zed,1
date,1
raised,1
cloud,1
threshold,1
stopped,1
context,1
el,1
contents,1
employs,1
proceed,1
preventing,1
existence,1
eventual,1
matthew,1
primary,1
bases,1
amelia,1
america,1
discuss,1
alcock,1
archdologischgeographischen,1
egyptians,1
account,1
untersuchung,1
replacement,1
occupying,1
marc,1
activity,1
illustrate,1
establishing,1
solely,1
lerberghe,1
richard,1
vital,1
occurring,1
taking,1
variations,1
point,1
zeugma,1
khuzestan,1
masahiro,1
timothy,1
laws,1
household,1
liaising,1
apply,1
decreasing,1
protocol,1
interviews,1
inexpensive,1
neology,1
prevented,1
corresponding,1
nasser,1
wherever,1
hyperspectral,1
succeed,1
groundtruthed,1
million,1
andrew,1
phase,1
takeshi,1
includes,1
complied,1
comments,1
collapse,1
instituts,1
dotted,1
immediate,1
ezzet,1
explorers,1
professor,1
since,1
diurnal,1
against,1
initially,1
silty,1
geographer,1
aus,1
lectures,1
mailing,1
facet,1
funded,1
employing,1
stanton,1
utilizes,1
thank,1
aegypten,1
wiley,1
ecosystem,1
cases,1
developments,1
better,1
coarser,1
arroux,1
canal,1
profound,1
causing,1
fig,1
highest,1
difficulty,1
rediscovering,1
output,1
allowing,1
attests,1
honour,1
applying,1
third,1
twice,1
waterlogged,1
fundort,1
find,1
fayoum,1
obscure,1
nick,1
waterways,1
resolutions,1
libyan,1
boosts,1
regulations,1
custer,1
recherches,1
protects,1
photographsan,1
chronique,1
nonarchaeological,1
haarlem,1
walls,1
fellahs,1
civilization,1
offices,1
poor,1
via,1
r,1
derrold,1
wishes,1
recognized,1
reflects,1
mexico,1
russian,1
operations,1
exact,1
act,1
orontes,1
l,1
growth,1
generations,1
developed,1
stop,1
remain,1
rahmen,1
organizing,1
square,1
reexamining,1
sw,1
levelling,1
toshibumi,1
christine,1
mesopotamian,1
certain,1
payson,1
direct,1
ongoing,1
ix,1
matched,1
white,1
overlooked,1
schipper,1
understand,1
partnership,1
mission,1
les,1
fertilizer,1
dated,1
branch,1
clearly,1
section,1
director,1
proposed,1
days,1
weather,1
n,1
invariably,1
bruce,1
perspective,1
house,1
northeastern,1
frequently,1
fare,1
incorrectly,1
benefited,1
stewart,1
shorter,1
powerful,1
groundwater,1
rental,1
efficient,1
undertaken,1
cost,1
putting,1
requires,1
victorian,1
groundbased,1
projected,1
faced,1
conflicts,1
disappeared,1
irrigation,1
angela,1
greater,1
closely,1
geoffrey,1
complications,1
chris,1
locals,1
discount,1
das,1
search,1
color,1
access,1
carol,1
users,1
stutzer,1
longitude,1
nutrient,1
im,1
representative,1
term,1
evaluate,1
fans,1
jiro,1
further,1
equally,1
focused,1
buried,1
institute,1
michigan,1
cak,1
uncultivated,1
province,1
viewed,1
absorption,1
meet,1
suffered,1
safe,1
minshat,1
ezra,1
explain,1
garbazow,1
obstruction,1
taught,1
levant,1
wide,1
public,1
photo,1
encroachment,1
charley,1
receive,1
shape,1
syria,1
maurizio,1
relief,1
strips,1
gamal,1
geothermal,1
planning,1
hydraulic,1
scatters,1
blue,1
tricks,1
concept,1
unless,1
brought,1
london,1
purpose,1
discusses,1
sharon,1
explains,1
apparent,1
tombs,1
reduction,1
patterning,1
mitteilungen,1
photographed,1
describe,1
island,1
intermediate,1
place,1
broad,1
partly,1
reduces,1
contains,1
records,1
actually,1
structures,1
gypsiferous,1
personal,1
papyri,1
legislation,1
formations,1
systematic,1
fieldwork,1
missions,1
spectrometer,1
breakdown,1
predictive,1
miss,1
graph,1
iian,1
pollution,1
flaking,1
ostdelta,1
prices,1
depositional,1
good,1
solution,1
optimal,1
correct,1
caused,1
working,1
tom,1
suggest,1
instrumentation,1
homogenous,1
contrast,1
fallow,1
sufficient,1
concerns,1
governments,1
presence,1
knoppers,1
choosing,1
decline,1
portions,1
selforganizing,1
annual,1
user,1
rapp,1
beach,1
samir,1
undergoing,1
value,1
gross,1
dam,1
pervasive,1
questioning,1
undesirable,1
mashkour,1
seemed,1
pope,1
society,1
pockmarked,1
subsequently,1
edn,1
span,1
threatened,1
f,1
portion,1
therefore,1
horizons,1
ana,1
shuttle,1
sons,1
demand,1
detected,1
myriad,1
emilio,1
cathy,1
economic,1
archaologischen,1
sandro,1
computing,1
microns,1
willem,1
illustrating,1
expanded,1
interactions,1
geophysics,1
microwave,1
targeted,1
atop,1
taklamakan,1
single,1
frank,1
collect,1
foot,1
interpretation,1
housing,1
sri,1
geoderma,1
security,1
coverage,1
makes,1
aten,1
acknowledgments,1
albert,1
soon,1
phosphorus,1
latitude,1
kairo,1
subsuming,1
compiled,1
kelsey,1
technical,1
included,1
culture,1
abteilung,1
giza,1
friedrich,1
brownish,1
largest,1
without,1
insights,1
gary,1
delaware,1
noted,1
she,1
geologists,1
regardless,1
fill,1
volume,1
mediterraneus,1
organizations,1
interests,1
successfully,1
french,1
jeffrey,1
technique,1
oscillated,1
mark,1
toward,1
pharaonic,1
hydrological,1
towards,1
demographic,1
lighter,1
cultivated,1
consideration,1
treatment,1
preserve,1
wells,1
foules,1
enlarging,1
plan,1
rotated,1
attempting,1
outdated,1
larger,1
antonio,1
becker,1
surfaces,1
end,1
substantially,1
identical,1
fragments,1
selects,1
channel,1
conclusions,1
enough,1
hand,1
learn,1
bietak,1
jane,1
ur,1
manner,1
evaded,1
road,1
undaethiopien,1
accepted,1
centenary,1
riley,1
agencies,1
focusing,1
dgyptische,1
casualties,1
einer,1
mort,1
sell,1
tarman,1
fundamentals,1
free,1
google,1
elevation,1
degree,1
interpreting,1
imagine,1
landownership,1
simon,1
polona,1
entirety,1
papyrologie,1
understanding,1
collecting,1
kathleen,1
dave,1
turkey,1
background,1
restrictions,1
discovery,1
chiefly,1
bear,1
outwards,1
limitations,1
mapper,1
israel,1
desert,1
lake,1
scatter,1
nishimoto,1
increase,1
herbich,1
microtopography,1
expand,1
wettest,1
findings,1
entirely,1
significant,1
largely,1
edwin,1
affects,1
itnstitut,1
congress,1
procurement,1
deutschen,1
rare,1
variables,1
scheduled,1
vladimir,1
eligible,1
transect,1
ambio,1
advantages,1
initiatives,1
underwent,1
perimeter,1
scanning,1
open,1
compositions,1
discovered,1
historic,1
hisham,1
emphasizing,1
b,1
hampered,1
urbanism,1
modernization,1
fagi,1
co,1
christopher,1
plains,1
zahi,1
reviewers,1
tim,1
summer,1
plant,1
played,1
collected,1
hurgada,1
accurate,1
costand,1
households,1
earlier,1
black,1
standard,1
martin,1
hatching,1
outside,1
article,1
qummus,1
eyes,1
relation,1
ann,1
epigraphical,1
effect,1
availability,1
january,1
percent,1
probably,1
southwest,1
farouk,1
figures,1
occupied,1
aswan,1
we,1
remotelysensed,1
professional,1
synoptic,1
attention,1
clusters,1
visit,1
romuald,1
ranging,1
ras,1
supervising,1
dawn,1
relationship,1
assisting,1
processed,1
fairly,1
science,1
kh,1
five,1
geophysical,1
suspected,1
lyla,1
prohibits,1
sidebyside,1
select,1
vertical,1
thermal,1
bare,1
bulletin,1
predict,1
who,1
yale,1
ordering,1
vegypte,1
threaten,1
contribution,1
indicate,1
why,1
introductory,1
existed,1
drafted,1
academie,1
fluctuate,1
months,1
exists,1
combines,1
gathered,1
pressures,1
susan,1
conservation,1
documenting,1
forest,1
erdas,1
dissertation,1
school,1
assistant,1
anthropological,1
suggestions,1
deposited,1
associated,1
reliant,1
following,1
amarna,1
exemplified,1
complexity,1
changing,1
conjunction,1
measurements,1
needs,1
economically,1
hypothesized,1
partnerships,1
donna,1
kemp,1
physical,1
temporal,1
proposes,1
ralph,1
offers,1
wider,1
plusieurs,1
discharged,1
quickly,1
ran,1
ordered,1
extant,1
cm,1
correspond,1
eighth,1
lying,1
december,1
routledge,1
nomes,1
best,1
backscatter,1
current,1
visiting,1
er,1
scanned,1
constant,1
build,1
historical,1
differed,1
pictures,1
rural,1
just,1
passage,1
denkmaeler,1
myra,1
soma,1
phd,1
marjan,1
beginning,1
knows,1
william,1
according,1
alabama,1
delineated,1
sinai,1
kom,1
economy,1
completion,1
maya,1
investigation,1
award,1
month,1
combined,1
spatial,1
belom,1
form,1
making,1
accounts,1
trinity,1
monastery,1
hoped,1
geo,1
signature,1
thicker,1
leaving,1
saddle,1
gabriella,1
densest,1
lepsius,1
installations,1
produce,1
rodolfo,1
phenomena,1
hundreds,1
italian,1
silts,1
dahshur,1
categories,1
yehia,1
miszellen,1
presented,1
geneddy,1
trees,1
multiple,1
pits,1
beck,1
unvisited,1
despite,1
atmospheric,1
courses,1
simbel,1
ecology,1
mallawi,1
contribute,1
obtain,1
clarified,1
lab,1
manfred,1
tall,1
gain,1
lille,1
mcllvaine,1
prepared,1
eric,1
paleorient,1
disadvantages,1
lithic,1
layers,1
sediments,1
maghdi,1
locations,1
urbanization,1
difference,1
lands,1
donald,1
finding,1
grant,1
newsletter,1
wish,1
documentation,1
applicable,1
dense,1
isolating,1
constructed,1
discernable,1
smaller,1
regular,1
effects,1
off,1
association,1
micromorphology,1
postscript,1
madry,1
ranged,1
roughly,1
enclosed,1
ruth,1
anonymous,1
littleknown,1
silting,1
substitute,1
valuable,1
clarify,1
umm,1
augmenting,1
themselves,1
vytautas,1
quiekbird,1
chicago,1
deposits,1
reached,1
informants,1
brink,1
sharing,1
norman,1
hawass,1
sajuki,1
valley,1
traditional,1
taylor,1
networks,1
recent,1
zones,1
mendes,1
assists,1
building,1
broader,1
ca,1
built,1
occur,1
cahier,1
