WORDCOUNTS,WEIGHT
the,500
of,374
and,177
in,137
a,135
to,99
was,65
for,56
at,54
on,51
is,50
university,44
with,39
by,38
were,38
temple,38
this,36
new,35
floor,34
from,34
will,30
m,29
as,28
are,25
it,23
that,23
i,23
state,23
found,21
be,21
two,20
s,19
e,18
altar,18
archaeological,18
kition,17
n,17
w,17
period,17
been,17
age,15
end,15
have,15
bronze,15
has,14
which,14
there,13
york,13
field,13
small,13
these,13
courtyard,13
wall,13
large,12
some,12
had,12
late,12
holy,12
phoenician,12
temples,12
an,11
l,11
bc,11
its,11
face,11
holies,11
area,11
j,10
cyprus,10
r,10
archaeology,10
also,10
we,10
stone,9
shpo,9
g,9
excavations,9
important,9
during,9
f,9
short,9
stones,9
other,9
original,9
city,9
news,9
built,9
they,8
each,8
their,8
contributions,8
several,8
research,8
rectangular,8
no,8
material,8
publication,8
iii,8
d,8
early,8
if,7
before,7
sacred,7
bases,7
above,7
along,7
historical,7
reused,7
century,7
journal,7
walls,7
first,7
or,7
iiia,7
entrance,7
national,7
evidence,7
nyac,6
center,6
anchor,6
history,6
into,6
such,6
may,6
town,6
sessions,6
p,6
near,6
florida,6
ancient,6
but,6
blocks,6
fragments,6
mycenaean,6
symposium,6
both,6
egyptian,6
copper,6
between,6
building,6
one,5
h,5
ii,5
rebuilt,5
side,5
very,5
central,5
clay,5
epa,5
most,5
painted,5
left,5
probably,5
part,5
tombs,5
museum,5
only,5
time,5
number,5
made,5
including,5
use,5
enkomi,5
figure,5
construction,5
any,5
series,5
objects,5
column,5
iron,5
art,5
november,5
lies,5
association,5
c,5
american,4
bothros,4
papers,4
case,4
east,4
vol,4
since,4
interest,4
convention,4
than,4
similar,4
send,4
four,4
surface,4
position,4
january,4
directly,4
rows,4
excavated,4
society,4
san,4
study,4
communities,4
added,4
god,4
same,4
department,4
suit,4
aisle,4
john,4
congress,4
california,4
dating,4
held,4
features,4
inscribed,4
quarter,4
who,4
antiquities,4
bench,4
ivory,4
institute,4
conference,4
through,4
our,4
remains,4
abandoned,4
meeting,4
row,4
grants,4
now,3
phoenicians,3
offerings,3
tallahassee,3
modern,3
protection,3
undertaken,3
limestone,3
archaeologists,3
please,3
originally,3
fund,3
script,3
available,3
wooden,3
uncovered,3
survey,3
date,3
signs,3
opened,3
possible,3
ritual,3
against,3
application,3
old,3
site,3
his,3
importance,3
k,3
form,3
white,3
lay,3
section,3
upper,3
view,3
prehistoric,3
exhibition,3
called,3
issue,3
international,3
base,3
further,3
though,3
circular,3
scale,3
sites,3
work,3
year,3
project,3
arit,3
t,3
workshops,3
june,3
texas,3
annual,3
finds,3
materials,3
action,3
porticoes,3
southern,3
bone,3
reports,3
social,3
fact,3
larger,3
man,3
monographs,3
council,3
necessary,3
another,3
meetings,3
divided,3
trade,3
open,3
clear,3
three,3
historic,3
defense,3
david,3
countries,3
would,3
general,3
summer,3
earlier,3
preservation,3
amber,3
northern,3
destruction,3
pottery,3
continued,3
science,3
lines,3
analysis,3
centuries,3
earliest,3
then,3
following,3
incised,3
constructed,3
sciences,3
set,3
over,3
foundation,3
particularly,3
february,3
destroyed,3
america,3
announcements,3
baltic,3
little,3
techniques,3
courtyards,3
editor,3
washington,3
include,3
supported,3
surveys,3
much,3
carved,2
donations,2
rothschild,2
done,2
oriented,2
stands,2
group,2
columns,2
studies,2
reinhabited,2
committee,2
excavation,2
bucrania,2
being,2
sewer,2
connection,2
book,2
rich,2
able,2
last,2
skull,2
stand,2
raised,2
evaluation,2
dr,2
king,2
money,2
advisory,2
ball,2
burning,2
object,2
rudolf,2
classics,2
todd,2
human,2
southwestern,2
inner,2
professor,2
surrounded,2
de,2
issued,2
worn,2
hold,2
times,2
third,2
even,2
kentucky,2
alumni,2
without,2
joan,2
presentation,2
after,2
lasted,2
special,2
feel,2
animals,2
reason,2
monumental,2
retained,2
additional,2
archeological,2
result,2
came,2
arrival,2
rule,2
administrator,2
out,2
served,2
occupation,2
cultural,2
produced,2
cannot,2
placed,2
your,2
conferences,2
brooklyn,2
well,2
line,2
revealed,2
industrial,2
los,2
purpose,2
whole,2
used,2
island,2
place,2
horn,2
showing,2
own,2
stockholm,2
evening,2
published,2
hard,2
below,2
next,2
around,2
goddess,2
symposia,2
world,2
preliminary,2
actions,2
awards,2
periods,2
critical,2
partially,2
second,2
limited,2
still,2
make,2
garden,2
ware,2
religious,2
represents,2
soon,2
chronology,2
horned,2
participants,2
planned,2
light,2
complete,2
experimental,2
illustrated,2
hearth,2
regional,2
street,2
projects,2
many,2
longer,2
rebuilding,2
readers,2
v,2
present,2
covered,2
where,2
style,2
grasshopper,2
free,2
remained,2
classical,2
situated,2
upon,2
previously,2
attributed,2
lecture,2
larnaca,2
previous,2
significance,2
sherd,2
jose,2
decorated,2
superstructure,2
like,2
so,2
mask,2
abundant,2
thomas,2
least,2
archaeometry,2
aegean,2
etruscans,2
topics,2
investigations,2
consists,2
program,2
executive,2
not,2
table,2
fertility,2
sections,2
associated,2
natural,2
paper,2
cultures,2
different,2
methodist,2
december,2
variegated,2
far,2
chairman,2
type,2
beginning,2
economy,2
proceedings,2
them,2
whether,2
problem,2
information,2
presented,2
pits,2
met,2
measure,2
illinois,2
newsletter,2
smaller,2
glass,2
approach,2
membership,2
resources,2
carthage,2
nan,2
northwestern,2
focus,2
north,2
should,2
asked,2
rubble,2
anchors,2
gold,2
scandinavian,1
final,1
chavara,1
ending,1
smoke,1
sams,1
o,1
metal,1
concerned,1
anthony,1
later,1
vaira,1
cent,1
dug,1
names,1
imported,1
portion,1
ready,1
separated,1
extend,1
environmental,1
ivories,1
bushes,1
determine,1
red,1
measures,1
submission,1
mountains,1
sphere,1
connecticut,1
bukss,1
minutes,1
needed,1
replaced,1
elve,1
drastically,1
ample,1
lnternational,1
identify,1
prime,1
advised,1
rchaeology,1
approaches,1
walker,1
agaainst,1
park,1
conical,1
masks,1
policy,1
western,1
occurred,1
hominid,1
oxen,1
monograph,1
eye,1
amongst,1
contact,1
properties,1
subscription,1
hoping,1
themes,1
lower,1
round,1
smelting,1
pyres,1
cyclopean,1
gravity,1
either,1
acceptable,1
long,1
every,1
caroline,1
imprints,1
jointly,1
give,1
mudbrick,1
location,1
season,1
attempt,1
cyprominoan,1
kent,1
bonfante,1
all,1
nature,1
containing,1
georgia,1
divinity,1
eruption,1
height,1
packed,1
leading,1
belong,1
together,1
deadline,1
highland,1
great,1
display,1
producing,1
room,1
religion,1
subsequent,1
help,1
horus,1
feature,1
niversity,1
lv,1
those,1
principal,1
current,1
political,1
opposite,1
somewhat,1
appalachian,1
within,1
british,1
fossils,1
proceed,1
narrower,1
anniversary,1
existence,1
badly,1
linear,1
recorded,1
eastern,1
revolutionary,1
portico,1
bones,1
u,1
cleared,1
march,1
useum,1
fractionation,1
deductible,1
isotopic,1
italian,1
development,1
miniature,1
fitting,1
cooperation,1
illustrate,1
schedule,1
adopting,1
plaque,1
memo,1
richard,1
obvious,1
measuring,1
fine,1
bent,1
west,1
whatever,1
combination,1
establishment,1
indicating,1
fluorescence,1
boreal,1
bowls,1
fragment,1
brose,1
collection,1
nltionll,1
sign,1
jakob,1
evaluating,1
harold,1
corresponding,1
hudson,1
mid,1
repeatedly,1
vases,1
thus,1
phase,1
weekday,1
throughout,1
propped,1
relationships,1
proceeded,1
component,1
sapiens,1
run,1
mycenae,1
interior,1
bes,1
olaf,1
corner,1
relatively,1
ostrich,1
shaft,1
leaf,1
price,1
achaean,1
extensively,1
funds,1
cases,1
decisions,1
developments,1
items,1
reluctance,1
legally,1
patch,1
balls,1
depend,1
back,1
response,1
channels,1
houses,1
recalls,1
arranged,1
twice,1
jacob,1
viewjournal,1
publications,1
undertaking,1
kelly,1
verticsally,1
spite,1
vice,1
details,1
apparently,1
sun,1
leaning,1
parks,1
kept,1
van,1
seventh,1
civilization,1
interesting,1
bernice,1
lunstrom,1
philadelphia,1
urged,1
americans,1
bull,1
essential,1
leaping,1
operations,1
ox,1
rather,1
pledged,1
homo,1
checks,1
angeles,1
remain,1
stonebuilt,1
coastal,1
neatly,1
cult,1
environments,1
requisite,1
opportunity,1
legal,1
sponsor,1
b,1
se,1
entrances,1
direct,1
intercolumfigure,1
pages,1
denise,1
discoveries,1
paleolithic,1
supposed,1
lea,1
resistivity,1
support,1
means,1
determination,1
settled,1
nor,1
helsinki,1
canvass,1
owl,1
prehistory,1
exhibitions,1
les,1
organization,1
metallurgy,1
dated,1
liberal,1
just,1
dartmouth,1
numbers,1
impact,1
traces,1
plaster,1
orientation,1
steatite,1
underwater,1
filed,1
commented,1
dept,1
beyond,1
edinburgh,1
indications,1
lumps,1
us,1
peninsula,1
putting,1
hoard,1
destructive,1
guidance,1
founding,1
uncommitted,1
provisional,1
strategy,1
suggested,1
providing,1
struever,1
appear,1
methodology,1
paragraph,1
friends,1
irrigation,1
greater,1
opening,1
distribution,1
cyril,1
title,1
speros,1
ikelis,1
soliciting,1
basin,1
begun,1
faunal,1
kalahari,1
centers,1
changed,1
scotland,1
format,1
rooms,1
austin,1
initial,1
niations,1
big,1
afternoon,1
neighboring,1
palme,1
equal,1
let,1
war,1
block,1
czechoslovakia,1
dynasty,1
ceramics,1
meet,1
applied,1
starcevo,1
wealth,1
delays,1
required,1
practise,1
wide,1
method,1
gods,1
wayne,1
huge,1
randolph,1
because,1
expensive,1
aspects,1
mayonim,1
failure,1
shape,1
representatives,1
syria,1
colonies,1
having,1
basis,1
paleoenvironmental,1
literature,1
planning,1
publish,1
bounded,1
teotihuacan,1
carry,1
ingots,1
county,1
uncover,1
civilisation,1
reserve,1
knowledge,1
confined,1
patterning,1
data,1
larissa,1
bowl,1
paleoenvironments,1
older,1
issues,1
queens,1
icua,1
officers,1
structures,1
beads,1
cvprus,1
irving,1
device,1
lengthwise,1
et,1
lawsuit,1
bishop,1
personal,1
lsaac,1
facial,1
interpreted,1
presentations,1
graduate,1
misguided,1
rcheological,1
microfaunal,1
construct,1
sense,1
correct,1
level,1
working,1
responsibility,1
buildings,1
revolution,1
trading,1
settlement,1
ilitary,1
involved,1
ugarit,1
siwa,1
commissioner,1
perloc,1
shapes,1
few,1
components,1
brought,1
chicago,1
urgently,1
sha,1
yielded,1
dedicated,1
when,1
richness,1
up,1
paid,1
ashlar,1
settle,1
activities,1
elnds,1
cx,1
cleland,1
chronological,1
south,1
activation,1
dainas,1
noteworthy,1
request,1
variety,1
ridge,1
various,1
entitled,1
bringing,1
scientific,1
agneta,1
worshiped,1
indeed,1
service,1
located,1
expansion,1
brief,1
yugoslavia,1
outlet,1
ozols,1
female,1
phalaborwa,1
etc,1
positioned,1
convince,1
harbour,1
slag,1
formative,1
reconstruction,1
sponsored,1
standing,1
outer,1
structural,1
sectional,1
corpus,1
about,1
frank,1
hellenistic,1
yet,1
recognized,1
karageorghis,1
oasis,1
cleveland,1
thought,1
serve,1
financial,1
marijean,1
ring,1
under,1
cylindrical,1
idaho,1
commonwealth,1
raise,1
lack,1
arehaeologl,1
lll,1
iranian,1
already,1
delaware,1
testimony,1
volume,1
catalog,1
sacrielces,1
members,1
more,1
precedentsetting,1
paul,1
decoration,1
runs,1
stated,1
kenneth,1
toward,1
academy,1
conceived,1
potterys,1
motifs,1
addition,1
towards,1
tiny,1
sky,1
registration,1
shows,1
ceramic,1
twenty,1
conduct,1
head,1
areas,1
carbonized,1
departments,1
signielcance,1
plan,1
appeared,1
abstract,1
webb,1
layer,1
commemorate,1
habitat,1
denartment,1
figurines,1
doubt,1
roof,1
minister,1
honor,1
forms,1
patterns,1
took,1
lions,1
do,1
performances,1
mammalian,1
existing,1
baltiska,1
armed,1
income,1
karl,1
jobs,1
jenny,1
lion,1
paleoethnobotanical,1
spoke,1
colony,1
agencies,1
poles,1
heaps,1
books,1
distance,1
chair,1
arizonas,1
ecology,1
fight,1
local,1
subsistence,1
taped,1
baal,1
exhibit,1
session,1
survive,1
turkey,1
discovery,1
tulane,1
width,1
active,1
sides,1
lake,1
conceivable,1
ruling,1
worship,1
prospection,1
host,1
largely,1
decreed,1
moulded,1
assume,1
nude,1
resulting,1
harvard,1
institutional,1
questions,1
evolution,1
engaged,1
eligible,1
continue,1
laboratory,1
nineth,1
office,1
ofelcer,1
uruk,1
theories,1
students,1
anasazi,1
low,1
discovered,1
sufelcient,1
communicated,1
scandinavia,1
bonn,1
faces,1
august,1
eve,1
callender,1
indicate,1
homes,1
allowed,1
change,1
ny,1
skulls,1
high,1
risen,1
mexico,1
irreplaceable,1
structuring,1
shortly,1
standard,1
latter,1
spent,1
graves,1
especially,1
problems,1
systems,1
parallel,1
become,1
exported,1
alfonz,1
exactly,1
effect,1
intrasite,1
structure,1
james,1
sanctuaries,1
etowah,1
specill,1
adaptations,1
wells,1
staff,1
save,1
connections,1
fee,1
greek,1
la,1
division,1
aya,1
alaska,1
sacrificial,1
dealing,1
european,1
carried,1
vassos,1
edlund,1
respect,1
circle,1
belonged,1
publishing,1
irregular,1
longacre,1
george,1
brandeis,1
garvin,1
chance,1
convened,1
sx,1
naturally,1
practical,1
pieces,1
hill,1
vertical,1
order,1
insufficient,1
leslie,1
iiic,1
phoeni,1
male,1
dimensions,1
lost,1
deposit,1
strongly,1
yale,1
lawrence,1
contribution,1
ofelce,1
plains,1
covering,1
antiquity,1
methods,1
responsible,1
extra,1
courland,1
interconnected,1
supporting,1
arts,1
sailors,1
thick,1
forest,1
considered,1
ww,1
addressed,1
quantitative,1
eichel,1
school,1
chadron,1
abandonment,1
ash,1
deposited,1
heavy,1
januarl,1
hanging,1
amarna,1
accordance,1
colonists,1
incorporated,1
must,1
extending,1
athens,1
extensive,1
ever,1
theme,1
known,1
emeline,1
ll,1
willingness,1
charles,1
khatara,1
funding,1
sweden,1
here,1
bearded,1
der,1
coincides,1
berkeley,1
masonry,1
ingrid,1
finance,1
anthropology,1
contained,1
sizes,1
roman,1
interested,1
innovations,1
did,1
volcano,1
printed,1
clan,1
constructions,1
tablel,1
reminiscent,1
report,1
allied,1
vase,1
past,1
amphoriskoi,1
animal,1
william,1
altars,1
horns,1
what,1
iong,1
lehman,1
ala,1
offering,1
coast,1
varying,1
nearby,1
map,1
protective,1
axis,1
unnecessary,1
leaving,1
consisting,1
while,1
thames,1
payable,1
awarded,1
viru,1
minimal,1
emphasis,1
vessels,1
swanson,1
bodies,1
entire,1
ohio,1
ashes,1
press,1
yellen,1
yearly,1
elrst,1
ac,1
giving,1
tried,1
faience,1
programs,1
discussion,1
phenomenon,1
using,1
maintained,1
gain,1
ingkulpa,1
antique,1
question,1
formation,1
devoted,1
refugees,1
until,1
afternoons,1
years,1
latvian,1
fourteenth,1
diminished,1
write,1
grant,1
pierced,1
burnt,1
wish,1
cotter,1
although,1
usa,1
hunter,1
need,1
physical,1
states,1
you,1
effects,1
peripheries,1
francisco,1
bothroi,1
archaic,1
morning,1
diggers,1
aia,1
roumania,1
curl,1
spacious,1
removed,1
paleoindian,1
succeeded,1
th,1
maximum,1
enclose,1
valley,1
develop,1
gulf,1
wellplanned,1
immediately,1
recent,1
lopango,1
famous,1
peloponnese,1
sent,1
ca,1
pillars,1
hans,1
major,1
occur,1
