WORDCOUNTS,WEIGHT
the,198
of,138
and,101
to,61
a,54
in,53
is,32
for,29
on,19
that,18
as,16
it,15
this,15
from,14
are,13
landscape,12
by,12
survey,12
one,10
early,10
can,9
an,9
we,9
greek,9
site,8
southern,8
not,8
with,8
was,8
or,8
which,8
field,8
be,8
but,7
material,7
artifact,7
period,7
aegean,7
argolid,6
at,6
will,6
volume,6
have,6
archaeology,6
through,6
countryside,5
coastal,5
volumes,5
university,5
most,5
regional,5
only,5
more,5
also,5
j,5
what,5
historical,5
helladic,5
than,5
pottery,5
how,5
if,4
who,4
analysis,4
projects,4
akte,4
age,4
two,4
surface,4
bronze,4
book,4
other,4
found,4
time,4
aep,4
rural,4
further,4
future,4
artifacts,4
its,4
evolution,4
chapters,4
authors,4
least,4
settlement,4
late,4
between,4
those,4
much,4
van,3
integrating,3
medieval,3
maps,3
remain,3
yet,3
when,3
ancient,3
history,3
intensive,3
ambitious,3
n,3
these,3
first,3
exploitation,3
roman,3
many,3
last,3
reviews,3
eds,3
has,3
institute,3
sites,3
chapter,3
data,3
work,3
maritime,3
true,3
sea,3
press,3
island,3
our,3
project,3
stanford,3
such,3
archaeological,3
publication,3
define,3
so,3
sacred,3
probably,3
greece,3
recent,3
neolithic,3
periods,2
now,2
may,2
whose,2
links,2
been,2
overall,2
basic,2
might,2
curtis,2
islands,2
e,2
rather,2
above,2
clothbound,2
notably,2
they,2
similar,2
rapidly,2
their,2
study,2
superb,2
fall,2
melos,2
ammerman,2
h,2
monuments,2
read,2
modern,2
earliest,2
under,2
demographic,2
into,2
berg,2
planned,2
before,2
caption,2
reviewed,2
without,2
reports,2
archaeologists,2
beyond,2
present,2
lapse,2
cover,2
view,2
over,2
put,2
diachronic,2
my,2
different,2
based,2
typical,2
centers,2
classical,2
scotland,2
very,2
presentation,2
iron,2
i,2
past,2
there,2
experts,2
external,2
do,2
though,2
form,2
less,2
system,2
franchthi,2
isbn,2
recording,2
distribution,2
assemblage,2
design,2
some,2
inferred,2
reader,2
given,2
point,2
part,2
geomorphological,2
ucla,2
review,2
lithic,2
andel,2
surely,2
years,2
indeed,2
runnels,2
lithics,2
tables,2
excavated,2
times,2
land,2
like,2
would,2
need,2
things,2
high,2
mantzourani,2
mediterranean,2
standard,2
summary,2
soil,2
eyes,2
presence,2
decline,2
c,2
publications,2
valley,2
little,2
journal,2
strong,2
among,2
y,2
detection,2
finds,2
valleys,2
justice,2
society,2
survived,1
model,1
omission,1
ranging,1
spikes,1
space,1
directors,1
does,1
modelling,1
landscapes,1
vantage,1
pertaining,1
where,1
interesting,1
cerina,1
disappointing,1
second,1
candid,1
puppet,1
owes,1
chronological,1
perspectives,1
conforming,1
variety,1
overlays,1
uniformity,1
bookshelf,1
materials,1
extensively,1
reviewer,1
way,1
provide,1
mixture,1
recall,1
bulk,1
later,1
crucial,1
l,1
principally,1
five,1
main,1
across,1
centered,1
poseidon,1
developed,1
impressive,1
mexican,1
edward,1
resisted,1
tiryns,1
limited,1
candour,1
deserve,1
others,1
provenancing,1
environmental,1
photograph,1
levels,1
college,1
nearly,1
uplands,1
oversight,1
holistic,1
barbara,1
brings,1
guess,1
prove,1
active,1
surveys,1
mountains,1
wagstaff,1
introduction,1
sharper,1
began,1
expanded,1
indicates,1
millennia,1
jiggle,1
estimates,1
b,1
inadequate,1
movement,1
remnants,1
highlights,1
covering,1
direct,1
frames,1
unfamiliar,1
surveyed,1
ix,1
integrity,1
assuming,1
shoulders,1
studies,1
matched,1
methods,1
cave,1
inches,1
moored,1
robin,1
hope,1
origins,1
communications,1
see,1
hellenistic,1
peripheries,1
hardpushed,1
answer,1
ostensibly,1
s,1
interpretation,1
centuries,1
manner,1
reference,1
methuen,1
all,1
approaches,1
privy,1
walker,1
twenty,1
coverage,1
makes,1
insistence,1
unusual,1
marginal,1
albert,1
susan,1
coevolution,1
regularly,1
former,1
prehistory,1
restricted,1
collection,1
illustration,1
reconstruct,1
detail,1
objects,1
boundary,1
perceived,1
critical,1
mainland,1
processing,1
variable,1
fringes,1
curious,1
exercised,1
total,1
monument,1
any,1
ordered,1
import,1
just,1
lack,1
feels,1
offsite,1
pioneered,1
mcclellan,1
impact,1
generally,1
traces,1
contested,1
ethnographic,1
kardulias,1
monograph,1
house,1
no,1
fournoi,1
venetian,1
literally,1
deliver,1
vol,1
al,1
argued,1
changing,1
unlikely,1
glued,1
upper,1
must,1
four,1
patterning,1
underwater,1
ever,1
accumulation,1
being,1
detect,1
extension,1
cycladic,1
implied,1
follow,1
readings,1
either,1
stones,1
bender,1
rival,1
regime,1
modest,1
geomorphology,1
long,1
every,1
terrestrial,1
geometric,1
temple,1
painted,1
text,1
production,1
here,1
questions,1
set,1
continues,1
ii,1
taken,1
cyprian,1
britain,1
export,1
equivalent,1
excavation,1
providing,1
admirable,1
address,1
giants,1
continental,1
conceived,1
methodology,1
tj,1
reassuringly,1
each,1
outlining,1
experienced,1
rear,1
thereafter,1
raw,1
seems,1
moving,1
altering,1
words,1
definition,1
storerooms,1
prehistoric,1
fact,1
kalaureian,1
antiquaries,1
inclined,1
landlocked,1
sizes,1
anon,1
idea,1
exploration,1
archaeologically,1
societies,1
location,1
europe,1
overwhelming,1
agenda,1
underestimated,1
tradition,1
harbor,1
milling,1
interwoven,1
blocks,1
areas,1
could,1
assess,1
et,1
clarendon,1
appearance,1
six,1
expertly,1
basins,1
documents,1
current,1
hubristic,1
temptation,1
crop,1
potentially,1
analyses,1
exotic,1
rich,1
iii,1
seven,1
purple,1
achievement,1
particularly,1
out,1
boasted,1
vanishing,1
clearly,1
figure,1
central,1
malcolm,1
closer,1
munsell,1
curiosity,1
onto,1
privileged,1
keos,1
kranidhi,1
pioneer,1
contemporary,1
doubt,1
comparative,1
debt,1
arguably,1
eponymous,1
achieved,1
xx,1
attained,1
revisitations,1
culture,1
remarkably,1
masters,1
big,1
better,1
never,1
patterns,1
conclusions,1
date,1
murray,1
intervening,1
represent,1
equally,1
unnecessarily,1
same,1
ground,1
shipwreck,1
helping,1
cultural,1
formation,1
dendritic,1
acropolis,1
lerna,1
ruins,1
war,1
applaud,1
hinterland,1
economy,1
inappropriate,1
developing,1
daniel,1
visibility,1
establish,1
them,1
investigation,1
recently,1
population,1
michael,1
contain,1
polis,1
cannot,1
strategies,1
accounts,1
coast,1
case,1
particular,1
scale,1
quote,1
pertinent,1
takes,1
ahead,1
add,1
however,1
norms,1
saronic,1
map,1
procedures,1
invitation,1
osborne,1
mere,1
inflows,1
obsidian,1
series,1
plausible,1
key,1
mercy,1
boiotia,1
public,1
conspicuous,1
inflow,1
castigating,1
shifts,1
near,1
halieis,1
day,1
because,1
reinterpretation,1
cadastral,1
sanctuaries,1
well,1
shape,1
mesh,1
trade,1
alluvium,1
phenomenology,1
thousands,1
keeping,1
strings,1
almost,1
replacement,1
gibbon,1
prior,1
ideal,1
opy,1
apt,1
politics,1
mapped,1
oil,1
network,1
size,1
discussion,1
paucity,1
drawn,1
shame,1
bc,1
tripping,1
scope,1
strengths,1
appendices,1
both,1
cambridge,1
richard,1
los,1
comprises,1
determined,1
himor,1
thalassophobia,1
prominent,1
region,1
illustrated,1
peace,1
surrounded,1
london,1
despite,1
revolutions,1
resources,1
courses,1
constricted,1
herself,1
ac,1
tjeerd,1
liable,1
lies,1
argive,1
northern,1
amused,1
identifies,1
ordering,1
citation,1
largely,1
results,1
during,1
exciting,1
make,1
outflow,1
inferences,1
demonstrates,1
diversity,1
climatic,1
gloss,1
using,1
issues,1
ideas,1
succeed,1
aims,1
pleasure,1
goals,1
human,1
nodes,1
terms,1
rare,1
slight,1
recovery,1
precision,1
terra,1
were,1
divided,1
full,1
per,1
surrounding,1
employed,1
devoted,1
until,1
models,1
economydriven,1
asking,1
described,1
showing,1
vii,1
component,1
locations,1
dynamics,1
status,1
open,1
own,1
traditions,1
average,1
observed,1
since,1
intensified,1
placing,1
three,1
against,1
approach,1
comprehensive,1
g,1
integral,1
finally,1
points,1
lolos,1
millennium,1
retarded,1
authoritative,1
good,1
characteristic,1
exemplary,1
dozen,1
identify,1
applicable,1
individual,1
christopher,1
arise,1
predilections,1
afford,1
kea,1
constructed,1
gaze,1
summer,1
enalia,1
fabrics,1
reliable,1
assured,1
possible,1
integration,1
co,1
asked,1
trading,1
credit,1
politically,1
paths,1
kind,1
shortly,1
palaeolithic,1
transitional,1
mesopotamian,1
provides,1
gridding,1
distinct,1
bradley,1
latter,1
attention,1
roughly,1
differing,1
thousand,1
supported,1
problems,1
vessel,1
potential,1
ship,1
differently,1
highest,1
deciding,1
substitute,1
archaeologica,1
wares,1
nemea,1
km,1
become,1
peak,1
massive,1
recoverable,1
ofantiquaries,1
sherds,1
mycenaean,1
witnessed,1
effect,1
methodological,1
degradation,1
enterprise,1
undertaking,1
create,1
removed,1
tip,1
explore,1
up,1
working,1
archaeologist,1
looks,1
even,1
gives,1
communication,1
dividing,1
focus,1
world,1
figures,1
glance,1
frankish,1
standardized,1
capitol,1
ashlar,1
weigh,1
pulling,1
should,1
middle,1
catalog,1
monumenta,1
ca,1
built,1
handful,1
moved,1
rates,1
gordon,1
conceptually,1
nordquist,1
activities,1
bury,1
discern,1
metropoleis,1
culminate,1
local,1
spare,1
