WORDCOUNTS,WEIGHT
the,307
of,228
and,141
in,113
to,82
a,63
tula,57
at,53
or,35
as,34
is,33
that,32
de,29
on,28
this,26
not,22
was,20
are,20
were,20
with,19
by,19
be,19
chichen,18
university,18
project,18
but,17
missouri,17
data,17
have,17
more,16
other,16
from,15
these,15
site,14
m,14
for,14
diehl,14
healan,13
which,13
no,12
la,12
his,11
book,11
an,11
those,11
than,11
it,10
one,10
any,10
i,10
only,9
en,9
volume,9
all,9
survey,9
do,9
chapter,9
pyramid,9
architectural,9
canal,9
large,8
had,8
ancient,8
found,8
report,8
urban,8
archaeological,8
excavations,8
especially,8
he,7
been,7
b,7
their,7
h,7
temple,7
also,7
ceramic,7
estudios,7
within,7
house,7
phase,7
surface,7
toltecs,7
ana,6
cobean,6
types,6
tollan,6
dan,6
locality,6
robert,6
because,6
richard,6
itzi,6
maria,6
authors,6
del,6
between,6
research,6
much,6
principal,6
figure,5
maps,5
center,5
see,5
crespo,5
two,5
anthropology,5
fact,5
great,5
rooms,5
present,5
cientifica,5
has,5
well,5
x,5
press,5
results,5
itzai,5
structures,5
chapters,5
described,5
platform,5
three,5
like,5
period,5
skulls,5
area,5
sobre,5
structure,5
y,5
figures,5
will,4
does,4
interesting,4
grande,4
make,4
they,4
ceramics,4
settlement,4
inah,4
interpretation,4
studies,4
many,4
under,4
comparisons,4
said,4
published,4
alba,4
ii,4
chichin,4
molina,4
appear,4
random,4
could,4
review,4
fragments,4
skull,4
phd,4
reviews,4
hidalgo,4
revista,4
artifacts,4
made,4
mexicana,4
little,4
very,4
most,4
use,4
diskette,4
antigua,4
el,4
excavated,4
would,4
sample,4
ciudad,4
archaeology,4
mastache,4
small,4
vi,4
few,4
text,4
can,4
up,4
even,4
given,4
evidence,4
pottery,4
preliminary,4
may,3
now,3
chase,3
academic,3
economic,3
five,3
montes,3
overall,3
comparative,3
square,3
classic,3
presentation,3
why,3
study,3
analysis,3
about,3
columns,3
ma,3
support,3
completely,3
pp,3
ballcourt,3
anales,3
relative,3
neither,3
dissertation,3
photographs,3
stratigraphic,3
complete,3
four,3
guadalupe,3
department,3
reports,3
first,3
soil,3
either,3
organization,3
lack,3
reconstructions,3
useful,3
here,3
if,3
coleccidn,3
tzompantli,3
sampling,3
included,3
capital,3
basin,3
compounds,3
out,3
new,3
room,3
there,3
type,3
patterns,3
monographs,3
where,3
appears,3
material,3
earlier,3
printouts,3
warriors,3
information,3
original,3
discussion,3
both,3
presented,3
stairway,3
although,3
including,3
city,3
previously,3
santley,3
description,3
zone,3
overview,3
describe,3
harvard,3
aztec,3
artifact,3
known,3
since,3
peripheral,3
least,3
smaller,3
exploraciones,3
features,3
mexico,3
colleagues,3
defined,3
nor,3
involved,3
old,3
perspective,3
several,3
houses,3
yadeun,3
reported,3
journal,3
notes,3
provided,3
activities,3
architecture,2
inspection,2
distribution,2
final,2
toltec,2
polychrome,2
r,2
what,2
second,2
plotted,2
played,2
contact,2
diminutive,2
various,2
horizontal,2
way,2
tomo,2
george,2
rather,2
carnegie,2
indeed,2
functional,2
plans,2
iowa,2
altar,2
e,2
who,2
community,2
mesoamerica,2
complex,2
innovation,2
special,2
structural,2
often,2
construction,2
productive,2
units,2
monte,2
itself,2
institution,2
drawings,2
mounds,2
resemble,2
better,2
courtyard,2
detail,2
history,2
analytical,2
associated,2
ed,2
largest,2
xi,2
show,2
ever,2
rack,2
lying,2
archaeologists,2
physical,2
edificio,2
mound,2
sherds,2
solana,2
residential,2
syntheses,2
stated,2
excavation,2
might,2
attempt,2
view,2
over,2
dc,2
actual,2
mixico,2
gutierrez,2
each,2
parallel,2
definition,2
msdos,2
based,2
jorge,2
east,2
mazapin,2
areas,2
plan,2
p,2
domestic,2
ne,2
viii,2
larger,2
far,2
d,2
mesoamerican,2
while,2
las,2
feature,2
base,2
representative,2
century,2
loose,2
reminiscent,2
onto,2
investigations,2
cultural,2
equal,2
ofancient,2
essentially,2
accepted,2
context,2
setting,2
contents,2
sq,2
particular,2
publications,2
necessary,2
textbook,2
core,2
map,2
universidad,2
eastern,2
frequency,2
problem,2
near,2
periphery,2
having,2
programs,2
another,2
some,2
bey,2
prehispanic,2
international,2
explanation,2
obvious,2
west,2
region,2
part,2
related,2
warrior,2
its,2
significant,2
whole,2
directed,2
broad,2
constitute,2
mention,2
work,2
questions,2
ceremonial,2
think,2
central,2
terminal,2
thus,2
our,2
apparently,2
durante,2
transect,2
surely,2
kiln,2
such,2
open,2
discovered,2
interior,2
descriptions,2
twentieth,2
numerous,2
publication,2
certain,2
david,2
augusto,2
integrated,2
building,2
american,2
parts,2
microfilms,2
proyecto,2
after,2
quite,2
claim,2
provides,2
artificial,2
density,2
charles,2
enough,2
concerns,2
presence,2
themselves,2
ann,2
single,2
when,2
student,2
df,2
kelley,2
comparable,2
chico,2
stone,2
so,2
should,2
lincoln,2
major,2
occur,2
buildings,2
resultados,1
fails,1
chronological,1
carved,1
carried,1
live,1
f,1
indication,1
good,1
veracruz,1
therefore,1
quoting,1
reconstructed,1
relationship,1
produces,1
alleged,1
compares,1
yucatdin,1
power,1
arrangement,1
adequate,1
town,1
misreconstructions,1
essential,1
cuarta,1
poblamiento,1
culub,1
window,1
mercado,1
projected,1
common,1
injournal,1
independent,1
continued,1
valle,1
microcosmic,1
assert,1
sometimes,1
crucial,1
traditionalism,1
foreign,1
names,1
groups,1
absent,1
doctoral,1
yucatdtn,1
short,1
wrote,1
imported,1
synthesis,1
faced,1
praised,1
teotihuacin,1
reevaluate,1
truth,1
limited,1
museum,1
critical,1
randomly,1
environmental,1
supposes,1
lativos,1
harris,1
playing,1
residenciales,1
nearly,1
temporadas,1
worthy,1
intriguing,1
notion,1
predict,1
feel,1
caryatids,1
geology,1
diane,1
prove,1
unique,1
un,1
collections,1
resemblance,1
detailed,1
dot,1
internal,1
considerably,1
totally,1
bears,1
clothbound,1
force,1
plumbate,1
heard,1
folded,1
supplement,1
per,1
sponsored,1
contribution,1
models,1
similar,1
sequences,1
ponder,1
originated,1
patio,1
group,1
atop,1
indicts,1
enlightening,1
conducted,1
contributor,1
seemingly,1
replaced,1
kilns,1
discern,1
ix,1
makes,1
ruppert,1
effective,1
needed,1
essays,1
evolution,1
omits,1
scarcity,1
existed,1
mano,1
unsculpted,1
list,1
evenly,1
informative,1
space,1
acosta,1
limitless,1
ways,1
missouritula,1
plaza,1
civilization,1
sympathy,1
monuments,1
done,1
originally,1
understand,1
empires,1
suited,1
obtenidos,1
association,1
romantic,1
modern,1
serve,1
floor,1
notwithstanding,1
asserts,1
plus,1
seat,1
evolved,1
sharing,1
arlen,1
collection,1
ramp,1
orange,1
entertain,1
nacional,1
plazas,1
cycles,1
simultaneously,1
elizabeth,1
trabajo,1
into,1
dissection,1
title,1
exciting,1
lowland,1
atlantean,1
boletin,1
layout,1
otherwise,1
total,1
general,1
before,1
note,1
just,1
culture,1
moderately,1
tohil,1
economics,1
jeffrey,1
believed,1
same,1
teams,1
squares,1
displays,1
caption,1
mexican,1
absence,1
al,1
version,1
changing,1
reviewed,1
contexts,1
observations,1
profile,1
typologically,1
comparison,1
edge,1
solid,1
dzibilchaltmin,1
responsibility,1
age,1
hoping,1
complexes,1
simply,1
extensive,1
constituted,1
ensayo,1
prehistoric,1
recovered,1
prepared,1
additional,1
regional,1
summit,1
aside,1
descubrimientos,1
beyond,1
concerning,1
considers,1
matrices,1
conforms,1
huastec,1
sources,1
definite,1
textual,1
mazapan,1
provide,1
eleven,1
museums,1
topographic,1
adds,1
segundaparte,1
titling,1
begin,1
peabody,1
production,1
human,1
catdlogo,1
recreations,1
index,1
quinta,1
omission,1
dominant,1
famed,1
likewise,1
protohistory,1
later,1
taken,1
restoration,1
strategy,1
ciencias,1
geography,1
address,1
oversized,1
available,1
ecological,1
ha,1
nicoya,1
deceive,1
proof,1
equally,1
aldine,1
marshall,1
addition,1
towards,1
pefia,1
simplest,1
descriptive,1
j,1
dumbarton,1
knowing,1
seems,1
quantitatively,1
correspond,1
adherence,1
damning,1
concession,1
closely,1
my,1
hohokam,1
poca,1
longer,1
metate,1
idea,1
consideration,1
datos,1
societies,1
location,1
believe,1
allow,1
did,1
temples,1
preor,1
enthusiastic,1
nelly,1
appendix,1
bulk,1
argue,1
falsifications,1
temporada,1
compound,1
called,1
wall,1
gallerypatios,1
typical,1
access,1
developed,1
mexica,1
recite,1
iii,1
time,1
enable,1
served,1
able,1
exploratorio,1
diverse,1
contextual,1
substantive,1
personal,1
perfectly,1
volumetrically,1
criticisms,1
cummings,1
santa,1
rica,1
figurines,1
aerial,1
doubt,1
primary,1
covering,1
generalized,1
identical,1
configuration,1
matos,1
niche,1
scatters,1
half,1
transects,1
antropolmgicos,1
c,1
artistically,1
synthesize,1
thames,1
roof,1
serious,1
alluded,1
removal,1
instituto,1
inferring,1
late,1
algunos,1
hint,1
written,1
secondary,1
handbook,1
v,1
yucatecan,1
interject,1
occupation,1
standardized,1
traits,1
political,1
formation,1
elemental,1
clusters,1
sculptures,1
manner,1
ecology,1
workshop,1
relations,1
manipulate,1
economy,1
intersite,1
files,1
itzacluttered,1
traza,1
empire,1
them,1
whether,1
similarities,1
recently,1
population,1
produced,1
selected,1
hectares,1
ultimately,1
edit,1
system,1
cannot,1
rising,1
analogous,1
nowhere,1
plants,1
side,1
nearby,1
energy,1
placed,1
cruciform,1
silvio,1
sophisticated,1
artifactual,1
demographics,1
perhaps,1
isbn,1
sahagin,1
facilities,1
antropolgicos,1
ignoring,1
scattered,1
wide,1
style,1
public,1
drain,1
assemblage,1
gives,1
annexed,1
number,1
antedate,1
estado,1
directly,1
sculpted,1
impression,1
briefly,1
technical,1
maya,1
kitchen,1
verbose,1
percent,1
atlatongo,1
failure,1
studied,1
sites,1
serpent,1
imperial,1
local,1
vegetational,1
account,1
almost,1
minimal,1
eduardo,1
participation,1
traditionalist,1
basis,1
emphasis,1
possible,1
competent,1
perpetuated,1
politics,1
understanding,1
mean,1
correctly,1
activity,1
used,1
karl,1
art,1
s,1
characterize,1
suelo,1
welcome,1
overviews,1
nucleus,1
ultimos,1
examples,1
unanalytical,1
appendices,1
hearth,1
imports,1
chiefly,1
los,1
structurally,1
range,1
byron,1
patios,1
chronology,1
must,1
heart,1
fine,1
reader,1
future,1
autdnoma,1
concept,1
whatever,1
illustrated,1
combination,1
postclassic,1
say,1
processes,1
despite,1
progressively,1
marketing,1
cited,1
looking,1
apparent,1
calls,1
clearer,1
apply,1
role,1
along,1
patterning,1
elite,1
terms,1
meaningful,1
skeletal,1
contain,1
pocket,1
ritual,1
campeche,1
puzzled,1
caso,1
campo,1
employing,1
et,1
established,1
photograph,1
genuine,1
figural,1
chichtn,1
intermediate,1
during,1
place,1
inventory,1
refers,1
juan,1
relates,1
spindle,1
informes,1
arizona,1
coyotlatelco,1
qualitative,1
hudson,1
groundplan,1
allows,1
exposed,1
ideas,1
rulership,1
actually,1
numbered,1
vases,1
useless,1
dispense,1
london,1
goal,1
resource,1
includes,1
unpublished,1
tozzerian,1
lifeways,1
focuses,1
comments,1
previous,1
suggested,1
reflect,1
we,1
uxmal,1
tantalizing,1
cluded,1
dull,1
frustratingly,1
charges,1
putatively,1
giving,1
southwestern,1
shown,1
familiarity,1
agustin,1
frustrating,1
showing,1
vii,1
versions,1
smallest,1
tenochtitlin,1
shrine,1
generate,1
ethnicity,1
clear,1
initiated,1
similarity,1
indictments,1
lithics,1
presentations,1
graduate,1
importance,1
obsidian,1
sampled,1
shortcomings,1
hierarchy,1
comprehensive,1
colonnade,1
materials,1
position,1
con,1
corner,1
mode,1
quarterly,1
interest,1
faces,1
critique,1
characteristic,1
profiles,1
relatively,1
social,1
statistically,1
contributed,1
offer,1
joined,1
featureone,1
computer,1
interregional,1
piedra,1
include,1
tubes,1
sense,1
chichdn,1
jeremy,1
resembles,1
hard,1
field,1
tucson,1
need,1
spread,1
davies,1
susan,1
manufacture,1
sought,1
shaping,1
janet,1
high,1
integration,1
honor,1
palace,1
antiquity,1
oriented,1
without,1
escultura,1
attempted,1
plentiful,1
frontal,1
turn,1
peripheries,1
clay,1
remains,1
elements,1
latter,1
around,1
forms,1
never,1
intuitive,1
summary,1
inform,1
reconnaissance,1
influence,1
milestone,1
ignore,1
wondered,1
cogent,1
painful,1
aztecs,1
highly,1
escuela,1
editing,1
best,1
elaborate,1
racks,1
attested,1
offield,1
assumed,1
columbia,1
investigaciones,1
middle,1
asentamiento,1
become,1
sequence,1
interpretations,1
fossilized,1
compared,1
texas,1
arranged,1
distressingly,1
oklahoma,1
acquire,1
supported,1
deliberate,1
misleading,1
packet,1
stoutamire,1
plate,1
mechanical,1
prefatory,1
clever,1
sketches,1
create,1
early,1
facet,1
nondomestic,1
species,1
probably,1
working,1
corral,1
valley,1
entire,1
slightly,1
recientes,1
dominance,1
william,1
contemporaneity,1
northern,1
convey,1
envelope,1
focus,1
proper,1
corresponds,1
invented,1
floors,1
zapotec,1
nigel,1
tendency,1
recent,1
connections,1
ballcourts,1
underemphasized,1
guide,1
labelled,1
weakness,1
delimited,1
airea,1
minimally,1
pillars,1
sculptured,1
am,1
himself,1
animals,1
valuable,1
bothered,1
household,1
mezquital,1
seem,1
readership,1
thorough,1
gillespie,1
tube,1
covered,1
separate,1
walls,1
him,1
