WORDCOUNTS,WEIGHT
the,467
of,330
and,284
in,182
a,125
to,85
is,64
by,59
from,57
for,53
at,52
are,47
cuello,46
with,46
this,43
maya,43
formative,39
as,37
on,36
been,35
be,34
has,31
was,31
have,31
or,30
s,26
that,25
plant,24
late,23
an,22
forest,22
which,21
r,20
early,20
but,18
note,18
e,17
construction,17
site,16
it,15
phase,15
may,15
n,15
et,15
species,15
not,15
d,15
belize,15
maize,14
h,14
were,14
tree,14
bc,14
remains,14
j,13
their,13
university,13
data,13
field,13
cit,12
most,12
small,12
will,12
also,12
carbonized,12
op,12
they,11
first,11
other,11
x,11
p,11
high,11
we,11
into,10
crops,10
swasey,10
such,10
monsoon,10
work,10
least,10
soil,10
research,10
classic,10
only,10
material,10
northern,10
archaeology,10
environment,10
ca,10
t,9
since,9
l,9
popcorn,9
out,9
pollen,9
probably,9
lowland,9
more,9
perhaps,9
increase,9
can,9
miksicek,9
although,9
flotation,8
i,8
those,8
some,8
m,8
cohune,8
cacao,8
identified,8
ancient,8
palm,8
ceramic,8
areas,8
present,8
including,8
archaeological,8
period,8
area,8
table,8
beans,8
animal,8
plants,8
wild,8
dense,8
c,8
o,7
if,7
environmental,7
large,7
one,7
nature,7
there,7
vegetation,7
very,7
sample,7
based,7
population,7
used,7
suggest,7
several,7
f,7
various,7
tropical,7
land,7
wright,7
these,7
ecology,7
use,7
radiocarbon,7
program,7
economy,7
evidence,7
association,7
between,7
km,7
much,7
squash,6
de,6
relatively,6
sp,6
identification,6
b,6
recovered,6
cotton,6
root,6
found,6
marsh,6
its,6
during,6
project,6
settlement,6
likely,6
economic,6
vesicular,6
hammond,6
community,6
new,6
v,6
allspice,6
deposits,6
earliest,6
here,6
number,6
preserved,6
mamom,6
major,6
currently,5
second,5
all,5
survey,5
british,5
no,5
subsistence,5
w,5
exploitation,5
mesoamerican,5
because,5
brought,5
part,5
elizabeth,5
around,5
seeds,5
rind,5
pomacea,5
ceremonial,5
chicanel,5
many,5
cultivated,5
phytoliths,5
wood,5
local,5
samples,5
platform,5
open,5
would,5
earlier,5
preservation,5
become,5
milpa,5
carried,5
rutgers,5
over,5
report,5
middle,5
both,5
through,5
pine,5
years,5
charles,5
common,4
later,4
indicated,4
studies,4
modern,4
sequence,4
long,4
season,4
available,4
raised,4
iv,4
agriculture,4
human,4
mm,4
g,4
excavations,4
z,4
journal,4
wet,4
than,4
phases,4
ridge,4
sw,4
similar,4
parts,4
study,4
animals,4
interim,4
important,4
charcoal,4
diet,4
base,4
further,4
varieties,4
climate,4
annual,4
provided,4
he,4
absence,4
guatemala,4
same,4
harrison,4
technique,4
water,4
flint,4
rio,4
region,4
end,4
food,4
proportion,4
fruits,4
pattern,4
low,4
architectural,4
general,4
palaeobotanical,4
marine,4
structure,4
slightly,4
nuevo,4
antiquity,4
fields,4
known,4
natural,4
paper,4
far,4
cultivation,4
while,4
suggests,4
size,4
hondo,4
level,4
trees,4
decrease,4
among,4
recent,4
miller,3
snails,3
introduction,3
utility,3
group,3
douglass,3
excavation,3
organic,3
came,3
ii,3
marl,3
belizelhammond,3
hogplum,3
successional,3
case,3
roy,3
bones,3
cleared,3
vol,3
fine,3
apart,3
shellfish,3
chultun,3
savanna,3
immediate,3
unpublished,3
transitional,3
savannas,3
herbaceous,3
dates,3
his,3
how,3
after,3
lacking,3
established,3
intensive,3
swidden,3
had,3
midd,3
faunal,3
conspicuous,3
occupation,3
cultural,3
well,3
basis,3
mollusc,3
reflect,3
change,3
tended,3
yielded,3
up,3
seed,3
grateful,3
preliminary,3
rest,3
society,3
periods,3
barbara,3
bajos,3
still,3
southern,3
about,3
museum,3
under,3
selective,3
us,3
two,3
department,3
social,3
useful,3
towards,3
foods,3
time,3
fragments,3
do,3
ramon,3
eaten,3
assumption,3
rivers,3
actual,3
recovery,3
laboratory,3
publication,3
so,3
courtyard,3
artificial,3
chert,3
figure,3
usually,3
seen,3
deposit,3
detailed,3
jauacte,3
indicate,3
ramonal,3
united,3
tub,3
detail,3
stratigraphic,3
must,3
supported,3
down,3
edible,3
essentially,3
living,3
archaeologyl,3
terms,3
form,3
emphasis,3
city,3
our,3
prepared,3
chile,3
national,3
puleston,3
include,3
shells,3
soils,3
potential,3
corn,3
north,3
arizona,3
final,2
given,2
winds,2
mollusca,2
fraction,2
suggested,2
deciduous,2
american,2
leached,2
ma,2
committee,2
history,2
pinus,2
lowlands,2
member,2
logistic,2
taken,2
ears,2
confirmed,2
could,2
together,2
accompanied,2
composition,2
graham,2
subsequent,2
help,2
corozal,2
feature,2
roasting,2
state,2
date,2
interfluvial,2
within,2
existence,2
botanical,2
mass,2
discuss,2
mesh,2
possible,2
mamey,2
richard,2
west,2
except,2
resources,2
geomorphological,2
above,2
along,2
decreasing,2
controlled,2
central,2
throughout,2
millennium,2
interest,2
shaft,2
occurs,2
complex,2
drainage,2
distinct,2
old,2
back,2
six,2
compared,2
estimate,2
like,2
y,2
undisturbed,2
civilization,2
poor,2
helicina,2
acid,2
rather,2
developed,2
landscape,2
levels,2
shrub,2
represented,2
leave,2
belizean,2
productive,2
palaeoenvironment,2
grains,2
emergence,2
clearly,2
house,2
exploited,2
surface,2
beyond,2
rice,2
locale,2
view,2
stands,2
honduras,2
result,2
closely,2
walk,2
location,2
shrubland,2
pod,2
fuel,2
density,2
recently,2
produced,2
publications,2
fish,2
record,2
procedures,2
comestibles,2
salamo,2
storage,2
degrees,2
received,2
protein,2
cob,2
related,2
woodland,2
year,2
being,2
structures,2
personal,2
surrounding,2
good,2
stage,2
wing,2
le,2
fallow,2
family,2
few,2
presence,2
dramatic,2
when,2
st,2
extracted,2
cycle,2
massive,2
south,2
provide,2
materials,2
catchment,2
short,2
yucatan,2
surviving,2
tends,2
vicinity,2
communities,2
yet,2
permission,2
added,2
rain,2
phosphorus,2
chronology,2
bulimulus,2
ne,2
orange,2
swamp,2
complete,2
k,2
ed,2
noted,2
inedible,2
lack,2
members,2
deevey,2
fire,2
name,2
onwards,2
others,2
addition,2
cedar,2
turner,2
razorgrass,2
disturbed,2
crop,2
viii,2
hackberry,2
diameter,2
snail,2
discussed,2
patterns,2
where,2
float,2
torches,2
see,2
iiia,2
assemblage,2
encountered,2
remained,2
another,2
matrix,2
analyzed,2
understanding,2
discussion,2
parching,2
examples,2
background,2
made,2
discovery,2
postclassic,2
arlene,2
canals,2
concern,2
refers,2
numerous,2
lawrence,2
dominated,2
pulltrouser,2
caribbean,2
collected,2
dry,2
filled,2
latter,2
especially,2
discarded,2
problems,2
article,2
leaves,2
modification,2
botan,2
sealed,2
fairly,2
continued,2
science,2
ecological,2
fleshy,2
circumstance,2
rapidly,2
changes,2
analysis,2
quite,2
chamber,2
centuries,2
crabboe,2
pepper,2
rarely,2
any,2
bean,2
following,2
changing,2
geographic,2
bush,2
constructed,2
alternative,2
each,2
variable,2
ubiquitous,2
half,2
adequate,2
foundation,2
iii,2
humid,2
flinty,2
utilized,2
drum,2
phd,2
beginning,2
ruins,2
nearby,2
require,2
phaseolus,2
information,2
almost,2
boiled,2
capulin,2
cojeton,2
content,2
adapted,2
mck,2
isolated,2
bufo,2
kernel,2
average,2
washington,2
grown,2
physical,2
increased,2
switsur,2
vi,2
chambers,2
amant,2
norman,2
should,2
broader,2
successive,2
built,2
close,2
pickersgill,2
frequent,1
does,1
order,1
lopez,1
done,1
encountering,1
silica,1
significant,1
gutchen,1
calibrated,1
cactus,1
fertile,1
carbonization,1
quickly,1
generous,1
musk,1
represent,1
extreme,1
wa,1
college,1
cerros,1
rchaic,1
combine,1
succession,1
grasses,1
quem,1
per,1
trash,1
wo,1
visitation,1
needed,1
mesoamerica,1
replaced,1
saved,1
kinds,1
putative,1
birmingham,1
tend,1
fragment,1
picked,1
coralillo,1
pines,1
live,1
true,1
summaries,1
ingrid,1
approaches,1
bias,1
composites,1
candidate,1
viiib,1
merida,1
acceptance,1
trace,1
candelaria,1
western,1
cycles,1
necessarily,1
belmopan,1
occurred,1
total,1
before,1
assisted,1
fragile,1
variety,1
source,1
hydrochloric,1
bark,1
contexts,1
lower,1
taxa,1
cast,1
archaeologists,1
husks,1
way,1
provision,1
permit,1
inc,1
hence,1
decomposers,1
nonsilicate,1
derives,1
originally,1
fitzwilliam,1
implications,1
give,1
equilibrium,1
trend,1
might,1
kilometers,1
rapid,1
thrive,1
oswaldo,1
permanently,1
chili,1
ourselves,1
bushy,1
definition,1
shaped,1
tradition,1
broken,1
samplings,1
macneish,1
rich,1
oyster,1
borne,1
studied,1
inherent,1
government,1
scallops,1
uncooked,1
closer,1
fry,1
collared,1
hunting,1
carnegie,1
greatly,1
kingdom,1
fresh,1
madre,1
fullest,1
stand,1
remainder,1
mr,1
principal,1
robert,1
vertebrate,1
investigations,1
cistern,1
reading,1
arbuckle,1
springing,1
sheet,1
surveys,1
superficially,1
interfluve,1
visibility,1
el,1
papers,1
ad,1
debitage,1
system,1
meal,1
fossils,1
generosity,1
moisture,1
thatch,1
recorded,1
eastern,1
bird,1
capacity,1
amplified,1
firm,1
sporopollenin,1
right,1
march,1
popcorns,1
controverted,1
figs,1
palaeobotanist,1
account,1
gardens,1
quantities,1
holocene,1
opened,1
prior,1
pre,1
activity,1
prehispanic,1
burning,1
characterize,1
slight,1
cacti,1
intensively,1
dioxide,1
austin,1
combination,1
consequent,1
establishment,1
owners,1
quantity,1
cited,1
legume,1
bottom,1
horticultural,1
interior,1
elsesser,1
feldman,1
lambert,1
sweet,1
sand,1
collection,1
palaeoecological,1
inventory,1
easterly,1
harold,1
singled,1
skm,1
quexil,1
historical,1
lignum,1
scarborough,1
halted,1
differential,1
influx,1
pictures,1
lw,1
development,1
calculated,1
alternately,1
due,1
resembling,1
tables,1
sediment,1
hoc,1
author,1
equivalents,1
intact,1
finally,1
becoming,1
archaeosogical,1
walter,1
adams,1
tucson,1
dozen,1
nurtured,1
resin,1
ilopango,1
sandpaper,1
andlor,1
trouser,1
innovation,1
bay,1
islc,1
peccary,1
demonstrative,1
ear,1
response,1
columbia,1
suitable,1
alkaline,1
bone,1
left,1
third,1
external,1
thin,1
whorls,1
weight,1
equally,1
identifications,1
geological,1
even,1
student,1
chultan,1
poured,1
swamps,1
guanacaste,1
locked,1
brackish,1
poorly,1
industries,1
higher,1
dish,1
fiddlewood,1
operation,1
excavate,1
interesting,1
topic,1
vegetable,1
recognized,1
velazquez,1
town,1
palaeoeconomy,1
subjected,1
ba,1
husk,1
main,1
absent,1
asymmetrical,1
remain,1
orellana,1
amphibian,1
calabash,1
square,1
tectonic,1
var,1
crest,1
process,1
mean,1
environments,1
survives,1
dealt,1
contour,1
storms,1
associate,1
importance,1
se,1
tidal,1
pul,1
maiya,1
special,1
creek,1
white,1
discoveries,1
cobs,1
supposed,1
shell,1
support,1
exceptional,1
reason,1
arid,1
understand,1
mrs,1
brunswick,1
settled,1
sills,1
defunct,1
microscope,1
covich,1
locally,1
objects,1
logwood,1
ms,1
proved,1
elsewhere,1
director,1
elevated,1
numbers,1
impact,1
placed,1
tegucigalpao,1
jersey,1
document,1
calendar,1
listed,1
jicama,1
prevent,1
periodically,1
show,1
commonly,1
historia,1
resource,1
additional,1
calcium,1
isolation,1
followed,1
peninsula,1
definite,1
channelled,1
instance,1
silviculture,1
shifted,1
antecedents,1
cut,1
mayas,1
unlike,1
advance,1
incomplete,1
antiquaries,1
whom,1
wiseman,1
nancy,1
carrying,1
invertebrate,1
called,1
cell,1
resembles,1
nutrients,1
guyana,1
outcrops,1
yuuu,1
arboreal,1
pioneer,1
capulln,1
spinning,1
cores,1
honour,1
particularly,1
cocos,1
oklahoma,1
ceases,1
equal,1
firstyear,1
caves,1
distillers,1
appears,1
brenner,1
jim,1
biases,1
applied,1
excellent,1
otherwise,1
join,1
orbigyna,1
however,1
hypothetical,1
rainforest,1
confirmation,1
refuge,1
milkweed,1
dooryard,1
oysters,1
method,1
burrowing,1
silicon,1
phytogeographers,1
sparse,1
receive,1
aspects,1
kathryn,1
phas,1
shape,1
sites,1
none,1
competent,1
sere,1
charred,1
closed,1
artifacts,1
overlying,1
rainy,1
circumstantial,1
los,1
preferred,1
interface,1
reestablished,1
unless,1
london,1
purpose,1
reduction,1
flourish,1
caught,1
geology,1
surrounds,1
describe,1
place,1
trumpet,1
cane,1
people,1
grain,1
seasonally,1
alimenticia,1
documented,1
soilsll,1
wilkerson,1
escargots,1
lianas,1
chicle,1
employed,1
comestible,1
endorsed,1
southerly,1
fieldwork,1
neocyclotus,1
own,1
hillside,1
litter,1
approach,1
manipulation,1
dissolving,1
either,1
thread,1
picture,1
precipitation,1
staple,1
published,1
creating,1
dysoni,1
solution,1
normally,1
indicator,1
uninterrupted,1
buildings,1
straight,1
lazaro,1
grass,1
cozumel,1
sponsors,1
pond,1
diagnostic,1
cocoplum,1
fast,1
tivation,1
mineral,1
shapes,1
wider,1
massachusetts,1
kernels,1
portions,1
opaline,1
fully,1
visible,1
thatching,1
lamelluxis,1
limestones,1
results,1
using,1
correspondence,1
roots,1
reflected,1
appropriate,1
recycle,1
turrialba,1
deer,1
settle,1
particles,1
birdor,1
portion,1
morphology,1
ew,1
therefore,1
evergreen,1
led,1
habitats,1
coastline,1
bullthorn,1
minor,1
matter,1
calibration,1
bringing,1
pilgrimage,1
cotyledons,1
lokm,1
filtration,1
overall,1
comparative,1
subject,1
cloud,1
acknowledged,1
brief,1
exception,1
reduce,1
driest,1
converted,1
allen,1
pinewood,1
chechem,1
kules,1
presently,1
indicates,1
woods,1
cracks,1
outer,1
selection,1
corpus,1
valves,1
patches,1
communications,1
aeroids,1
examined,1
definable,1
represents,1
recleared,1
read,1
advanced,1
thought,1
corroborated,1
evolved,1
technology,1
restricted,1
axiomatic,1
progrcso,1
specimens,1
coeval,1
included,1
falls,1
subset,1
reynolds,1
light,1
assistance,1
puebla,1
washes,1
generally,1
ethnographic,1
experimental,1
floor,1
al,1
experiment,1
pimenta,1
industrial,1
cautions,1
boiling,1
containing,1
comasuche,1
begins,1
hearth,1
rise,1
strata,1
odorata,1
ridged,1
sketch,1
sam,1
fellow,1
worst,1
sedges,1
inhabitants,1
butter,1
comparison,1
mark,1
again,1
lundellls,1
gathered,1
chance,1
similarly,1
kinep,1
flat,1
usefulness,1
rinds,1
fact,1
hinting,1
cartwright,1
preserve,1
deficient,1
importation,1
plan,1
unidentified,1
match,1
strainer,1
wuebber,1
break,1
veered,1
habitat,1
scallop,1
vernon,1
reaffirmed,1
econiches,1
orthalicus,1
granting,1
concocting,1
descended,1
away,1
considerable,1
harriot,1
arguably,1
man,1
minister,1
stored,1
silky,1
never,1
took,1
antropologia,1
precinct,1
siemens,1
ground,1
increases,1
mayanists,1
nicolas,1
weighted,1
epidermis,1
superimposed,1
reestablishment,1
archaeobotanical,1
pedological,1
orthodoxy,1
melinda,1
heavily,1
council,1
sluggish,1
stirred,1
royal,1
deep,1
showing,1
liter,1
native,1
como,1
distance,1
gives,1
unusable,1
degree,1
classical,1
dieta,1
sir,1
demonstrated,1
epiphytic,1
classes,1
greatest,1
microrelief,1
ingress,1
investigated,1
survive,1
lands,1
virgin,1
fungi,1
enormous,1
wilhite,1
underlying,1
overcooked,1
microtopography,1
louis,1
findings,1
host,1
budget,1
grassland,1
tx,1
persisted,1
additions,1
rlo,1
peten,1
products,1
submitted,1
resulting,1
karst,1
examination,1
sees,1
previous,1
necessitated,1
pennsylvania,1
dating,1
described,1
vii,1
summarised,1
geographv,1
margaret,1
three,1
reality,1
andrews,1
biome,1
systemb,1
definitely,1
radar,1
nightshade,1
david,1
characterized,1
helpful,1
terminus,1
function,1
overlain,1
summer,1
optimum,1
features,1
curve,1
lie,1
microvariation,1
nargusta,1
outcrop,1
black,1
abundant,1
airborne,1
avocado,1
neutral,1
sandy,1
internal,1
parallel,1
antiguos,1
narrow,1
airline,1
tossed,1
shallow,1
orchard,1
deliberate,1
diploma,1
january,1
oak,1
situ,1
assistants,1
ate,1
sectioned,1
workshop,1
streams,1
geography,1
mexicon,1
institution,1
exine,1
sugar,1
ago,1
normal,1
la,1
awaiting,1
swarnp,1
increasing,1
smaller,1
ranging,1
factors,1
regrowth,1
trustees,1
palaeobotanists,1
kaplan,1
gametophyte,1
relationship,1
applications,1
abundance,1
queune,1
hon,1
yaxha,1
bulk,1
crucial,1
linda,1
five,1
provisionally,1
palaeobotany,1
spindle,1
hill,1
wyllys,1
forbs,1
male,1
channelledand,1
tuber,1
referred,1
means,1
who,1
alicastrum,1
lives,1
contribution,1
covering,1
length,1
rot,1
es,1
often,1
existed,1
fall,1
hope,1
dead,1
skimmed,1
toxic,1
moister,1
creatures,1
months,1
aboriginal,1
itself,1
ridges,1
nevertheless,1
phytolith,1
thick,1
considered,1
undulating,1
freshwater,1
sections,1
anthropological,1
suggestions,1
cyclonic,1
practised,1
then,1
mcdonald,1
trodden,1
exploitable,1
sorting,1
louisplant,1
conclusion,1
alkalinity,1
complexity,1
guadelupe,1
incorporated,1
complexes,1
extensive,1
epidermal,1
officially,1
economically,1
continues,1
apposite,1
separately,1
reconnaissance,1
sculpturing,1
rocky,1
synclines,1
set,1
communityiinclude,1
cover,1
cyrus,1
know,1
landuse,1
rushes,1
extant,1
readily,1
cm,1
garlic,1
different,1
abandonment,1
expanding,1
sizes,1
east,1
exploration,1
sampling,1
flowing,1
best,1
wall,1
regard,1
tenderness,1
domestic,1
post,1
dennis,1
eventually,1
superposition,1
dat,1
linked,1
brazil,1
lagoons,1
eupatorium,1
dumped,1
gumbolimbo,1
liberal,1
iron,1
going,1
distinctive,1
closest,1
thompson,1
type,1
openland,1
bajo,1
valleys,1
fuller,1
notable,1
elevation,1
investigation,1
combined,1
burns,1
them,1
whether,1
volcanic,1
rose,1
nightshades,1
prefers,1
cattail,1
list,1
staff,1
varying,1
mahogany,1
climatological,1
seasonal,1
statement,1
laguna,1
firmly,1
comtres,1
distribution,1
heavier,1
extent,1
supplemented,1
weedy,1
institute,1
brocket,1
produce,1
belizelffiiammond,1
balance,1
u,1
episode,1
mexic,1
oxygen,1
hundreds,1
meetings,1
vessels,1
bodies,1
outline,1
occasionally,1
circumstances,1
ative,1
transport,1
screens,1
ancestral,1
extending,1
palmettos,1
courses,1
became,1
topsoil,1
ac,1
techniques,1
lies,1
oil,1
culling,1
summarizes,1
equipped,1
colonial,1
palms,1
allows,1
ensuing,1
susanne,1
aspect,1
faculty,1
unicolor,1
terminal,1
come,1
eric,1
enthusiasm,1
shown,1
toad,1
survival,1
locations,1
flagellata,1
cambridge,1
similarity,1
conditions,1
october,1
spat,1
fibers,1
flushed,1
burnt,1
ecosystem,1
joined,1
microstructure,1
integrated,1
correlated,1
consumption,1
specialists,1
dilute,1
firewood,1
glass,1
collocation,1
already,1
colleagues,1
off,1
broadleaf,1
francisco,1
untouched,1
stray,1
ranged,1
archaic,1
summary,1
mulched,1
flora,1
escobilla,1
specific,1
plasticembedded,1
written,1
carbon,1
bristlecone,1
consisted,1
lake,1
reached,1
calibrating,1
damp,1
substantial,1
little,1
focus,1
counts,1
unequivocal,1
showed,1
sapodilla,1
climax,1
occur,1
hamblin,1
elucidation,1
grants,1
hypothesis,1
