WORDCOUNTS,WEIGHT
the,325
of,229
and,133
in,130
a,76
to,75
radar,47
this,44
on,43
is,43
was,39
desert,35
that,34
by,28
for,26
imaging,25
as,24
with,24
area,24
these,23
figure,22
it,22
from,21
were,20
archaeological,20
sites,19
be,19
ancient,18
are,18
image,18
at,17
data,17
shuttle,16
an,16
through,15
taklamakan,15
features,15
along,14
images,14
been,13
enhancement,13
lop,13
study,12
river,12
have,12
north,12
his,11
or,11
nor,11
nw,11
silk,11
chinese,11
al,11
overflow,11
region,11
lake,11
which,11
into,10
road,10
remote,10
sand,10
subsurface,10
known,9
over,9
digital,9
china,9
x,9
et,9
not,8
now,8
sensing,8
return,8
western,8
e,8
only,8
more,8
found,8
eastern,8
has,8
detail,8
its,8
basins,8
course,8
visible,8
much,8
space,7
carried,7
one,7
han,7
clearly,7
most,7
route,7
john,7
m,7
system,7
cultural,7
such,7
computer,7
contributions,7
between,7
short,6
developed,6
seen,6
after,6
studies,6
once,6
arid,6
toward,6
other,6
cities,6
enhanced,6
sensor,6
map,6
two,6
during,6
rivers,6
trade,6
regions,6
large,6
ieee,6
geoscience,6
news,6
km,6
research,6
transactions,6
ruins,5
later,5
swath,5
processing,5
same,5
meters,5
s,5
monitor,5
historical,5
initial,5
covered,5
elachi,5
scale,5
record,5
experiment,5
dark,5
years,5
some,5
artifacts,5
west,5
hyperarid,5
ac,5
regimens,5
used,5
thus,5
lakebed,5
numerous,5
schaber,5
journal,5
northern,5
operation,4
gerald,4
he,4
jet,4
lost,4
settlements,4
southern,4
oases,4
analysis,4
h,4
remains,4
represents,4
laboratory,4
series,4
w,4
digitally,4
showing,4
resolution,4
bright,4
military,4
coq,4
had,4
exploration,4
riverine,4
buddhist,4
great,4
time,4
reveal,4
survey,4
locate,4
previously,4
beneath,4
signal,4
human,4
imagery,4
basin,4
propulsion,4
development,4
earth,4
interest,4
field,4
dry,4
segment,4
drainage,4
several,4
habitation,4
charles,4
systems,4
columbia,4
c,4
left,4
lfc,4
than,4
using,3
flourished,3
site,3
civilization,3
pixels,3
applications,3
second,3
konqi,3
box,3
science,3
runoff,3
located,3
museum,3
mountains,3
sequences,3
direct,3
religious,3
stein,3
use,3
carol,3
likely,3
centuries,3
when,3
discernible,3
india,3
slowly,3
following,3
largest,3
first,3
rings,3
routes,3
long,3
also,3
aperture,3
fed,3
each,3
all,3
water,3
j,3
shows,3
very,3
areas,3
then,3
co,3
ca,3
sahara,3
buried,3
dynasty,3
british,3
applied,3
saudi,3
fieldwork,3
sediments,3
wide,3
aurel,3
number,3
well,3
original,3
able,3
von,3
hundreds,3
mapped,3
kuruktagh,3
overlying,3
bc,3
fine,3
tribes,3
resources,3
photographic,3
findings,3
screen,3
streams,3
flowing,3
synthetic,3
three,3
directed,3
publication,3
g,3
feature,3
speckle,3
include,3
so,3
evidence,3
sands,3
le,3
potential,3
parallel,3
continuous,3
ne,3
can,3
early,3
including,3
even,3
riverbed,3
major,3
model,2
european,2
will,2
film,2
mohammed,2
o,2
apparent,2
frontier,2
no,2
contact,2
way,2
main,2
interpretability,2
expansion,2
suspected,2
winds,2
represent,2
labbah,2
extend,2
sw,2
resulted,2
archaeology,2
indicated,2
evaporation,2
northeast,2
worldwide,2
unique,2
detailed,2
burial,2
elucidated,2
grew,2
viewed,2
covering,2
could,2
inhabited,2
braided,2
white,2
about,2
rectangle,2
represented,2
communities,2
stone,2
tibetan,2
irrigation,2
examined,2
ridges,2
press,2
albert,2
dutton,2
deduced,2
structure,2
schild,2
utilizing,2
light,2
elsewhere,2
right,2
just,2
n,2
indian,2
but,2
cautiously,2
upper,2
age,2
noted,2
being,2
detect,2
nasa,2
foothills,2
manuscripts,2
gobi,2
physical,2
sven,2
loulan,2
bahay,2
jo,2
established,2
herein,2
stated,2
unwin,2
addition,2
many,2
grottos,2
cm,2
cultures,2
georgia,2
based,2
plateau,2
lain,2
kamel,2
hedin,2
documents,2
current,2
mccauley,2
followers,2
easily,2
classical,2
government,2
far,2
end,2
camera,2
scene,2
imaged,2
extinct,2
i,2
past,2
maurice,2
holcomb,2
egypt,2
miles,2
growing,2
do,2
though,2
detection,2
p,2
where,2
what,2
sheet,2
hostile,2
layers,2
within,2
proceedings,2
empire,2
fluvial,2
passed,2
flown,2
sinjiang,2
format,2
linear,2
penetration,2
traveled,2
photo,2
while,2
primary,2
because,2
preprocessing,2
smoothing,2
products,2
another,2
possible,2
future,2
new,2
tang,2
pixel,2
yardangs,2
r,2
brought,2
encloses,2
tens,2
optical,2
murals,2
extending,2
passes,2
reduction,2
became,2
mts,2
morphologic,2
top,2
geology,2
thriving,2
significant,2
environment,2
contains,2
meanders,2
evolution,2
penetrate,2
kingdom,2
values,2
documented,2
outposts,2
level,2
previous,2
mottled,2
shown,2
project,2
locations,2
significance,2
abdullah,2
landsat,2
since,2
vance,2
discussed,2
materials,2
author,2
recognizable,2
expeditions,2
representing,2
resultant,2
enabling,2
would,2
followed,2
derrold,2
collected,2
next,2
antiquity,2
earlier,2
turkestan,2
association,2
exchange,2
stored,2
evident,2
bea,2
removing,2
decline,2
deposits,2
yielded,2
graydon,2
views,2
spaceborne,2
up,2
intended,2
entire,2
traditional,2
results,2
world,2
line,2
khotan,2
value,2
rest,2
aboard,2
concluded,2
corridor,2
nations,1
romuald,1
archaeologists,1
may,1
south,1
periods,1
trails,1
seems,1
f,1
depth,1
rampart,1
contain,1
ending,1
archives,1
purchase,1
via,1
basteng,1
san,1
cathay,1
currently,1
enhancing,1
enclosed,1
regardless,1
investigating,1
communist,1
essential,1
forces,1
trending,1
today,1
give,1
polarization,1
limits,1
africa,1
territorial,1
russian,1
identification,1
application,1
solid,1
processed,1
operations,1
implemented,1
visually,1
exact,1
traverse,1
destroying,1
chowdhury,1
movements,1
segments,1
scientific,1
square,1
growth,1
ili,1
mojave,1
aimed,1
stood,1
although,1
suggested,1
artworks,1
watch,1
remain,1
result,1
arabia,1
tarim,1
mountain,1
strictly,1
does,1
channel,1
driftsand,1
exacerbated,1
explorer,1
skirted,1
extreme,1
shrines,1
sandsheet,1
edges,1
sensings,1
roadways,1
nearly,1
microdensitometer,1
hospitable,1
process,1
bedrock,1
becomes,1
warner,1
egyptian,1
incidence,1
directing,1
variety,1
active,1
converted,1
environments,1
collections,1
still,1
totally,1
our,1
itself,1
arm,1
introduction,1
cherubs,1
began,1
string,1
sroqiang,1
survival,1
probability,1
effectively,1
millennia,1
sensed,1
hyperion,1
conjunction,1
they,1
entirely,1
sira,1
ladislav,1
se,1
overland,1
desertare,1
center,1
travels,1
strips,1
their,1
parts,1
barricade,1
darkening,1
lit,1
life,1
career,1
positive,1
kinds,1
algan,1
methods,1
effective,1
vicinity,1
black,1
lay,1
undoubtedly,1
desiccated,1
shan,1
fall,1
united,1
word,1
coherence,1
surprising,1
hellenistic,1
depicted,1
antiquities,1
library,1
reaches,1
habitats,1
aquiline,1
optically,1
yet,1
remnants,1
desertification,1
means,1
oasis,1
face,1
tower,1
changes,1
targeting,1
manmade,1
negatives,1
caravan,1
yoga,1
plowed,1
modern,1
tablet,1
soon,1
detectable,1
facilitated,1
artery,1
east,1
ms,1
excavated,1
under,1
erdas,1
door,1
overplotted,1
feeder,1
trace,1
forests,1
accentuating,1
reduced,1
afghanistan,1
gon,1
excavation,1
allies,1
history,1
tibet,1
intensive,1
participants,1
occurred,1
spent,1
total,1
branch,1
eventually,1
observing,1
scientist,1
constant,1
before,1
section,1
k,1
culture,1
algebra,1
always,1
ussr,1
shifting,1
activity,1
placed,1
traces,1
gradually,1
po,1
experimental,1
economic,1
ethnological,1
instrument,1
detected,1
vol,1
chao,1
eolian,1
observations,1
edge,1
already,1
biography,1
distance,1
show,1
arms,1
alji,1
conclusion,1
karakoram,1
limit,1
blom,1
twelvefold,1
geographic,1
lower,1
common,1
revealed,1
regional,1
characteristics,1
powerful,1
tape,1
buddha,1
else,1
drought,1
indicate,1
sector,1
beyond,1
offered,1
manning,1
marco,1
intermittently,1
sources,1
diary,1
ruzek,1
note,1
provide,1
few,1
md,1
temple,1
painted,1
support,1
exploitation,1
roman,1
cycles,1
inherent,1
here,1
questions,1
westward,1
paul,1
introducton,1
georeferenced,1
wavelengths,1
concerned,1
satellite,1
sections,1
verify,1
confucius,1
twisted,1
technique,1
repository,1
repertoire,1
steady,1
processor,1
indiscernible,1
again,1
circumventing,1
regimen,1
seasat,1
cut,1
questioned,1
natural,1
locating,1
appear,1
available,1
correlate,1
disappeared,1
engineers,1
artistic,1
control,1
unenhanced,1
taking,1
england,1
working,1
greater,1
opening,1
rectified,1
yielding,1
experiments,1
arrived,1
efforts,1
did,1
off,1
strip,1
different,1
aeronautics,1
came,1
expanding,1
monks,1
infusion,1
path,1
concentration,1
preserve,1
allow,1
brightly,1
avenue,1
capital,1
competitive,1
best,1
unknown,1
tien,1
controls,1
down,1
wavelength,1
clarendon,1
appearance,1
volumes,1
together,1
borders,1
printed,1
half,1
called,1
appeared,1
backscatter,1
ben,1
gradual,1
mapping,1
report,1
remotely,1
talus,1
inevitably,1
layer,1
centers,1
unreduced,1
ronald,1
rule,1
out,1
changed,1
isolate,1
wu,1
scenes,1
associates,1
coordinates,1
international,1
foundation,1
loads,1
personal,1
maps,1
onto,1
pass,1
launched,1
room,1
uncovered,1
religion,1
near,1
el,1
relative,1
styles,1
loosely,1
evolving,1
considerable,1
attenuation,1
captured,1
subsequent,1
help,1
fields,1
peacock,1
search,1
base,1
berlin,1
william,1
collectively,1
rejoin,1
late,1
places,1
patterns,1
written,1
took,1
date,1
considered,1
further,1
greatly,1
pure,1
ann,1
fame,1
korla,1
interactively,1
ground,1
robert,1
classified,1
ruined,1
institute,1
gorges,1
searching,1
embelished,1
gary,1
circular,1
geophysical,1
continuing,1
similar,1
reign,1
fisher,1
priceless,1
province,1
depicts,1
afforded,1
papers,1
fig,1
contents,1
population,1
celebrated,1
paleodelta,1
inc,1
foot,1
making,1
accounts,1
coast,1
nowhere,1
larson,1
side,1
lines,1
era,1
necessary,1
discernibly,1
vegetation,1
decade,1
eye,1
deep,1
existence,1
angela,1
indicates,1
geologic,1
feudal,1
perhaps,1
consultant,1
yield,1
facilities,1
among,1
video,1
persian,1
agrees,1
leaving,1
autonomous,1
key,1
user,1
streambeds,1
westernmost,1
sects,1
evaporated,1
sought,1
arabian,1
commander,1
identifiable,1
bs,1
degree,1
larger,1
scroll,1
plan,1
collectors,1
dormant,1
huge,1
thousands,1
reflooded,1
reassembled,1
kingdoms,1
apparently,1
trial,1
emphasis,1
interface,1
threat,1
closed,1
simple,1
literature,1
matrix,1
mongolia,1
peoples,1
certain,1
rulers,1
frenchman,1
raft,1
bounded,1
establishing,1
chang,1
examples,1
background,1
both,1
steep,1
network,1
made,1
researchers,1
noses,1
paintings,1
width,1
upon,1
proscribed,1
digitizing,1
vital,1
crossed,1
delineated,1
salima,1
writings,1
prominent,1
curved,1
reported,1
slopes,1
emperor,1
establishment,1
olhoeft,1
example,1
elucidate,1
deserts,1
collecting,1
providing,1
allen,1
courses,1
langdon,1
contacts,1
monitoring,1
due,1
goes,1
dendritic,1
fl,1
techniques,1
description,1
step,1
compacted,1
lesser,1
dozens,1
loss,1
dynasties,1
implications,1
continuation,1
angle,1
impassable,1
warfare,1
quadrant,1
ron,1
prevailing,1
largely,1
art,1
paleodrainage,1
figures,1
james,1
make,1
factor,1
outflow,1
conditions,1
presently,1
initiated,1
climatic,1
kunlun,1
records,1
allows,1
work,1
densely,1
exist,1
wandering,1
goals,1
structures,1
farr,1
trend,1
specifically,1
pan,1
reaching,1
revisited,1
includes,1
conquest,1
energies,1
vessels,1
away,1
produce,1
surrounding,1
institution,1
california,1
historically,1
students,1
northwest,1
cartographic,1
insurmountable,1
lists,1
cycle,1
sealed,1
scanning,1
explorers,1
stelae,1
surface,1
reproductions,1
follow,1
interpreted,1
ali,1
there,1
kms,1
against,1
visited,1
martin,1
chemistry,1
adding,1
t,1
comprehensive,1
kumtagh,1
samuel,1
philip,1
sprung,1
dominated,1
owens,1
faculty,1
viewing,1
faces,1
characteristic,1
riddles,1
ability,1
offer,1
joined,1
least,1
symposium,1
habitations,1
removal,1
peopled,1
commerce,1
mailing,1
successful,1
excavations,1
barbarian,1
presented,1
suitably,1
below,1
spread,1
japanese,1
concentric,1
questionable,1
richard,1
unified,1
extended,1
tom,1
overview,1
suggest,1
intermingling,1
raiding,1
scripts,1
high,1
untranslated,1
barrier,1
century,1
failing,1
extensively,1
mani,1
lie,1
photograph,1
approach,1
southward,1
seeks,1
kept,1
scattering,1
digitized,1
crt,1
catalog,1
buddhism,1
emphasizes,1
streambed,1
watered,1
cases,1
oldest,1
provides,1
overlooked,1
immediately,1
old,1
archaeologic,1
confounded,1
described,1
classification,1
hh,1
limited,1
bpi,1
desertifying,1
running,1
averaging,1
special,1
severed,1
thousand,1
sequentially,1
unaided,1
territories,1
comparative,1
accomplished,1
back,1
wider,1
accurately,1
defensive,1
highly,1
walled,1
ruin,1
traversed,1
tarirn,1
expected,1
offield,1
ambient,1
spreads,1
close,1
bifurcates,1
dominant,1
served,1
diplomatic,1
narrow,1
russia,1
enabled,1
compared,1
interpretations,1
strategic,1
ofscientifically,1
consolidated,1
displayed,1
effect,1
passable,1
involved,1
treasures,1
valuable,1
died,1
undertaking,1
hybrid,1
lineations,1
stream,1
valley,1
sciences,1
rationale,1
kilani,1
designed,1
communication,1
abandoned,1
waterways,1
software,1
sea,1
macmillan,1
versus,1
pakistan,1
border,1
recent,1
sedimentary,1
departed,1
floated,1
denuded,1
demonstrably,1
atlas,1
professional,1
chain,1
ago,1
ga,1
successive,1
generation,1
geoarchaeology,1
sent,1
built,1
valleys,1
greek,1
termed,1
race,1
chambers,1
promising,1
scoured,1
wildlife,1
costly,1
seemed,1
society,1
mss,1
walls,1
tingru,1
suggestive,1
