WORDCOUNTS,WEIGHT
the,471
of,288
and,187
to,182
in,148
a,131
is,89
on,68
that,61
it,57
for,55
data,54
be,54
this,53
are,52
with,51
by,51
we,40
not,38
images,37
or,34
program,31
access,31
as,30
was,29
more,29
can,28
image,27
these,25
were,24
an,24
site,23
but,23
one,22
computer,21
our,20
all,19
which,19
would,19
programs,18
also,17
format,17
there,17
user,17
will,16
any,16
both,16
archaeological,16
their,15
from,15
written,15
artifact,15
have,15
most,14
quality,14
some,14
through,14
many,13
only,13
different,13
publication,13
applications,12
mcpherron,12
artifacts,12
slide,12
files,12
at,11
excavation,11
standards,11
while,11
number,11
screen,11
issues,11
up,11
those,11
hypertext,10
they,10
university,10
macintosh,10
monograph,10
other,10
raw,10
time,10
new,10
problem,10
has,10
archaeology,10
if,9
order,9
pc,9
printed,9
report,9
very,9
primary,9
information,9
computers,9
use,9
should,9
how,9
major,9
publishing,8
about,8
technology,8
same,8
best,8
take,8
development,8
possible,8
ccplot,8
allows,8
project,8
software,8
several,8
when,8
included,7
two,7
published,7
important,7
over,7
book,7
available,7
particular,7
made,7
level,7
medium,7
who,7
since,7
computerized,7
field,7
so,7
standard,7
disk,7
resolution,7
research,7
traditional,7
formats,7
final,6
mb,6
no,6
way,6
been,6
developed,6
basic,6
others,6
designed,6
show,6
simply,6
analytical,6
then,6
issue,6
present,6
what,6
them,6
making,6
material,6
cdrom,6
well,6
used,6
harold,6
ccimage,6
electronic,6
approach,6
hard,6
browse,6
stored,6
interpretations,6
dibble,6
even,6
much,6
than,6
may,5
second,5
colors,5
costs,5
kinds,5
cannot,5
museum,5
itself,5
database,5
just,5
windows,5
series,5
reports,5
archaeologists,5
decided,5
each,5
nature,5
could,5
advantage,5
p,5
able,5
pennsylvania,5
directly,5
another,5
because,5
original,5
storage,5
x,5
make,5
contains,5
thus,5
clear,5
approximately,5
although,5
area,5
life,5
problems,5
potential,5
systems,5
compatibility,5
displayed,5
journal,5
existing,4
pixels,4
hardware,4
graphics,4
higher,4
his,4
concerned,4
l,4
next,4
affected,4
still,4
began,4
large,4
why,4
shannon,4
methods,4
easily,4
presents,4
total,4
n,4
source,4
sequential,4
four,4
test,4
first,4
contents,4
cost,4
allow,4
future,4
color,4
type,4
companion,4
beginning,4
within,4
developing,4
publications,4
producing,4
video,4
expensive,4
size,4
discussion,4
work,4
given,4
its,4
collection,4
accessible,4
bishop,4
advantages,4
such,4
years,4
own,4
run,4
either,4
presented,4
solution,4
specific,4
archival,4
versus,4
keyword,4
support,4
using,3
does,3
now,3
recognized,3
implications,3
independent,3
figure,3
scrapers,3
testing,3
techniques,3
lines,3
primarily,3
presentation,3
rather,3
allen,3
considerably,3
pressing,3
international,3
analysis,3
white,3
read,3
once,3
paleolithic,3
space,3
ways,3
types,3
reason,3
modified,3
predefined,3
changes,3
acquisition,3
position,3
serious,3
before,3
must,3
file,3
bar,3
lenoir,3
always,3
questions,3
handle,3
photos,3
faced,3
provenience,3
address,3
kind,3
j,3
had,3
distinction,3
descriptions,3
based,3
shows,3
capability,3
areas,3
print,3
current,3
differences,3
relating,3
effort,3
out,3
maps,3
greatly,3
achieved,3
quantitative,3
according,3
operating,3
essentially,3
keywords,3
produced,3
form,3
less,3
system,3
necessary,3
popular,3
eiteljorg,3
middle,3
publish,3
reader,3
code,3
significantly,3
themes,3
including,3
individual,3
department,3
transferred,3
significant,3
overview,3
discussions,3
during,3
assume,3
exploit,3
surrounding,3
students,3
showing,3
accessed,3
comprehensive,3
author,3
clicking,3
speed,3
product,3
media,3
france,3
caption,3
black,3
displays,3
replace,3
compression,3
between,3
industry,3
impossible,3
databases,3
explore,3
among,3
dos,3
ones,3
difficult,2
archive,2
press,2
he,2
currently,2
regardless,2
done,2
reflects,2
card,2
science,2
generated,2
five,2
z,2
result,2
represent,2
tried,2
levels,2
object,2
reduce,2
community,2
introduction,2
structure,2
per,2
remaining,2
certain,2
center,2
distribute,2
peer,2
represents,2
decisions,2
studies,2
selection,2
study,2
perhaps,2
cdroms,2
illustrations,2
likely,2
maximum,2
edited,2
means,2
sure,2
thought,2
photographs,2
anthropology,2
fast,2
statistical,2
description,2
into,2
under,2
following,2
generally,2
unlikely,2
conjunction,2
already,2
age,2
recovered,2
additional,2
tape,2
t,2
beyond,2
summaries,2
provide,2
photoshop,2
text,2
posed,2
production,2
here,2
interests,2
targa,2
lowest,2
quickly,2
know,2
might,2
view,2
appear,2
worked,2
debugging,2
tremendous,2
adobe,2
efforts,2
lack,2
deal,2
s,2
offers,2
copy,2
mapping,2
enable,2
particularly,2
users,2
facilitate,2
everything,2
distributions,2
reilly,2
purposes,2
display,2
reasons,2
question,2
procedural,2
person,2
took,2
internet,2
stand,2
limited,2
do,2
manner,2
where,2
machines,2
terms,2
multimedia,2
list,2
see,2
degree,2
wherein,2
case,2
near,2
required,2
optimized,2
photo,2
bas,2
her,2
stations,2
bmp,2
create,2
technical,2
having,2
almost,2
products,2
observations,2
need,2
interface,2
classes,2
logical,2
philip,2
capabilities,2
distributing,2
probably,2
minimizing,2
examples,2
background,2
assemblages,2
little,2
limitations,2
combination,2
point,2
part,2
far,2
providing,2
proveniencing,2
became,2
menus,2
along,2
opportunity,2
positions,2
obtain,2
place,2
found,2
accesses,2
actually,2
million,2
call,2
full,2
arguments,2
review,2
option,2
versions,2
couze,2
facts,2
low,2
enhances,2
longevity,2
due,2
web,2
discussed,2
de,2
good,2
excavated,2
instead,2
include,2
mailing,2
excavations,2
like,2
searches,2
below,2
useful,2
general,2
provides,2
better,2
entrer,2
levallois,2
especially,2
article,2
least,2
deciding,2
master,2
themselves,2
suitable,2
arranged,2
left,2
third,2
cognitive,2
early,2
geological,2
application,2
entire,2
excavator,2
results,2
world,2
standardized,2
appropriate,2
develop,2
huggett,2
la,2
word,2
content,2
decreased,2
readable,2
flexibility,1
periods,1
industries,1
dealing,1
seems,1
carried,1
failed,1
go,1
librarian,1
knew,1
therefore,1
tasks,1
led,1
pro,1
adequate,1
abundance,1
buildings,1
essential,1
complain,1
speeds,1
plotted,1
note,1
limits,1
box,1
gis,1
various,1
common,1
kinny,1
functioning,1
prohibitively,1
dilemma,1
enforced,1
academic,1
lots,1
main,1
across,1
floppy,1
short,1
practical,1
located,1
overall,1
widely,1
iterations,1
she,1
softvare,1
sort,1
arrow,1
organizing,1
connell,1
extend,1
computing,1
inferences,1
brief,1
resulted,1
dbase,1
widespread,1
nearly,1
occupy,1
concerns,1
exception,1
microsoft,1
process,1
slow,1
constraints,1
assembles,1
etc,1
alone,1
converted,1
collections,1
get,1
being,1
detailed,1
goes,1
dealt,1
completely,1
opportunities,1
configurations,1
determined,1
forwards,1
effectively,1
associate,1
philosophy,1
lasted,1
manages,1
flexible,1
experiences,1
similar,1
pfim,1
michel,1
rapidly,1
vallee,1
southern,1
american,1
direct,1
simultaneously,1
parts,1
assuming,1
dialogue,1
lacking,1
efficiency,1
exomtor,1
hi,1
enhance,1
identify,1
appropriateness,1
hawaiian,1
guide,1
feel,1
productive,1
notched,1
transferring,1
settlement,1
wendy,1
composed,1
education,1
bypass,1
true,1
yet,1
sciences,1
interpretation,1
raymond,1
liability,1
meet,1
outlining,1
ourselves,1
understand,1
face,1
msd,1
suited,1
mirror,1
switching,1
microcomputers,1
actual,1
roles,1
acknowledgments,1
serve,1
investigate,1
satisfied,1
rigorous,1
diskette,1
affect,1
ensure,1
array,1
lemth,1
former,1
considered,1
decade,1
consider,1
addressed,1
objects,1
quite,1
desktop,1
elizabeth,1
protect,1
pa,1
school,1
management,1
today,1
benefits,1
history,1
subsets,1
organized,1
europe,1
operated,1
departure,1
individually,1
eventually,1
recently,1
mouse,1
associated,1
driven,1
safe,1
cordtform,1
plan,1
great,1
gregory,1
without,1
nonetheless,1
accomplishes,1
aided,1
gets,1
accessibility,1
changing,1
words,1
bitmap,1
shrinking,1
materials,1
containing,1
cutting,1
indexes,1
seconds,1
operate,1
horizontally,1
increasingly,1
exploited,1
people,1
shorter,1
lithic,1
pace,1
powerful,1
theme,1
comes,1
priced,1
shop,1
picture,1
les,1
coordinate,1
followed,1
physical,1
tatar,1
excel,1
entry,1
supported,1
evaluation,1
initial,1
lead,1
paint,1
writing,1
learned,1
emulate,1
preceding,1
name,1
comfortable,1
alternative,1
acute,1
suit,1
set,1
linear,1
maintain,1
helped,1
technique,1
steady,1
give,1
attempts,1
taken,1
indicated,1
achievable,1
ancient,1
rapid,1
season,1
trois,1
preserve,1
reporting,1
cude,1
meaning,1
highest,1
fluid,1
put,1
intellectual,1
exceeds,1
thinks,1
draws,1
projects,1
readily,1
fewer,1
greater,1
environment,1
hopefully,1
correspond,1
paper,1
supplied,1
hif,1
claims,1
prehistoric,1
fact,1
longer,1
idea,1
consideration,1
limit,1
cd,1
fundamental,1
dollars,1
designing,1
did,1
unknown,1
contextual,1
down,1
together,1
accommodated,1
stay,1
expense,1
patrick,1
frederick,1
search,1
called,1
typical,1
monitor,1
potentialfor,1
potentially,1
choice,1
pressed,1
rl,1
seven,1
follows,1
compatible,1
accompanied,1
coordinates,1
hundred,1
graphically,1
requirements,1
package,1
remain,1
commercially,1
clearly,1
real,1
packages,1
appropriately,1
tm,1
considerable,1
captured,1
subsequent,1
possibility,1
interfaces,1
communicates,1
reflect,1
c,1
philosophical,1
utilize,1
integrate,1
threedimensional,1
cores,1
stielow,1
complexity,1
describes,1
course,1
evaluate,1
instant,1
communicating,1
late,1
never,1
applying,1
working,1
conserving,1
accessing,1
principal,1
robert,1
knows,1
understood,1
though,1
day,1
ours,1
shown,1
solved,1
purchase,1
comments,1
automatically,1
select,1
behind,1
communicate,1
computerizing,1
effect,1
edm,1
indirect,1
combinations,1
context,1
appears,1
cahiers,1
viewed,1
scanner,1
theory,1
pursue,1
want,1
supports,1
side,1
scale,1
tim,1
takes,1
however,1
focusing,1
captions,1
sophisticated,1
artifactual,1
calculations,1
confirmation,1
ryan,1
besides,1
behavioral,1
approached,1
recording,1
eds,1
balanced,1
books,1
availability,1
applied,1
extent,1
wide,1
allowable,1
public,1
modify,1
assemblage,1
capacity,1
supporting,1
creates,1
bifacc,1
argument,1
integrity,1
influenced,1
criteria,1
optimize,1
discuss,1
thoroughly,1
aspects,1
require,1
representations,1
reanalysis,1
sites,1
roger,1
produce,1
retain,1
design,1
argues,1
megabytes,1
minimal,1
group,1
capable,1
perigord,1
approaches,1
jhzrlb,1
exploring,1
contain,1
click,1
coherent,1
pity,1
mm,1
effectiveness,1
archaeologist,1
easier,1
tool,1
move,1
remained,1
width,1
ideal,1
possehl,1
values,1
offering,1
refining,1
professor,1
r,1
stratigraphy,1
disadvantage,1
taking,1
cameras,1
archivist,1
enhanced,1
technologies,1
altogether,1
enormous,1
copying,1
selecting,1
increase,1
dynamic,1
us,1
three,1
correctly,1
recover,1
samples,1
variability,1
unrealistic,1
concern,1
interact,1
intended,1
progressing,1
controls,1
farrington,1
entirely,1
largely,1
vertically,1
expression,1
year,1
engage,1
linking,1
hypotheses,1
contribute,1
fit,1
choices,1
organization,1
convenience,1
virtually,1
evaluating,1
engineering,1
relates,1
iii,1
reduces,1
smoothly,1
aside,1
markedly,1
concentrate,1
linked,1
institutional,1
comprehensively,1
needed,1
computerization,1
inexpensively,1
specifically,1
build,1
store,1
arena,1
freedom,1
goal,1
colleague,1
phase,1
equipped,1
chapters,1
laboratory,1
methodological,1
throughout,1
supplement,1
personal,1
palmtop,1
highlighted,1
hypermedia,1
disadvantages,1
ob,1
purchased,1
uncompressed,1
minimize,1
kb,1
cds,1
ultimately,1
tell,1
accompanying,1
described,1
few,1
contrasted,1
pictures,1
commercial,1
burden,1
enforcement,1
disseminating,1
difference,1
help,1
functioned,1
constantly,1
indexed,1
against,1
reality,1
compressed,1
initially,1
authors,1
realized,1
national,1
write,1
related,1
translated,1
higherresolution,1
lb,1
spreadsheet,1
artificial,1
interest,1
finally,1
change,1
wish,1
dozen,1
social,1
ability,1
try,1
nick,1
professional,1
unacceptably,1
offer,1
hawaii,1
giving,1
times,1
raises,1
someone,1
jeremy,1
period,1
spread,1
specialists,1
relatively,1
preservation,1
inherent,1
riic,1
immediate,1
typing,1
him,1
stage,1
straight,1
tabular,1
coupled,1
collected,1
thank,1
admitted,1
attributes,1
perkins,1
destroys,1
piece,1
learning,1
instrumentation,1
copies,1
photograph,1
ascii,1
off,1
investigator,1
accurate,1
digitized,1
after,1
advances,1
viewing,1
maximally,1
improved,1
mainframe,1
unimaginable,1
interactive,1
presenting,1
extremely,1
actively,1
adequately,1
nor,1
relations,1
vellucci,1
checking,1
around,1
constraint,1
every,1
class,1
requesting,1
decide,1
running,1
graphic,1
characteristics,1
special,1
concerning,1
random,1
comparing,1
amount,1
multiple,1
trying,1
region,1
duration,1
often,1
screens,1
holds,1
houses,1
known,1
equivalent,1
single,1
become,1
thereby,1
pathways,1
choosing,1
harrison,1
cl,1
acquire,1
twice,1
drives,1
follow,1
tended,1
unfortunate,1
truly,1
obligation,1
price,1
enjoyed,1
arose,1
estimates,1
highly,1
articles,1
progress,1
sharper,1
implication,1
valley,1
slightly,1
differ,1
scholarly,1
lay,1
pays,1
directed,1
karen,1
figures,1
resolutions,1
details,1
jasc,1
y,1
recent,1
button,1
away,1
diminish,1
ofkeywords,1
responsibility,1
value,1
meaningful,1
basically,1
building,1
platforms,1
facilitates,1
preliminary,1
doing,1
sole,1
moved,1
height,1
schematic,1
greg,1
dictated,1
supplemental,1
readership,1
lie,1
death,1
disks,1
huggctt,1
separate,1
sluggish,1
tga,1
