WORDCOUNTS,WEIGHT
the,129
of,111
and,77
in,45
a,29
university,26
from,22
by,20
this,15
to,14
archaeology,14
volume,13
new,13
archaeological,13
on,13
boston,12
at,11
for,11
pottery,11
book,10
series,9
excavations,9
neolithic,8
paper,8
r,8
research,8
c,8
is,7
with,7
studies,7
most,7
e,7
published,7
field,7
ancient,6
john,6
sites,6
editor,6
will,5
s,5
mary,5
california,5
g,5
exchange,5
study,5
journal,5
an,5
major,5
f,4
one,4
was,4
or,4
first,4
more,4
important,4
over,4
j,4
franchthi,4
isbn,4
information,4
subscription,4
editorial,4
office,4
than,4
until,4
american,4
evidence,4
century,4
results,4
order,3
mendoza,3
b,3
life,3
stone,3
hellenistic,3
museum,3
stephen,3
source,3
two,3
social,3
ii,3
m,3
henry,3
prehistoric,3
report,3
figurines,3
i,3
robert,3
james,3
aspects,3
facsimile,3
line,3
bc,3
some,3
richard,3
press,3
island,3
world,3
which,3
comprehensive,3
peter,3
david,3
editors,3
massachusetts,3
texas,3
brown,3
be,3
axe,3
early,3
northern,3
figures,3
recent,3
periods,2
final,2
carried,2
site,2
crete,2
civilization,2
york,2
cover,2
george,2
his,2
curtis,2
berkeley,2
cult,2
tel,2
sponsored,2
village,2
transformation,2
volumes,2
religious,2
pages,2
sanctuary,2
k,2
illustrations,2
analysis,2
h,2
reference,2
arsinoe,2
drawings,2
pp,2
presents,2
commonwealth,2
complete,2
culture,2
po,2
princeton,2
changing,2
w,2
upper,2
illustrated,2
ever,2
recovered,2
karen,2
plates,2
also,2
production,2
paul,2
postage,2
providing,2
hardcover,2
address,2
are,2
roman,2
available,2
search,2
documents,2
p,2
out,2
polynesian,2
end,2
survey,2
great,2
edition,2
other,2
aviv,2
places,2
cultural,2
reviews,2
ad,2
dales,2
stobi,2
ford,2
manuscripts,2
eastern,2
dumbarton,2
halftones,2
chalcolithic,2
near,2
number,2
sarachane,2
institute,2
cloth,2
years,2
data,2
bibliography,2
upon,2
nine,2
documentary,2
four,2
along,2
ross,2
during,2
twin,2
aztec,2
oaks,2
students,2
spring,2
istanbul,2
trade,2
samothrace,2
macedonia,2
have,2
authors,2
fascicle,2
codex,2
architectural,2
period,2
box,2
between,2
become,2
as,2
publications,2
d,2
rotunda,2
using,2
quarterly,2
anatolia,2
preliminary,2
society,2
edmonds,1
argolid,1
phases,1
chronological,1
clive,1
european,1
seventh,1
antiquities,1
fifty,1
now,1
portuguese,1
highlights,1
fort,1
cumbria,1
o,1
fundamental,1
emlen,1
figurine,1
today,1
south,1
publishing,1
uniquely,1
miller,1
africa,1
no,1
russian,1
obtained,1
argos,1
bollingen,1
wiseman,1
supporting,1
stuart,1
inhabitants,1
medieval,1
anthony,1
scholarly,1
oueen,1
britain,1
linda,1
main,1
mlakran,1
twentyyears,1
tfe,1
short,1
synthesis,1
rights,1
papua,1
maps,1
ibz,1
iai,1
comparative,1
program,1
joan,1
trustees,1
landscape,1
reconstructed,1
sw,1
expedition,1
forward,1
yugoslavia,1
institutions,1
process,1
subsistence,1
remote,1
tropical,1
stratigraphy,1
detailed,1
still,1
team,1
mainstream,1
winona,1
manuscript,1
millennia,1
lawrence,1
developments,1
wilson,1
importance,1
karl,1
center,1
deals,1
gerald,1
eighty,1
conducted,1
direct,1
hester,1
ongoing,1
spanning,1
jak,1
inhabited,1
special,1
muckle,1
cave,1
archaeoloy,1
unusual,1
single,1
bookstore,1
white,1
designed,1
sheffield,1
wheeler,1
paleolithic,1
archaeometric,1
result,1
yakar,1
oxford,1
has,1
library,1
indus,1
stratified,1
holmes,1
edited,1
sets,1
managing,1
shell,1
constitute,1
british,1
monuments,1
sherds,1
wake,1
typeset,1
angeles,1
marginal,1
guinean,1
recounts,1
photographs,1
technology,1
marks,1
prehistory,1
fifth,1
citation,1
supplementary,1
nancy,1
gennady,1
detail,1
statistical,1
index,1
excavation,1
anthropological,1
into,1
andethnohistory,1
basalt,1
included,1
meltzer,1
quarries,1
section,1
director,1
myers,1
hayes,1
cadogan,1
reexamination,1
bruce,1
monograph,1
nw,1
shore,1
al,1
but,1
excellence,1
listed,1
profile,1
largest,1
updated,1
these,1
mercantile,1
must,1
reports,1
wharram,1
extensive,1
toronto,1
lower,1
increasingly,1
resource,1
additional,1
regional,1
only,1
sonia,1
physical,1
macedonian,1
please,1
that,1
fellow,1
diary,1
carl,1
creighton,1
lewis,1
altitude,1
vitelli,1
creation,1
anawalt,1
scientific,1
essays,1
founding,1
projected,1
mussel,1
mark,1
drawing,1
academy,1
julian,1
dispersion,1
dunnell,1
humans,1
l,1
mcgill,1
beaudry,1
marshall,1
each,1
all,1
joao,1
recovery,1
many,1
been,1
paleobotanical,1
character,1
cultures,1
advance,1
request,1
december,1
based,1
ceramic,1
geoffrey,1
reach,1
parkington,1
board,1
copy,1
makran,1
scholars,1
best,1
twenty,1
societies,1
drying,1
minnesota,1
method,1
chris,1
frances,1
printed,1
argue,1
gosden,1
puritan,1
current,1
gods,1
wade,1
behavioral,1
yentsch,1
achievement,1
together,1
practical,1
able,1
gulf,1
far,1
dekr,1
biota,1
mollusk,1
reproduction,1
past,1
maurice,1
ethnohistorical,1
anne,1
color,1
czech,1
advances,1
anthropologist,1
patterns,1
aerial,1
zooarchaeological,1
outside,1
date,1
further,1
latest,1
illus,1
fourth,1
talalay,1
beginning,1
v,1
present,1
rieff,1
hampshire,1
occupation,1
william,1
investigations,1
formation,1
wesolowsky,1
innovative,1
what,1
thearchaeology,1
market,1
embellished,1
lehmann,1
within,1
berdan,1
purposes,1
investigation,1
unique,1
context,1
them,1
whether,1
domestication,1
selected,1
offering,1
michael,1
strategies,1
ethnographic,1
particular,1
side,1
material,1
forum,1
covers,1
adrian,1
paperback,1
your,1
perhaps,1
native,1
pleistocene,1
metropolitan,1
books,1
directly,1
east,1
key,1
style,1
public,1
paralia,1
manuals,1
foundations,1
suspended,1
kirch,1
advisory,1
marley,1
draw,1
joo,1
require,1
addresses,1
well,1
explored,1
design,1
interpreting,1
periodical,1
local,1
vol,1
grouping,1
format,1
acknowledging,1
oscar,1
magnificent,1
possible,1
julia,1
understanding,1
lauren,1
urban,1
artifacts,1
weisler,1
art,1
divided,1
collins,1
ethnohistory,1
indiana,1
hurst,1
turkey,1
both,1
renowned,1
atlas,1
reid,1
fraser,1
los,1
presented,1
jilf,1
bath,1
directions,1
heart,1
paradise,1
israel,1
ferring,1
significantly,1
nemea,1
clearinghouse,1
since,1
patricia,1
reflecting,1
including,1
processes,1
kurtich,1
marble,1
previously,1
sent,1
sixth,1
increase,1
eleanor,1
contacts,1
geomorphological,1
related,1
role,1
svoboda,1
photographic,1
journals,1
experience,1
techniques,1
description,1
ritual,1
findings,1
step,1
copyright,1
kathleen,1
significant,1
hoffecker,1
food,1
deserted,1
describe,1
audience,1
samoa,1
collection,1
arguments,1
topographical,1
mousterian,1
approach,1
broad,1
engaging,1
contains,1
willey,1
regarding,1
williams,1
subscriptions,1
winter,1
million,1
individuals,1
chapters,1
our,1
includes,1
webb,1
virtual,1
focuses,1
differential,1
lithic,1
baryshnikov,1
systematic,1
pakifstan,1
fieldwork,1
project,1
commercial,1
stanford,1
alan,1
explorations,1
cambridge,1
runnels,1
cameras,1
sherd,1
nj,1
three,1
arkansas,1
lynn,1
avery,1
tables,1
numerous,1
national,1
author,1
tl,1
millennium,1
wulf,1
geoarchaeological,1
change,1
ecosystem,1
responses,1
large,1
issn,1
joanne,1
contributed,1
general,1
individual,1
christopher,1
fauna,1
include,1
marco,1
integrated,1
southern,1
georges,1
hard,1
usa,1
buildings,1
janet,1
features,1
high,1
wiluiam,1
paleomagnetic,1
nuno,1
extensively,1
liwo,1
submissions,1
photograph,1
bookstores,1
located,1
bollong,1
standard,1
theoretical,1
settlement,1
wendy,1
thomas,1
contributions,1
bradley,1
items,1
definitive,1
late,1
classification,1
pavlov,1
illuminates,1
small,1
gabel,1
document,1
ibr,1
vince,1
charles,1
state,1
purdue,1
spanned,1
news,1
highly,1
revealing,1
fokr,1
eighth,1
paleozoological,1
aegean,1
six,1
facility,1
garry,1
constantinople,1
successors,1
southeast,1
arranged,1
scholarship,1
inaugurates,1
third,1
sha,1
centuryad,1
methodological,1
sacred,1
philip,1
timothy,1
yugoslav,1
dedicated,1
monographs,1
fully,1
hunters,1
norman,1
marvelous,1
storage,1
progress,1
st,1
archaeologist,1
sciences,1
corpus,1
greece,1
surveys,1
archeological,1
ta,1
beresford,1
astonishing,1
reserved,1
much,1
paid,1
henderson,1
correspondence,1
longdistance,1
city,1
completes,1
zones,1
berkeleyca,1
bonafide,1
should,1
greek,1
adzes,1
rates,1
gordon,1
darice,1
activities,1
bce,1
examines,1
readable,1
continuously,1
