WORDCOUNTS,WEIGHT
the,79
of,67
and,58
in,30
a,28
archaeology,15
to,14
as,11
on,11
by,10
for,10
archaeological,10
university,9
hardcover,8
from,8
maya,7
at,6
is,6
with,6
press,6
cambridge,6
new,5
has,5
well,5
this,5
guide,4
or,4
culture,4
w,4
societies,4
i,4
political,4
papers,4
role,4
use,4
an,4
settlement,4
clark,4
structure,4
site,3
civilization,3
economic,3
been,3
illustration,3
formative,3
american,3
edited,3
susan,3
prehistory,3
ancient,3
long,3
also,3
drawing,3
all,3
advanced,3
paper,3
prehistoric,3
photography,3
material,3
record,3
john,3
its,3
assumptions,3
have,3
contributors,3
david,3
d,3
ny,3
mediterranean,3
research,3
ethnohistory,3
grahame,3
major,3
paleoethnobotany,2
will,2
he,2
mexico,2
africa,2
provide,2
his,2
subject,2
mastercard,2
e,2
adkins,2
christine,2
analysis,2
about,2
h,2
examine,2
studies,2
isaac,2
included,2
before,2
dorrell,2
series,2
experience,2
first,2
only,2
that,2
s,2
book,2
berkeley,2
different,2
principles,2
avenue,2
p,2
state,2
interpretations,2
robert,2
william,2
paleoethnobotanical,2
wide,2
manuals,2
sedentism,2
cloth,2
information,2
data,2
decipherment,2
work,2
olmec,2
nemea,2
techniques,2
archaeologists,2
human,2
individuals,2
includes,2
which,2
california,2
students,2
it,2
editor,2
development,2
comprehensive,2
range,2
states,2
played,2
visa,2
remains,2
glynn,2
underlying,2
written,2
methods,2
c,2
be,2
hunters,2
equipment,2
journal,2
sheffield,2
mesoamerican,2
society,2
plant,2
increasing,1
barbara,1
final,1
south,1
dealing,1
bernard,1
f,1
lsheffield,1
solar,1
communities,1
pictorial,1
tooker,1
signs,1
relationship,1
genesis,1
graphics,1
iroquois,1
m,1
reflects,1
internatio,1
miller,1
no,1
wisdom,1
anatolian,1
kenneth,1
crucial,1
ecological,1
linda,1
aimed,1
groups,1
fr,1
across,1
indeed,1
practical,1
testing,1
how,1
edward,1
reevaluate,1
asterial,1
basic,1
landscape,1
syathetic,1
classic,1
levels,1
order,1
leslie,1
widespread,1
institutions,1
who,1
awaken,1
burkhart,1
directions,1
accurate,1
christ,1
surviving,1
yet,1
rigor,1
they,1
unprecedented,1
deals,1
their,1
christian,1
complex,1
one,1
achievements,1
life,1
pages,1
special,1
elaborate,1
often,1
subscritions,1
lacking,1
mobility,1
larry,1
syllables,1
lay,1
united,1
frank,1
ma,1
seton,1
colonial,1
sapwuahfik,1
not,1
library,1
guides,1
ways,1
types,1
interpretation,1
museum,1
lesley,1
lloyd,1
articles,1
conservation,1
affect,1
duke,1
technology,1
considered,1
spurring,1
official,1
sections,1
school,1
anthropological,1
into,1
environment,1
reciprocal,1
louise,1
elisabeth,1
commonwealth,1
published,1
associated,1
section,1
uses,1
teaching,1
n,1
entertaining,1
thematic,1
ethnographic,1
archeology,1
princeton,1
facilitator,1
but,1
accumulating,1
these,1
ournal,1
subscription,1
joyce,1
illustrated,1
visitors,1
department,1
geographic,1
regional,1
origins,1
known,1
surface,1
t,1
stephen,1
beyond,1
social,1
robertj,1
membership,1
revant,1
more,1
here,1
questions,1
paul,1
houston,1
was,1
syntheses,1
implications,1
outcome,1
decades,1
tfd,1
constitution,1
available,1
graduates,1
history,1
each,1
england,1
j,1
analytical,1
moving,1
are,1
registration,1
dramatically,1
based,1
shows,1
east,1
interested,1
location,1
europe,1
designing,1
scholars,1
skills,1
llwelyn,1
examination,1
great,1
current,1
farmers,1
effort,1
narrative,1
xtrapolated,1
classical,1
format,1
anal,1
farming,1
austin,1
focuses,1
events,1
very,1
carolina,1
hunting,1
arthur,1
survey,1
historical,1
past,1
montmollin,1
mditerraean,1
edition,1
merely,1
never,1
patterns,1
outside,1
companion,1
pioneered,1
those,1
geography,1
cultural,1
discipline,1
reading,1
bioarchaeology,1
innovative,1
acad,1
artides,1
developing,1
empire,1
worldwide,1
accepted,1
setting,1
hastorf,1
relevant,1
seminar,1
ad,1
michael,1
until,1
accounts,1
case,1
abraham,1
issue,1
takes,1
jourl,1
poyer,1
agricultural,1
recognized,1
guidance,1
recording,1
college,1
books,1
solx,1
bookstores,1
gareth,1
oo,1
near,1
america,1
institute,1
ecology,1
aspects,1
outstanding,1
explored,1
deal,1
interpreting,1
chapter,1
account,1
welcome,1
virginia,1
future,1
understanding,1
urban,1
used,1
divided,1
intimate,1
douglas,1
scope,1
turkey,1
background,1
both,1
tha,1
boston,1
discovery,1
explanation,1
richard,1
presented,1
emergent,1
decipherments,1
r,1
mastery,1
concept,1
recognition,1
west,1
region,1
four,1
characterization,1
fulwood,1
through,1
sharer,1
enhanced,1
civilisation,1
biaually,1
staffing,1
journals,1
transition,1
ten,1
brightman,1
bookstorcs,1
analyzing,1
popper,1
significant,1
combining,1
domesticates,1
station,1
collection,1
during,1
discussion,1
issues,1
broad,1
indians,1
glyphic,1
underscored,1
glyphs,1
stimulate,1
paula,1
central,1
our,1
call,1
field,1
full,1
away,1
ronald,1
bion,1
employed,1
il,1
theoretical,1
reconstructing,1
helga,1
theme,1
instructive,1
entity,1
significance,1
professor,1
iis,1
polity,1
illustrates,1
ioin,1
welcomed,1
frame,1
publication,1
regions,1
de,1
g,1
author,1
prices,1
oriftr,1
essay,1
peter,1
interest,1
change,1
ecosystem,1
olivier,1
offer,1
computer,1
architectural,1
newly,1
ellis,1
journ,1
knapp,1
anatolia,1
buildings,1
most,1
barrier,1
ge,1
rranean,1
effects,1
stages,1
hat,1
attempted,1
manufacturers,1
after,1
provides,1
thomas,1
developments,1
involved,1
specifically,1
lin,1
panhellenic,1
quantification,1
perspective,1
document,1
academic,1
spanish,1
educational,1
windigo,1
specific,1
problems,1
concerns,1
pioneering,1
between,1
tolstoy,1
doctrinal,1
editors,1
jrckaeolo,1
medite,1
illustrator,1
johnson,1
britain,1
chicago,1
partial,1
early,1
texts,1
when,1
explore,1
sanctuaries,1
analyze,1
greece,1
surveys,1
isu,1
present,1
re,1
delightful,1
using,1
sea,1
iividuals,1
explains,1
north,1
recent,1
sprehistoric,1
aca,1
value,1
professional,1
nahuatl,1
evidence,1
vierich,1
southeastern,1
delimited,1
influence,1
valuable,1
nonspecialist,1
culminate,1
