WORDCOUNTS,WEIGHT
the,1424
of,1023
and,758
in,485
a,418
to,242
is,200
maya,192
that,180
by,176
with,150
at,145
on,134
from,125
for,110
as,110
has,101
been,90
classic,81
have,81
are,78
was,75
op,75
note,75
cit,74
an,74
which,70
late,67
r,62
this,62
major,57
data,55
be,54
j,53
preclassic,52
some,51
w,49
it,44
its,43
not,43
early,43
e,42
new,40
while,40
site,39
more,39
d,39
t,37
sites,37
published,36
also,36
s,35
but,35
model,34
his,33
or,33
into,32
review,32
volume,32
report,32
field,31
were,31
settlement,30
period,30
northern,30
both,30
university,29
one,28
first,28
papers,28
than,28
studies,27
de,27
most,27
complex,26
he,26
two,26
reports,26
c,26
b,25
their,25
ceramics,25
study,25
hammond,25
other,25
analysis,25
lowlands,24
ceramic,24
work,23
pottery,23
archaeology,23
m,22
there,22
such,22
l,22
lowland,22
only,22
many,22
part,21
society,21
monographs,21
n,21
g,20
civilization,20
p,20
use,20
middle,20
f,19
sequence,19
yucatan,19
all,19
so,19
evidence,19
belize,19
important,18
research,18
project,18
trade,18
archaeological,18
although,18
amant,18
final,17
group,17
interim,17
these,17
three,17
mexico,17
h,16
central,16
publications,16
rather,16
olmec,16
had,16
out,16
least,16
paper,16
between,16
now,15
survey,15
those,15
collapse,15
development,15
journal,15
may,15
no,15
intensive,15
several,15
guatemala,15
obsidian,15
we,15
much,15
recent,15
groups,14
excavation,14
being,14
long,14
i,14
far,14
centers,14
occupation,14
social,14
architecture,14
ancient,14
culture,14
appeared,14
including,14
general,14
structure,14
palenque,14
volumes,14
ca,14
they,13
monograph,13
within,13
el,13
warfare,13
excavations,13
excavated,13
phase,13
v,13
material,13
peten,13
theoretical,13
over,12
history,12
highland,12
mesoamerican,12
kaminaljuyu,12
population,12
well,12
during,12
will,12
interpretation,12
book,12
since,11
distribution,11
publicationsladams,11
tikal,11
zone,11
bc,11
even,11
massive,11
southern,11
useful,11
time,11
patterns,11
publication,11
size,11
years,11
cambridge,11
include,11
summary,11
specific,11
among,11
presents,10
advanced,10
east,10
barton,10
monuments,10
result,10
deal,10
teotihuacan,10
around,10
led,10
about,10
under,10
same,10
less,10
postclassic,10
architectural,10
present,10
who,10
seen,10
detailed,10
historical,10
orleans,10
extent,10
discussion,10
our,10
range,10
valley,10
chichen,9
production,9
swasey,9
x,9
conflict,9
subsistence,9
further,9
mainly,9
used,9
partly,9
rise,9
small,9
presence,9
reported,9
preliminary,9
ceremonial,9
various,9
still,9
single,9
michels,9
end,9
number,9
rio,9
would,9
past,9
norman,9
should,9
large,8
park,8
before,8
later,8
political,8
agriculture,8
thus,8
adams,8
sample,8
emergence,8
four,8
suggested,8
iconography,8
because,8
colha,8
texas,8
short,8
overall,8
cuello,8
already,8
areas,8
pattern,8
discussed,8
jfa,8
andrews,8
courtyard,8
systems,8
date,8
becan,8
la,8
carried,8
continued,8
began,8
associated,8
series,8
known,8
what,8
them,8
terms,8
map,8
suggests,8
little,8
through,8
origins,8
ramie,8
region,8
substantial,8
does,7
if,7
implications,7
nature,7
together,7
great,7
origin,7
protoclassic,7
ball,7
dates,7
highlands,7
established,7
k,7
dynastic,7
prehistoric,7
initial,7
cultural,7
basis,7
los,7
documented,7
when,7
san,7
comparative,7
make,7
regional,7
pennsylvania,7
izapa,7
altar,7
made,7
elite,7
willey,7
dating,7
can,7
science,7
maps,7
cmhi,7
any,7
current,7
very,7
inscriptions,7
art,7
ac,7
archaeologylvol,7
remains,7
north,7
american,6
stone,6
total,6
source,6
might,6
definition,6
carnegie,6
corozal,6
state,6
principal,6
case,6
possible,6
includes,6
maripub,6
body,6
itza,6
prehistory,6
organization,6
specialization,6
bec,6
followed,6
altun,6
permanent,6
view,6
appear,6
based,6
base,6
description,6
approach,6
essentially,6
up,6
results,6
using,6
second,6
corpus,6
edited,6
complete,6
ethnographic,6
noted,6
consideration,6
turner,6
external,6
chiefdom,6
glyphs,6
another,6
factor,6
high,6
latter,6
enough,6
five,6
forest,6
provo,6
nwaf,6
text,6
each,6
seem,6
form,6
coast,6
level,6
summarizes,6
valuable,6
entire,6
done,5
way,5
correlation,5
round,5
england,5
seems,5
graham,5
sq,5
system,5
existence,5
account,5
welcome,5
greene,5
indicating,5
collection,5
jade,5
millennium,5
contributors,5
century,5
sanders,5
influence,5
growth,5
how,5
after,5
tonina,5
similar,5
importance,5
certain,5
parts,5
cases,5
von,5
monumental,5
section,5
fortifications,5
argued,5
albuquerque,5
beyond,5
rice,5
descriptive,5
tools,5
produced,5
public,5
gods,5
information,5
artifacts,5
sculpture,5
apparent,5
et,5
either,5
presented,5
consensus,5
copan,5
hester,5
pacific,5
yet,5
kelley,5
included,5
topical,5
robert,5
lack,5
again,5
others,5
longer,5
scholars,5
larger,5
antonio,5
john,5
figurines,5
conclusions,5
argues,5
local,5
original,5
demonstrated,5
discovery,5
evolution,5
held,5
david,5
rulers,5
earlier,5
internal,5
article,5
chalchuapa,5
probably,5
institution,5
atlas,5
iconographic,5
seibal,5
types,5
centuries,5
considered,5
sections,5
environment,5
comparison,5
intellectual,5
did,5
then,5
thompson,5
type,5
plans,5
come,5
eric,5
shown,5
underworld,5
area,5
quirigua,5
close,5
km,5
given,5
rate,4
o,4
fortified,4
functional,4
cerros,4
center,4
likely,4
mexican,4
western,4
puuc,4
taken,4
rapid,4
script,4
kurjack,4
assertion,4
analyses,4
achievement,4
concludes,4
subsequent,4
detection,4
somewhat,4
recorded,4
design,4
vol,4
sabloff,4
preceramic,4
here,4
royal,4
against,4
radar,4
quinquennium,4
back,4
defensive,4
phd,4
networks,4
recognized,4
links,4
main,4
developed,4
basic,4
explicit,4
presentation,4
notion,4
direct,4
makes,4
illustrations,4
occupational,4
organized,4
lithic,4
advance,4
came,4
austin,4
events,4
burial,4
future,4
del,4
knowledge,4
vessels,4
lithics,4
izapan,4
change,4
below,4
buildings,4
few,4
yielded,4
plausible,4
limited,4
museum,4
illustrated,4
abaj,4
routes,4
available,4
addition,4
towards,4
projects,4
terminal,4
pages,4
considerable,4
validity,4
accepted,4
relevant,4
books,4
style,4
analyzed,4
explanation,4
identification,4
hieroglyphic,4
unfortunately,4
assumption,4
vases,4
ideas,4
salvador,4
radiocarbon,4
clear,4
codex,4
features,4
especially,4
standard,4
dealing,4
florescence,4
sequences,4
class,4
often,4
existed,4
fall,4
stratified,4
gonzalez,4
must,4
mempeamus,4
reconnaissance,4
set,4
dzibilchaltun,4
different,4
best,4
half,4
advances,4
better,4
beginning,4
webster,4
theory,4
urban,4
categories,4
surveys,4
harrison,4
surface,4
numerous,4
land,4
removed,4
texts,4
views,4
focus,4
observed,4
quiche,4
difficult,3
along,3
common,3
coba,3
market,3
resulted,3
introduction,3
philadelphia,3
becoming,3
settlements,3
prime,3
ways,3
greater,3
ian,3
pappeamus,3
test,3
planets,3
archaeologists,3
sources,3
human,3
originally,3
indicated,3
attempt,3
astronomical,3
worked,3
confirmed,3
names,3
onwards,3
differences,3
studied,3
basin,3
introduces,3
floral,3
greatly,3
raised,3
signs,3
seminar,3
nueve,3
mass,3
iv,3
quantities,3
fitting,3
activity,3
prehispanic,3
apart,3
diversity,3
genealogies,3
throughout,3
per,3
quality,3
chayal,3
interest,3
usumacinta,3
mesoamerica,3
z,3
rank,3
developments,3
houses,3
reference,3
stimulating,3
mayanists,3
swamps,3
interesting,3
topic,3
york,3
whose,3
essential,3
without,3
across,3
en,3
levels,3
process,3
comparable,3
derived,3
burials,3
summarized,3
popol,3
changes,3
consider,3
ashmore,3
dated,3
clearly,3
elsewhere,3
impact,3
solid,3
age,3
orientation,3
stark,3
dc,3
closely,3
could,3
chipped,3
explanatory,3
effort,3
format,3
scenes,3
interpretations,3
oklahoma,3
third,3
promise,3
excellent,3
explain,3
directly,3
line,3
decipherment,3
lamanai,3
characterization,3
london,3
literature,3
discussions,3
increasingly,3
structures,3
sculptural,3
fieldwork,3
seminars,3
status,3
own,3
dresden,3
statistically,3
computer,3
correct,3
caused,3
working,3
comprises,3
things,3
order,3
rutgers,3
involved,3
intervals,3
cancuen,3
characteristics,3
highly,3
latest,3
methodological,3
jades,3
visible,3
notes,3
geographical,3
periods,3
span,3
critical,3
contact,3
located,3
expansion,3
brief,3
nearly,3
tropical,3
community,3
indicates,3
argument,3
movement,3
religious,3
positive,3
alain,3
god,3
department,3
salinas,3
independent,3
concentrate,3
cheek,3
mound,3
walled,3
takalik,3
fact,3
shows,3
idea,3
striking,3
chinkultic,3
lacks,3
demonstrating,3
outside,3
paris,3
ground,3
where,3
devoted,3
continuing,3
deep,3
pendergast,3
distance,3
polities,3
sir,3
understanding,3
robertson,3
chixoy,3
formal,3
increase,3
epigraphic,3
entirely,3
largely,3
occupied,3
continue,3
examination,3
described,3
mayan,3
authors,3
hiatus,3
taxonomic,3
workers,3
symposium,3
lie,3
exchange,3
why,3
become,3
sacrificios,3
topics,3
incompatible,3
construction,3
analyze,3
professional,3
immigration,3
yucatec,3
brown,3
solar,3
implicitly,3
suggest,3
seasons,3
suggestion,3
relationship,3
succinctly,3
crucial,3
hill,3
contribution,3
rapidly,3
indicate,3
antiquity,3
hierarchical,3
surprising,3
fields,3
itself,3
gathered,3
joseph,3
school,3
stratigraphic,3
elaborate,3
simply,3
scrutiny,3
country,3
descriptions,3
vase,3
reflected,3
quintana,3
las,3
bajo,3
carefully,3
nearby,3
cauinal,3
problem,3
produce,3
huge,3
u,3
apparently,3
popular,3
conference,3
chronology,3
recognition,3
disparate,3
city,3
press,3
became,3
role,3
techniques,3
campeche,3
world,3
deities,3
writing,3
models,3
zones,3
national,3
parallels,3
dense,3
folan,3
attributes,3
colleagues,3
increased,3
observation,3
point,3
create,3
traditional,3
famous,3
successive,3
thorough,3
go,2
stimuli,2
oriented,2
opinion,2
louis,2
engendered,2
piedra,2
succession,2
utility,2
defenses,2
phonetic,2
aceramic,2
arqueologico,2
summarizing,2
elaborated,2
superb,2
reassessment,2
maize,2
ma,2
formed,2
units,2
true,2
summaries,2
approaches,2
sherds,2
drawings,2
modern,2
trace,2
position,2
minor,2
revision,2
variety,2
du,2
materials,2
lower,2
anything,2
preceding,2
ii,2
give,2
concentrated,2
experiments,2
immense,2
tradition,2
leading,2
indeed,2
borne,2
vanishing,2
composition,2
take,2
proskouriakoff,2
emblem,2
intrusions,2
last,2
nm,2
idealized,2
mind,2
marine,2
investigations,2
british,2
sophisticated,2
correlated,2
forthcoming,2
reissued,2
archaeologytvol,2
key,2
albeit,2
capacity,2
cleared,2
chthonic,2
richard,2
vital,2
conceptual,2
establishment,2
quantity,2
compares,2
ritual,2
perhaps,2
cultivation,2
framework,2
savanna,2
accessible,2
hazards,2
uxmal,2
surely,2
difficulties,2
tables,2
unpublished,2
author,2
characteristic,2
precise,2
adopted,2
issued,2
ilopango,2
progressive,2
turn,2
prophecy,2
destroyed,2
archaeoastronomy,2
frustrating,2
spanned,2
mover,2
schele,2
blue,2
communication,2
look,2
spite,2
secular,2
demonstrably,2
competently,2
focused,2
mechanism,2
reconstruction,2
adequate,2
precincts,2
statements,2
purely,2
residence,2
remain,2
illustration,2
influential,2
fascinating,2
coastal,2
active,2
analyzes,2
dealt,2
reworked,2
supplement,2
leave,2
contributions,2
creek,2
feel,2
productive,2
support,2
accounts,2
possibly,2
river,2
latin,2
air,2
numbers,2
house,2
decade,2
weak,2
pebble,2
observations,2
reasonably,2
show,2
processions,2
recovered,2
additional,2
crabtree,2
monographic,2
follow,2
peninsula,2
boundary,2
problems,2
peabody,2
dzonot,2
photos,2
swidden,2
ha,2
bonampak,2
assessments,2
matching,2
concentration,2
location,2
societies,2
six,2
found,2
conservative,2
mapping,2
utatlan,2
radical,2
mythical,2
lineage,2
near,2
choloid,2
noting,2
emerge,2
deciphering,2
shield,2
congruent,2
density,2
left,2
fourth,2
ann,2
though,2
equal,2
buried,2
appears,2
residential,2
recently,2
persons,2
strong,2
scale,2
grounds,2
record,2
feudal,2
sedentism,2
depictions,2
possibility,2
criteria,2
briefly,2
technical,2
failure,2
lost,2
having,2
network,2
received,2
kosakowsky,2
lubaantun,2
decipherments,2
reader,2
concept,2
heavily,2
tombs,2
indigenous,2
pyramids,2
positions,2
itzan,2
whole,2
weatherington,2
records,2
actually,2
director,2
personal,2
away,2
surrounding,2
ultimately,2
artifact,2
interpreted,2
trends,2
attributed,2
venus,2
lakes,2
regions,2
restatement,2
painting,2
sense,2
nine,2
mediterranean,2
stimulated,2
specifically,2
katuns,2
spanish,2
cacao,2
ancestral,2
sculptures,2
always,2
annual,2
murals,2
disconnected,2
cycle,2
value,2
developmental,2
rest,2
sophistication,2
activities,2
chronological,2
south,2
stucco,2
noteworthy,2
arrangement,2
detected,2
bajos,2
populations,2
identified,2
economic,2
calendric,2
subject,2
historicism,2
female,2
brings,2
incredibly,2
hitherto,2
southeast,2
depicted,2
accumulate,2
fair,2
examined,2
fit,2
marginal,2
mission,2
rain,2
supplementary,2
ne,2
selective,2
neither,2
thesis,2
coeval,2
falls,2
propounded,2
lord,2
shifting,2
ed,2
nw,2
outlined,2
largest,2
traders,2
begins,2
jaguar,2
simulation,2
decoration,2
stated,2
figure,2
renewed,2
morley,2
analytical,2
lengthy,2
treatment,2
chicanna,2
head,2
stimulus,2
temples,2
pressure,2
eclipse,2
match,2
classical,2
vernon,2
related,2
man,2
serious,2
typological,2
ruler,2
forms,2
ages,2
adjacent,2
do,2
covered,2
orthodoxy,2
see,2
necessary,2
above,2
flint,2
ramon,2
thoroughly,2
becquelin,2
ibid,2
civilized,2
meetings,2
private,2
investment,2
extended,2
father,2
coherent,2
represented,2
ucarfcontrib,2
sides,2
trajectory,2
previously,2
manifestations,2
mari,2
canals,2
mosaic,2
findings,2
elucidated,2
garza,2
significant,2
food,2
manipulation,2
congress,2
harvard,2
net,2
variables,2
sees,2
theories,2
students,2
ties,2
comprehensive,2
agreement,2
maintenance,2
deals,2
blend,2
characterized,2
kept,2
accurate,2
probable,2
airborne,2
margin,2
incongruent,2
cogent,2
leaves,2
methods,2
giant,2
craft,2
narrow,2
tree,2
respectively,2
shallow,2
availability,2
james,2
ethnohistory,2
magnetic,2
ago,2
embodied,2
chert,2
frutal,2
separate,2
increasing,2
ranging,2
european,2
aid,2
kenneth,2
vision,2
hectare,2
testing,2
purposes,2
collections,2
rim,2
ordering,2
force,2
ruz,2
covering,2
eaton,2
combines,2
causeways,2
polychrome,2
table,2
face,2
articles,2
mounds,2
guatemalan,2
photographs,2
earliest,2
bean,2
dispersed,2
conclusion,2
version,2
changing,2
peoples,2
geographic,2
economically,2
continues,2
ahau,2
potter,2
exposition,2
southward,2
temple,2
sky,2
drew,2
cover,2
extant,2
control,2
anthropology,2
specialized,2
abandonment,2
attribute,2
capital,2
mirador,2
jenney,2
printed,2
intrusion,2
foundation,2
pollock,2
examining,2
identities,2
quetzalcoatl,2
replication,2
revanthro,2
concrete,2
america,2
peniche,2
occpap,2
william,2
ruins,2
cu,2
monopm,2
spatial,2
rising,2
varying,2
jaina,2
maintain,2
agricultural,2
merle,2
adaptation,2
wiseman,2
fully,2
correlates,2
prestige,2
textual,2
calendar,2
generally,2
minimal,2
phenomena,2
emphasis,2
des,2
decisions,2
outline,2
intention,2
emergent,2
trees,2
careful,2
gt,2
pits,2
introduced,2
complexes,2
content,2
confirm,2
transition,2
assumptions,2
extensive,2
stevenson,2
phenomenon,2
analogy,2
named,2
question,2
until,2
commercial,2
coggins,2
difference,2
donald,2
vuh,2
protohistoric,2
washington,2
salt,2
mamom,2
states,2
defined,2
assumed,2
haphazard,2
shift,2
archaic,2
roughly,2
respective,2
vessel,2
pioneering,2
gordon,2
carninstpub,2
deposits,2
contrasting,2
element,2
astronomy,2
documentary,2
earthworks,2
ends,2
building,2
doing,2
resources,2
unprovenanced,2
wilk,2
hamblin,2
courts,1
woven,1
countryside,1
carved,1
contacts,1
intimately,1
directors,1
supremely,1
margins,1
lopez,1
scon,1
gifford,1
amplify,1
currently,1
refinement,1
add,1
horizontal,1
estimated,1
stuart,1
masterfully,1
representing,1
fertile,1
medieval,1
anthony,1
proud,1
stylistic,1
meaning,1
reporte,1
commentary,1
privately,1
paleoindian,1
interdigitating,1
expand,1
strives,1
shelves,1
separated,1
represent,1
peaceful,1
corroborates,1
career,1
personnel,1
iowa,1
extreme,1
shrines,1
genuineness,1
episodes,1
worthy,1
cut,1
northeast,1
monjas,1
dissolution,1
swiftly,1
feathered,1
alone,1
adoption,1
caches,1
ultimate,1
originating,1
considerably,1
outlived,1
starts,1
substratum,1
sphere,1
distributed,1
deviationamplifying,1
processual,1
linguistic,1
sun,1
village,1
fernand,1
dispersion,1
pendants,1
replaced,1
possessed,1
putative,1
properly,1
needed,1
overdue,1
live,1
usefully,1
constitutes,1
rewards,1
looting,1
palpably,1
sudden,1
expenditure,1
twenty,1
merida,1
synodic,1
diffuse,1
grove,1
masks,1
conclusive,1
grasslands,1
chacchob,1
reduced,1
cycles,1
unlike,1
shop,1
title,1
laid,1
occurred,1
ambitious,1
ucanal,1
dig,1
gl,1
feels,1
something,1
pacal,1
inconographic,1
princeton,1
meaningless,1
controlled,1
supernaturals,1
bark,1
overuse,1
assaults,1
credence,1
laura,1
northward,1
quibbles,1
reassert,1
diffusion,1
said,1
incomplete,1
fabric,1
member,1
invoking,1
coding,1
defeated,1
upland,1
complements,1
permit,1
destabilizing,1
stabilization,1
wrong,1
invention,1
oba,1
labor,1
whom,1
venice,1
extraordinary,1
creation,1
valle,1
connection,1
naranjoo,1
jointly,1
derives,1
exaggerated,1
convert,1
military,1
ciencias,1
unreal,1
ruppert,1
emerged,1
externally,1
ourselves,1
analogies,1
conjoins,1
mercury,1
joins,1
parties,1
foremost,1
possibilities,1
cenote,1
archaeologically,1
retaining,1
route,1
garth,1
crops,1
suggesting,1
correspondingly,1
blinkered,1
flotation,1
reasons,1
deposed,1
macneish,1
thank,1
farmers,1
rich,1
spaced,1
able,1
substantive,1
moon,1
mexicana,1
moat,1
brian,1
created,1
room,1
chenes,1
ceramists,1
real,1
inland,1
inadvertently,1
damage,1
embrace,1
zij,1
manipulating,1
soberly,1
emphasized,1
sacred,1
chiefdoms,1
situ,1
mexicon,1
analogical,1
deriving,1
california,1
china,1
headings,1
ambiguous,1
behind,1
epic,1
cuenca,1
context,1
debitage,1
depends,1
nowhere,1
employs,1
acknowledged,1
takes,1
occasional,1
refute,1
fused,1
advocates,1
dissemination,1
suspect,1
cuca,1
alfred,1
eramles,1
eastern,1
reassessed,1
task,1
money,1
primary,1
sought,1
bases,1
chowacol,1
amplified,1
incorporate,1
draw,1
wesolowsky,1
olmecoid,1
exception,1
reanalysis,1
inga,1
tour,1
reminder,1
alluvium,1
anticipation,1
keypunching,1
replacement,1
definitional,1
prior,1
marked,1
piedras,1
omissions,1
chunhuitz,1
paucity,1
reaching,1
inevitable,1
establishing,1
jacinto,1
toronto,1
literary,1
hun,1
obvious,1
measuring,1
fine,1
west,1
stratigraphy,1
symbolic,1
combination,1
doubtful,1
headed,1
except,1
reflecting,1
processes,1
flatly,1
uncertain,1
climax,1
narratively,1
relate,1
dynamic,1
consolidating,1
chart,1
bowls,1
frosting,1
undoubtedly,1
keeps,1
plenty,1
sketched,1
undergone,1
fragment,1
excision,1
brotherston,1
overlaps,1
assessment,1
eschewing,1
exist,1
li,1
collision,1
endeavor,1
otherwise,1
regarding,1
million,1
divorced,1
xunantunich,1
exercises,1
oaxaca,1
chapters,1
scarborough,1
ronald,1
married,1
nim,1
relationships,1
branching,1
reused,1
erection,1
accuracy,1
mixtecs,1
explained,1
urbanizing,1
republished,1
severe,1
mine,1
immediate,1
proportionate,1
ambivalent,1
accommodation,1
abdication,1
run,1
professor,1
pring,1
borderlands,1
due,1
interior,1
tehuacan,1
precipitating,1
realized,1
anomalous,1
unrefereed,1
fissioning,1
rescension,1
philosophical,1
terraces,1
paradoxically,1
collapsed,1
lady,1
mirddoo,1
destabilized,1
dozen,1
ability,1
santa,1
consumer,1
application,1
cf,1
districts,1
relatively,1
metalwork,1
geometry,1
militarily,1
itzam,1
codified,1
expected,1
industrial,1
tabulated,1
xe,1
kind,1
rational,1
weaknesses,1
estimates,1
unity,1
adjustment,1
drainage,1
distinct,1
old,1
flourishing,1
channeled,1
rabinal,1
keep,1
perspective,1
clustering,1
fatalism,1
burgeoning,1
societytulane,1
quadripartite,1
architectonic,1
convincing,1
profound,1
amount,1
fig,1
editing,1
speed,1
response,1
amazingly,1
wares,1
elicit,1
young,1
output,1
allowing,1
spotty,1
attests,1
compared,1
honour,1
maxima,1
unchanged,1
varieties,1
overtaken,1
towlands,1
animal,1
truly,1
arab,1
formulate,1
archaeologyl,1
identifications,1
archaeologist,1
grouped,1
crop,1
percentage,1
rationale,1
convey,1
constructs,1
tentatively,1
demonstration,1
hasty,1
jones,1
coherently,1
savage,1
mars,1
hausa,1
transactions,1
fierce,1
stanley,1
compromise,1
salvaging,1
antropologicos,1
unfortunate,1
paste,1
inestimable,1
poorly,1
confluence,1
capitals,1
rambling,1
walls,1
chronicle,1
industries,1
phases,1
toltec,1
higher,1
employ,1
failed,1
mechanisms,1
acropolis,1
pasion,1
opposed,1
exhaustively,1
inadequacies,1
ever,1
sysem,1
complementarity,1
competition,1
acculturation,1
madden,1
sizing,1
reflects,1
plotted,1
hopes,1
supernatural,1
circular,1
underway,1
synthesizing,1
tt,1
ba,1
reviews,1
sessions,1
principally,1
jupiter,1
managing,1
centered,1
adds,1
compatible,1
printout,1
lagartos,1
smj,1
sort,1
disjunction,1
mountain,1
entrepots,1
unit,1
af,1
longest,1
holistic,1
subdivision,1
una,1
environments,1
excavators,1
goes,1
whiteware,1
archiv,1
outward,1
glifo,1
senior,1
proportion,1
transitional,1
ns,1
initiate,1
tolerable,1
idiosyncratic,1
lamat,1
plots,1
marcus,1
institutionalized,1
creditable,1
special,1
cave,1
lacking,1
loltun,1
arbor,1
cumbersome,1
managerial,1
reassess,1
discoveries,1
awareness,1
consequences,1
factors,1
abundant,1
periodic,1
supposed,1
moves,1
shell,1
replete,1
making,1
modified,1
arid,1
category,1
brunswick,1
susceptibility,1
presently,1
acquisition,1
interpretacion,1
nor,1
funeral,1
circulated,1
dean,1
ensure,1
stand,1
praise,1
nearest,1
enlarge,1
objects,1
samizdat,1
statistical,1
peasants,1
peasant,1
balam,1
presumably,1
artificial,1
producers,1
just,1
informe,1
americanists,1
former,1
mayapan,1
placed,1
gradually,1
exploratory,1
frequently,1
reviewed,1
upper,1
accumulating,1
advancing,1
acceptance,1
alta,1
axiomatic,1
yaxchilan,1
commented,1
exploited,1
resource,1
challenged,1
bounds,1
encouragement,1
refer,1
actes,1
unsuitable,1
cotton,1
notions,1
modeled,1
comparisons,1
definite,1
presuppose,1
ilene,1
loot,1
terminology,1
exploitation,1
instance,1
subjectmatter,1
subsidiary,1
flakes,1
axis,1
shifted,1
pleistocene,1
pozito,1
swja,1
syntheses,1
perceived,1
vehicles,1
intensities,1
indivisibly,1
preference,1
providing,1
aitived,1
pixoy,1
husk,1
myths,1
numerical,1
artistic,1
mayas,1
conquest,1
draws,1
tightly,1
seler,1
diachronic,1
pantheon,1
expressed,1
salvage,1
lead,1
suburbs,1
identifying,1
societe,1
premise,1
nancy,1
diligently,1
declined,1
portable,1
downstream,1
appearance,1
rule,1
entered,1
begun,1
forrning,1
called,1
mesas,1
traditionally,1
mildly,1
combinations,1
whet,1
desirable,1
aristocratic,1
cylinder,1
lived,1
shelved,1
longdistance,1
estudios,1
reply,1
sedentary,1
fishing,1
primacy,1
incomprehensibility,1
dispute,1
cosmogony,1
bizarre,1
almost,1
synthesize,1
attained,1
representative,1
inter,1
collectively,1
respects,1
rescuing,1
share,1
companion,1
neighboring,1
icongraphy,1
pointing,1
understood,1
jolly,1
receive,1
caves,1
war,1
archetypal,1
stock,1
deliberate,1
postulates,1
metalworking,1
diploma,1
indirect,1
portant,1
remapped,1
cannot,1
dispersal,1
fulfill,1
suffered,1
appearing,1
fish,1
wealth,1
productively,1
problemthe,1
kuk,1
reaffirming,1
chimalpahin,1
illogically,1
rainforest,1
spiritual,1
overstrain,1
refuge,1
dwelling,1
masterly,1
approached,1
required,1
conferences,1
facilities,1
occurrence,1
dumbarton,1
opposition,1
freidel,1
gained,1
scene,1
patriarchal,1
impression,1
scribe,1
overlapping,1
chiapas,1
shape,1
watershed,1
serpent,1
hierarchies,1
emparkment,1
products,1
lischka,1
none,1
flannery,1
genre,1
fishtailed,1
y,1
closed,1
mapped,1
planning,1
publish,1
bolster,1
strengths,1
appeals,1
circumstantial,1
founded,1
ideal,1
preferred,1
dissatisfaction,1
cozumel,1
invisible,1
claim,1
interspersion,1
provocative,1
brought,1
divides,1
explains,1
competing,1
example,1
norm,1
canoed,1
calls,1
clearer,1
symbolism,1
negative,1
journals,1
periodicity,1
revista,1
excavator,1
year,1
tardy,1
overview,1
realm,1
q,1
island,1
intermediate,1
restricted,1
refined,1
northwest,1
obscured,1
boletin,1
reynolds,1
pyramid,1
references,1
demonstrates,1
departs,1
truncated,1
accomplishment,1
accumulative,1
densely,1
aztec,1
incoherence,1
oaks,1
reexamines,1
colossal,1
statistics,1
forrned,1
idealistic,1
lvamanal,1
device,1
water,1
mathematical,1
reflect,1
tification,1
employed,1
tapiales,1
une,1
cast,1
achieving,1
ake,1
uninformative,1
disruptions,1
stanford,1
seaborne,1
rulership,1
president,1
strengthened,1
connections,1
radically,1
markedly,1
prospect,1
prophilsoc,1
manifestation,1
sacbeob,1
raisedfield,1
foci,1
ixkun,1
citing,1
depicting,1
aided,1
expended,1
good,1
crew,1
interregional,1
steward,1
mesopotamia,1
ambit,1
hard,1
constituent,1
deity,1
periodization,1
revolution,1
stage,1
reliable,1
cite,1
appended,1
dictionary,1
tested,1
coupled,1
trading,1
next,1
le,1
uninformed,1
emphasizes,1
inaccuracies,1
quite,1
tulum,1
lords,1
ixtepeque,1
emerging,1
event,1
explored,1
xultun,1
historicist,1
populating,1
mineral,1
workshops,1
exemplifies,1
wider,1
specialty,1
revives,1
salvadorean,1
assimilate,1
zea,1
folk,1
crystallization,1
temporary,1
industry,1
disaster,1
certainly,1
draining,1
master,1
dramatic,1
thereby,1
startling,1
codes,1
weapons,1
closeness,1
terminos,1
bounding,1
division,1
managed,1
overemphasized,1
progress,1
method,1
universities,1
dim,1
productivity,1
slim,1
hayden,1
proper,1
coe,1
roots,1
appropriate,1
feasible,1
binomial,1
genoa,1
grateful,1
finds,1
uncritical,1
deer,1
bx,1
aims,1
linton,1
breakthroughs,1
sobriety,1
stephens,1
chilam,1
input,1
appeal,1
settlers,1
xf,1
activation,1
battle,1
repainted,1
komchen,1
situation,1
itzimte,1
impartial,1
hegemony,1
outsider,1
attempts,1
calibration,1
transverse,1
mesa,1
attributable,1
visually,1
scientific,1
cosmological,1
meticulously,1
cessation,1
logically,1
distorted,1
culturally,1
gradual,1
synthesis,1
service,1
astronomically,1
lugal,1
schemes,1
intended,1
appreciate,1
forward,1
harris,1
purports,1
death,1
petrology,1
rebuttals,1
intensively,1
supplementing,1
unremarked,1
formative,1
approaching,1
sobre,1
estado,1
echoing,1
says,1
intervention,1
mainstream,1
ja,1
surviving,1
manifest,1
standing,1
yacatecuhtli,1
initially,1
registered,1
modes,1
degree,1
neat,1
surveyed,1
credulity,1
templo,1
direction,1
selection,1
structural,1
exceeded,1
conclusiveness,1
undergo,1
guide,1
once,1
kent,1
criticism,1
preparation,1
orl,1
lloyd,1
velazquez,1
experienced,1
thought,1
alongside,1
corroborated,1
serve,1
exactly,1
closs,1
fail,1
den,1
technology,1
accretion,1
fifth,1
clash,1
populated,1
latitude,1
us,1
clarified,1
compiled,1
shook,1
rims,1
swamp,1
editorial,1
underwriting,1
planned,1
publishing,1
light,1
quarries,1
obsidians,1
choices,1
experimental,1
al,1
excellence,1
bothersome,1
costs,1
corson,1
demarest,1
gloss,1
congresses,1
search,1
glyphic,1
rome,1
innate,1
frameworks,1
leans,1
avoided,1
picture,1
considers,1
matrices,1
double,1
chose,1
definitions,1
agonies,1
alteration,1
funerary,1
name,1
successfully,1
sketchy,1
eschews,1
french,1
aspect,1
subregions,1
temporarily,1
faculty,1
power,1
frederick,1
sometimes,1
factory,1
fell,1
accompanies,1
scientifique,1
provenience,1
bring,1
ontario,1
locating,1
pointed,1
reporting,1
deserves,1
similarly,1
put,1
decorative,1
performs,1
inquisition,1
visita,1
wetlands,1
smith,1
usefulness,1
rinds,1
cultivated,1
causality,1
mercilessly,1
marker,1
valid,1
clrca,1
reputed,1
carbonized,1
relates,1
floyd,1
walked,1
proposal,1
complementing,1
rotation,1
depict,1
occupations,1
exclusion,1
attempting,1
sode,1
mural,1
enable,1
grave,1
inscripciones,1
really,1
climaxes,1
associates,1
campus,1
nucleated,1
emphatic,1
loop,1
identical,1
americanistes,1
fashion,1
succeeding,1
utilize,1
superstructure,1
fragments,1
enshrouding,1
depopulation,1
quantitative,1
annassamergeogr,1
transit,1
puzzling,1
precinct,1
yucatecan,1
meant,1
centre,1
operating,1
metropoli,1
innovative,1
redonda,1
compounds,1
loco,1
superimposed,1
systematic,1
inside,1
tenosique,1
michael,1
strategies,1
handicap,1
sw,1
agnculture,1
opan,1
homenaje,1
achieved,1
matheny,1
homeostatic,1
fortification,1
chronologically,1
native,1
zodiac,1
jj,1
lounsbury,1
circumscription,1
assemblage,1
gives,1
reconciled,1
shifts,1
going,1
remarkably,1
lunar,1
lumping,1
distortions,1
identifiable,1
piedad,1
laudable,1
jeroglifica,1
remained,1
interpreting,1
synonym,1
antropologicas,1
mercator,1
mythic,1
missionary,1
divided,1
norberto,1
invested,1
skepticism,1
examples,1
mays,1
orienting,1
comprise,1
upon,1
accompanying,1
farming,1
maritime,1
pathology,1
writings,1
bronson,1
systematics,1
martial,1
patricia,1
enormous,1
campsite,1
betokens,1
mortuary,1
econiches,1
ruling,1
skeletal,1
saltproduction,1
appalling,1
asian,1
defences,1
unrestrained,1
characteristically,1
complement,1
hypotheses,1
prevailed,1
persisted,1
operated,1
additions,1
sauvetage,1
causes,1
plumbate,1
resulting,1
unprovable,1
militarism,1
recovery,1
resolved,1
maintains,1
engaged,1
full,1
chemical,1
reinforcing,1
eight,1
advantages,1
synthetic,1
dahlin,1
continuities,1
arguably,1
uniqueness,1
hangs,1
low,1
militaristic,1
scanning,1
open,1
worry,1
sherd,1
jilotepeque,1
roo,1
styles,1
reality,1
euw,1
directed,1
carol,1
incantation,1
mode,1
se,1
peripheral,1
unlucky,1
points,1
feature,1
health,1
leaned,1
peter,1
recipient,1
logic,1
interpret,1
cosmography,1
confident,1
prolixity,1
individual,1
divisions,1
allowed,1
powerful,1
like,1
revised,1
indexing,1
spread,1
function,1
gates,1
plant,1
serlous,1
cache,1
risen,1
mask,1
collected,1
looters,1
linking,1
stages,1
administrative,1
filled,1
ecology,1
theocratic,1
misunderstanding,1
fancy,1
doubted,1
fred,1
canalization,1
martin,1
adequately,1
disintegration,1
accords,1
terrns,1
procurement,1
faith,1
differing,1
disseminate,1
undefended,1
random,1
escuela,1
promote,1
nicely,1
evolutionary,1
photogrammetric,1
editors,1
relation,1
exported,1
sight,1
milpa,1
tactics,1
examine,1
effect,1
dichrome,1
obscure,1
heliacal,1
congres,1
implication,1
looks,1
fruition,1
slightly,1
greece,1
socially,1
henderson,1
equivalent,1
adaptations,1
attracted,1
terracing,1
workshop,1
figures,1
geography,1
versus,1
saw,1
reworking,1
destruction,1
upstream,1
relative,1
vszczzz,1
adaptive,1
geogrev,1
synoptic,1
sociopolitical,1
propose,1
hope,1
attention,1
tik,1
unrelated,1
convincingly,1
awaiting,1
concluded,1
examines,1
decision,1
illustrates,1
especial,1
cake,1
limiting,1
dora,1
fails,1
depth,1
indication,1
dawn,1
enrollment,1
christian,1
incredible,1
assigned,1
mixcoatl,1
modification,1
steep,1
undoubted,1
perspectives,1
tentative,1
interdependent,1
gruhn,1
spelling,1
fairly,1
mixture,1
broadened,1
chance,1
usually,1
linda,1
foreign,1
izapans,1
impressive,1
program,1
pieces,1
reasonable,1
select,1
wyllys,1
randomly,1
bibliographic,1
widespread,1
male,1
lies,1
institutions,1
means,1
success,1
jersey,1
deposit,1
team,1
havilande,1
returned,1
embodying,1
circumstance,1
visual,1
clays,1
suggestions,1
inscripcion,1
inadequate,1
vallee,1
album,1
length,1
contributor,1
spanning,1
logographic,1
archeologie,1
directorate,1
solano,1
regionalism,1
introductory,1
responsible,1
blood,1
achieve,1
lineages,1
composed,1
supporting,1
moieties,1
ordinary,1
night,1
months,1
get,1
aboriginal,1
lconography,1
denatured,1
unusual,1
figured,1
departures,1
nevertheless,1
interpretive,1
memorialized,1
influencing,1
documenting,1
immensely,1
middens,1
fascicle,1
inextricably,1
addressed,1
detail,1
recombined,1
claims,1
freshwater,1
dissertation,1
acquired,1
anthropomorphic,1
proof,1
reciprocal,1
neglected,1
franfaise,1
monument,1
incongruities,1
following,1
civilizations,1
exemplified,1
analogues,1
accordance,1
mentioned,1
calendrical,1
conjunction,1
biography,1
selectivity,1
contradiction,1
demonstrate,1
punit,1
swept,1
detect,1
demarcation,1
milpas,1
extension,1
bush,1
comes,1
negativeresist,1
slope,1
satisfactory,1
constructed,1
masses,1
beans,1
palace,1
quotes,1
rivero,1
trenches,1
besides,1
cosmographic,1
earle,1
sidelooking,1
cosmetic,1
organizational,1
sustained,1
alternative,1
survivals,1
seven,1
integrative,1
ocox,1
know,1
eds,1
defining,1
berkeley,1
persisting,1
amplifying,1
dominated,1
mv,1
ethnologique,1
descent,1
maripap,1
halt,1
cemetery,1
neivens,1
tomb,1
faulty,1
distinctions,1
extraction,1
sizes,1
approximates,1
intermitted,1
sampling,1
gone,1
unknown,1
sent,1
print,1
appendix,1
volcano,1
dans,1
argue,1
cyclical,1
ornament,1
constructions,1
microfiches,1
universal,1
surprisingly,1
domestic,1
allied,1
epistemological,1
dennis,1
concurrently,1
primus,1
particularly,1
lichen,1
linked,1
expresses,1
speculation,1
conflating,1
impossible,1
arnant,1
sustaining,1
plazas,1
written,1
proved,1
fulltime,1
pomp,1
placing,1
recherche,1
rural,1
hamlets,1
works,1
adduced,1
merely,1
evident,1
stela,1
clarity,1
quietly,1
tenth,1
scholarly,1
notable,1
investigation,1
month,1
combined,1
explorers,1
unique,1
motagua,1
whether,1
volcanic,1
meticulous,1
stability,1
selected,1
list,1
tow,1
rebellion,1
plants,1
independently,1
character,1
laguna,1
portmanteau,1
exploit,1
firmly,1
shall,1
socotz,1
agrees,1
penetration,1
prudence,1
zac,1
archeologique,1
appetite,1
periphery,1
juggles,1
institute,1
pursued,1
mechanistic,1
preliminar,1
imperial,1
graphemes,1
don,1
sifting,1
circuit,1
itsimte,1
contain,1
port,1
archaeometry,1
universe,1
hondo,1
republication,1
felt,1
bennet,1
exegesis,1
marking,1
bodies,1
boston,1
convlnclng,1
rescate,1
apparatus,1
circumstances,1
inimical,1
northwestern,1
persuaded,1
ruled,1
excellently,1
met,1
conclude,1
sharer,1
slopes,1
timely,1
beach,1
despite,1
practices,1
prevalent,1
quichean,1
forrnal,1
variability,1
outlining,1
melded,1
turns,1
respectable,1
went,1
calculated,1
sheets,1
acute,1
sectional,1
absolute,1
culling,1
vast,1
navarrete,1
possessions,1
entry,1
programs,1
arguments,1
intelligible,1
huxley,1
ranks,1
families,1
faked,1
mention,1
twin,1
naranjos,1
representation,1
au,1
amalgamated,1
accorded,1
neglect,1
comprised,1
katun,1
leap,1
precision,1
abajtakalik,1
excayations,1
totalling,1
superseded,1
producer,1
redondas,1
wild,1
pine,1
undecorated,1
layers,1
pace,1
haviland,1
survival,1
recording,1
instructive,1
locations,1
differentiation,1
background,1
modal,1
ignored,1
treated,1
autochthonous,1
formality,1
persuasiveness,1
authored,1
stenholm,1
volumetrics,1
morphological,1
julian,1
puleston,1
trap,1
paintings,1
completed,1
englobing,1
profiles,1
monolingual,1
documentation,1
ended,1
offer,1
move,1
joined,1
instead,1
lively,1
presumes,1
define,1
zip,1
computation,1
need,1
green,1
defines,1
xoc,1
manufacture,1
provided,1
opinions,1
smaller,1
exceeding,1
arrivals,1
france,1
eruption,1
disrupt,1
seeks,1
off,1
classification,1
archaemajor,1
practiced,1
sculptured,1
eclipses,1
carr,1
vi,1
thousand,1
charles,1
baganda,1
admitting,1
modeling,1
silting,1
artisan,1
interlinked,1
themselves,1
painted,1
broadening,1
bristlecone,1
johnson,1
enduring,1
sarcofago,1
reached,1
obligation,1
debate,1
estimable,1
juyu,1
maximum,1
mix,1
interaction,1
corn,1
gulf,1
duction,1
immediately,1
ignores,1
explanations,1
laborers,1
cross,1
arnold,1
meeting,1
proponent,1
built,1
involuted,1
delayed,1
inventories,1
mexique,1
looking,1
ruinal,1
ichon,1
hypothesis,1
