WORDCOUNTS,WEIGHT
the,157
and,143
of,130
in,47
a,45
white,36
black,35
isbn,33
index,26
paper,24
to,21
cloth,20
press,19
university,18
archaeological,18
on,15
an,14
new,14
from,11
world,11
with,10
volume,10
this,10
by,9
that,9
is,9
their,8
for,8
editor,8
archaeology,8
no,7
first,7
american,7
early,7
at,6
one,6
culture,6
ancient,6
book,6
price,6
between,6
research,6
how,5
into,5
m,5
are,5
present,5
publications,5
development,5
contributors,5
held,5
editors,5
site,4
san,4
academic,4
study,4
methods,4
composed,4
h,4
unwin,4
england,4
survey,4
hyman,4
proceedings,4
ltd,4
near,4
work,4
chiefly,4
data,4
indians,4
congress,4
human,4
includes,4
september,4
general,4
florida,4
evidence,4
contact,3
subsistence,3
introduction,3
complex,3
interpretation,3
during,3
history,3
alabama,3
series,3
insights,3
illustrated,3
two,3
indexes,3
prehistoric,3
more,3
heritage,3
all,3
environment,3
j,3
georgia,3
wide,3
text,3
i,3
state,3
political,3
what,3
references,3
eastern,3
institute,3
bibliography,3
description,3
plant,3
issues,3
evolution,3
central,3
examination,3
have,3
part,3
southwest,3
robert,3
than,3
using,2
model,2
ranging,2
may,2
van,2
civilization,2
seasons,2
now,2
led,2
second,2
town,2
been,2
profusely,2
expedition,2
yale,2
distributed,2
mesoamerica,2
ware,2
life,2
selection,2
britain,2
nubia,2
about,2
mexico,2
english,2
museum,2
ethnographers,2
remains,2
results,2
we,2
case,2
modern,2
east,2
earliest,2
objects,2
school,2
or,2
management,2
presents,2
emergence,2
associated,2
same,2
w,2
most,2
recovered,2
sport,2
archaeologists,2
cyprus,2
peru,2
explaining,2
bronze,2
provide,2
also,2
offers,2
other,2
ii,2
exploration,2
know,2
over,2
each,2
analytical,2
based,2
oriental,2
beliefs,2
while,2
past,2
color,2
edition,2
chiefdom,2
patterns,2
ballgame,2
cultural,2
discipline,2
where,2
economy,2
papers,2
soundings,2
material,2
record,2
metropolitan,2
onondaga,2
randolph,2
aspects,2
art,2
bc,2
both,2
circumstances,2
city,2
collection,2
which,2
were,2
personal,2
review,2
years,2
de,2
g,2
social,2
d,2
geographically,2
period,2
parts,2
remembrances,2
plants,2
settlement,2
religious,2
llama,2
impressions,2
sudanese,2
distinguished,2
texas,2
as,2
chicago,2
can,2
archaeologist,2
field,2
given,2
journal,2
traditional,2
time,2
major,2
neolithic,2
industries,1
chronological,1
south,1
carried,1
will,1
seventh,1
f,1
portion,1
operation,1
communities,1
numismatics,1
battlefield,1
challenge,1
marilyn,1
barbara,1
fort,1
done,1
geomorphologist,1
york,1
bull,1
iroquois,1
today,1
anita,1
played,1
various,1
production,1
way,1
bringing,1
george,1
coosa,1
his,1
science,1
letters,1
punas,1
gradskog,1
meaning,1
l,1
commentary,1
five,1
griot,1
main,1
culturally,1
developed,1
synthesis,1
papua,1
americanist,1
it,1
reinhold,1
techniques,1
adapt,1
play,1
square,1
select,1
iowa,1
alternate,1
istra,1
environmental,1
sw,1
pascal,1
jane,1
college,1
centralization,1
presentation,1
process,1
international,1
rome,1
remarked,1
rather,1
christine,1
community,1
adoption,1
above,1
seminole,1
spatial,1
accommodating,1
interactions,1
parsons,1
pragmatics,1
linguistic,1
souvenirs,1
contribution,1
bat,1
they,1
village,1
mediterranean,1
large,1
plains,1
conducted,1
direct,1
recently,1
ongoing,1
contributions,1
travel,1
myth,1
southeast,1
use,1
analysis,1
season,1
lay,1
burials,1
entries,1
predation,1
united,1
animals,1
four,1
likely,1
factors,1
not,1
mayas,1
stratified,1
gathering,1
summaries,1
ways,1
core,1
approaches,1
studies,1
palaeobiology,1
interpretive,1
trolle,1
precolumbian,1
array,1
continuity,1
evolved,1
tribe,1
under,1
deccan,1
civilizations,1
formally,1
oscar,1
chronology,1
investigations,1
ne,1
stephen,1
quantitative,1
western,1
male,1
statistical,1
sections,1
excavation,1
baseline,1
india,1
occurred,1
prehistoricarcheology,1
indices,1
komunalna,1
biographical,1
before,1
peninsular,1
americanists,1
following,1
accomplishments,1
jedno,1
traces,1
ethnographic,1
result,1
nw,1
variety,1
colonial,1
khabur,1
indian,1
but,1
changing,1
du,1
stonehenge,1
these,1
textbook,1
ethnoarchaeology,1
picchu,1
experience,1
significant,1
nonagricultural,1
file,1
detect,1
fabric,1
rise,1
symbolic,1
published,1
procedures,1
australia,1
inc,1
lee,1
resilient,1
long,1
andaztecs,1
temple,1
lewis,1
name,1
accomplished,1
populations,1
french,1
chronicles,1
paul,1
oklahoma,1
law,1
set,1
originally,1
methodologically,1
david,1
important,1
debating,1
outcome,1
cavalry,1
postgraduate,1
natural,1
view,1
available,1
humans,1
intellectual,1
osteological,1
kent,1
lavishly,1
advanced,1
many,1
descriptive,1
correspond,1
editions,1
anecdotal,1
joyce,1
organized,1
stylistically,1
company,1
ceramic,1
s,1
principles,1
mesopotamica,1
europe,1
societies,1
kegan,1
soconusco,1
medicine,1
together,1
plan,1
desire,1
rodney,1
stoljee,1
search,1
typological,1
documents,1
confederacy,1
current,1
p,1
muzej,1
report,1
rich,1
narrative,1
seven,1
grave,1
out,1
practical,1
changed,1
classical,1
predictability,1
hundred,1
maps,1
far,1
goods,1
hunting,1
contemporary,1
covering,1
steppe,1
iron,1
examining,1
fascinated,1
harmon,1
hinges,1
philosophical,1
works,1
assessment,1
february,1
advances,1
late,1
consist,1
mogens,1
further,1
handbook,1
mma,1
henry,1
agriculture,1
william,1
teaching,1
centre,1
formation,1
day,1
reading,1
within,1
combined,1
richards,1
them,1
seminar,1
catalogs,1
list,1
dhali,1
theoretical,1
coast,1
applied,1
varying,1
underpinnings,1
experimental,1
otherwise,1
thirty,1
covers,1
agricultural,1
ofamerican,1
alfred,1
edinburgh,1
botanical,1
paperback,1
native,1
pleistocene,1
yugoslavia,1
books,1
anthropologists,1
routledge,1
has,1
key,1
king,1
public,1
chalcolithic,1
sacrifice,1
guidelines,1
bones,1
ethnohistorians,1
hiram,1
thames,1
ansari,1
hall,1
ecology,1
distinguishes,1
recreational,1
produce,1
trade,1
arheoliki,1
information,1
biographic,1
account,1
original,1
almost,1
italian,1
psychology,1
dvadeset,1
some,1
virginia,1
r,1
private,1
qualification,1
line,1
greatest,1
unexcavated,1
urban,1
journals,1
artifacts,1
categories,1
illustrate,1
discussion,1
republication,1
douglas,1
hurst,1
conference,1
treated,1
socioeconomic,1
functions,1
portraits,1
explanation,1
richard,1
john,1
possible,1
nine,1
augustus,1
dutch,1
brent,1
stratigraphy,1
formal,1
region,1
brought,1
lake,1
conceptual,1
reflecting,1
through,1
drew,1
discusses,1
training,1
previously,1
politician,1
knowledge,1
baylor,1
clubs,1
tension,1
nation,1
along,1
patterning,1
environmentalarchaeology,1
its,1
thoughts,1
regionalized,1
europeans,1
findings,1
sitting,1
bv,1
economies,1
bibliotheca,1
mongne,1
eurocentric,1
desird,1
year,1
overview,1
protohistoric,1
seek,1
discussions,1
reconstruct,1
horn,1
needed,1
reynolds,1
broad,1
diversity,1
constitute,1
concentrate,1
hierarchy,1
voyage,1
interrelationships,1
interments,1
conflict,1
lawrence,1
chapters,1
et,1
eric,1
beads,1
razvitak,1
regional,1
geographer,1
flocks,1
tell,1
models,1
described,1
fieldwork,1
curated,1
facts,1
anasazi,1
humanly,1
explorers,1
cambridge,1
bosque,1
meanings,1
memoirs,1
biblical,1
donald,1
interior,1
attributed,1
directed,1
modem,1
authors,1
does,1
millennium,1
bibliographies,1
dynamic,1
utah,1
forgotten,1
sioux,1
ability,1
issn,1
excavated,1
undena,1
times,1
include,1
ofmachu,1
quantifying,1
viable,1
club,1
excavations,1
spread,1
seminoles,1
things,1
features,1
dick,1
ofmedieval,1
century,1
integration,1
z,1
without,1
changes,1
peruvian,1
le,1
deborah,1
accurate,1
philosophy,1
ted,1
area,1
nostrand,1
reexcavated,1
apparently,1
walking,1
developments,1
items,1
ww,1
small,1
treeless,1
ethology,1
spanish,1
soil,1
concerning,1
wirt,1
urkish,1
back,1
santa,1
cheyenne,1
revealing,1
kroz,1
salt,1
often,1
paleoindian,1
columbia,1
syracuse,1
psychological,1
craft,1
interpretations,1
topics,1
third,1
yielded,1
illustrations,1
be,1
inamgaon,1
like,1
james,1
sketches,1
y,1
geological,1
ethnohistory,1
pueblo,1
norton,1
greece,1
archeological,1
interaction,1
productivity,1
attilio,1
preserving,1
focus,1
herders,1
unesco,1
figures,1
macmillan,1
details,1
existed,1
herding,1
language,1
north,1
custer,1
domesticated,1
sredita,1
kentucky,1
preliminary,1
ofresearch,1
roles,1
clashed,1
rinehart,1
portrait,1
gordon,1
activities,1
mexique,1
decisionmaking,1
discoverer,1
society,1
