WORDCOUNTS,WEIGHT
the,126
and,99
of,89
a,41
by,26
in,26
to,26
from,23
for,21
on,20
university,19
map,19
an,15
at,14
with,13
as,13
or,12
i,12
maker,12
volume,11
is,10
studies,10
can,10
boston,10
kommos,10
archaeological,10
c,9
maps,8
w,8
j,8
minoan,7
prehistoric,7
you,7
be,7
l,6
archaeology,6
illustrations,6
h,6
excavation,6
available,6
survey,6
data,6
pro,6
south,5
one,5
edited,5
school,5
published,5
john,5
part,5
press,5
its,5
this,5
field,5
james,5
town,4
curtis,4
e,4
museum,4
history,4
age,4
only,4
more,4
book,4
are,4
other,4
houses,4
new,4
michael,4
your,4
r,4
subscription,4
editorial,4
office,4
editor,4
arkansas,4
bookstores,4
coast,4
major,4
journey,3
been,3
program,3
site,3
burial,3
southern,3
study,3
stone,3
paleolithic,3
mounds,3
modern,3
joseph,3
windows,3
index,3
was,3
included,3
n,3
paul,3
m,3
evidence,3
print,3
found,3
wall,3
p,3
out,3
robert,3
daniel,3
isbn,3
edward,3
well,3
information,3
art,3
middle,3
bahn,3
bibliography,3
richard,3
contours,3
fine,3
use,3
maria,3
have,3
g,3
excavations,3
period,3
earlier,3
massachusetts,3
texas,3
henry,3
early,3
greece,3
journal,3
finds,3
greek,3
industries,2
tombs,2
van,2
crete,2
now,2
century,2
during,2
his,2
vertut,2
inexpensive,2
who,2
detailed,2
introduction,2
ice,2
research,2
b,2
american,2
volumes,2
sanctuary,2
cave,2
fall,2
discoveries,2
interpretation,2
auspices,2
monuments,2
day,2
under,2
karankawa,2
presents,2
their,2
commonwealth,2
following,2
nineteenth,2
experimental,2
series,2
princeton,2
claire,2
al,2
most,2
athens,2
unusually,2
toronto,2
known,2
lyons,2
ii,2
important,2
postage,2
address,2
natural,2
eastern,2
all,2
based,2
s,2
exploration,2
copy,2
marvin,2
rich,2
classical,2
located,2
jeter,2
late,2
murray,2
handbook,2
v,2
present,2
cultural,2
reviews,2
existing,2
context,2
tools,2
offield,2
making,2
royal,2
ford,2
manuscripts,2
number,2
directly,2
cloth,2
harbortown,2
abstracts,2
range,2
multiple,2
region,2
through,2
sent,2
arkansaw,2
role,2
tjeerd,2
ritual,2
artifacts,2
measure,2
screen,2
has,2
hilltop,2
human,2
ontario,2
california,2
until,2
used,2
hillside,2
morgantina,2
peter,2
change,2
david,2
d,2
geographical,2
area,2
thomas,2
archaic,2
computer,2
editors,2
create,2
also,2
much,2
using,2
details,2
uk,2
flintknapping,2
quarterly,2
general,2
widely,2
argolid,1
jean,1
final,1
thekarankawa,1
carved,1
crow,1
european,1
will,1
rights,1
telephone,1
trustees,1
mubanual,1
schools,1
than,1
he,1
dolores,1
o,1
debenath,1
york,1
request,1
minor,1
gree,1
africa,1
variety,1
frego,1
russian,1
rome,1
operations,1
lot,1
if,1
tt,1
laptops,1
later,1
hardcover,1
reconstructions,1
ecological,1
direct,1
foreign,1
mark,1
licence,1
assl,1
email,1
wrote,1
models,1
impressive,1
compatible,1
skeletal,1
ibz,1
intriguing,1
sort,1
mastercard,1
interprets,1
landscape,1
others,1
expedition,1
transition,1
becker,1
nearly,1
institutions,1
traian,1
postexcavation,1
oscar,1
attaching,1
cittadella,1
seen,1
combine,1
blitzer,1
owens,1
fragmented,1
over,1
make,1
manuscript,1
folded,1
they,1
wilson,1
terrain,1
michel,1
center,1
projections,1
indicate,1
discover,1
roads,1
hester,1
janusz,1
contributions,1
greatest,1
special,1
methods,1
prepared,1
single,1
construction,1
analysis,1
white,1
designed,1
united,1
hope,1
word,1
space,1
update,1
foot,1
system,1
yet,1
managing,1
katherine,1
typeset,1
drawings,1
discounts,1
mathieu,1
abundance,1
iri,1
susan,1
download,1
broodbank,1
photographs,1
prehistory,1
sch,1
chronology,1
allow,1
times,1
objects,1
organization,1
fast,1
ancient,1
into,1
shaw,1
contained,1
kelders,1
extinction,1
tells,1
aerial,1
complete,1
director,1
just,1
manning,1
guatemala,1
mcclellan,1
traces,1
mary,1
bruce,1
upper,1
these,1
already,1
ournal,1
must,1
illustrated,1
measurements,1
show,1
contains,1
reports,1
sophisticated,1
wear,1
acclaimed,1
lower,1
had,1
first,1
additional,1
regional,1
origins,1
potter,1
www,1
dr,1
bronze,1
useful,1
physical,1
ltd,1
please,1
that,1
modest,1
not,1
testament,1
specifically,1
lead,1
mound,1
eighth,1
few,1
june,1
text,1
museums,1
sciences,1
archeological,1
offers,1
heritage,1
recruited,1
set,1
founding,1
carolyn,1
bb,1
photos,1
cyprian,1
wshaw,1
management,1
view,1
europe,1
pbs,1
dunnell,1
humans,1
pullen,1
anthropological,1
marshall,1
printer,1
processors,1
many,1
england,1
lep,1
character,1
analytical,1
paper,1
asia,1
interdisciplinary,1
communal,1
frederick,1
areas,1
board,1
mcgill,1
dalford,1
tradition,1
ft,1
alexander,1
route,1
shay,1
straightforward,1
style,1
appendix,1
public,1
utilizing,1
printed,1
nt,1
faunal,1
great,1
display,1
current,1
mapping,1
byrd,1
analyses,1
iii,1
behavioral,1
grave,1
whittaker,1
users,1
able,1
scanned,1
harriet,1
footsteps,1
exported,1
written,1
stsee,1
tx,1
hundred,1
eu,1
jennifer,1
build,1
iron,1
examining,1
graham,1
evolving,1
elia,1
there,1
introduces,1
feature,1
anne,1
puritan,1
sebastian,1
marni,1
cemeteries,1
catalogue,1
further,1
reserved,1
hattula,1
scholarly,1
china,1
biographies,1
caves,1
ricklis,1
heads,1
within,1
dating,1
tell,1
accepted,1
el,1
them,1
legend,1
whether,1
rose,1
recently,1
ceramics,1
ad,1
form,1
ion,1
pagcrer,1
british,1
accounts,1
processor,1
roman,1
council,1
excellent,1
side,1
classic,1
forum,1
feb,1
projectile,1
effort,1
plain,1
absolute,1
databases,1
metropolitan,1
andre,1
lean,1
packs,1
books,1
halftones,1
wiseman,1
historians,1
wide,1
blake,1
method,1
interpreting,1
dockall,1
structure,1
gps,1
matthew,1
wood,1
vatineu,1
remarkably,1
advisory,1
dibble,1
wesolowsky,1
technical,1
ecology,1
expensive,1
require,1
addresses,1
kathryn,1
multidisciplinary,1
installations,1
custom,1
jack,1
chapter,1
periodical,1
account,1
vol,1
anna,1
opened,1
basis,1
possible,1
understanding,1
line,1
nordic,1
journals,1
ar,1
sturt,1
kathleen,1
literature,1
work,1
international,1
subscriptions,1
contexts,1
specialist,1
own,1
avery,1
tool,1
illstrte,1
upon,1
presented,1
carry,1
hou,1
maritime,1
student,1
measuring,1
internet,1
interrelated,1
os,1
code,1
mesara,1
mull,1
point,1
revealed,1
slopes,1
example,1
launched,1
courses,1
langdon,1
became,1
easy,1
look,1
die,1
techniques,1
generate,1
rm,1
sheets,1
extensive,1
implications,1
repertory,1
citation,1
laurence,1
focus,1
packer,1
harold,1
indians,1
world,1
canyon,1
ricardo,1
implements,1
regarding,1
actual,1
bc,1
winter,1
especially,1
individuals,1
chapters,1
call,1
includes,1
throughout,1
which,1
personal,1
full,1
versatile,1
puet,1
review,1
option,1
reflect,1
we,1
lithic,1
hampshire,1
francois,1
students,1
doris,1
proved,1
ulrich,1
it,1
project,1
sicily,1
mellars,1
nitecki,1
stanford,1
artifact,1
such,1
roger,1
anasazi,1
interested,1
explorations,1
color,1
cambridge,1
insights,1
donald,1
tables,1
vance,1
vat,1
publication,1
write,1
ray,1
social,1
ability,1
issn,1
contributors,1
individual,1
fauna,1
include,1
architectural,1
powerful,1
land,1
price,1
would,1
jr,1
distances,1
complex,1
sss,1
meyer,1
features,1
states,1
ofart,1
preserve,1
sfud,1
visa,1
france,1
box,1
submissions,1
order,1
derive,1
deborah,1
poster,1
laptop,1
catalog,1
background,1
standard,1
geomorphology,1
settlement,1
wendy,1
extremely,1
typology,1
involved,1
old,1
analyzes,1
wellington,1
small,1
anatomically,1
ibr,1
flora,1
offered,1
treats,1
comparing,1
outside,1
recreates,1
smithsonian,1
ordnance,1
gradients,1
seventy,1
k,1
annotation,1
web,1
valuable,1
gis,1
aegean,1
extraordinary,1
craft,1
fellows,1
funerary,1
suitable,1
rila,1
lei,1
latest,1
nationally,1
vancouver,1
philip,1
publications,1
axe,1
dedicated,1
like,1
norman,1
explore,1
including,1
equipment,1
capabilities,1
jordan,1
archaeologist,1
sept,1
story,1
those,1
adaptations,1
traditional,1
copyright,1
results,1
images,1
paid,1
correspondence,1
production,1
institution,1
relative,1
histograms,1
florida,1
manua,1
bonafide,1
should,1
pottery,1
built,1
ma,1
actions,1
rates,1
massive,1
society,1
