WORDCOUNTS,WEIGHT
the,676
of,421
and,270
in,174
to,124
a,113
is,79
basin,77
by,63
from,62
that,56
was,51
this,50
at,48
phase,47
are,45
for,45
late,44
with,42
note,39
as,39
on,39
cit,38
op,38
paraiso,36
el,35
preclassic,35
postclassic,34
were,33
early,33
have,32
sites,31
or,30
during,29
an,29
ceramic,27
been,27
there,26
central,26
it,25
salvador,24
probably,24
middle,24
santa,22
classic,22
de,21
grande,21
which,21
also,20
area,20
guazapa,19
r,19
floodplain,19
two,19
be,19
complex,18
university,18
lempa,17
archaeological,17
has,17
cihuatan,16
site,16
rio,16
maria,16
la,16
fogon,15
highlands,15
not,15
cerron,15
between,15
most,14
occupation,14
cultural,14
settlement,14
no,14
these,14
evidence,14
other,13
such,13
ilopango,13
los,13
field,13
we,13
volcanic,13
one,12
earnest,12
may,12
population,12
prehistory,12
m,12
located,12
more,12
would,12
figure,12
north,12
ca,12
river,11
appears,11
dulce,11
its,11
time,11
nombre,11
inhabitants,11
i,10
above,10
se,10
san,10
variation,10
pipil,10
period,10
agricultural,10
valley,10
groups,9
e,9
american,9
h,9
western,9
west,9
had,9
industry,9
only,9
range,9
region,9
sequence,9
ibid,9
both,9
known,9
d,9
all,8
j,8
those,8
important,8
prehistoric,8
based,8
p,8
regions,8
project,8
maya,8
chalchuapa,8
very,8
william,8
through,8
center,7
flores,7
into,7
eruption,7
terraces,7
view,7
zone,7
ceramics,7
but,7
material,7
survey,7
over,7
ac,7
although,7
km,7
uplands,6
lower,6
highland,6
robert,6
alluvium,6
some,6
possible,6
conducted,6
jr,6
century,6
journal,6
than,6
town,6
centers,6
term,6
well,6
related,6
research,6
portion,6
materials,6
extrusive,6
new,6
made,6
earlier,6
obsidian,6
structure,6
analysis,6
salvadorlfowler,6
different,6
distinctive,6
las,6
form,6
land,6
recent,6
environmental,5
s,5
howard,5
resources,5
even,5
general,5
similar,5
surface,5
could,5
found,5
traits,5
near,5
level,5
annual,5
society,5
south,5
limited,5
southern,5
culture,5
regional,5
relict,5
considerable,5
pattern,5
forms,5
largely,5
trade,5
zapotitan,5
connections,5
pottery,5
five,5
archaeology,5
types,5
reconnaissance,5
paper,5
volcano,5
phd,5
distribution,5
concepcion,5
sea,5
archaeologylvol,5
landforms,5
c,5
major,5
linguistic,4
group,4
mesoamerica,4
mexican,4
differences,4
rich,4
principal,4
agriculture,4
vol,4
g,4
relatively,4
large,4
response,4
amndjg,4
networks,4
terrace,4
boquita,4
en,4
their,4
n,4
upper,4
closely,4
typical,4
bc,4
del,4
chorti,4
structures,4
change,4
least,4
below,4
quite,4
several,4
depression,4
dependent,4
populations,4
modes,4
ancient,4
department,4
noted,4
many,4
occupations,4
arthur,4
patterns,4
monographs,4
deep,4
marihua,4
represented,4
contacts,4
radiocarbon,4
three,4
andrews,4
payson,4
hacienda,4
consists,4
ejotal,4
construction,4
following,4
extensive,4
natural,4
america,4
microenvironments,4
what,4
while,4
presented,4
reported,4
little,4
include,4
effects,4
supported,4
observed,4
meeting,4
close,4
occur,4
final,3
does,3
edge,3
affected,3
contemporaneous,3
settlements,3
studies,3
considerations,3
continuity,3
occurred,3
source,3
round,3
being,3
first,3
might,3
available,3
origin,3
sometime,3
inundation,3
madre,3
within,3
plain,3
copador,3
pumice,3
zones,3
richard,3
far,3
collection,3
colonized,3
throughout,3
reservoir,3
base,3
refer,3
ha,3
y,3
corrected,3
stanley,3
resulted,3
cobbles,3
tamulasco,3
philadelphia,3
levels,3
levee,3
subsistence,3
after,3
changes,3
monumental,3
just,3
impact,3
exploited,3
strategy,3
appear,3
location,3
missouri,3
austin,3
events,3
further,3
buried,3
residential,3
absolute,3
wide,3
usulutan,3
used,3
heart,3
data,3
microenvironmental,3
place,3
surrounding,3
social,3
running,3
reaches,3
presence,3
decline,3
essentially,3
up,3
rescate,3
results,3
provided,3
preliminary,3
chronological,3
likely,3
service,3
indicates,3
structural,3
southeast,3
about,3
under,3
chronology,3
guatemala,3
stones,3
areas,3
john,3
pennsylvania,3
where,3
another,3
programa,3
investigated,3
elevations,3
harvard,3
ethnic,3
full,3
low,3
mexico,3
especially,3
northern,3
occupied,3
ecological,3
referred,3
sequences,3
igneous,3
forest,3
ash,3
abandonment,3
stratigraphic,3
complexes,3
anthropology,3
seem,3
believe,3
utilized,3
sierra,3
type,3
periphery,3
prismatic,3
almost,3
tephra,3
slopes,3
isolated,3
our,3
until,3
locations,3
modern,3
cienaga,3
tributaries,3
depto,3
soils,3
interaction,3
much,3
strong,3
ballcourts,3
southeastern,3
built,3
given,2
way,2
f,2
created,2
sphere,2
mouth,2
residences,2
he,2
stone,2
linkages,2
formed,2
flows,2
excavation,2
village,2
paraeso,2
exclusive,2
evolution,2
season,2
utilization,2
worked,2
stretch,2
nature,2
cuscatlan,2
physiographic,2
includes,2
great,2
analyses,2
polychromes,2
cerro,2
date,2
political,2
behind,2
similarities,2
sq,2
erosional,2
case,2
eastern,2
east,2
weathered,2
cleared,2
prior,2
o,2
occurring,2
point,2
x,2
apc,2
representing,2
loam,2
plowed,2
diversity,2
since,2
unpublished,2
reflection,2
occurs,2
unity,2
adjustment,2
distinct,2
immigrants,2
served,2
dates,2
excavations,2
fowler,2
spite,2
apparently,2
deeply,2
influence,2
confluence,2
walls,2
interesting,2
york,2
floor,2
rather,2
main,2
scrapers,2
highway,2
eight,2
b,2
certain,2
direct,2
study,2
locally,2
possibly,2
established,2
intensive,2
olomega,2
organized,2
differs,2
w,2
resource,2
additional,2
lithic,2
origins,2
severed,2
calgary,2
cut,2
dc,2
nsf,2
salvage,2
tanque,2
faunal,2
farmsteads,2
suchitoto,2
paralso,2
arranged,2
because,2
subcomplex,2
uninhabitable,2
public,2
aspects,2
trough,2
backswamp,2
revealed,2
artifacts,2
work,2
bounded,2
tributary,2
polychrome,2
broad,2
documented,2
personal,2
nucleus,2
showing,2
dakota,2
rendered,2
plazuela,2
longyear,2
sparsely,2
hard,2
suggest,2
order,2
contrast,2
perical,2
izalco,2
small,2
characteristics,2
migration,2
disaster,2
geomorphic,2
texas,2
villages,2
coast,2
fully,2
und,2
environmentally,2
wolfgang,2
led,2
partially,2
noteworthy,2
io,2
variety,2
identified,2
economic,2
hediondo,2
meandering,2
still,2
sobre,2
make,2
copan,2
mammal,2
museum,2
technology,2
specimens,2
homogeneous,2
ed,2
demarest,2
avoided,2
ridged,2
mound,2
fire,2
name,2
participated,2
mark,2
others,2
towns,2
addition,2
shows,2
riverine,2
pressure,2
predominant,2
larger,2
nucleated,2
end,2
substantially,2
doubt,2
channel,2
conclusions,2
enough,2
adjacent,2
do,2
weighted,2
less,2
see,2
perhaps,2
number,2
degree,2
smallscale,2
preliminar,2
analyzed,2
understanding,2
situated,2
divided,2
bear,2
deposits,2
jeronimo,2
elite,2
entirely,2
traded,2
use,2
excavaciones,2
processes,2
rare,2
grinding,2
dating,2
described,2
peripheral,2
feature,2
floodplains,2
characterized,2
so,2
excavated,2
latter,2
calpulli,2
k,2
garcia,2
destruction,2
sugar,2
encompassing,2
tennessee,2
tula,2
increasing,2
movements,2
censers,2
fields,2
support,2
defined,2
primarily,2
who,2
deposit,2
indicate,2
linking,2
often,2
graben,2
centuries,2
mounds,2
resemble,2
burned,2
dissertation,2
earliest,2
any,2
series,2
complexity,2
grand,2
precise,2
specific,2
sherds,2
rocky,2
pt,2
der,2
rios,2
jorge,2
best,2
report,2
ideological,2
destroyed,2
elevation,2
spatial,2
terms,2
accounts,2
nearby,2
map,2
tightly,2
banco,2
vessels,2
payu,2
efectuadas,2
deities,2
maintained,2
varied,2
invasion,2
notes,2
lands,2
average,2
course,2
chippedstone,2
shila,2
remains,2
francisco,2
sitio,2
shift,2
roughly,2
flooding,2
amant,2
entire,2
andesite,2
should,2
indicating,2
showed,2
knolls,1
frequent,1
now,1
currently,1
mostly,1
surround,1
flow,1
alley,1
common,1
estimated,1
arable,1
if,1
indicated,1
rev,1
names,1
ready,1
represent,1
jane,1
red,1
caches,1
introduction,1
quezalapa,1
manuscript,1
berlin,1
disc,1
trash,1
patio,1
trench,1
tok,1
arqueologico,1
agency,1
tecla,1
maize,1
mapa,1
catastrophe,1
true,1
completely,1
easily,1
pliocene,1
candidate,1
ballcourt,1
park,1
aguilares,1
pattie,1
gr,1
geometric,1
ciudades,1
unlike,1
total,1
eastward,1
factor,1
grabens,1
moving,1
induced,1
buffer,1
civic,1
controlled,1
tripod,1
pappeamus,1
prosperous,1
test,1
predominantly,1
pyroclastic,1
sterile,1
either,1
cherokee,1
obtenidos,1
sources,1
specifically,1
every,1
certainly,1
topographic,1
disagreement,1
production,1
deterministic,1
attempts,1
military,1
culturally,1
address,1
puebla,1
resemblance,1
verticalwall,1
metate,1
secondary,1
broadly,1
typological,1
ramic,1
punctation,1
forage,1
revisions,1
amamt,1
refuges,1
composition,1
procedure,1
locality,1
salvadorne,1
subsequent,1
das,1
help,1
damage,1
fresh,1
petty,1
vegetation,1
state,1
precisely,1
chiefdoms,1
marine,1
classified,1
microzone,1
coordinated,1
somewhat,1
pertains,1
ssic,1
cuenca,1
papers,1
legend,1
gualpopa,1
effigy,1
takes,1
suspect,1
spherical,1
geologic,1
badly,1
protoclassic,1
intramontane,1
key,1
advice,1
adverse,1
primary,1
bases,1
right,1
multimodal,1
haberland,1
inundating,1
nonoalca,1
account,1
kirkland,1
placement,1
development,1
logical,1
activity,1
materialculture,1
condition,1
burning,1
characterize,1
schedule,1
strains,1
plaque,1
geologisches,1
obvious,1
boggs,1
professor,1
community,1
taking,1
sinuous,1
supervision,1
trowel,1
establishment,1
diffused,1
fur,1
fluorescence,1
bottom,1
bowls,1
along,1
nd,1
beneath,1
signal,1
karen,1
usage,1
tribute,1
human,1
uninvestigated,1
vases,1
terra,1
ronald,1
relocation,1
dependence,1
blades,1
reverse,1
immediate,1
repopulated,1
calculated,1
interior,1
demanded,1
structurespublic,1
sprawling,1
characteristic,1
regarded,1
adopted,1
epiphysis,1
portray,1
attested,1
bone,1
howel,1
jahrbuch,1
providencia,1
usda,1
ihu,1
acelhuate,1
forced,1
kind,1
maripub,1
ethnohistorically,1
clay,1
manufactured,1
relations,1
interim,1
clustering,1
epoca,1
averaging,1
amount,1
fig,1
milling,1
wares,1
suitable,1
effective,1
bag,1
witnessed,1
misleading,1
reoccupation,1
thin,1
converging,1
compare,1
whorls,1
geological,1
archaeologist,1
geographically,1
communication,1
atan,1
conducting,1
rande,1
commanding,1
unfortunate,1
poorly,1
costa,1
phases,1
higher,1
permits,1
offices,1
poor,1
reconstruction,1
flake,1
barkbeater,1
german,1
played,1
adjunct,1
without,1
purely,1
intraregional,1
unwilling,1
mestic,1
angeles,1
faults,1
ironic,1
bagazo,1
adapt,1
basic,1
unit,1
bifaces,1
coastal,1
untilled,1
burnished,1
outcrop,1
landesamtern,1
villas,1
opportunity,1
neighborhood,1
persistent,1
sarah,1
importance,1
travels,1
ele,1
derived,1
ongoing,1
special,1
scrub,1
produced,1
upstream,1
feel,1
arbor,1
jesus,1
von,1
consequences,1
space,1
emanate,1
means,1
reason,1
modified,1
determination,1
assignable,1
bajareque,1
facilitated,1
redeposited,1
foothills,1
organization,1
improvement,1
retained,1
descent,1
kal,1
entrenched,1
linked,1
elsewhere,1
driven,1
tohil,1
reexamination,1
bruce,1
house,1
mantled,1
frequently,1
agriculturalists,1
too,1
age,1
orientation,1
four,1
flats,1
jars,1
recovered,1
connecting,1
nicaraguan,1
indications,1
isolation,1
followed,1
modeled,1
definite,1
consequence,1
pixcaya,1
wattle,1
peabody,1
permanent,1
ammusnathisbull,1
bundesanstalt,1
geomorphologists,1
salient,1
hot,1
prec,1
greater,1
raw,1
uses,1
advance,1
carving,1
arqueologicas,1
arrival,1
societies,1
six,1
acknowledgments,1
xoccopayu,1
devastation,1
chipped,1
called,1
critically,1
access,1
seven,1
out,1
relate,1
carolina,1
initial,1
milpa,1
xipe,1
ethnohistorical,1
representative,1
ceramica,1
erupt,1
handbook,1
ann,1
though,1
cuts,1
culinary,1
afforded,1
tools,1
viewed,1
moore,1
fluvial,1
cannot,1
priorities,1
suffered,1
publications,1
otherwise,1
toppled,1
explain,1
subdivisions,1
possibility,1
sparse,1
briefly,1
receive,1
threeand,1
outstanding,1
directly,1
having,1
participation,1
designation,1
basis,1
future,1
relief,1
hydraulic,1
steep,1
rainy,1
tool,1
apuntes,1
ite,1
clean,1
prominent,1
attacked,1
part,1
example,1
flaring,1
apparent,1
edn,1
effigies,1
geology,1
egalitarian,1
desarrollo,1
year,1
colos,1
hv,1
accretion,1
cane,1
contains,1
records,1
people,1
reoccupied,1
runs,1
suquiapa,1
ethnographical,1
et,1
comals,1
xocco,1
preparation,1
parallelling,1
parakso,1
interpreted,1
status,1
horizon,1
linne,1
relative,1
relocated,1
attributed,1
graduate,1
approach,1
hitherto,1
earth,1
good,1
crust,1
interregional,1
pipi,1
sense,1
viable,1
caused,1
lowest,1
distances,1
buildings,1
reliable,1
mico,1
wards,1
fei,1
box,1
sharp,1
involved,1
long,1
around,1
chort,1
chert,1
spanish,1
nonnucleated,1
eleven,1
fowlers,1
margarita,1
dramatic,1
sculptures,1
ent,1
philip,1
when,1
describes,1
world,1
leveled,1
plausible,1
grateful,1
salvadoran,1
moved,1
actions,1
gordon,1
dictated,1
tanoue,1
avoid,1
smashed,1
settlers,1
benches,1
will,1
situation,1
ceremonial,1
leticia,1
architecture,1
tes,1
impacts,1
cathy,1
intervertebral,1
techniques,1
ritualladministrative,1
xival,1
ten,1
ethnos,1
hammond,1
april,1
intensively,1
stratigraphy,1
heye,1
accumulations,1
comments,1
sponsored,1
airand,1
bundesrepublik,1
surveyed,1
loss,1
direction,1
selection,1
single,1
vicinity,1
percentage,1
loc,1
once,1
communities,1
cotta,1
yet,1
floods,1
recognized,1
larde,1
tremendous,1
read,1
marginal,1
soon,1
counterparts,1
borrowed,1
den,1
historia,1
cylindrical,1
us,1
hilly,1
neither,1
marshall,1
tn,1
lowland,1
positively,1
light,1
complete,1
essential,1
olsen,1
sharply,1
nw,1
si,1
indian,1
already,1
reports,1
exceptionally,1
exploit,1
geologists,1
published,1
delineation,1
useful,1
volume,1
geomorphology,1
mazapan,1
provide,1
paul,1
jeffrey,1
decoration,1
technique,1
again,1
becken,1
cortex,1
motifs,1
flat,1
rock,1
experienced,1
water,1
fact,1
consideration,1
datos,1
fundamental,1
head,1
occurrence,1
subspherical,1
plan,1
compound,1
appeared,1
layer,1
banks,1
surfaces,1
distributions,1
impending,1
blanketed,1
zoned,1
external,1
simple,1
chiefdom,1
never,1
took,1
waterborne,1
present,1
annular,1
smithconknowl,1
coarse,1
karl,1
exotic,1
por,1
frequency,1
style,1
proportionately,1
assemblage,1
wood,1
ecology,1
remained,1
years,1
retaining,1
background,1
comprise,1
polyhedral,1
upon,1
breves,1
hillside,1
including,1
marfa,1
strongly,1
forested,1
lacunae,1
samples,1
identity,1
significant,1
food,1
persisted,1
virtually,1
refers,1
conditions,1
unobstructed,1
slab,1
willey,1
net,1
laboratory,1
national,1
chosen,1
option,1
strikingly,1
interethnic,1
cataclysmic,1
california,1
involves,1
nuclear,1
platform,1
ties,1
inhabitats,1
open,1
loosely,1
longbones,1
jose,1
publication,1
points,1
dominated,1
recipient,1
held,1
architectural,1
divisions,1
tubes,1
like,1
flood,1
scraper,1
function,1
overlain,1
hammer,1
high,1
protruding,1
stages,1
ended,1
lie,1
filled,1
probable,1
black,1
provides,1
segment,1
airborne,1
terrns,1
procurement,1
graves,1
outside,1
article,1
floral,1
parallel,1
relation,1
correlated,1
intercalated,1
mainly,1
can,1
availability,1
remainder,1
subconstruction,1
slightly,1
baebull,1
equivalent,1
adaptations,1
chachalacas,1
streams,1
adaptive,1
mmichmusanth,1
investigations,1
nashville,1
animals,1
gleaned,1
widely,1
species,1
dealing,1
carried,1
seasons,1
veracruz,1
twelve,1
marilyn,1
assigned,1
relationship,1
mitigate,1
tentative,1
volcanism,1
drafted,1
continued,1
mixture,1
bulk,1
next,1
hannover,1
testing,1
ministry,1
program,1
pieces,1
spindle,1
hill,1
revmexestantr,1
wyllys,1
arqueologia,1
chinautla,1
un,1
collections,1
detailed,1
owens,1
began,1
plumbate,1
jar,1
lawrence,1
understand,1
markers,1
remaining,1
rapidly,1
cocal,1
covering,1
length,1
settled,1
unsupported,1
escape,1
responsible,1
table,1
stratified,1
composed,1
subdivided,1
metapan,1
ridges,1
quartz,1
figured,1
problematic,1
association,1
gathered,1
paying,1
pressures,1
seat,1
thick,1
anales,1
detail,1
fourcolor,1
nacional,1
rohstoffe,1
assistant,1
anthropological,1
border,1
magnitude,1
deposited,1
exercised,1
then,1
associated,1
suite,1
antecedent,1
comes,1
incised,1
preclude,1
habitation,1
simply,1
summit,1
southward,1
carbondale,1
few,1
temple,1
tecomate,1
sciences,1
relativos,1
here,1
quaternary,1
minerals,1
colorado,1
administracion,1
integrative,1
know,1
lajas,1
berkeley,1
enters,1
nvasion,1
nicoya,1
each,1
perica,1
cultura,1
jicalapa,1
suggestions,1
acterized,1
expanding,1
setting,1
half,1
wauchope,1
intrusion,1
domestic,1
allied,1
pigment,1
terraced,1
patrimonio,1
particularly,1
er,1
exhibits,1
twelfth,1
peak,1
researches,1
reflected,1
historical,1
proposed,1
fellow,1
evident,1
subordinate,1
beginning,1
archaeologyl,1
none,1
unlikely,1
explanations,1
ssw,1
proceedings,1
investigation,1
conservatism,1
unique,1
whether,1
kevin,1
making,1
da,1
orleans,1
character,1
barrios,1
noticeable,1
add,1
maintain,1
covers,1
sus,1
erupted,1
remolino,1
axis,1
microzones,1
adaptation,1
extent,1
exposures,1
densities,1
weights,1
migrations,1
monticulo,1
information,1
campanario,1
arambala,1
museo,1
guaras,1
asaro,1
size,1
popular,1
rises,1
sholtman,1
severely,1
recognition,1
marked,1
contemporaneity,1
despite,1
centro,1
press,1
role,1
fortuitously,1
turns,1
subject,1
transition,1
lies,1
assumptions,1
sheets,1
unitary,1
hilltop,1
headwaters,1
chieftains,1
correspondences,1
slight,1
tapa,1
contrasts,1
lucia,1
question,1
algunos,1
tlaloc,1
carninstpub,1
ultimately,1
unable,1
spiked,1
soyate,1
modal,1
frontiers,1
encouragement,1
bruhns,1
illinois,1
cosumalwhuapa,1
numerous,1
geologischen,1
swampy,1
exerted,1
slope,1
samuel,1
geowissenschaften,1
grant,1
aware,1
wish,1
highest,1
advantageous,1
fauna,1
magnitudes,1
dense,1
mammiform,1
zo,1
enigmatic,1
firewood,1
disruption,1
proyecto,1
downfaulted,1
lupanqu,1
dam,1
cofradfa,1
increased,1
dulc,1
xalapa,1
summary,1
enclosed,1
lannnno,1
flora,1
postclasico,1
offered,1
observation,1
intermittently,1
potential,1
modeling,1
pertain,1
distinctions,1
draft,1
strategic,1
hills,1
except,1
texcoco,1
cryptocrystalline,1
norman,1
deposition,1
maximum,1
substantial,1
evidently,1
surveys,1
gulf,1
focus,1
among,1
ends,1
ss,1
livestock,1
profiles,1
tcp,1
fortuitous,1
astoundingly,1
retention,1
increase,1
continuously,1
hypothesis,1
