WORDCOUNTS,WEIGHT
the,261
of,206
and,135
i,118
in,101
to,93
a,85
factor,69
coarse,63
puerto,54
was,44
at,42
with,40
were,40
by,38
that,37
group,35
as,34
real,34
these,30
medium,30
low,29
high,29
on,28
l,27
for,27
remains,25
earthenwares,24
are,24
spanish,24
analysis,23
unglazed,23
be,23
masonry,22
ii,21
from,21
aboriginal,20
other,20
loci,20
construction,19
glazed,19
this,19
an,19
site,18
material,18
artifact,18
is,17
or,17
figure,16
distributions,16
cultural,16
r,16
note,15
c,15
european,14
factors,14
groups,14
cit,14
associated,14
materials,13
t,13
sampling,13
occupation,13
not,12
domestic,12
colonial,12
structures,12
glass,12
area,12
florida,12
it,11
town,11
also,11
u,11
used,11
patterning,11
which,11
wares,11
o,10
their,10
structural,10
m,10
each,10
areas,10
new,10
spatial,10
cluster,10
reflect,10
clusters,10
f,9
economic,9
university,9
could,9
faunal,9
state,9
data,9
variability,9
op,9
table,8
map,8
historical,8
distinct,8
basis,8
through,8
its,8
central,8
archaeological,8
have,8
known,8
between,8
st,8
been,7
contour,7
one,7
topographic,7
patterns,7
component,7
wood,7
activity,7
slag,7
reflecting,7
categories,7
amounts,7
field,7
than,7
north,7
occur,7
may,6
century,6
testing,6
community,6
certain,6
ceramics,6
shell,6
museum,6
items,6
w,6
complexes,6
test,6
french,6
j,6
mapping,6
within,6
reflected,6
because,6
locus,6
refuse,6
concentrations,6
function,6
journal,6
no,5
grid,5
functional,5
both,5
b,5
loc,5
h,5
n,5
archeology,5
but,5
only,5
specific,5
out,5
personal,5
survey,5
those,5
distribution,5
status,5
some,5
x,5
consistently,5
during,5
associations,5
project,5
such,5
iiii,5
individual,5
order,5
hypothesized,5
coast,5
haiti,5
activities,5
major,5
carried,4
york,4
two,4
metal,4
provide,4
strata,4
e,4
manuscript,4
indicates,4
earlier,4
study,4
plaza,4
reference,4
changes,4
established,4
indian,4
ll,4
grouped,4
all,4
had,4
based,4
shows,4
variable,4
unidentified,4
iii,4
covered,4
appears,4
correlated,4
elevation,4
ibid,4
well,4
another,4
suggests,4
most,4
variables,4
relationships,4
systematic,4
locations,4
three,4
g,4
excavations,4
association,4
fauna,4
hispanic,4
research,4
results,4
using,4
among,4
tests,3
units,3
absence,3
represent,3
guide,3
ma,3
composed,3
into,3
baseline,3
clothing,3
performed,3
meillac,3
determine,3
included,3
characteristics,3
surface,3
taken,3
indicated,3
excavation,3
appear,3
greater,3
specialized,3
s,3
ceramic,3
has,3
plot,3
spaniards,3
program,3
pattern,3
limited,3
clearly,3
what,3
developing,3
see,3
system,3
together,3
placed,3
interval,3
east,3
method,3
sites,3
information,3
majolica,3
kathleen,3
work,3
planning,3
very,3
city,3
relief,3
along,3
revealed,3
throughout,3
occupations,3
commercial,3
objective,3
either,3
interest,3
adornment,3
excavated,3
although,3
allowed,3
land,3
d,3
households,3
after,3
tobacco,3
elements,3
around,3
intervals,3
soil,3
rr,3
ha,3
presence,3
craft,3
james,3
early,3
gainesville,3
probably,3
augustine,3
evidence,3
assigned,2
relationship,2
likely,2
delineating,2
graphics,2
various,2
horizontal,2
sterile,2
maps,2
basic,2
unit,2
lines,2
primarily,2
exception,2
fosse,2
trait,2
rather,2
sensitive,2
yale,2
distributed,2
eight,2
they,2
similar,2
settlements,2
conducted,2
complex,2
load,2
inhabited,2
methods,2
black,2
about,2
majolicas,2
lots,2
raymond,2
means,2
modified,2
itself,2
under,2
undertaken,2
river,2
retained,2
abandonment,2
occurred,2
total,2
general,2
then,2
ci,2
proved,2
culture,2
source,2
predominantly,2
being,2
williams,2
fact,2
first,2
symap,2
functioned,2
social,2
efficient,2
useful,2
more,2
archeological,2
distinguishing,2
lu,2
technique,2
coincidence,2
culturally,2
identified,2
control,2
many,2
intensive,2
cm,2
nature,2
midden,2
portion,2
blocks,2
department,2
suggesting,2
public,2
lc,2
access,2
differences,2
relating,2
iiiiii,2
designated,2
while,2
number,2
help,2
initial,2
maurice,2
xx,2
vegetation,2
indicate,2
further,2
principal,2
investigations,2
them,2
whether,2
loadings,2
population,2
form,2
strategies,2
degree,2
independently,2
assemblage,2
foundations,2
similarities,2
design,2
regarding,2
demonstrated,2
matrix,2
possible,2
helped,2
elevations,2
result,2
tr,2
correlation,2
varimax,2
functions,2
dismantling,2
measuring,2
slaves,2
future,2
extending,2
west,2
variations,2
cl,2
pairs,2
previously,2
exhibit,2
became,2
related,2
african,2
mapped,2
intended,2
use,2
overview,2
gi,2
indians,2
noneuropean,2
lower,2
quantifiable,2
labor,2
specifically,2
thus,2
occupied,2
suggested,2
affiliation,2
il,2
explained,2
robbing,2
disposal,2
depressions,2
sampled,2
unpublished,2
de,2
vecinos,2
identify,2
caribbean,2
define,2
level,2
suggest,2
expected,2
variance,2
probabilistic,2
involved,2
times,2
several,2
charles,2
uniformly,2
potential,2
characterized,2
fig,2
second,2
respectively,2
boundaries,2
third,2
carrier,2
recovered,2
can,2
nondomestic,2
entire,2
pipe,2
rotation,2
contains,2
building,2
provided,2
preliminary,2
ca,2
rotated,2
broadest,1
including,1
piiiiiiiiii,1
settlers,1
ranging,1
pearson,1
unlikely,1
affiliations,1
depth,1
contain,1
confined,1
dora,1
he,1
currently,1
ccl,1
investigated,1
matter,1
architecture,1
cleared,1
visually,1
iikiki,1
logistical,1
his,1
if,1
subjected,1
minimal,1
later,1
generated,1
screened,1
main,1
across,1
hide,1
concentrated,1
avel,1
quantified,1
compensate,1
demonstrates,1
others,1
extend,1
strategy,1
resulted,1
levels,1
habitacion,1
discard,1
fence,1
model,1
combined,1
permission,1
who,1
tin,1
represented,1
seen,1
view,1
above,1
eighteen,1
introduction,1
force,1
lawrence,1
towns,1
supplement,1
legal,1
wo,1
se,1
rapidly,1
center,1
generally,1
ititiit,1
trrt,1
religious,1
tends,1
mcm,1
special,1
illegal,1
demonstrable,1
perhaps,1
confidence,1
danger,1
iiiiiixiiiiiiiiiiieigiiiiiiiiiii,1
unobtainable,1
designed,1
food,1
assessments,1
corsairs,1
united,1
hope,1
evenly,1
formed,1
enamel,1
cheap,1
space,1
pacific,1
resistivity,1
there,1
types,1
shipping,1
gu,1
completely,1
examine,1
determination,1
rt,1
represents,1
accomplishing,1
mit,1
conformed,1
marginal,1
grr,1
eugene,1
largely,1
me,1
albert,1
old,1
regularly,1
servants,1
columbus,1
considered,1
archaeologically,1
decade,1
restricted,1
anthropology,1
li,1
possibly,1
occupational,1
olive,1
seems,1
classify,1
treet,1
environment,1
unlike,1
contained,1
stratigraphic,1
guillermo,1
evolved,1
production,1
otherwise,1
linked,1
saw,1
ti,1
unfree,1
transects,1
practice,1
different,1
cow,1
ul,1
gradually,1
rotate,1
k,1
house,1
nine,1
accordance,1
si,1
norms,1
upper,1
without,1
organize,1
age,1
founded,1
manual,1
coins,1
arms,1
theory,1
focused,1
juu,1
prehistoric,1
economically,1
detect,1
consistent,1
albuquerque,1
layout,1
lucayan,1
shed,1
undermine,1
physical,1
organization,1
sources,1
regularity,1
comprising,1
fast,1
foodbone,1
reconnaissance,1
inhabitants,1
carl,1
iuj,1
robbed,1
paul,1
interests,1
index,1
concerns,1
linear,1
originally,1
hardware,1
troy,1
important,1
slabtexcavation,1
quickly,1
providing,1
might,1
berkeley,1
disturbance,1
locating,1
methodology,1
forcibly,1
addition,1
varied,1
england,1
rrrtrrrr,1
cooking,1
closely,1
dismantled,1
steven,1
containing,1
organized,1
adaptation,1
longer,1
iiiii,1
uses,1
identifying,1
location,1
rtr,1
higher,1
wooden,1
best,1
xii,1
ft,1
down,1
onm,1
indies,1
overall,1
found,1
here,1
houses,1
lcl,1
explicated,1
typological,1
civic,1
extended,1
p,1
iiiai,1
baton,1
radiocarbon,1
spaced,1
users,1
somo,1
format,1
correlations,1
diverse,1
exhibits,1
fellows,1
john,1
criollo,1
goods,1
graphically,1
porcelain,1
hunting,1
bonnie,1
jennifer,1
build,1
complete,1
governing,1
past,1
oc,1
isolated,1
removal,1
living,1
anthropologist,1
accurately,1
portions,1
phd,1
iiiiil,1
believed,1
do,1
v,1
mixedblood,1
furthermore,1
william,1
chain,1
consultants,1
rrrr,1
according,1
symaps,1
pipes,1
expressed,1
ruins,1
inconclusive,1
opaque,1
daniel,1
angles,1
dynasty,1
empire,1
shared,1
sq,1
vary,1
produced,1
cookwares,1
devoid,1
less,1
case,1
creole,1
particular,1
scale,1
publications,1
royal,1
nearby,1
final,1
outside,1
lic,1
corresponded,1
mango,1
simplicity,1
earthenware,1
ott,1
llkkp,1
fewer,1
native,1
clarence,1
preparation,1
recorded,1
stretched,1
extent,1
identification,1
utilitarian,1
near,1
sought,1
possibility,1
encountered,1
periphery,1
introductory,1
america,1
consisting,1
identifiable,1
cloth,1
trade,1
local,1
account,1
having,1
almost,1
quantities,1
placement,1
prior,1
crown,1
mercantilist,1
distinguish,1
lr,1
understanding,1
ordinances,1
greatest,1
closed,1
urban,1
planters,1
evanston,1
size,1
discussion,1
mmm,1
disease,1
contexts,1
tlr,1
archaeologist,1
eleven,1
iiiiiiiiii,1
occupy,1
upon,1
investigator,1
range,1
iiiiiiilc,1
occasionally,1
kaolin,1
contours,1
haitilwilliams,1
stratigraphy,1
occurring,1
jfa,1
tablewares,1
except,1
acsugar,1
processes,1
establishment,1
destouches,1
example,1
proportions,1
knowledge,1
communication,1
rochelle,1
clustered,1
sixteenth,1
representing,1
ac,1
discussed,1
subject,1
periodicity,1
lies,1
port,1
artifacts,1
loss,1
whole,1
regularities,1
free,1
wtow,1
obtain,1
place,1
decreed,1
policies,1
exclusively,1
cane,1
world,1
lii,1
harvard,1
bed,1
ho,1
implements,1
middle,1
runs,1
exhibited,1
frequencies,1
ominica,1
alomncan,1
individuals,1
documented,1
haitien,1
transect,1
question,1
wild,1
haven,1
ea,1
california,1
iirtrr,1
rouge,1
shown,1
models,1
fieldwork,1
delimit,1
subsequent,1
years,1
dougenik,1
open,1
tucson,1
decimated,1
since,1
similarity,1
twodimensional,1
weeks,1
applied,1
directed,1
hiatus,1
traders,1
author,1
subtle,1
capabilities,1
change,1
subdue,1
course,1
construct,1
david,1
should,1
te,1
american,1
stakes,1
hispaniola,1
period,1
measurable,1
llcil,1
temporal,1
unexpected,1
features,1
states,1
ttt,1
mexico,1
ganized,1
bone,1
interpretable,1
dry,1
stages,1
belowground,1
peonias,1
helps,1
attempted,1
turn,1
tape,1
settlement,1
temporallyin,1
predictions,1
defense,1
least,1
israel,1
ranges,1
canal,1
enslaved,1
graphic,1
conclusions,1
intermittently,1
few,1
highly,1
date,1
qualities,1
pits,1
mining,1
depression,1
assumed,1
computed,1
fluctuated,1
representation,1
ril,1
occupants,1
served,1
allowing,1
distinguished,1
irrrr,1
plans,1
puli,1
unoccupied,1
single,1
chicago,1
dense,1
deposits,1
ib,1
excluded,1
amant,1
structure,1
skew,1
visible,1
deposition,1
inability,1
geological,1
obscure,1
majority,1
given,1
six,1
verified,1
abandoned,1
parameters,1
below,1
iff,1
figures,1
expresses,1
seek,1
stratum,1
offers,1
y,1
structured,1
deagan,1
obtained,1
sugar,1
basically,1
traits,1
artifacttype,1
iiiiiiiiiiiiiiiii,1
imported,1
dates,1
indicating,1
iiiiiiiiiiii,1
urcc,1
am,1
la,1
bipolar,1
settle,1
multiple,1
stanley,1
repartimiento,1
widely,1
paste,1
arizona,1
nonceramic,1
phiii,1
continuously,1
