WORDCOUNTS,WEIGHT
the,97
of,69
and,53
in,34
to,34
a,29
by,13
from,11
book,11
archaeology,11
for,10
this,10
an,10
membership,10
with,8
that,8
system,8
be,8
at,7
illus,7
or,7
j,7
archaeological,7
stone,7
he,6
clovis,6
history,6
are,6
on,6
is,5
all,5
many,5
prehistoric,5
historical,5
cusco,5
application,5
sha,5
as,5
will,4
ceque,4
who,4
technology,4
university,4
presents,4
also,4
m,4
color,4
p,4
new,4
has,4
inca,4
study,4
research,4
landscape,3
their,3
contributing,3
not,3
museum,3
us,3
organization,3
into,3
aubrey,3
most,3
published,3
members,3
name,3
other,3
written,3
bauer,3
circles,3
paperback,3
well,3
international,3
press,3
year,3
blade,3
full,3
blades,3
have,3
standard,3
association,3
financially,3
texas,3
journal,3
world,3
society,3
san,2
rate,2
dogs,2
clive,2
card,2
l,2
brian,2
subject,2
astronomy,2
andean,2
detailed,2
over,2
yale,2
juan,2
american,2
complex,2
britain,2
about,2
edited,2
h,2
monuments,2
benefits,2
calendar,2
too,2
must,2
extensive,2
underwater,2
first,2
member,2
lithic,2
t,2
palace,2
davis,2
offers,2
natural,2
partner,2
s,2
available,2
our,2
current,2
choice,2
john,2
sacred,2
present,2
isbell,2
produced,2
form,2
metropolitan,2
information,2
network,2
future,2
art,2
discussion,2
prehispanic,2
work,2
ruggles,2
maritime,2
nineveh,2
burl,2
ritual,2
caching,2
place,2
central,2
were,2
previous,2
brittany,2
open,2
approach,2
newsletter,2
documentation,2
please,2
provides,2
around,2
favored,2
relation,2
can,2
early,2
annual,2
production,2
quarterly,2
malcolm,2
rates,2
residing,2
applies,2
compendium,1
model,1
enthralled,1
final,1
may,1
wwwshaorg,1
european,1
drained,1
dawigs,1
it,1
now,1
assyrian,1
led,1
assigned,1
applications,1
revisionist,1
york,1
whose,1
ceremonial,1
veneration,1
mexico,1
perspectives,1
adjunct,1
matter,1
territorial,1
materials,1
identification,1
entitled,1
drafted,1
george,1
his,1
science,1
sometimes,1
been,1
mip,1
groups,1
email,1
developed,1
fields,1
canford,1
comparative,1
telephone,1
hill,1
mastercard,1
return,1
shrines,1
brief,1
resulted,1
order,1
wetland,1
mysteries,1
process,1
e,1
means,1
deliberately,1
analyzes,1
above,1
gem,1
distributed,1
ranches,1
contribution,1
they,1
similar,1
b,1
group,1
leave,1
countries,1
hold,1
represents,1
life,1
payment,1
selection,1
sandy,1
introductory,1
analysis,1
pastures,1
guide,1
united,1
join,1
surprising,1
library,1
evocative,1
types,1
interpretation,1
centuries,1
fascinating,1
wetlands,1
directory,1
articles,1
changes,1
postprocessual,1
read,1
perceptions,1
bank,1
modern,1
country,1
serve,1
precolumbian,1
prehistory,1
fifth,1
greece,1
siemens,1
subscription,1
western,1
river,1
carnac,1
was,1
school,1
management,1
share,1
authorities,1
commonwealth,1
then,1
fifteen,1
any,1
wealth,1
moving,1
lessons,1
traces,1
az,1
po,1
field,1
si,1
but,1
delgado,1
stonehenge,1
covers,1
insights,1
age,1
founded,1
rqucert,1
oceania,1
committees,1
december,1
forthcoming,1
archaeologists,1
kay,1
beyond,1
requested,1
considers,1
favors,1
useful,1
physical,1
proposes,1
rings,1
catalog,1
submit,1
terrestrial,1
organizations,1
more,1
answers,1
aspect,1
geoarchaeology,1
set,1
taken,1
sultanate,1
decades,1
pylos,1
astronomical,1
synthesizes,1
deserves,1
humans,1
state,1
each,1
avenue,1
royal,1
nature,1
uses,1
hong,1
organized,1
expanding,1
based,1
idea,1
exploration,1
copy,1
asserts,1
dollars,1
scholars,1
best,1
societies,1
could,1
discount,1
checks,1
found,1
marion,1
basin,1
printed,1
half,1
great,1
dues,1
marvin,1
thank,1
kinspeople,1
report,1
expiration,1
time,1
als,1
arcd,1
objectives,1
subscribe,1
orders,1
collins,1
how,1
socialorganization,1
agendas,1
room,1
survey,1
real,1
i,1
accompany,1
past,1
introduces,1
definative,1
masterpiece,1
office,1
selects,1
archival,1
anthropologist,1
date,1
clarity,1
raised,1
staff,1
william,1
reliefs,1
scholarly,1
nestor,1
what,1
persuasively,1
postal,1
michael,1
british,1
regionthis,1
publications,1
otherwise,1
russell,1
record,1
add,1
ao,1
agricultural,1
saudi,1
presentit,1
alfred,1
signature,1
your,1
perhaps,1
books,1
historians,1
wide,1
submerged,1
eoloy,1
ofa,1
money,1
throne,1
number,1
incorporate,1
agriculture,1
mummies,1
arab,1
sites,1
argues,1
chapter,1
balance,1
almost,1
listed,1
grouping,1
seeking,1
status,1
americasfrom,1
prior,1
ine,1
understanding,1
journals,1
boiled,1
fourteen,1
fax,1
examples,1
conference,1
page,1
both,1
october,1
bodies,1
boston,1
discovery,1
navarro,1
toolshe,1
range,1
vote,1
ayllus,1
presumed,1
r,1
code,1
unless,1
four,1
peace,1
europe,1
except,1
treasures,1
uncover,1
discusses,1
city,1
knowledge,1
dynamic,1
mortuary,1
related,1
apply,1
indigenous,1
circle,1
its,1
debates,1
positions,1
techniques,1
description,1
disciplines,1
mummified,1
sectioned,1
empirical,1
significant,1
whole,1
extended,1
discussions,1
intermediate,1
during,1
behavior,1
photocopy,1
contains,1
records,1
people,1
consortium,1
submitted,1
human,1
rows,1
maps,1
individuals,1
chapters,1
relates,1
examination,1
includes,1
forces,1
come,1
lifeways,1
chosen,1
review,1
regions,1
schwartz,1
surrounding,1
regional,1
alignments,1
participate,1
election,1
project,1
spectrum,1
facts,1
years,1
editor,1
known,1
interested,1
clear,1
since,1
charts,1
visited,1
hidden,1
directed,1
navarino,1
payments,1
comprehensive,1
astronomers,1
express,1
ireland,1
findings,1
co,1
dozen,1
social,1
offer,1
joined,1
individual,1
disciplinary,1
christopher,1
americas,1
grown,1
allowed,1
integrated,1
club,1
land,1
issued,1
receipt,1
usa,1
boldly,1
period,1
followed,1
encyclopedia,1
strange,1
him,1
keven,1
topic,1
cache,1
housed,1
century,1
visa,1
complexz,1
next,1
box,1
oo,1
after,1
emphasizes,1
ain,1
sack,1
settlement,1
extremely,1
thomas,1
remains,1
latter,1
times,1
enclosed,1
document,1
convincing,1
approval,1
loisiimaps,1
systems,1
safeguard,1
between,1
beautifully,1
postmarked,1
demonstrating,1
reference,1
contact,1
topics,1
hrdpve,1
yearround,1
foremost,1
dedicated,1
james,1
when,1
descendants,1
drawn,1
ethnohistory,1
archaeologist,1
student,1
entire,1
cattle,1
story,1
messenia,1
deceased,1
those,1
look,1
memberships,1
newsletters,1
societyfor,1
constructs,1
resistance,1
iraq,1
among,1
than,1
destruction,1
concise,1
byijack,1
ayllu,1
provided,1
questions,1
built,1
ma,1
close,1
widely,1
major,1
pynos,1
