WORDCOUNTS,WEIGHT
the,416
of,347
and,329
in,179
to,127
a,125
is,81
bone,80
for,73
by,64
from,64
be,62
were,54
obsidian,47
was,45
with,42
on,41
that,40
as,38
samples,37
at,36
cancellous,35
this,33
or,31
cortical,30
used,28
conservation,28
are,28
it,26
which,26
immersion,25
time,24
drying,24
have,23
can,22
source,21
neolithic,20
an,20
surface,20
field,20
i,19
may,19
university,19
has,19
brushing,18
m,18
these,18
butvar,18
not,18
acrysol,17
sources,17
application,17
solution,17
been,17
polymers,16
vertebra,16
consolidation,16
consolidant,16
study,16
tibia,16
both,16
acryloid,16
although,16
matte,15
archaeological,15
consolidants,15
polymer,14
all,14
j,14
than,14
but,14
also,14
finish,14
aceramic,13
other,13
since,13
solutions,13
rhoplex,13
sites,13
more,13
would,13
after,13
analysis,13
research,13
some,12
glossy,12
into,11
their,11
recovered,11
museum,11
two,11
period,11
where,11
one,10
cyprus,10
recommended,10
human,10
such,10
occupation,10
its,10
mediterranean,10
when,10
materials,10
short,10
figure,10
neutron,9
journal,9
site,9
no,9
ml,9
dry,9
applied,9
well,9
data,9
small,9
results,9
activation,9
water,9
material,9
cann,9
kalavasostenta,9
table,9
chemical,9
solvents,9
if,8
bones,8
sample,8
concentration,8
received,8
fragments,8
structure,8
blackman,8
must,8
any,8
penetration,8
institute,8
techniques,8
d,8
liquid,8
ca,8
soluble,7
american,7
easily,7
studies,7
being,7
available,7
composition,7
state,7
eastern,7
slight,7
fragment,7
throughout,7
contributions,7
acetone,7
four,7
strength,7
p,7
further,7
vasilikos,7
near,7
blade,7
archaeology,7
dried,7
only,7
described,7
three,7
each,7
gloss,7
our,7
news,7
indicated,6
group,6
contact,6
archaeologists,6
renfrew,6
possible,6
central,6
g,6
elements,6
six,6
wet,6
finishes,6
ethanol,6
derived,6
n,6
w,6
solid,6
most,6
use,6
prehistoric,6
same,6
method,6
r,6
artifacts,6
several,6
provenance,6
f,6
solvent,6
new,6
less,6
number,6
treated,6
high,6
we,6
coat,6
characteristics,6
cypriot,6
form,6
sea,6
approximately,6
evidence,6
area,6
should,6
they,5
todd,5
excavation,5
s,5
analyses,5
there,5
relatively,5
suitable,5
his,5
produced,5
could,5
missouri,5
excavations,5
cultural,5
required,5
basis,5
bc,5
even,5
excavated,5
distinguished,5
appropriate,5
he,5
likely,5
nenezi,5
single,5
department,5
lewis,5
do,5
degree,5
analyzed,5
including,5
manufactured,5
low,5
considered,5
different,5
phd,5
produce,5
spaces,5
valley,5
between,5
c,5
anatolian,4
minutes,4
second,4
h,4
total,4
chemicals,4
adhesives,4
within,4
blades,4
mm,4
due,4
resin,4
concentrations,4
left,4
flake,4
l,4
cappadocian,4
archaeometry,4
consolidate,4
age,4
delta,4
additional,4
artistic,4
greater,4
hours,4
had,4
location,4
found,4
koru,4
absorption,4
because,4
island,4
elizabeth,4
during,4
project,4
good,4
acrylic,4
involved,4
annual,4
using,4
haas,4
located,4
wright,4
technique,4
addition,4
many,4
treatment,4
deterioration,4
v,4
present,4
necessary,4
wood,4
khirokitiavounoi,4
toluene,4
skeletal,4
preservation,4
methods,4
cape,4
ciftlik,4
dirt,4
indicate,4
excess,4
cm,4
very,4
day,4
proceedings,4
stability,4
while,4
information,4
prevent,4
reported,4
given,4
tell,4
canadian,4
removed,4
penetrated,4
km,4
early,4
observed,4
alberta,4
difficult,3
contacts,3
metal,3
completely,3
undertaken,3
western,3
mainland,3
before,3
distilled,3
properties,3
lower,3
first,3
consistent,3
isopropanol,3
dixon,3
nature,3
schniewind,3
comparatively,3
wooden,3
procedure,3
context,3
east,3
vol,3
prior,3
e,3
supply,3
quantity,3
historic,3
millennium,3
dag,3
mixed,3
basil,3
cases,3
fission,3
rather,3
district,3
coverage,3
melos,3
tibial,3
ensure,3
objects,3
followed,3
flakes,3
dispersion,3
organic,3
decay,3
nancy,3
chipped,3
tools,3
franchthi,3
chips,3
flaked,3
provincial,3
network,3
cleaning,3
consistently,3
place,3
reactor,3
et,3
count,3
chemistry,3
either,3
presented,3
working,3
le,3
few,3
zr,3
presence,3
carrier,3
core,3
proper,3
will,3
limited,3
cobean,3
paint,3
settings,3
once,3
under,3
us,3
specimens,3
al,3
rack,3
longer,3
inhabitants,3
analytical,3
faster,3
viscosity,3
dilutions,3
trabecular,3
indiana,3
upon,3
conditions,3
laboratory,3
safety,3
workers,3
so,3
standard,3
problems,3
k,3
anatolia,3
fairly,3
five,3
pieces,3
often,3
canada,3
unacceptable,3
dao,3
geographic,3
quickly,3
colonization,3
anthropology,3
best,3
report,3
iron,3
animal,3
rohm,3
isolated,3
years,3
nile,3
kulaklikepez,3
consolidated,3
product,3
remains,3
comparison,3
combination,3
recent,3
mendes,3
impregnate,2
glascock,2
imported,2
friable,2
expedition,2
resulted,2
implies,2
natural,2
extends,2
considerably,2
introduction,2
center,2
large,2
identify,2
tend,2
stone,2
fragile,2
porous,2
permit,2
long,2
container,2
might,2
damaged,2
thus,2
advantage,2
thank,2
differences,2
borne,2
survey,2
kingdom,2
degraded,2
inundation,2
date,2
those,2
robert,2
somewhat,2
dissolved,2
deteriorated,2
marketed,2
british,2
case,2
ascribed,2
mesh,2
quantities,2
determined,2
soils,2
brun,2
professionals,2
x,2
reversibility,2
apply,2
measurement,2
implements,2
coating,2
strasser,2
resins,2
professor,2
ability,2
old,2
david,2
pores,2
allowing,2
compared,2
consulted,2
sax,2
apparently,2
garry,2
evenly,2
flux,2
sease,2
colin,2
without,2
ba,2
trabeculae,2
cleaned,2
remain,2
na,2
levels,2
sherman,2
associate,2
eight,2
b,2
leave,2
evaporates,2
distant,2
means,2
zirconium,2
changes,2
acquisition,2
affect,2
ikalavasostenta,2
proved,2
argued,2
watery,2
situations,2
commonly,2
textile,2
efficient,2
suggested,2
hot,2
irrigation,2
result,2
based,2
lead,2
appearance,2
access,2
out,2
international,2
her,2
barium,2
scandium,2
precautions,2
afforded,2
appears,2
placed,2
jessica,2
fox,2
improve,2
suspended,2
formerly,2
neutrons,2
edn,2
brushed,2
penetrating,2
noted,2
peltenburg,2
employed,2
runnels,2
christou,2
flaking,2
brush,2
below,2
tested,2
settlement,2
smithsonian,2
highly,2
hebrew,2
adhere,2
gomez,2
da,2
visible,2
provided,2
finds,2
activities,2
iftlik,2
society,2
evaporation,2
led,2
variety,2
various,2
identified,2
hasan,2
brief,2
islands,2
poor,2
above,2
initially,2
tends,2
suited,2
light,2
diaphysis,2
costs,2
kritou,2
hearth,2
useful,2
paul,2
heritage,2
lovell,2
yellin,2
humidity,2
powder,2
occurrence,2
john,2
external,2
never,2
enough,2
geography,2
pease,2
preparation,2
local,2
effectiveness,2
range,2
impart,2
deposits,2
delicate,2
medium,2
findings,2
enduring,2
confidence,2
resulting,2
processes,2
exhibited,2
radiocarbon,2
previous,2
synthetic,2
dating,2
involves,2
trade,2
open,2
flammable,2
times,2
architectural,2
allowed,2
collected,2
obtained,2
especially,2
aegean,2
become,2
displayed,2
northern,2
institution,2
connections,2
widely,2
depth,2
aid,2
perry,2
continued,2
bars,2
qiftlik,2
order,2
insufficient,2
widespread,2
primarily,2
who,2
detailed,2
length,2
antiquity,2
pye,2
soaked,2
construction,2
bertulli,2
following,2
manual,2
known,2
immersing,2
here,2
melian,2
rainfall,2
readily,2
transfer,2
nonadhesive,2
koob,2
particularly,2
works,2
instant,2
evident,2
none,2
unlikely,2
purchase,2
selected,2
yb,2
interval,2
mg,2
generally,2
minimal,2
terre,2
suggests,2
level,2
imparted,2
altered,2
vertebral,2
through,2
easy,2
egyptian,2
particles,2
prepared,2
irradiation,2
wang,2
donald,2
facilitates,2
smaller,2
glass,2
association,2
needs,2
themselves,2
vary,2
debate,2
element,2
tongs,2
leah,2
thorough,2
nicholas,1
shorter,1
mimic,1
intricate,1
does,1
hotamig,1
consider,1
glossiness,1
produces,1
rate,1
o,1
avoiding,1
faced,1
praised,1
represent,1
locale,1
iowa,1
environmental,1
crossing,1
per,1
outweighed,1
windover,1
nontoxic,1
contemporaneous,1
nonflammable,1
overland,1
lesions,1
complex,1
infiltrating,1
significant,1
margo,1
paraloid,1
properly,1
advised,1
formed,1
prince,1
peaks,1
specified,1
diffuse,1
reasonably,1
hair,1
trace,1
ian,1
osteological,1
pose,1
occurred,1
holding,1
observing,1
cornell,1
sr,1
bingsi,1
assisted,1
buffer,1
efficacy,1
test,1
experience,1
member,1
inhibited,1
t,1
brunn,1
hence,1
osteobiographical,1
production,1
hood,1
implications,1
taken,1
rapid,1
attempt,1
assist,1
utilization,1
worked,1
seems,1
khirokitia,1
watkinson,1
supplied,1
editions,1
packed,1
interwoven,1
highland,1
great,1
display,1
compounds,1
spaced,1
able,1
link,1
intrusive,1
welldeveloped,1
wellventilated,1
kres,1
subsequent,1
msds,1
achieved,1
improved,1
loose,1
greatly,1
depleted,1
necessitated,1
welsh,1
dagsource,1
affected,1
cherry,1
horie,1
conchoidal,1
takes,1
depending,1
moisture,1
ellipse,1
sieving,1
bingol,1
doreen,1
unaware,1
advice,1
guidelines,1
u,1
incorporate,1
approximations,1
holocene,1
capable,1
hassan,1
condition,1
labs,1
cap,1
burning,1
sale,1
tacky,1
richard,1
stabilizes,1
fine,1
apart,1
beakers,1
smooth,1
except,1
combine,1
fluorescence,1
bottom,1
along,1
interior,1
nd,1
identifies,1
paphos,1
sand,1
hazard,1
evaluating,1
possessing,1
andrew,1
historical,1
fracture,1
review,1
conservators,1
delimit,1
estimating,1
huyiyk,1
marshes,1
concretions,1
objective,1
embryonic,1
de,1
terraces,1
track,1
valerie,1
regarded,1
adopted,1
mailing,1
occurs,1
afford,1
veneer,1
conducted,1
handbooks,1
encyclopedia,1
ease,1
barrier,1
neolithikum,1
extensively,1
wiley,1
reflectance,1
distinct,1
developments,1
drip,1
stored,1
irregularities,1
clustering,1
document,1
hampering,1
vom,1
affix,1
amount,1
back,1
contrary,1
body,1
ha,1
channels,1
inception,1
served,1
attests,1
dates,1
egypt,1
alkaline,1
characterized,1
bag,1
brackets,1
adpf,1
incompletely,1
undertaking,1
weight,1
storage,1
packing,1
y,1
suitability,1
terrace,1
contable,1
spite,1
corrected,1
ellipses,1
deeply,1
jr,1
coveney,1
spraying,1
adult,1
acted,1
according,1
stanley,1
jerusalem,1
poorly,1
andreaskastros,1
industries,1
glued,1
van,1
higher,1
lesser,1
deviation,1
sixteen,1
disposed,1
york,1
whose,1
pigments,1
license,1
coats,1
identification,1
expected,1
subjected,1
across,1
edward,1
breadth,1
en,1
unit,1
longest,1
hansen,1
coastal,1
tb,1
notion,1
mean,1
splashing,1
particle,1
burial,1
mortar,1
dagand,1
similar,1
hazardous,1
grattan,1
sandy,1
cave,1
ofarchaeological,1
bilities,1
summarized,1
factors,1
multivariate,1
hf,1
consistency,1
support,1
tissue,1
polyvinyl,1
facilitated,1
translucency,1
emulsion,1
skeleton,1
flexibility,1
river,1
established,1
pestle,1
retained,1
emission,1
teaches,1
linked,1
buchholz,1
section,1
director,1
weather,1
karakapu,1
flames,1
dominate,1
tray,1
invariably,1
frequently,1
upper,1
trol,1
porphyrios,1
commented,1
comparisons,1
requires,1
painted,1
visibly,1
lu,1
care,1
films,1
contaminants,1
providing,1
tory,1
strengthen,1
dc,1
rb,1
raw,1
nakhla,1
standards,1
advance,1
distribution,1
discoloration,1
carrying,1
acknowledgments,1
color,1
typical,1
inappropriate,1
molecules,1
seven,1
changed,1
rooms,1
facilitate,1
erving,1
levantine,1
eu,1
initial,1
cores,1
representative,1
culture,1
term,1
evaluate,1
late,1
understood,1
though,1
wales,1
petrochemicals,1
michigan,1
aspects,1
recently,1
symbols,1
cannot,1
excellent,1
otherwise,1
pleistocene,1
instrumental,1
designations,1
wide,1
paleontologists,1
possibility,1
memory,1
preparations,1
shape,1
keeping,1
having,1
kg,1
designation,1
crushed,1
distinguish,1
degrees,1
leakage,1
work,1
los,1
analyze,1
preferred,1
clean,1
significantly,1
characterization,1
occupants,1
part,1
apparent,1
permeated,1
comment,1
cleanliness,1
geology,1
noxious,1
photographed,1
begins,1
describe,1
northwest,1
gi,1
contains,1
warranted,1
mn,1
actually,1
dorge,1
transported,1
personal,1
subdivide,1
techfigure,1
compact,1
fieldwork,1
artifact,1
premiers,1
relative,1
attributed,1
cejournal,1
regions,1
computer,1
airborne,1
ratios,1
painting,1
caused,1
inference,1
glen,1
millimeters,1
suggest,1
steel,1
coupled,1
rockliff,1
contrast,1
reaches,1
sharp,1
geomorphology,1
night,1
orient,1
specifically,1
mound,1
soil,1
sufficient,1
choose,1
stainless,1
brought,1
shaded,1
legislated,1
vacuum,1
prompted,1
alluvial,1
brushes,1
tended,1
impossible,1
optical,1
coloration,1
always,1
up,1
practice,1
necessity,1
spurious,1
ta,1
ventilation,1
coatings,1
despite,1
florida,1
labelled,1
promising,1
avoid,1
content,1
lend,1
periods,1
south,1
shawki,1
gustav,1
coastline,1
fly,1
ramifications,1
matter,1
scientific,1
populations,1
procedures,1
toward,1
overall,1
lacquers,1
comparative,1
kalavasoskopetra,1
kalavasos,1
curtis,1
etc,1
inhibiting,1
slower,1
make,1
indicates,1
outer,1
inhalation,1
southern,1
shipped,1
structural,1
vicinity,1
about,1
postdates,1
communications,1
communities,1
elapsed,1
lids,1
sciences,1
interpretation,1
reference,1
examined,1
represents,1
makes,1
flush,1
requiring,1
corroborated,1
morgan,1
technology,1
restricted,1
exposure,1
differentiate,1
ancient,1
included,1
beisamun,1
assistance,1
complete,1
collectively,1
lava,1
skin,1
experimental,1
ed,1
dna,1
experiment,1
butterworths,1
largest,1
already,1
containing,1
toronto,1
increasingly,1
dabbing,1
chemically,1
social,1
lee,1
volume,1
routes,1
endured,1
resolution,1
leader,1
provenience,1
others,1
approaching,1
similarly,1
varies,1
curator,1
decorative,1
experienced,1
projects,1
ikap,1
occident,1
fact,1
shows,1
ceramic,1
deficient,1
occupations,1
tuross,1
appeared,1
match,1
impractical,1
lint,1
removable,1
grave,1
contradict,1
break,1
larger,1
diverse,1
surfaces,1
contemporary,1
appropriately,1
condensed,1
rae,1
pattern,1
seldom,1
serious,1
puzzling,1
patterns,1
conclusions,1
centre,1
neolithique,1
model,1
manner,1
overseas,1
farmers,1
archaeobotanical,1
murr,1
ensured,1
establish,1
relevant,1
until,1
archfiologischer,1
louvain,1
metropolitan,1
routledge,1
distance,1
commercial,1
chalcolithic,1
locations,1
transparent,1
remained,1
remove,1
another,1
original,1
hamper,1
elevations,1
discussion,1
sewing,1
getty,1
turkey,1
observable,1
easier,1
talhonomic,1
made,1
completed,1
maritime,1
values,1
limitations,1
desert,1
cafer,1
thickness,1
enhanced,1
previously,1
mortuary,1
unconsolidated,1
clustered,1
expand,1
top,1
varying,1
hotai,1
determining,1
prevailed,1
largely,1
biology,1
aesthetics,1
risk,1
sequence,1
ideas,1
products,1
submitted,1
satisfactorily,1
take,1
recovery,1
aesthetic,1
chosen,1
purposeful,1
advantages,1
pellets,1
wastes,1
jacobsen,1
nuclear,1
significance,1
clear,1
margaret,1
intraand,1
directed,1
comprehensive,1
lakes,1
carcinogen,1
amounts,1
co,1
peralkaline,1
held,1
individual,1
symposium,1
osteology,1
chipping,1
colloidal,1
like,1
spread,1
general,1
function,1
overlain,1
prectramique,1
features,1
documentation,1
nostrand,1
shortly,1
black,1
deionized,1
martin,1
thomas,1
adequately,1
onetime,1
exchange,1
neutral,1
margin,1
preponderance,1
thermoplastic,1
cs,1
salt,1
spreads,1
relation,1
exported,1
narrow,1
geographers,1
assigning,1
availability,1
percent,1
probably,1
dikaios,1
tight,1
slightly,1
greece,1
primal,1
equivalent,1
destruction,1
evaluated,1
chemist,1
greek,1
la,1
monsanto,1
polyvials,1
separate,1
penetrates,1
carried,1
crete,1
yields,1
marilyn,1
interferences,1
lacquer,1
assigned,1
applications,1
irregular,1
humanities,1
wisdom,1
she,1
provide,1
shortest,1
usually,1
foreign,1
suspected,1
reasonable,1
resistant,1
lines,1
leslie,1
plastic,1
referred,1
dimensions,1
sensitive,1
un,1
relations,1
deposit,1
render,1
visual,1
tenta,1
remaining,1
originated,1
countries,1
weighing,1
helpful,1
prikeramische,1
periosteal,1
vapors,1
fe,1
fall,1
united,1
achieve,1
tub,1
composed,1
permeability,1
extremely,1
types,1
worlds,1
arts,1
problematic,1
glare,1
broodbank,1
ash,1
consultation,1
durability,1
stephen,1
school,1
undertook,1
assistant,1
anthropological,1
environment,1
earliest,1
stratigraphic,1
magnitude,1
sandiest,1
dryness,1
associated,1
protracted,1
senior,1
acigbl,1
soak,1
peoples,1
salts,1
measurements,1
athens,1
univcrsity,1
adhesive,1
disguise,1
ralph,1
charles,1
trenches,1
equipment,1
detector,1
defining,1
over,1
ppm,1
control,1
shipment,1
country,1
cemetery,1
capability,1
worthwhile,1
porosity,1
seem,1
sm,1
did,1
ph,1
cc,1
episodic,1
cooling,1
then,1
ensuring,1
losses,1
sc,1
anzeiger,1
fills,1
bonnie,1
reflected,1
explicitly,1
type,1
pathological,1
advances,1
hardness,1
dispersed,1
what,1
transfers,1
circles,1
them,1
irritating,1
whether,1
volcanic,1
preservative,1
making,1
yielded,1
cause,1
particular,1
character,1
noticeable,1
maintain,1
agricultural,1
seasonal,1
evaporating,1
zn,1
kalavasoshasan,1
leaving,1
problem,1
butyral,1
nautical,1
immersed,1
prepare,1
require,1
cloth,1
seep,1
alcohol,1
cin,1
doran,1
size,1
middle,1
finished,1
bodies,1
preserved,1
andrea,1
transport,1
furniture,1
cl,1
ohio,1
slopes,1
daghave,1
preferable,1
dy,1
practices,1
klepinitroulli,1
giving,1
fumes,1
sheets,1
conventional,1
commodities,1
gdllti,1
alternating,1
hesperia,1
explosive,1
sb,1
aspect,1
precision,1
paleorient,1
shores,1
question,1
disadvantages,1
spacing,1
argument,1
ig,1
coated,1
average,1
reproductions,1
powdery,1
replace,1
envisaged,1
numerous,1
institutional,1
temperature,1
catherine,1
grant,1
geoarchaeological,1
spectra,1
satisfactory,1
manufacturers,1
unsuitable,1
typically,1
define,1
need,1
effects,1
yorkis,1
contamination,1
defined,1
off,1
meose,1
impregnation,1
measured,1
quartz,1
cypriote,1
sides,1
supported,1
contextually,1
potential,1
crusts,1
formal,1
ekistics,1
opaque,1
radioanalytical,1
th,1
damp,1
uranium,1
viscous,1
kornue,1
severely,1
surveys,1
adhesion,1
duration,1
much,1
ampoules,1
among,1
north,1
meeting,1
sixth,1
strokes,1
aean,1
close,1
