WORDCOUNTS,WEIGHT
the,112
of,88
and,67
a,44
pp,35
in,30
see,29
greek,26
to,22
s,14
for,14
coins,14
at,13
from,13
w,13
roman,13
on,13
t,12
f,11
history,11
i,11
pis,10
by,9
coinage,9
holloway,9
p,9
r,9
x,9
historical,9
b,8
with,8
ancient,8
are,8
available,8
ares,8
field,8
archaeology,8
their,7
robert,7
softbound,7
e,6
is,6
reference,6
vols,6
j,6
handling,6
inscriptiones,6
your,6
g,6
michigan,5
order,5
as,5
h,5
university,5
plates,5
many,5
scholars,5
byzantine,5
m,5
british,5
inscriptions,5
coin,5
imperial,5
new,5
this,5
an,5
please,5
journal,5
book,4
now,4
frederick,4
illus,4
limited,4
al,4
n,4
studies,4
empire,4
u,4
work,4
publishers,4
et,4
ig,4
archaeological,4
postage,4
be,4
world,4
we,4
rchaeological,3
o,3
minor,3
africa,3
george,3
l,3
address,3
ch,3
hellenistic,3
museum,3
western,3
complete,3
ed,3
most,3
remittance,3
set,3
graecae,3
john,3
survey,3
great,3
works,3
wroth,3
ethel,3
ad,3
map,3
size,3
etc,3
richard,3
greece,3
quantity,3
its,3
bc,3
which,3
per,3
de,3
boston,3
include,3
excavations,3
mexico,3
lli,3
you,3
membership,3
cyprus,3
association,3
c,3
libraries,3
y,3
kurt,2
nicholas,2
erik,2
site,2
york,2
century,2
medieval,2
hardbound,2
it,2
subject,2
warwick,2
oscar,2
sjoqvist,2
over,2
introduction,2
they,2
volumes,2
ave,2
anno,2
antiquities,2
communities,2
rchaeology,2
types,2
monuments,2
send,2
modern,2
susan,2
plus,2
arlen,2
res,2
us,2
or,2
constantine,2
ned,2
nan,2
edition,2
suite,2
subscription,2
age,2
illustrated,2
geographic,2
first,2
suzanne,2
published,2
dr,2
inc,2
volume,2
that,2
catalog,2
long,2
more,2
offers,2
romanas,2
all,2
clausen,2
water,2
request,2
other,2
wide,2
avenue,2
report,2
time,2
able,2
format,2
very,2
croesus,2
last,2
cultural,2
staff,2
william,2
war,2
offering,2
pl,2
royal,2
add,2
isbn,2
books,2
king,2
handy,2
convenient,2
provincial,2
original,2
possible,2
maximum,2
epigraphy,2
made,2
nois,2
whittlesey,2
stavrolakes,2
place,2
has,2
editorial,2
harold,2
ervan,2
soft,2
sicily,2
copies,2
medals,2
cults,2
euclidis,2
charge,2
peter,2
dozen,2
paintings,2
david,2
commerce,2
d,2
period,2
promptly,2
settlement,2
thomas,2
campaign,2
lexicon,2
farriss,2
bactrian,2
offered,2
few,2
state,2
massachusetts,2
demetrius,2
enclose,2
v,2
early,2
texts,2
up,2
bower,2
corpus,2
results,2
correspondence,2
city,2
ss,2
north,2
customs,2
major,2
palaeography,2
editio,2
phases,1
four,1
will,1
reduction,1
morphology,1
civilization,1
massiliensium,1
margins,1
vassos,1
related,1
san,1
currently,1
weitzmann,1
inch,1
fortunate,1
indigenous,1
me,1
indus,1
perspectives,1
note,1
srrrsgs,1
span,1
rome,1
various,1
ken,1
masterpieces,1
important,1
dm,1
if,1
tt,1
later,1
lagunillas,1
populations,1
growth,1
been,1
five,1
foreign,1
separation,1
gawres,1
short,1
synthesis,1
tepe,1
service,1
maps,1
ia,1
robberies,1
market,1
low,1
decapolis,1
through,1
released,1
jane,1
tract,1
islands,1
coleman,1
filled,1
charts,1
how,1
institutions,1
rhine,1
gift,1
miscellaneoas,1
ea,1
coastof,1
decipher,1
community,1
tle,1
castles,1
still,1
aitchaeology,1
returned,1
ja,1
christian,1
rare,1
associate,1
legal,1
captives,1
eight,1
ns,1
village,1
se,1
empires,1
southern,1
shipped,1
roads,1
goethes,1
one,1
benjamin,1
contributions,1
reatares,1
corvo,1
selection,1
special,1
k,1
arts,1
solecki,1
illustrations,1
superb,1
white,1
ancientegyptian,1
boeotians,1
stone,1
much,1
origins,1
fieid,1
universitm,1
archaeometric,1
archaeoiogy,1
schliemann,1
currency,1
travels,1
mother,1
federal,1
interpretation,1
centuries,1
mh,1
examined,1
alexander,1
rt,1
iust,1
interrelationship,1
makes,1
capt,1
gourdin,1
antioch,1
publications,1
eugene,1
thought,1
monumental,1
honduras,1
joseph,1
smal,1
east,1
photographs,1
earliest,1
under,1
tomes,1
geographyofancientgreece,1
ctatec,1
historia,1
river,1
was,1
excavation,1
assistant,1
shaw,1
tticae,1
matson,1
chypre,1
commonwealth,1
freeman,1
orders,1
dress,1
before,1
following,1
same,1
lamps,1
zacatenco,1
enclosed,1
plaster,1
greeks,1
but,1
moyen,1
cooke,1
quarters,1
bookshelf,1
reprint,1
crusader,1
different,1
athens,1
department,1
metallic,1
ford,1
wr,1
lg,1
ever,1
christodoulos,1
oceania,1
recovered,1
regional,1
thermally,1
surface,1
provinces,1
kay,1
considers,1
bronze,1
hellenisticathens,1
ralph,1
davis,1
every,1
carl,1
mosaics,1
etymologicallexicon,1
lewis,1
name,1
pt,1
sweden,1
ay,1
here,1
invasian,1
jeffrey,1
orators,1
persian,1
technique,1
theeuropean,1
mollusca,1
strathmore,1
seythians,1
mis,1
royaume,1
thessalonika,1
others,1
print,1
showerm,1
natural,1
rchaeologist,1
europe,1
balkan,1
lesions,1
actual,1
reipublicae,1
inedites,1
colonization,1
lime,1
between,1
noi,1
weo,1
missing,1
megalith,1
asia,1
sterud,1
moving,1
tomb,1
memorial,1
sinai,1
tax,1
religious,1
board,1
nancy,1
head,1
canada,1
text,1
occurrence,1
slp,1
rl,1
warm,1
rule,1
accompanied,1
basin,1
rodney,1
anstasian,1
flotation,1
gaertri,1
simple,1
documents,1
nathan,1
ibut,1
thank,1
wagner,1
reform,1
mural,1
counterfeiter,1
otho,1
origin,1
foundation,1
seven,1
out,1
abbreviations,1
ixtapaluca,1
larger,1
tribes,1
eric,1
international,1
atomic,1
ff,1
sustaining,1
powell,1
pertinentes,1
tufariello,1
gsx,1
religion,1
arthur,1
anteriores,1
real,1
cornmonweaith,1
iron,1
acclaim,1
quintana,1
man,1
folksongs,1
isthmia,1
fields,1
nepa,1
theancient,1
rural,1
mott,1
patriarchs,1
wall,1
type,1
late,1
catalogue,1
aaa,1
kirchner,1
solicited,1
bulky,1
greekbistory,1
concepts,1
shipwreck,1
political,1
continuous,1
papyrus,1
ours,1
ras,1
purchase,1
latinepigraphy,1
ancients,1
what,1
hinterland,1
select,1
photography,1
atticae,1
carefully,1
reign,1
pplication,1
forsyth,1
seventeenth,1
romantimes,1
contents,1
absorption,1
population,1
produced,1
renaissance,1
strategems,1
cannot,1
references,1
venezuela,1
errata,1
monastery,1
ge,1
gio,1
saint,1
botanical,1
native,1
ebers,1
conferences,1
central,1
eastern,1
coi,1
wiseman,1
style,1
triumph,1
gods,1
nobody,1
bones,1
sales,1
availabie,1
tenth,1
technical,1
vss,1
maya,1
continent,1
outstanding,1
palestine,1
classical,1
vol,1
anna,1
quantities,1
italian,1
meetings,1
esthetic,1
basis,1
imitating,1
seoc,1
urban,1
farnell,1
kathleen,1
art,1
discussion,1
campaigns,1
slight,1
received,1
julian,1
tool,1
splendid,1
colloqueum,1
upon,1
pella,1
professionals,1
values,1
lonian,1
fractures,1
ki,1
israel,1
altered,1
adjective,1
nc,1
thereby,1
beck,1
pyrotechnology,1
iames,1
lake,1
grows,1
scott,1
eliminating,1
timothy,1
example,1
whites,1
umismatics,1
posteriores,1
cwi,1
dvisory,1
mentation,1
muscarella,1
press,1
due,1
docu,1
micbigan,1
curt,1
techniques,1
description,1
ten,1
administration,1
egyptian,1
ross,1
island,1
collection,1
manufacturing,1
copper,1
novaculite,1
issues,1
archeology,1
niger,1
romans,1
beginnings,1
au,1
examplefrom,1
iohn,1
director,1
kolokotron,1
cities,1
irving,1
device,1
individuals,1
chapters,1
includes,1
throughout,1
lawsuit,1
check,1
personal,1
raising,1
papyri,1
review,1
sidelights,1
express,1
il,1
catherine,1
monnaies,1
recording,1
subsurface,1
lange,1
boeotia,1
subscribers,1
trade,1
editor,1
development,1
color,1
tge,1
trends,1
have,1
rcheological,1
thewestern,1
stockholm,1
lady,1
rhone,1
outline,1
statues,1
tokens,1
offer,1
histoity,1
although,1
quantifying,1
afford,1
land,1
price,1
sardis,1
would,1
shirley,1
so,1
fr,1
gen,1
revolution,1
flenniken,1
mount,1
states,1
nine,1
finds,1
z,1
mints,1
off,1
earlier,1
biddick,1
icrr,1
geologist,1
routes,1
francisco,1
riviera,1
old,1
definitive,1
ww,1
payment,1
summary,1
times,1
foldo,1
several,1
plato,1
mineral,1
poros,1
rr,1
subjects,1
news,1
tetradrachms,1
systems,1
rouse,1
study,1
disovery,1
salt,1
tolstoy,1
neolithie,1
young,1
constantinople,1
served,1
hand,1
egypt,1
texas,1
du,1
ann,1
third,1
ancientindia,1
coast,1
can,1
sits,1
th,1
james,1
sicilian,1
norman,1
ohio,1
when,1
ler,1
progress,1
ncient,1
babylonia,1
application,1
erika,1
clearinghouse,1
yfl,1
interaction,1
fortress,1
italy,1
ta,1
citations,1
abrahams,1
geography,1
than,1
apeclal,1
epochs,1
famous,1
florida,1
fhank,1
lore,1
hanfmann,1
discoveries,1
evidence,1
rchitecture,1
pottery,1
preliminary,1
col,1
informed,1
chan,1
phase,1
gk,1
von,1
atics,1
karageorghis,1
thorough,1
avoid,1
barclodiad,1
richly,1
maracaibo,1
tul,1
