WORDCOUNTS,WEIGHT
the,191
of,155
and,106
in,100
to,66
a,50
caves,36
cave,33
that,32
for,29
as,25
are,24
with,18
by,18
chapter,18
ritual,18
at,17
on,17
these,16
maya,16
were,15
their,13
ethnographic,13
rituals,13
is,12
this,11
an,11
which,10
use,10
archaeological,10
may,9
or,9
from,9
how,9
have,9
be,9
analysis,8
book,8
within,8
landscape,7
data,7
natural,6
they,6
offerings,6
not,6
was,6
other,6
pilgrimage,6
areas,6
sacred,6
artifacts,6
brady,6
demonstrates,6
human,6
site,5
archaeologists,5
also,5
water,5
out,5
mesoamerican,5
spatial,5
used,5
including,5
between,5
evidence,5
difficult,4
various,4
located,4
classic,4
monuments,4
study,4
remains,4
studies,4
modern,4
first,4
social,4
region,4
present,4
literature,4
discussion,4
central,4
earth,4
contributors,4
individual,4
include,4
field,4
period,4
high,4
provides,4
prufer,4
research,4
chamber,3
been,3
main,3
interpretation,3
it,3
conducted,3
stone,3
ancient,3
into,3
but,3
regional,3
volume,3
sources,3
many,3
highland,3
larger,3
while,3
late,3
places,3
patterns,3
further,3
political,3
aspects,3
investigation,3
context,3
accounts,3
can,3
record,3
time,3
actun,3
gods,3
sacrifice,3
sites,3
information,3
understanding,3
art,3
tool,3
postclassic,3
role,3
indigenous,3
description,3
beneath,3
pyramid,3
perishable,3
review,3
de,3
specialists,3
function,3
rissolo,3
archaeology,3
settlement,3
moyes,3
ancestors,3
northern,3
images,3
roles,3
activities,3
gis,2
veracruz,2
ceremonial,2
today,2
without,2
she,2
bringing,2
stuart,2
provide,2
his,2
identified,2
usually,2
aimed,2
en,2
account,2
yalahau,2
e,2
mountains,2
similar,2
importance,2
settlements,2
one,2
life,2
methods,2
construction,2
blood,2
depicted,2
arrangements,2
legitimizing,2
university,2
anthropomorphic,2
contained,2
artifact,2
balam,2
light,2
guatemala,2
participants,2
descriptions,2
slate,2
colas,2
most,2
two,2
demonstrate,2
potential,2
detect,2
architecture,2
summit,2
starting,2
vogt,2
brown,2
taken,2
important,2
tizimin,2
address,2
appear,2
action,2
rock,2
j,2
s,2
based,2
whom,2
affects,2
found,2
beliefs,2
origin,2
seven,2
relation,2
new,2
survey,2
historical,2
pattern,2
past,2
keith,2
concepts,2
altars,2
investigations,2
manner,2
where,2
reviews,2
appears,2
form,2
applied,2
wealth,2
material,2
rincon,2
has,2
public,2
reflected,2
locations,2
because,2
chiapas,2
none,2
ideal,2
future,2
work,2
burning,2
spaces,2
contexts,2
del,2
private,2
occupants,2
part,2
city,2
despite,2
previously,2
fur,2
patterning,2
activity,2
mayapan,2
place,2
jaroslaw,2
framework,2
deities,2
blade,2
elite,2
ethnohistoric,2
eric,2
reflect,2
surrounding,2
models,2
doris,2
described,2
such,2
low,2
known,2
three,2
healing,2
approach,2
points,2
fitzsimmons,2
good,2
although,2
mesoamerica,2
would,2
american,2
features,2
proposes,2
mountain,2
colleagues,2
kept,2
spirits,2
contributions,2
association,2
small,2
artificial,2
lacandon,2
document,2
especially,2
systems,2
tunichil,2
passages,2
presence,2
editors,2
evon,2
interpretations,2
texas,2
single,2
james,2
when,2
explore,2
mautner,2
journal,2
focus,2
belize,2
sun,2
value,2
rockshelters,2
meeting,2
questions,2
la,2
von,2
major,2
cenotes,2
thorough,2
appeal,1
final,1
frequent,1
space,1
carried,1
employ,1
reading,1
go,1
asking,1
ending,1
press,1
speculate,1
issues,1
supplements,1
engraved,1
highlights,1
lineages,1
he,1
table,1
huatla,1
aid,1
done,1
descended,1
protect,1
hamburg,1
no,1
detected,1
upright,1
evaluations,1
functioning,1
way,1
widely,1
boards,1
if,1
english,1
will,1
links,1
corroborate,1
sessions,1
linda,1
foreign,1
groups,1
superficial,1
censers,1
through,1
developed,1
adds,1
naturally,1
suggested,1
mitteilungen,1
overall,1
stalagmite,1
gottesdienst,1
result,1
applicability,1
fear,1
cameron,1
represent,1
posits,1
asked,1
inside,1
bifaces,1
shrines,1
vertical,1
exists,1
robert,1
widespread,1
preparing,1
mundi,1
arrive,1
mediating,1
exception,1
combined,1
investigators,1
peninsula,1
instance,1
miguel,1
community,1
gottes,1
detailed,1
still,1
chechem,1
archiv,1
ossuaries,1
landmarks,1
effectively,1
associate,1
ethnoarchaeological,1
pools,1
markers,1
requests,1
recreating,1
movement,1
collapsed,1
center,1
category,1
rites,1
sacrificed,1
direct,1
legitimized,1
figurine,1
umbilical,1
ask,1
religious,1
awe,1
spine,1
introductory,1
vicinity,1
circumference,1
burials,1
advised,1
achieve,1
ma,1
invisible,1
bones,1
collect,1
see,1
intriguing,1
simultaneous,1
dead,1
respect,1
figures,1
sets,1
propitiate,1
ways,1
shell,1
mexican,1
museum,1
turkeys,1
permission,1
approaches,1
references,1
stingray,1
understand,1
insight,1
added,1
actual,1
results,1
interpretive,1
gathered,1
chicomostoc,1
serve,1
monumental,1
rigorous,1
precolumbian,1
rain,1
purchased,1
ring,1
excludes,1
considered,1
restricted,1
collection,1
consider,1
locally,1
historia,1
detail,1
claims,1
boundary,1
differentiate,1
fertility,1
index,1
physically,1
elizabeth,1
compiled,1
history,1
reciprocal,1
deviates,1
boletin,1
urwaldern,1
heavy,1
monument,1
megalith,1
takes,1
associated,1
complete,1
tographs,1
culture,1
domes,1
believed,1
dispersed,1
placed,1
formalized,1
series,1
conclusion,1
colonial,1
divination,1
several,1
version,1
reviewed,1
too,1
overhangs,1
circuit,1
peoples,1
materials,1
limestone,1
must,1
four,1
containing,1
show,1
department,1
reports,1
extensive,1
hearth,1
being,1
warns,1
frameworks,1
mountainside,1
only,1
erecting,1
functioned,1
worldviews,1
drought,1
t,1
stones,1
bloodletting,1
ethnographically,1
quintana,1
useful,1
physical,1
testimony,1
occur,1
ha,1
long,1
muknal,1
stemmed,1
des,1
western,1
more,1
connection,1
pierre,1
victim,1
linear,1
der,1
repertoire,1
m,1
know,1
motivations,1
contrasted,1
religions,1
attempt,1
over,1
promote,1
usefulness,1
viejo,1
tropischen,1
qualities,1
anthropological,1
all,1
addition,1
towards,1
clifford,1
discerned,1
royal,1
complementary,1
paper,1
tradition,1
cultures,1
uses,1
lacked,1
wooden,1
definition,1
communal,1
names,1
identifying,1
glyphs,1
introduce,1
wide,1
cenote,1
archaeologically,1
flowers,1
fundamental,1
amide,1
route,1
capital,1
individuals,1
scholars,1
crops,1
best,1
explores,1
contextual,1
could,1
agrarian,1
accommodate,1
our,1
broken,1
suggesting,1
tandem,1
together,1
cords,1
rial,1
faunal,1
instituto,1
simple,1
documents,1
current,1
p,1
report,1
ofchilam,1
foundation,1
behavioral,1
concluding,1
status,1
proves,1
speculation,1
preparations,1
reveal,1
events,1
far,1
shelves,1
religion,1
brief,1
contemporary,1
medina,1
z,1
comparative,1
examining,1
distributions,1
nevertheless,1
malevolent,1
there,1
discussed,1
achieved,1
synthesize,1
feature,1
yucatan,1
dem,1
megalithic,1
notoriously,1
wall,1
munro,1
sherry,1
evaluate,1
elites,1
edge,1
jaime,1
greatly,1
yucatecan,1
situ,1
honoring,1
geography,1
integrates,1
access,1
chain,1
cultural,1
abigail,1
correlate,1
bajo,1
turkey,1
theodore,1
heaven,1
lakandonischer,1
appropriate,1
cremated,1
effect,1
treat,1
tools,1
pits,1
symbols,1
typologies,1
lion,1
system,1
cannot,1
acatzingo,1
failure,1
cause,1
independently,1
side,1
well,1
heiligen,1
dancing,1
deep,1
maps,1
recognized,1
map,1
isbn,1
axis,1
belief,1
required,1
identifies,1
dumbarton,1
distribution,1
inscriptions,1
copal,1
cuauhtinchan,1
appropriated,1
draws,1
after,1
her,1
symbolically,1
sought,1
holley,1
incorporate,1
draw,1
vogtand,1
eyewitness,1
studying,1
dark,1
polities,1
cloth,1
chickens,1
shape,1
scant,1
produce,1
glossed,1
formulate,1
balance,1
directly,1
almost,1
participation,1
placement,1
network,1
escarpment,1
welcome,1
suggests,1
some,1
basis,1
possible,1
remote,1
nahua,1
compelling,1
identification,1
contain,1
den,1
father,1
tsibana,1
permitted,1
rocks,1
examples,1
received,1
made,1
researchers,1
boston,1
assemblages,1
male,1
paintings,1
los,1
nuances,1
presented,1
vital,1
chronologies,1
arenas,1
preserved,1
represented,1
andrea,1
moving,1
cueva,1
recognition,1
prominent,1
invited,1
interdisciplinary,1
point,1
recessed,1
processes,1
discusses,1
enormous,1
practices,1
mortuary,1
secret,1
thoroughly,1
mixteca,1
mensabok,1
related,1
along,1
allows,1
variability,1
corn,1
enter,1
epigraphic,1
its,1
complexities,1
identity,1
gender,1
incense,1
vblkerkunde,1
forged,1
mythic,1
unrecorded,1
describe,1
fissure,1
tunich,1
during,1
summarizes,1
behavior,1
causes,1
bundle,1
contains,1
relevance,1
concentrate,1
beads,1
colossal,1
goal,1
like,1
chapters,1
laboratory,1
documented,1
throughout,1
national,1
ends,1
corollary,1
promoted,1
oaxaca,1
systematic,1
theoretical,1
blades,1
fieldwork,1
project,1
anthology,1
platform,1
argument,1
difficulties,1
alan,1
years,1
las,1
both,1
reveals,1
harkens,1
explorations,1
wateractivities,1
meanings,1
sandstrom,1
femur,1
surrounded,1
holy,1
insights,1
roo,1
finding,1
against,1
visualization,1
authors,1
hierarchy,1
comprehensive,1
wind,1
peripheral,1
annotated,1
foci,1
cveen,1
aus,1
outer,1
chilam,1
makes,1
quadripartite,1
recognizing,1
naj,1
dangerous,1
premature,1
relatively,1
janet,1
deals,1
held,1
excavated,1
im,1
david,1
polly,1
stela,1
integrated,1
southern,1
land,1
carlos,1
caused,1
define,1
cognitive,1
dominique,1
so,1
embodied,1
perimeters,1
sacrificial,1
parallels,1
suggest,1
cache,1
am,1
mexico,1
collected,1
involving,1
finds,1
dry,1
stages,1
geographical,1
derive,1
slabs,1
offend,1
proximity,1
earlier,1
oracles,1
laberinto,1
disasters,1
involved,1
latter,1
around,1
underlying,1
calling,1
perspective,1
spanish,1
needs,1
mayehal,1
balls,1
performance,1
offered,1
convincing,1
back,1
sprinkled,1
defensive,1
pir,1
pioneering,1
removed,1
components,1
bridge,1
antropologia,1
parallel,1
often,1
concert,1
acts,1
served,1
pathways,1
lineage,1
reference,1
villages,1
effective,1
adams,1
interconnections,1
deposits,1
animal,1
otomi,1
detecting,1
publications,1
division,1
assigning,1
obsidian,1
hierarchical,1
women,1
died,1
warranting,1
early,1
ek,1
texts,1
schele,1
exclusively,1
drawn,1
working,1
wish,1
tim,1
little,1
interaction,1
deceased,1
communication,1
locales,1
loci,1
sorcery,1
shamanic,1
much,1
using,1
grain,1
hohle,1
among,1
demonstration,1
we,1
observed,1
maw,1
beings,1
should,1
provided,1
doing,1
chert,1
urns,1
animals,1
gibbs,1
cites,1
examines,1
poorly,1
society,1
separate,1
candles,1
manuel,1
vindicates,1
