WORDCOUNTS,WEIGHT
the,624
of,345
and,215
in,171
a,148
to,146
is,79
survey,67
be,67
for,64
as,60
on,48
by,47
with,46
are,45
at,42
field,42
this,40
corinth,39
can,35
topographical,34
was,33
that,32
data,31
been,29
maps,29
or,28
ancient,28
an,28
from,28
has,27
computer,27
each,25
city,25
roman,24
used,22
project,22
map,22
were,21
information,21
i,19
which,19
have,19
greek,18
area,18
it,17
other,17
coordinates,17
instrument,16
university,15
well,15
also,15
using,15
order,15
photographs,15
being,14
system,14
drawing,14
work,14
when,14
classical,14
architectural,14
one,13
geodetic,13
point,13
out,13
distance,13
points,13
plans,13
drawings,12
all,12
such,12
number,12
would,12
aerial,12
equipment,12
total,11
error,11
may,11
portable,11
because,11
surveyed,11
use,11
computerized,10
software,10
m,10
location,10
will,10
made,10
distortion,10
archaeological,10
programs,10
approximately,10
if,9
schoenbrun,9
studies,9
there,9
some,9
accuracy,9
modern,9
memory,9
during,9
up,9
time,9
plane,9
autocad,9
school,9
any,9
photograph,9
available,8
within,8
american,8
journal,8
grid,8
setup,8
its,8
these,8
two,8
only,8
more,8
see,8
carried,8
program,8
lines,8
not,8
n,8
electronic,8
although,8
large,7
into,7
onto,7
since,7
process,7
standard,7
air,7
ofancient,7
accurately,7
scale,7
sokkia,7
corinthian,7
various,7
prism,7
roads,7
but,7
including,7
three,7
so,7
we,7
figure,7
then,7
over,7
paper,7
different,7
digitized,7
create,7
gulf,7
infrared,6
excavation,6
secondary,6
state,6
machine,6
single,6
than,6
mb,6
near,6
showing,6
archaeology,6
transfer,6
many,6
less,6
lechaion,6
types,6
measurements,6
cities,6
both,6
digitizing,6
our,6
land,6
evidence,6
between,6
way,5
long,5
laboratory,5
includes,5
excavations,5
site,5
k,5
most,5
had,5
based,5
could,5
initial,5
further,5
aspects,5
r,5
structures,5
buildings,5
mediterranean,5
several,5
input,5
surveyor,5
museum,5
areas,5
plan,5
new,5
station,5
accurate,5
study,5
team,5
acrocorinth,5
version,5
known,5
wall,5
include,5
km,5
maximum,5
later,4
center,4
methodology,4
undertaken,4
chief,4
first,4
ii,4
transferred,4
procedure,4
greatly,4
possible,4
functions,4
very,4
mm,4
back,4
details,4
general,4
walls,4
high,4
square,4
b,4
direct,4
section,4
agricultural,4
microcomputer,4
greater,4
base,4
produced,4
pins,4
method,4
james,4
directly,4
future,4
civil,4
excavated,4
hard,4
disk,4
phase,4
small,4
make,4
through,4
makes,4
processing,4
light,4
same,4
across,4
end,4
utilize,4
hand,4
sighting,4
where,4
necessary,4
years,4
sightings,4
range,4
obtained,4
problems,4
structure,4
greece,4
transformations,4
provide,4
dashed,4
often,4
assistant,4
shadow,4
conjunction,4
monuments,4
charles,4
combined,4
wiseman,4
surveying,4
w,4
extended,4
given,4
ca,4
major,4
gis,3
o,3
triple,3
generous,3
created,3
determine,3
introduction,3
he,3
source,3
t,3
inc,3
enables,3
j,3
together,3
able,3
reveal,3
those,3
digital,3
sq,3
obvious,3
combination,3
x,3
above,3
measurement,3
review,3
due,3
stored,3
amount,3
editing,3
compared,3
even,3
no,3
operations,3
sensing,3
remote,3
similar,3
ensure,3
numbers,3
house,3
circuit,3
important,3
pc,3
found,3
begun,3
mapping,3
facilitate,3
late,3
photography,3
sighted,3
notebook,3
line,3
part,3
positions,3
description,3
device,3
documented,3
least,3
correct,3
distances,3
reliable,3
routine,3
coordinate,3
f,3
overall,3
limited,3
etc,3
engineering,3
hellenistic,3
tablet,3
included,3
property,3
without,3
surveyors,3
dca,3
pennsylvania,3
model,3
colony,3
computers,3
angle,3
theodolite,3
reflector,3
david,3
period,3
function,3
summer,3
assigned,3
sometimes,3
markers,3
itself,3
sketches,3
monument,3
series,3
physical,3
corrections,3
set,3
printer,3
cm,3
ibm,3
past,3
them,3
form,3
making,3
degree,3
particular,3
observations,3
size,3
multiple,3
prisms,3
aspect,3
locations,3
average,3
precise,3
d,3
substantial,3
much,3
north,3
should,3
overlaid,2
currently,2
metal,2
common,2
indicated,2
meaning,2
corruption,2
e,2
eliminated,2
they,2
needed,2
conducted,2
true,2
sets,2
managing,2
ram,2
descriptions,2
roadways,2
computerizedarchitectural,2
permit,2
isthmus,2
pink,2
production,2
taken,2
saves,2
s,2
great,2
simple,2
link,2
take,2
remainder,2
checked,2
surveys,2
intersection,2
scanner,2
side,2
forum,2
recorded,2
eventual,2
east,2
softdesk,2
slight,2
eliminating,2
photographic,2
collection,2
central,2
assignment,2
thus,2
angles,2
explained,2
ease,2
gilman,2
plotting,2
application,2
century,2
adjustment,2
times,2
storage,2
y,2
archaeologist,2
romano,2
operation,2
philadelphia,2
basic,2
contour,2
rescue,2
importance,2
adjustments,2
parts,2
benjamin,2
sanctuary,2
matched,2
marks,2
director,2
squares,2
four,2
show,2
readings,2
beyond,2
fixed,2
helped,2
appear,2
uses,2
train,2
color,2
access,2
objectives,2
msec,2
meter,2
neighboring,2
technical,2
summagraphics,2
amphitheater,2
required,2
corinthia,2
possibility,2
eliminate,2
sites,2
having,2
planning,2
received,2
coded,2
experience,2
fit,2
older,2
reflect,2
own,2
lietz,2
earth,2
good,2
around,2
optical,2
visible,2
proper,2
schematic,2
seemed,2
periods,2
portion,2
service,2
still,2
reconstruction,2
dimensional,2
about,2
database,2
serve,2
under,2
perceived,2
adjusted,2
assistance,2
reports,2
williams,2
useful,2
rather,2
unlimited,2
main,2
consideration,2
villa,2
environs,2
devoted,2
superimposed,2
edm,2
jobs,2
material,2
encountered,2
another,2
summers,2
situated,2
completed,2
upon,2
previously,2
virtually,2
actual,2
students,2
prevents,2
gate,2
divisions,2
features,2
reconstructed,2
provides,2
associated,2
systems,2
relation,2
northgate,2
sight,2
probably,2
trigonometric,2
figures,2
separate,2
scsi,2
specifications,2
bon,2
applications,2
note,2
segments,2
five,2
inside,2
wilson,2
transformation,2
antiquity,2
face,2
bench,2
mentioned,2
must,2
athens,2
insulae,2
satellite,2
drafting,2
specialized,2
board,2
best,2
printed,2
current,2
linked,2
tacks,2
reflected,2
historical,2
proposed,2
what,2
automatically,2
curvature,2
whether,2
terms,2
saronic,2
while,2
noticed,2
emphasis,2
boston,2
sea,2
screen,2
pole,2
until,2
recording,2
difference,2
summit,2
course,2
need,2
green,2
piece,2
measured,2
remains,2
increased,2
sides,2
restored,2
themselves,2
c,2
geographical,2
early,2
entire,2
immediately,2
successive,2
indicating,2
final,1
difficult,1
done,1
antoine,1
emissions,1
oriented,1
calibrated,1
horizontal,1
fortified,1
market,1
sicyon,1
resulted,1
math,1
measures,1
mapmaking,1
combine,1
considerably,1
utility,1
connect,1
village,1
conversion,1
overland,1
group,1
measurable,1
replaced,1
mounted,1
kinds,1
designed,1
entries,1
join,1
rewards,1
di,1
pressing,1
originals,1
former,1
reasonably,1
hours,1
devices,1
peloponnesos,1
recreation,1
mainland,1
history,1
before,1
moving,1
iwo,1
tripod,1
edge,1
test,1
file,1
lower,1
esdi,1
consistent,1
member,1
coding,1
olive,1
sources,1
every,1
advisable,1
barometric,1
orchards,1
hellenic,1
fund,1
meters,1
might,1
season,1
terrain,1
nature,1
liberty,1
confirmed,1
friendly,1
company,1
excavating,1
monitor,1
differences,1
accumulated,1
producing,1
carrying,1
restudied,1
promontory,1
real,1
reproduction,1
subsequent,1
nil,1
feature,1
isthmian,1
devised,1
date,1
manipulating,1
precisely,1
principal,1
routines,1
opposite,1
blimp,1
reading,1
context,1
contents,1
concealed,1
case,1
takes,1
corresponded,1
spherical,1
ltd,1
eastern,1
tie,1
key,1
capacity,1
primary,1
spruce,1
u,1
draw,1
addresses,1
underneath,1
batteries,1
account,1
occupying,1
capable,1
activity,1
drive,1
april,1
solely,1
west,1
pairs,1
sent,1
along,1
draftsman,1
electromagnetic,1
framework,1
furthering,1
human,1
frequencies,1
della,1
pen,1
retaining,1
romanization,1
cleonae,1
nn,1
spectrum,1
difficulties,1
summasketch,1
equalize,1
calculated,1
rotating,1
september,1
g,1
author,1
redrawing,1
corner,1
dozen,1
reproduced,1
mailing,1
obsolete,1
convention,1
employing,1
lli,1
nr,1
kind,1
ai,1
initiate,1
tape,1
economical,1
elements,1
old,1
urbanization,1
depend,1
refer,1
modifying,1
machines,1
ik,1
allowing,1
walkie,1
alkaline,1
module,1
ironing,1
like,1
student,1
instruments,1
corrected,1
niagara,1
though,1
haze,1
adjust,1
once,1
disks,1
finances,1
unlikely,1
employ,1
fort,1
recognized,1
simplified,1
town,1
essential,1
plotted,1
costs,1
exact,1
traverse,1
ordinance,1
encompassed,1
checks,1
developed,1
adds,1
compatible,1
how,1
remain,1
landscape,1
levels,1
calculates,1
quarterkraneion,1
opportunity,1
determining,1
after,1
persistent,1
supplement,1
connected,1
their,1
ofaccuracy,1
factors,1
support,1
means,1
ij,1
send,1
layering,1
changes,1
acquisition,1
facilitated,1
operates,1
locally,1
cad,1
slowly,1
anaploga,1
intersecting,1
specify,1
asiklepieion,1
just,1
reviewed,1
listed,1
proven,1
agraduate,1
graphic,1
store,1
additional,1
position,1
requires,1
instance,1
triangle,1
hypertext,1
imbedded,1
ranges,1
closely,1
antiquaries,1
lead,1
nancy,1
acknowledgments,1
entered,1
plot,1
hands,1
typical,1
relating,1
scaling,1
changed,1
deal,1
format,1
noting,1
almost,1
sends,1
evaluate,1
density,1
fourth,1
archeologica,1
shall,1
equal,1
corinthians,1
rent,1
acropolis,1
block,1
gymnasiuamphithater,1
mummius,1
precautions,1
recently,1
companies,1
riomischen,1
analogous,1
applied,1
alf,1
otherwise,1
placed,1
however,1
procedures,1
wide,1
photo,1
creates,1
receive,1
gained,1
keeping,1
degrees,1
ofmichigan,1
romans,1
consecutive,1
vertices,1
abroad,1
macleay,1
nearest,1
nemea,1
walkietalkie,1
purpose,1
training,1
scuola,1
communication,1
overlay,1
related,1
year,1
fail,1
place,1
literally,1
faint,1
records,1
actually,1
runs,1
wavelength,1
diconix,1
surrounding,1
warped,1
employed,1
smallest,1
archaeologists,1
conform,1
epson,1
kay,1
graduate,1
tolerance,1
errors,1
either,1
demeter,1
solution,1
optimal,1
closing,1
caused,1
working,1
below,1
stage,1
tested,1
box,1
theater,1
midst,1
marinship,1
involved,1
heat,1
reconstructions,1
intervals,1
habitation,1
few,1
accomplished,1
compatibility,1
executed,1
facility,1
cenchreai,1
research,1
choosing,1
distinguished,1
differing,1
yielded,1
fully,1
annual,1
st,1
tethered,1
results,1
pa,1
und,1
notice,1
notes,1
computation,1
bernoulli,1
increments,1
emitted,1
moved,1
valuable,1
society,1
south,1
refounding,1
mhz,1
hatch,1
became,1
truncation,1
likely,1
reduced,1
kore,1
calibration,1
rome,1
architecture,1
douai,1
located,1
newest,1
corporation,1
return,1
distanceerror,1
nearly,1
fastened,1
positioned,1
expanded,1
initially,1
adjusting,1
newton,1
magenta,1
hold,1
va,1
religious,1
tends,1
direction,1
evenly,1
calculate,1
interpretation,1
auspices,1
permission,1
extraneous,1
read,1
lemon,1
borrowed,1
technology,1
modulated,1
ne,1
orange,1
puzzle,1
orders,1
arcs,1
agrimensores,1
outlined,1
gratifying,1
al,1
containing,1
department,1
noted,1
published,1
street,1
members,1
extracted,1
sgt,1
paul,1
shots,1
frederick,1
scan,1
factory,1
others,1
addition,1
added,1
projects,1
financial,1
release,1
seconds,1
longer,1
storing,1
blocks,1
cumulative,1
et,1
copied,1
talkies,1
choice,1
enable,1
larger,1
utilizing,1
calcomp,1
substantially,1
identical,1
considerable,1
electronically,1
battery,1
never,1
conclusions,1
outside,1
took,1
impractical,1
iiio,1
v,1
manner,1
road,1
digitization,1
ensured,1
accepted,1
relevant,1
rechargeable,1
forth,1
ahead,1
ao,1
fieldwork,1
fortification,1
guarantees,1
ellipsoidal,1
transparent,1
elevation,1
bibliographic,1
thousands,1
original,1
powered,1
analyzed,1
understanding,1
greatest,1
investigated,1
divided,1
ofdavid,1
treated,1
easier,1
helps,1
reflectors,1
patricia,1
atene,1
aa,1
upgraded,1
varying,1
significant,1
defences,1
backups,1
conditions,1
continue,1
multispectral,1
aids,1
redone,1
advantages,1
theories,1
aufstieg,1
involves,1
described,1
templates,1
scanning,1
significance,1
comprehensive,1
publication,1
roadbeds,1
subvention,1
individual,1
helpful,1
collected,1
serves,1
kept,1
configurations,1
earlier,1
keeper,1
commercially,1
imm,1
exchange,1
educational,1
italione,1
especially,1
comparing,1
article,1
methods,1
become,1
supported,1
corners,1
slightly,1
differ,1
ate,1
northern,1
destruction,1
beam,1
dilke,1
division,1
supplemental,1
lucius,1
seasons,1
niedergang,1
relying,1
triangles,1
continued,1
george,1
movements,1
usually,1
nh,1
practical,1
testing,1
pieces,1
hill,1
jli,1
begin,1
vertical,1
insufficient,1
primarily,1
bulletin,1
consul,1
army,1
directions,1
seen,1
detailed,1
force,1
returned,1
rapidly,1
responsible,1
extra,1
analysis,1
united,1
hope,1
composed,1
roma,1
extremely,1
superimposing,1
digitize,1
arts,1
interpolated,1
addressed,1
following,1
leveling,1
kodak,1
senior,1
sorting,1
comes,1
changing,1
incorporated,1
founded,1
simplify,1
log,1
too,1
nasa,1
slope,1
trenches,1
distributes,1
welt,1
creases,1
column,1
der,1
dimension,1
principle,1
drawingconversion,1
readily,1
rented,1
did,1
down,1
straightforward,1
returns,1
iii,1
superposition,1
job,1
grey,1
far,1
constant,1
associations,1
placing,1
closest,1
utilized,1
type,1
absolutely,1
bands,1
ideally,1
evident,1
concrete,1
turned,1
beginning,1
lens,1
delineated,1
communicate,1
carefully,1
transfers,1
list,1
duplication,1
cause,1
pertinent,1
missioni,1
maintain,1
converting,1
revolutionizing,1
axis,1
problem,1
extent,1
telescoping,1
foundations,1
weights,1
notebooks,1
delle,1
resident,1
hundreds,1
contain,1
finished,1
conveniently,1
level,1
occasionally,1
careful,1
code,1
thereby,1
attached,1
scott,1
uniform,1
preferable,1
atmospheric,1
datum,1
press,1
oriente,1
november,1
easy,1
techniques,1
rendering,1
investment,1
commissioned,1
territory,1
sheets,1
reconstruct,1
world,1
allows,1
isolated,1
precision,1
pair,1
named,1
question,1
formation,1
layers,1
shown,1
spring,1
entity,1
observed,1
intern,1
copies,1
numerous,1
internally,1
grant,1
charge,1
accept,1
corinthiromano,1
redrawn,1
spectra,1
integrated,1
citadel,1
facilitates,1
states,1
modules,1
exceeding,1
braziller,1
off,1
plotter,1
enclosed,1
civilworks,1
drift,1
written,1
modeling,1
removing,1
calibrating,1
element,1
ks,1
images,1
among,1
whenever,1
zones,1
famous,1
building,1
built,1
pillars,1
retention,1
looking,1
