WORDCOUNTS,WEIGHT
the,402
of,268
and,174
in,125
to,91
a,87
that,73
as,63
maya,41
is,37
this,35
or,34
collapse,33
be,32
not,31
classic,30
for,29
by,27
from,27
an,24
on,24
it,23
we,23
political,22
at,20
i,20
was,19
their,18
were,17
with,17
cultural,16
but,16
can,16
other,15
more,15
new,15
are,14
university,14
one,13
even,13
than,13
may,13
these,13
lowlands,12
think,12
have,12
such,11
mesopotamian,11
most,11
sites,11
only,11
postclassic,11
roman,11
no,10
he,10
what,10
when,10
out,9
yoffee,9
book,9
which,9
so,9
after,9
if,8
his,8
well,8
decline,8
lowland,8
empire,8
period,8
over,8
while,8
states,8
much,8
should,8
e,7
into,7
unity,7
had,7
p,7
social,7
mesopotamia,7
fact,7
time,7
do,7
has,7
any,7
cities,7
city,7
press,7
early,7
does,6
king,6
civilization,6
rather,6
balam,6
place,6
change,6
least,6
settlement,6
research,6
preclassic,6
power,6
demographic,6
really,6
bowersock,6
been,6
must,6
did,6
whether,6
both,6
come,6
between,6
order,5
all,5
great,5
disappearance,5
millon,5
there,5
state,5
precisely,5
seminar,5
old,5
could,5
its,5
during,5
chilam,5
rome,5
continuity,5
under,5
us,5
ancient,5
also,5
end,5
institution,5
destruction,5
adaptive,5
who,5
conclusion,5
theory,5
years,5
norman,5
texts,5
names,4
they,4
large,4
total,4
carnegie,4
within,4
system,4
case,4
chapter,4
some,4
archaeological,4
beneath,4
century,4
certain,4
civilizations,4
organization,4
just,4
kingship,4
mesoamerican,4
late,4
reviews,4
population,4
because,4
data,4
r,4
people,4
volume,4
texas,4
will,4
pp,4
longer,4
sumerian,4
patterns,4
polities,4
rulers,4
ethnic,4
andrews,4
peter,4
provide,4
often,4
known,4
here,4
different,4
very,4
terms,4
list,4
particular,4
evidence,4
among,4
now,3
groups,3
identity,3
american,3
complex,3
either,3
attempt,3
advanced,3
nature,3
s,3
those,3
far,3
localized,3
central,3
royal,3
adams,3
nor,3
journal,3
apparently,3
reflects,3
l,3
bronson,3
earlier,3
changes,3
consider,3
dominant,3
conquest,3
centers,3
changed,3
tikal,3
reader,3
culbert,3
field,3
archaeology,3
small,3
several,3
world,3
gordon,3
society,3
periods,3
populations,3
sar,3
southern,3
about,3
culture,3
idea,3
consideration,3
scholars,3
larger,3
distinct,3
never,3
model,3
where,3
material,3
books,3
style,3
local,3
original,3
ruling,3
significant,3
willey,3
nothing,3
reality,3
authors,3
dominated,3
general,3
mexico,3
why,3
editors,3
george,3
wyllys,3
institutions,3
transformation,3
fall,3
kings,3
itself,3
series,3
precise,3
historical,3
past,3
chicago,3
investigation,3
art,3
presented,3
given,3
ac,3
strong,3
our,3
analogy,3
smaller,3
major,3
final,2
common,2
way,2
intriguing,2
linguistic,2
center,2
live,2
constitutes,2
approaches,2
former,2
easily,2
history,2
occurred,2
ideas,2
long,2
taken,2
might,2
official,2
definition,2
tradition,2
twenty,2
together,2
senses,2
found,2
able,2
concludes,2
real,2
sacred,2
robert,2
depends,2
existence,2
suspect,2
east,2
formulation,2
foreigners,2
move,2
information,2
west,2
taking,2
point,2
say,2
conception,2
frenzy,2
framework,2
chapters,2
throughout,2
surely,2
against,2
g,2
jeremy,2
exhausted,2
elements,2
david,2
perspective,2
back,2
find,2
like,2
look,2
leadership,2
opposed,2
teotihuacin,2
sort,2
basic,2
posits,2
landscape,2
munro,2
similar,2
parts,2
means,2
empires,2
provinces,2
maintaining,2
legitimizing,2
established,2
dominate,2
follow,2
beyond,2
m,2
dynastic,2
view,2
result,2
my,2
came,2
societies,2
appearance,2
rule,2
inherent,2
attack,2
further,2
chinese,2
trappings,2
appears,2
symbols,2
explain,2
dumbarton,2
possibility,2
sparse,2
bc,2
ideal,2
teotihuacan,2
part,2
aztec,2
zone,2
call,2
personal,2
recites,2
believes,2
own,2
count,2
approach,2
regions,2
thus,2
politically,2
cellular,2
spanish,2
soil,2
highly,2
always,2
up,2
describes,2
hanen,2
value,2
am,2
morphology,2
situation,2
logically,2
short,2
comparative,2
yucatan,2
forward,2
hammond,2
community,2
formative,2
make,2
comments,2
ask,2
religious,2
templo,2
positive,2
thorkild,2
once,2
makes,2
read,2
message,2
same,2
indian,2
two,2
department,2
subjective,2
lack,2
put,2
water,2
shows,2
ceramic,2
temples,2
instability,2
ought,2
classical,2
collapses,2
pattern,2
discussed,2
observes,2
simple,2
forms,2
v,2
intersite,2
less,2
see,2
perceives,2
perhaps,2
shifts,2
recommend,2
mccormick,2
another,2
mythic,2
explanation,2
depended,2
skeletal,2
use,2
assumption,2
peten,2
examination,2
theoretical,2
stelae,2
discovered,2
publication,2
language,2
essay,2
held,2
individual,2
times,2
would,2
antiquity,2
article,2
systems,2
evolutionary,2
excluded,2
probably,2
saw,2
tendency,2
carried,2
me,2
transformations,2
continued,2
ideology,2
yucatin,2
seen,2
quite,2
existed,2
types,2
centuries,2
instances,2
stable,2
considered,2
school,2
cowgill,2
ralph,2
charles,2
few,2
natural,2
control,2
attribute,2
seem,2
gone,2
entrenched,2
cyclical,2
current,2
regard,2
observe,2
particularly,2
beginning,2
correlate,2
maintain,2
writes,2
ceased,2
distribution,2
institute,2
middle,2
through,2
role,2
went,2
colonial,2
challenges,2
sabloff,2
formation,2
washington,2
puleston,2
need,2
specific,2
themselves,2
carthage,2
little,2
belize,2
comparable,2
discern,2
countryside,1
carved,1
difficult,1
formulated,1
possessed,1
validation,1
humankind,1
concerned,1
later,1
meaning,1
integrating,1
represent,1
episodes,1
jane,1
assembles,1
sumerians,1
introduction,1
compensated,1
string,1
connect,1
mesoamerica,1
elementary,1
achievements,1
perpetuate,1
drastically,1
edmonson,1
multifaceted,1
ma,1
uniquely,1
roys,1
true,1
h,1
sudden,1
chichen,1
han,1
merida,1
decade,1
ideals,1
western,1
excavation,1
presents,1
something,1
ofhistory,1
themes,1
negative,1
predominantly,1
first,1
anything,1
cries,1
every,1
certainly,1
preceding,1
production,1
greatness,1
originally,1
implications,1
attempts,1
military,1
culturally,1
script,1
rational,1
discerned,1
diseases,1
seems,1
words,1
mirador,1
dramatically,1
kinich,1
comparatively,1
immense,1
kurjack,1
scientists,1
individuals,1
accompanied,1
desire,1
highland,1
babylon,1
reasons,1
differences,1
gradual,1
analyses,1
origin,1
borne,1
studied,1
proves,1
substantive,1
personages,1
tx,1
resulting,1
evolving,1
emblem,1
persistence,1
last,1
faithful,1
conserve,1
principal,1
normal,1
decreased,1
alike,1
reading,1
somewhat,1
tuns,1
racial,1
worldwide,1
el,1
papers,1
bluntly,1
epistemological,1
kingdoms,1
takes,1
chumayel,1
dearth,1
plains,1
alfred,1
plain,1
recorded,1
persian,1
historians,1
advice,1
primary,1
mutation,1
visigoths,1
march,1
ridicule,1
suicide,1
quantities,1
italian,1
logical,1
neighbor,1
condition,1
burning,1
powers,1
terminus,1
hun,1
obvious,1
apart,1
bit,1
nakbe,1
x,1
consequent,1
relocated,1
chart,1
apply,1
compares,1
correlation,1
himself,1
ritual,1
disjunction,1
suspecting,1
collection,1
wherever,1
flaunted,1
human,1
conflict,1
technologically,1
zeitschrift,1
hypothesizes,1
chiefs,1
coups,1
relationships,1
historically,1
drastic,1
pockets,1
accounted,1
realignment,1
run,1
since,1
tables,1
hierarchy,1
millennium,1
authoritative,1
reflection,1
characteristic,1
regarded,1
interchangeably,1
contributors,1
brother,1
santa,1
rigorously,1
humbler,1
constellation,1
topic,1
barrier,1
vanished,1
affairs,1
kind,1
cases,1
decisions,1
destroyed,1
citystates,1
transcends,1
refer,1
profound,1
subjects,1
allocating,1
response,1
extraordinary,1
served,1
compared,1
left,1
continuous,1
third,1
truly,1
thin,1
vanish,1
yucattin,1
arab,1
stimulating,1
disruptions,1
kimbell,1
pronounced,1
hammurabi,1
teotihuacanos,1
traumatic,1
higher,1
seventh,1
site,1
fort,1
played,1
precincts,1
costs,1
marsha,1
growth,1
destroy,1
moo,1
incoherent,1
remain,1
edward,1
agonizing,1
administrative,1
explicit,1
centralization,1
capture,1
process,1
mean,1
knew,1
stranger,1
represented,1
outward,1
neighborhood,1
legal,1
humanity,1
marcus,1
study,1
impressed,1
feel,1
periodic,1
absorbed,1
risks,1
jargon,1
support,1
marks,1
biased,1
possibly,1
benefits,1
languages,1
emergence,1
consolidate,1
presumably,1
byzantine,1
traces,1
argued,1
reviewed,1
w,1
periodically,1
benefited,1
four,1
show,1
superior,1
origins,1
peru,1
efficient,1
followed,1
rice,1
boundary,1
destructive,1
care,1
important,1
providing,1
appear,1
numerical,1
methodology,1
perceive,1
mathews,1
disappeared,1
greater,1
hocart,1
moving,1
klassichen,1
advance,1
lead,1
introduce,1
path,1
location,1
histories,1
demise,1
houses,1
arabs,1
chopped,1
resembles,1
underneath,1
rebirth,1
noting,1
dumdzil,1
deciphering,1
oftenexpressed,1
big,1
density,1
gaul,1
outset,1
hamburger,1
effective,1
expressly,1
heaven,1
dynasty,1
suffered,1
surrounded,1
grounds,1
fish,1
wealth,1
kuk,1
absolute,1
wide,1
gods,1
failure,1
having,1
future,1
line,1
correctly,1
literature,1
formerly,1
inferred,1
ofchilam,1
start,1
nine,1
brought,1
characterization,1
competing,1
example,1
knowledge,1
apparent,1
indigenous,1
insuperable,1
description,1
whole,1
used,1
dynasties,1
describe,1
uitzil,1
northwest,1
literally,1
partly,1
harakiri,1
comprehensible,1
actually,1
oaks,1
documented,1
mathematical,1
rene,1
plurality,1
employed,1
il,1
systematic,1
capacities,1
interpreted,1
miss,1
ethnicity,1
scheduled,1
graduate,1
presumption,1
t,1
normally,1
sense,1
successful,1
caused,1
andes,1
theoretically,1
suggest,1
contrast,1
mediterranean,1
discourse,1
diagnostic,1
event,1
around,1
troubles,1
talents,1
consensus,1
eleven,1
dismantle,1
grow,1
constantinople,1
boundaries,1
seeds,1
impossible,1
name,1
generally,1
progress,1
majority,1
resistance,1
distinguishing,1
cycle,1
notes,1
lincoln,1
ninth,1
amorites,1
rehearsal,1
smashed,1
reigns,1
limelight,1
survived,1
prescribed,1
chronological,1
south,1
happen,1
units,1
forever,1
nonetheless,1
territorial,1
punic,1
various,1
shedding,1
cosmological,1
mechanisms,1
indeed,1
synthesis,1
overall,1
islands,1
exception,1
standardization,1
standing,1
initially,1
movement,1
collapsed,1
modes,1
roads,1
seemingly,1
selection,1
structural,1
spectacular,1
single,1
biological,1
guide,1
hellenistic,1
depicted,1
turmoil,1
portrayed,1
interpretation,1
museum,1
franks,1
thought,1
successively,1
den,1
god,1
selective,1
neither,1
tizimin,1
index,1
perceived,1
marshall,1
participants,1
included,1
extravagant,1
falls,1
guatemala,1
pretentious,1
ed,1
assyrians,1
cyclic,1
acknowledging,1
largest,1
without,1
insights,1
speaking,1
rise,1
enterprises,1
avoided,1
picture,1
published,1
hallmark,1
considers,1
intrigues,1
heritage,1
precariously,1
hieroglyphics,1
subcontinent,1
toward,1
again,1
fragmentation,1
death,1
morley,1
similarly,1
towards,1
monolith,1
misguided,1
herbert,1
joyce,1
lengthy,1
cecelia,1
chac,1
polluted,1
teotihuactn,1
rebuilding,1
reasoning,1
substantially,1
formulating,1
appropriately,1
gothic,1
external,1
unparochial,1
confederacy,1
anthropologist,1
ages,1
conclusions,1
outside,1
took,1
fits,1
consciously,1
yucatecan,1
spain,1
geography,1
remarkable,1
threads,1
metaphors,1
unit,1
orderly,1
purposes,1
entity,1
seventeenth,1
pruned,1
relevant,1
celebrated,1
tell,1
lines,1
necessary,1
dislocations,1
kakupacal,1
belief,1
conquer,1
number,1
explicitly,1
remarkably,1
refuted,1
perseverance,1
outlines,1
thoroughly,1
argues,1
empirically,1
displace,1
greatest,1
meaningful,1
coherent,1
examples,1
considering,1
background,1
easier,1
failings,1
organisms,1
values,1
pathology,1
writings,1
region,1
passes,1
looking,1
sufficiently,1
manifestations,1
scrapped,1
epigraphic,1
hieroglyphic,1
ethnologie,1
ostrogothic,1
varying,1
entirely,1
asian,1
skeptical,1
food,1
persisted,1
mysticism,1
emphasize,1
refers,1
assume,1
aside,1
harvard,1
questions,1
evolution,1
styles,1
continue,1
exams,1
sees,1
theories,1
students,1
continuities,1
discontinuities,1
described,1
meanings,1
clear,1
three,1
moral,1
refreshingly,1
comprehensive,1
express,1
points,1
ottoman,1
maintenance,1
truest,1
symposium,1
pride,1
architectural,1
homes,1
started,1
georges,1
serves,1
profitably,1
kept,1
renewal,1
abundant,1
provides,1
lose,1
thomas,1
especially,1
comparing,1
somehow,1
internal,1
qualities,1
parallel,1
become,1
sight,1
examine,1
principate,1
ethnohistory,1
directs,1
preand,1
analyze,1
guess,1
blood,1
italy,1
equivalent,1
northern,1
attracted,1
regimes,1
attention,1
yucatec,1
reluctant,1
anatomy,1
increasing,1
entitled,1
implicitly,1
consists,1
asking,1
assyrian,1
discussing,1
fueled,1
imply,1
indoeuropean,1
today,1
independent,1
redefine,1
shortest,1
science,1
sometimes,1
usually,1
foreign,1
palenque,1
superimposed,1
sirloin,1
fewer,1
urges,1
monuments,1
dimensions,1
transformed,1
strongly,1
paradoxical,1
shells,1
indicate,1
dynamism,1
barbarian,1
class,1
analysis,1
fe,1
decreasing,1
shooting,1
repressed,1
unusual,1
interpretive,1
fought,1
vigor,1
addressed,1
contained,1
authorities,1
then,1
exemplified,1
complexity,1
homogeneity,1
ever,1
scarcely,1
symbolic,1
exposition,1
cuneiform,1
ignore,1
alludes,1
text,1
disdain,1
organizational,1
set,1
differentiated,1
erected,1
know,1
defining,1
ritualistic,1
each,1
sure,1
paper,1
migration,1
nobility,1
confident,1
key,1
believe,1
visigothic,1
alexander,1
down,1
sargon,1
akkadian,1
dennis,1
thoroughness,1
spaniards,1
losses,1
expresses,1
infer,1
attractions,1
benefit,1
teotihuachn,1
domesticated,1
elsewhere,1
distinctive,1
emerges,1
advances,1
better,1
outlook,1
born,1
according,1
ethnically,1
ruins,1
noncircular,1
perched,1
reign,1
circles,1
unique,1
form,1
ones,1
rising,1
cause,1
agricultural,1
passed,1
lengths,1
isbn,1
interval,1
karstic,1
adaptation,1
inscriptions,1
yaxhai,1
prestige,1
studying,1
require,1
kaufman,1
cloth,1
produce,1
imperial,1
huge,1
don,1
suggests,1
emphasis,1
suspicion,1
lends,1
rendition,1
popular,1
presume,1
outline,1
occasionally,1
careful,1
recognition,1
marked,1
uniform,1
revolutions,1
strangers,1
became,1
hieroglyphs,1
mayor,1
intended,1
transition,1
kassites,1
territory,1
disappears,1
substance,1
lesson,1
summarizes,1
disconcerting,1
phenomenon,1
gain,1
contrasts,1
energies,1
question,1
wild,1
shown,1
until,1
models,1
survival,1
argument,1
invasion,1
disappear,1
resist,1
paradigm,1
numerous,1
accept,1
wondering,1
parallels,1
although,1
autosacrifice,1
product,1
clearest,1
integration,1
defined,1
forming,1
philosophy,1
area,1
shift,1
definitive,1
summary,1
inclination,1
leads,1
supported,1
besides,1
klein,1
ascendancy,1
scholarship,1
succeeded,1
era,1
conceptual,1
sharing,1
element,1
entire,1
interaction,1
traditional,1
focus,1
seek,1
drew,1
zones,1
successive,1
resources,1
fur,1
arizona,1
ploy,1
faction,1
hypothesis,1
