WORDCOUNTS,WEIGHT
the,201
of,94
in,76
and,75
a,47
to,47
is,46
as,31
that,31
this,25
by,21
from,19
at,18
be,17
with,16
are,15
it,14
svoboda,14
on,13
not,12
have,12
but,11
an,10
paleolithic,8
for,8
will,7
gravettian,7
his,7
been,7
aurignacian,7
book,7
other,7
were,7
there,7
dolni,7
upper,7
its,7
which,7
was,6
here,6
all,6
czech,6
chapter,6
vlek,6
research,6
he,5
no,5
moravia,5
two,5
more,5
has,5
europe,5
present,5
well,5
sites,5
work,5
both,5
period,5
early,5
much,5
evidence,5
interglacial,4
situation,4
neanderthal,4
various,4
one,4
represents,4
elsewhere,4
long,4
lozek,4
great,4
bohunician,4
glacial,4
last,4
what,4
szeletian,4
new,4
middle,4
during,4
since,4
regarded,4
area,4
between,4
than,4
should,4
erectus,3
homo,3
maps,3
site,3
above,3
pk,3
certain,3
their,3
h,3
modern,3
into,3
said,3
first,3
known,3
text,3
raw,3
piedmosti,3
obviously,3
i,3
population,3
number,3
some,3
including,3
very,3
divided,3
central,3
would,3
finds,3
earlier,3
communication,3
those,3
equivalent,3
details,3
chronological,2
contacts,2
vwstonice,2
now,2
high,2
table,2
neanderthals,2
concerned,2
figure,2
names,2
account,2
implies,2
who,2
whereby,2
deals,2
contributions,2
makes,2
introductory,2
whole,2
itself,2
earliest,2
under,2
western,2
history,2
then,2
series,2
outlined,2
al,2
version,2
these,2
lower,2
regional,2
picture,2
strinski,2
position,2
rather,2
plenum,2
human,2
ii,2
paleolitmoravy,2
humans,2
presents,2
j,2
longer,2
appendix,2
origin,2
iii,2
particularly,2
out,2
deal,2
far,2
doubt,2
pavlovian,2
survey,2
pattern,2
man,2
state,2
took,2
sparse,2
beginning,2
v,2
occupation,2
cultural,2
where,2
reviews,2
particular,2
des,2
material,2
record,2
east,2
extent,2
gives,2
local,2
basis,2
background,2
treated,2
made,2
bibliography,2
must,2
west,2
region,2
story,2
point,2
three,2
subject,2
vojen,2
significant,2
emanuel,2
corresponding,2
chapters,2
et,2
throughout,2
named,2
described,2
denekamp,2
such,2
years,2
recent,2
sapiens,2
reveals,2
tables,2
numerous,2
authors,2
t,2
de,2
points,2
change,2
excavated,2
although,2
spread,2
specialists,2
so,2
archaeology,2
transitional,2
settlement,2
distinct,2
least,2
characteristics,2
back,2
dates,2
excavations,2
up,2
entire,2
results,2
figures,2
cycle,2
concise,2
attention,2
moravian,2
industries,1
contributes,1
model,1
skila,1
phases,1
may,1
dealing,1
european,1
carried,1
massif,1
embarked,1
morphology,1
does,1
separation,1
margins,1
interesting,1
interstadial,1
likely,1
compares,1
communist,1
biocultural,1
essential,1
minor,1
matter,1
contact,1
way,1
exact,1
testimony,1
provide,1
bulk,1
populations,1
identified,1
foreign,1
groups,1
centered,1
indeed,1
imported,1
concentrated,1
service,1
labeled,1
functional,1
universite,1
museum,1
culminated,1
foreword,1
environmental,1
forward,1
indicated,1
rastplatzes,1
primarily,1
subsistence,1
inanthropozoikum,1
concluding,1
seen,1
transformed,1
still,1
considerably,1
francouzskai,1
indicates,1
after,1
eight,1
everybody,1
landscapes,1
usefiully,1
southern,1
janusz,1
ongoing,1
judged,1
silvana,1
brno,1
easternmost,1
responsible,1
spectacular,1
illustrations,1
analysis,1
existed,1
summarized,1
about,1
precede,1
list,1
coherence,1
surprising,1
second,1
space,1
springs,1
relied,1
interpretation,1
strictly,1
reference,1
inconsistent,1
remains,1
easily,1
changes,1
provinces,1
paradigms,1
environment,1
relationships,1
country,1
brickyard,1
discerned,1
magdalenians,1
former,1
considered,1
university,1
matters,1
eraul,1
austria,1
magdalenian,1
us,1
organization,1
index,1
acquired,1
definition,1
languages,1
title,1
stratigraphic,1
any,1
updating,1
loess,1
just,1
our,1
always,1
conceding,1
following,1
interpretative,1
squares,1
generally,1
traces,1
acheulean,1
gradually,1
revision,1
mentioned,1
located,1
reviewed,1
profile,1
du,1
incorporated,1
jamaica,1
peoples,1
belonging,1
presumed,1
orientation,1
most,1
department,1
extensive,1
endocranial,1
speaking,1
had,1
anything,1
cast,1
only,1
surface,1
either,1
published,1
unearthed,1
favors,1
followed,1
regime,1
volume,1
street,1
contradict,1
fire,1
exploitation,1
mona,1
chronologically,1
fistav,1
der,1
continue,1
implications,1
stated,1
required,1
important,1
links,1
mark,1
might,1
others,1
rapid,1
pointed,1
appear,1
rejects,1
olga,1
concede,1
whereas,1
descriptive,1
seems,1
correspond,1
adherence,1
paper,1
expressed,1
cultures,1
unacquainted,1
iiib,1
makowsky,1
incorporates,1
fact,1
regrettable,1
idea,1
key,1
wide,1
unambiguously,1
underestimated,1
did,1
could,1
advantage,1
appearance,1
suggesting,1
archeologickl,1
skeletons,1
broadly,1
difficulty,1
vlicek,1
soffer,1
regard,1
scenario,1
p,1
pierre,1
relating,1
time,1
micoquian,1
follows,1
superposition,1
pekairna,1
associates,1
clearly,1
international,1
how,1
concludes,1
end,1
paldiolithischen,1
generalized,1
czudek,1
considerable,1
succeeding,1
accepts,1
achieved,1
proofreading,1
featuresreminiscent,1
forms,1
further,1
pioneered,1
do,1
classified,1
chain,1
investigations,1
headings,1
caves,1
workshop,1
within,1
convenient,1
investigation,1
treat,1
concedes,1
burial,1
them,1
appears,1
unclear,1
lofek,1
terms,1
reached,1
michael,1
pleistozans,1
dispersal,1
making,1
accounts,1
case,1
pertinent,1
takes,1
maintain,1
xiv,1
tension,1
swing,1
ziegelei,1
rounds,1
isbn,1
pleistocene,1
petfkovice,1
interval,1
eastern,1
flint,1
problem,1
distance,1
consisting,1
nonetheless,1
ecozones,1
her,1
condemi,1
correlates,1
influenced,1
draw,1
institute,1
because,1
circle,1
studying,1
march,1
secure,1
cloth,1
typographical,1
having,1
classical,1
feuilles,1
information,1
discordance,1
original,1
almost,1
demonstrated,1
development,1
welcome,1
phenomena,1
entirety,1
possible,1
e,1
future,1
maximum,1
lifetime,1
art,1
discussion,1
disrespect,1
alter,1
researchers,1
little,1
tool,1
move,1
presented,1
carries,1
interpleniglacial,1
obvious,1
bohemian,1
concept,1
say,1
slezska,1
fuill,1
explains,1
previously,1
resources,1
knowledge,1
confirm,1
republic,1
along,1
envisages,1
journal,1
himself,1
skeletal,1
presentations,1
description,1
transition,1
ignorant,1
went,1
adapted,1
generalizing,1
kostenki,1
kingston,1
discussions,1
intermediate,1
focus,1
place,1
rivers,1
reliably,1
mousterian,1
climatic,1
world,1
mention,1
exposed,1
pedocomplexes,1
und,1
exist,1
aspect,1
processes,1
maintains,1
vladimir,1
thus,1
precision,1
individuals,1
come,1
fruits,1
personal,1
previous,1
review,1
diagram,1
germany,1
surely,1
devoted,1
dating,1
systematic,1
showing,1
explained,1
quality,1
lands,1
clear,1
trends,1
due,1
attributed,1
archaeological,1
reality,1
creators,1
jiri,1
errors,1
materials,1
publication,1
likewise,1
accept,1
characteristic,1
relatively,1
large,1
general,1
individual,1
approximately,1
vries,1
presumes,1
correlated,1
characterized,1
collaboration,1
field,1
useful,1
bohunice,1
states,1
writer,1
expected,1
dry,1
z,1
colleagues,1
defined,1
contrast,1
off,1
emphasizes,1
latter,1
pavlov,1
archaic,1
spent,1
small,1
summary,1
displays,1
document,1
hengelo,1
specific,1
outside,1
wvstonice,1
wider,1
sprinkled,1
differently,1
assumed,1
eloquent,1
klima,1
presence,1
cave,1
jifif,1
consisted,1
continuous,1
single,1
differing,1
afield,1
philip,1
can,1
debate,1
occasions,1
hunters,1
visible,1
when,1
views,1
probably,1
odderade,1
given,1
practically,1
corresponds,1
credentials,1
principal,1
seek,1
we,1
tendency,1
north,1
diblasi,1
traditions,1
reflected,1
appropriate,1
discoveries,1
broader,1
provided,1
recurring,1
questions,1
soil,1
came,1
influence,1
anglophone,1
rest,1
close,1
unfortunate,1
von,1
penultimate,1
separate,1
formed,1
thorough,1
