WORDCOUNTS,WEIGHT
the,154
of,129
and,100
in,54
a,46
to,23
this,23
archaeology,23
by,21
for,21
new,21
on,18
cloth,16
art,15
university,14
m,14
series,13
archaeological,13
as,12
world,12
edited,11
with,11
maya,11
r,11
history,10
paper,9
at,8
american,8
from,8
first,8
book,8
is,7
warfare,7
illus,7
its,7
n,6
that,6
color,6
through,6
an,6
maps,5
it,5
ancient,5
culture,5
published,5
volume,5
i,5
paperback,5
time,5
data,5
press,5
aguateca,5
our,5
period,5
major,5
f,4
york,4
pottery,4
wall,4
e,4
classic,4
presents,4
every,4
offers,4
about,4
j,4
great,4
petexbatun,4
c,4
state,4
books,4
cantwell,4
city,4
social,4
mississippian,4
thomas,4
study,4
research,4
states,3
fortified,3
mexican,3
supplement,3
importance,3
center,3
one,3
studies,3
united,3
iconography,3
array,3
into,3
illustrated,3
t,3
long,3
ies,3
heritage,3
many,3
casma,3
prehistoric,3
areas,3
vima,3
leading,3
region,3
arthur,3
mesoamerican,3
survey,3
use,3
cultural,3
multidisciplinary,3
well,3
sites,3
information,3
gardens,3
whole,3
field,3
collapse,3
comprehensive,3
antiquity,3
nasca,3
association,3
james,3
valley,3
journal,3
florida,3
southeastern,3
society,3
sa,2
depth,2
machu,2
walking,2
south,2
architecture,2
his,2
l,2
linda,2
pozorski,2
synthesis,2
london,2
mountain,2
breadth,2
iowa,2
environmental,2
order,2
findings,2
logogram,2
yale,2
manuscript,2
unearthing,2
b,2
their,2
pages,2
k,2
mobility,2
analysis,2
lisa,2
fall,2
guide,2
teresa,2
interpretation,2
museum,2
osteological,2
monuments,2
drawings,2
organization,2
excavation,2
ambitious,2
latin,2
light,2
complete,2
source,2
indian,2
w,2
insights,2
sallust,2
ethnoarchaeology,2
most,2
two,2
joe,2
savannah,2
origins,2
archaeologists,2
izapan,2
titles,2
river,2
photos,2
mark,2
view,2
over,2
available,2
conquest,2
addition,2
neil,2
nature,2
ceramic,2
s,2
scholars,2
tours,2
lozano,2
some,2
narrative,2
john,2
end,2
historical,2
illustration,2
past,2
u,2
living,2
late,2
political,2
what,2
award,2
based,2
russell,2
cahokia,2
native,2
style,2
ethiopia,2
website,2
institute,2
geophysical,2
exploring,2
artifacts,2
literature,2
work,2
planning,2
breglia,2
latino,2
hartswick,2
richard,2
split,2
demarest,2
synagogue,2
dizerega,2
elizabeth,2
ritual,2
ten,2
jonn,2
ji,2
masterful,2
reconstruct,2
has,2
people,2
questions,2
kingdom,2
california,2
project,2
emblem,2
such,2
donald,2
illinois,2
have,2
unpublished,2
times,2
range,2
peninsula,2
winner,2
volumes,2
spanish,2
charles,2
few,2
written,2
guernsey,2
extraordinary,2
dramatic,2
interpretations,2
can,2
be,2
glyph,2
early,2
schele,2
kim,2
among,2
evidence,2
diana,2
gamo,2
codices,2
visit,2
barbara,1
periods,1
european,1
hellenistic,1
carried,1
will,1
site,1
critical,1
tance,1
now,1
online,1
simultaneously,1
he,1
table,1
panoramic,1
fresno,1
second,1
transcribed,1
fai,1
laboring,1
done,1
today,1
mexico,1
raise,1
scnolars,1
teaching,1
vanderbilt,1
contact,1
digs,1
way,1
masterfully,1
ambivalence,1
concerned,1
cosmological,1
meticulously,1
meaning,1
economic,1
been,1
five,1
you,1
generations,1
preclassic,1
prize,1
h,1
yucatan,1
conductivity,1
hill,1
carefully,1
indispensable,1
civilization,1
secrets,1
landscape,1
decades,1
mous,1
foreword,1
argues,1
andean,1
jane,1
investigapetexbatun,1
midwest,1
arkush,1
mapsy,1
brings,1
dimensions,1
who,1
sensitive,1
cult,1
allen,1
detailed,1
still,1
blus,1
urbanachampaign,1
tor,1
blends,1
wwwuiowapressorg,1
make,1
ofthe,1
markers,1
eight,1
standing,1
they,1
transformation,1
recognize,1
recreating,1
collapsed,1
deals,1
settlements,1
spot,1
discover,1
complex,1
fort,1
boone,1
special,1
cmter,1
fate,1
undergone,1
examine,1
hierarchical,1
identify,1
corpus,1
impressed,1
stone,1
sheds,1
space,1
antiquities,1
communities,1
library,1
confronts,1
pivotal,1
uniquely,1
sets,1
addressing,1
ways,1
fields,1
hann,1
puzzles,1
reference,1
madison,1
approaches,1
walker,1
ij,1
category,1
chichen,1
changes,1
cellar,1
aubrey,1
sound,1
modern,1
monumental,1
nave,1
chattahoochee,1
marks,1
prehistory,1
fills,1
locally,1
during,1
mortimer,1
objects,1
publications,1
western,1
cycles,1
was,1
or,1
virtually,1
wwwupfcom,1
quilter,1
cover,1
chris,1
yalebookscom,1
iliipsp,1
emergence,1
em,1
apalachee,1
sive,1
any,1
communicating,1
fortifications,1
byers,1
lord,1
traces,1
ethnographic,1
milner,1
batun,1
sodety,1
chief,1
nonproducing,1
changing,1
pkchu,1
peoples,1
stonehenge,1
tang,1
disputed,1
preeminent,1
literary,1
picchu,1
shelia,1
extensive,1
geographic,1
linguistics,1
townsend,1
oi,1
resource,1
peten,1
rise,1
interr,1
arguing,1
beyond,1
peru,1
yu,1
shed,1
useful,1
inc,1
sources,1
catalog,1
initial,1
conducted,1
vajn,1
leader,1
text,1
more,1
also,1
roman,1
here,1
reading,1
chronicles,1
petexprovides,1
engagingly,1
interests,1
jeffrey,1
dominant,1
power,1
mawr,1
kenneth,1
hardcover,1
ootham,1
annotatedthat,1
appear,1
methodology,1
lucy,1
lori,1
extant,1
trafficking,1
control,1
kent,1
all,1
ijm,1
morag,1
capital,1
anthropology,1
performance,1
authority,1
analytical,1
cultures,1
halftones,1
subproject,1
different,1
pastoral,1
including,1
introduce,1
hopewell,1
watt,1
nancy,1
avenue,1
toll,1
best,1
okay,1
societies,1
appearance,1
tjackson,1
together,1
kingship,1
milanich,1
skowronek,1
current,1
p,1
domestic,1
inquiry,1
choice,1
rich,1
iii,1
regional,1
invaluable,1
vernon,1
service,1
substantive,1
seller,1
transporting,1
how,1
mississippi,1
twelfth,1
jerald,1
intravillage,1
wwwvanderbiltuniversitypresscom,1
remain,1
dom,1
benefit,1
styles,1
doms,1
examining,1
reilly,1
there,1
decipher,1
stukeleys,1
prehistories,1
experts,1
passage,1
burger,1
advances,1
julie,1
places,1
shoals,1
further,1
hand,1
sacred,1
everyday,1
ground,1
chinese,1
investigations,1
vbawm,1
vincas,1
buried,1
alabama,1
where,1
kingvima,1
appalachian,1
developing,1
longmanhistory,1
investigation,1
unique,1
burial,1
wright,1
hinterlands,1
recently,1
moore,1
produced,1
list,1
system,1
concerning,1
until,1
strategies,1
journals,1
case,1
excellent,1
scale,1
era,1
stallings,1
remained,1
baja,1
nothing,1
offieldwork,1
common,1
resulted,1
statement,1
your,1
belief,1
metropolitan,1
recorded,1
controversy,1
foundational,1
save,1
extent,1
wide,1
public,1
heterarchy,1
draws,1
kiisiw,1
boston,1
while,1
free,1
foundations,1
compete,1
marie,1
influenced,1
inomata,1
kathryn,1
outstanding,1
violent,1
produce,1
original,1
classical,1
years,1
guidebook,1
don,1
biological,1
subsistence,1
magnificent,1
possible,1
genre,1
private,1
politics,1
bloomsburg,1
understanding,1
variability,1
bc,1
douglas,1
these,1
laylander,1
socioeconomic,1
abundantly,1
made,1
explanation,1
insight,1
analyze,1
uofupresscom,1
helps,1
locate,1
future,1
akch,1
provocative,1
west,1
julia,1
chunchucmil,1
borgia,1
george,1
interand,1
extravagantly,1
ewen,1
part,1
x,1
ma,1
commonwealth,1
burl,1
athens,1
role,1
anticipated,1
department,1
wf,1
undoubtedly,1
penetrating,1
revealed,1
comin,1
subject,1
top,1
pocket,1
reappraisal,1
beneath,1
introduction,1
year,1
conventional,1
proulx,1
engage,1
overview,1
looting,1
describe,1
audience,1
exciting,1
mendable,1
describes,1
issues,1
colonial,1
featured,1
indians,1
tackles,1
structures,1
coming,1
evolution,1
pan,1
recovered,1
variables,1
announcing,1
tions,1
essi,1
continue,1
midwestern,1
takeshi,1
vanderdill,1
which,1
cheryl,1
national,1
salazar,1
named,1
white,1
review,1
surrounding,1
rivhr,1
frederic,1
than,1
realms,1
southwestern,1
theoretical,1
spring,1
fieldwork,1
missions,1
explained,1
subsurface,1
pretation,1
rulership,1
trade,1
status,1
deeanne,1
open,1
explorations,1
cambridge,1
pasionmaya,1
historic,1
gap,1
hhniim,1
approach,1
sourcebook,1
discussed,1
regions,1
g,1
integral,1
finally,1
points,1
avoidance,1
america,1
divine,1
forgotten,1
piracy,1
documentation,1
radar,1
www,1
individual,1
controversies,1
codex,1
santa,1
southern,1
excavations,1
d,1
jones,1
usa,1
application,1
naive,1
boca,1
smaller,1
raiding,1
steponaitis,1
century,1
tubb,1
finds,1
wwwgeophysicalcom,1
generation,1
lie,1
multitude,1
undertakes,1
illicit,1
renewal,1
standard,1
presenting,1
settlement,1
provides,1
martin,1
browse,1
garber,1
involved,1
definitive,1
instruction,1
heterarchical,1
archaeologies,1
influence,1
thousand,1
specific,1
back,1
news,1
serving,1
beautifully,1
topic,1
mi,1
single,1
tribes,1
spectacular,1
itza,1
myers,1
texas,1
scholarship,1
largeformayt,1
bryn,1
villages,1
chicago,1
patricia,1
patrimony,1
coast,1
debate,1
buikstra,1
mijb,1
when,1
substantial,1
entire,1
essays,1
sassaman,1
utah,1
instruments,1
southwest,1
look,1
astonishing,1
gulf,1
appealing,1
results,1
images,1
much,1
ellen,1
institution,1
y,1
deeply,1
answers,1
recent,1
document,1
jerry,1
remarkable,1
wwwutexaspresscom,1
preliminary,1
christina,1
divinatory,1
booklet,1
am,1
groundbreaking,1
valuable,1
widely,1
profiler,1
china,1
