WORDCOUNTS,WEIGHT
the,667
of,605
and,276
in,236
a,187
that,146
to,123
obsidian,115
is,111
from,86
blade,82
at,74
blades,70
by,69
were,67
workshop,64
for,63
was,62
prismatic,62
this,59
as,55
an,49
we,48
core,45
or,45
which,44
been,39
are,39
our,38
have,38
cores,36
these,36
table,36
with,36
area,35
pressure,34
tula,34
it,33
on,33
surface,33
green,32
flakes,31
excavation,28
has,28
other,27
percussion,26
not,26
than,25
reduction,25
but,24
note,24
debitage,23
refuse,23
categories,23
structures,22
analysis,22
number,21
more,20
would,20
probably,20
collection,19
category,19
recovered,19
had,19
whole,19
field,19
about,19
only,19
be,19
some,18
phase,18
ridge,18
university,18
cit,18
data,18
op,18
locality,17
clay,17
preliminary,17
healan,17
bey,17
over,16
first,16
one,16
part,16
during,16
platform,16
structure,16
irregular,16
early,16
large,15
i,15
de,15
concentration,15
noted,15
their,15
soil,15
e,14
per,14
all,14
levels,14
its,14
two,14
figure,14
tollan,14
decortication,14
macroscopic,14
pits,14
chisel,14
complex,13
concentrations,13
rather,13
most,13
m,13
work,13
workshops,13
areas,13
low,13
given,13
there,12
since,12
artifacts,12
least,12
research,12
also,12
fragments,12
archaeological,12
study,12
seen,12
each,12
remains,12
products,11
within,11
proportion,11
b,11
found,11
used,11
will,11
ceramic,11
three,11
period,11
mexico,11
pieces,11
series,11
tulane,11
total,10
source,10
secondary,10
differences,10
those,10
domestic,10
primary,10
zone,10
initial,10
residential,10
scars,10
artifact,10
same,10
including,10
segments,10
east,10
between,10
later,9
frags,9
j,9
along,9
mazapa,9
excavations,9
journal,9
site,9
miscl,9
missouri,9
further,9
near,9
teotihuacan,9
involved,9
small,9
archaeologylvol,9
structural,9
fragmentary,9
many,9
upon,9
postclassic,9
general,9
pottery,9
ridges,9
stratigraphic,9
macrocores,9
type,9
both,9
c,9
much,9
red,8
stone,8
s,8
x,8
relatively,8
may,8
high,8
no,8
frag,8
based,8
occupation,8
though,8
well,8
because,8
habitation,8
fact,8
removal,8
perhaps,8
samples,8
examination,8
open,8
earlier,8
indicate,8
very,8
microscopic,8
major,8
common,7
represent,7
they,7
notched,7
into,7
hence,7
compounds,7
except,7
far,7
exposed,7
estimate,7
l,7
represented,7
exploitation,7
important,7
fig,7
raw,7
typical,7
produced,7
r,7
survey,7
own,7
excavated,7
industry,7
production,7
specimens,7
kerley,7
faceting,7
less,7
frequency,7
assemblage,7
encountered,7
deposits,7
distal,7
stages,7
sherds,7
different,7
ratio,7
urban,7
entire,7
o,6
if,6
crested,6
dump,6
lower,6
t,6
sources,6
robert,6
quantities,6
throughout,6
architectural,6
continuous,6
macrocore,6
n,6
prehistoric,6
mesoamerican,6
late,6
project,6
below,6
del,6
several,6
located,6
single,6
john,6
preparation,6
horizon,6
individual,6
so,6
must,6
extensive,6
iii,6
distinctive,6
trilobal,6
suggests,6
terminal,6
corral,6
among,6
h,5
interridge,5
topographic,5
ii,5
actual,5
estimation,5
subsequent,5
prior,5
activity,5
prehispanic,5
localized,5
central,5
shatter,5
sample,5
underlying,5
output,5
similar,5
certain,5
derived,5
greater,5
replicative,5
ceramics,5
sites,5
basis,5
eccentrics,5
pachuca,5
floors,5
predominance,5
order,5
around,5
presence,5
partially,5
quarry,5
various,5
classic,5
indicates,5
cobean,5
degree,5
technology,5
exposure,5
floor,5
fill,5
time,5
new,5
considerable,5
pattern,5
adjacent,5
v,5
comprise,5
previously,5
significant,5
use,5
recovery,5
amounts,5
features,5
thomas,5
latter,5
can,5
brown,5
provide,5
alternate,5
any,5
associated,5
particularly,5
them,5
selected,5
almost,5
little,5
city,5
similarity,5
include,5
amant,5
immediately,5
counts,5
should,5
now,4
estimated,4
imported,4
considerably,4
second,4
occurred,4
experience,4
lateral,4
certainly,4
retouched,4
worked,4
remainder,4
platforms,4
el,4
system,4
u,4
flank,4
beneath,4
frequencies,4
such,4
development,4
unpublished,4
cf,4
distinct,4
canal,4
highest,4
error,4
toltec,4
his,4
inah,4
settled,4
clearly,4
placed,4
listed,4
lithic,4
could,4
basin,4
otherwise,4
dan,4
proportions,4
apparently,4
ratios,4
working,4
stage,4
likely,4
identified,4
above,4
collapsed,4
yet,4
represents,4
remnant,4
planned,4
informal,4
expose,4
end,4
variation,4
present,4
ground,4
made,4
range,4
waste,4
virtually,4
sequence,4
full,4
previous,4
salitre,4
like,4
obtained,4
consists,4
science,4
detailed,4
extremely,4
simply,4
what,4
map,4
utilitarian,4
through,4
intended,4
dorsal,4
using,4
proximal,4
prepared,4
technological,4
plowing,4
d,4
manufacture,4
derive,4
classification,4
microdebitage,4
km,4
maximum,4
comparable,4
north,4
occur,4
macroblades,3
representing,3
plunging,3
debris,3
macroflakes,3
superposed,3
comprised,3
he,3
multifaceted,3
constitutes,3
true,3
carfc,3
modern,3
history,3
before,3
test,3
predominantly,3
consistent,3
coleccion,3
implications,3
taken,3
nature,3
damage,3
greatly,3
surveys,3
side,3
existence,3
bending,3
linear,3
possible,3
fractures,3
tablets,3
quantity,3
evident,3
g,3
center,3
tabulated,3
estimates,3
mixed,3
tabulation,3
amount,3
disproportionately,3
y,3
even,3
biface,3
lt,3
en,3
payson,3
unifacial,3
means,3
modified,3
plus,3
presumably,3
squares,3
w,3
commonly,3
beyond,3
eraillure,3
screened,3
result,3
bilateral,3
chunks,3
color,3
out,3
cultural,3
yield,3
flaked,3
having,3
los,3
knowledge,3
apparent,3
overlay,3
intermediate,3
constitute,3
middle,3
reflect,3
believes,3
errors,3
change,3
p,3
suggest,3
sufficient,3
erected,3
revealing,3
up,3
majority,3
provided,3
activities,3
chronological,3
south,3
f,3
portion,3
arrangement,3
absence,3
cientifica,3
expansion,3
marginal,3
continuity,3
chronology,3
historia,3
ne,3
orange,3
us,3
included,3
department,3
regional,3
compound,3
disturbed,3
surfaces,3
discussed,3
antropologia,3
where,3
michael,3
material,3
looking,3
top,3
entirely,3
aside,3
rare,3
suggested,3
dating,3
stress,3
function,3
escaped,3
filled,3
systems,3
parallel,3
la,3
today,3
tentative,3
unclassified,3
length,3
thinning,3
methods,3
construction,3
types,3
exists,3
rim,3
face,3
erosional,3
nacional,3
sorting,3
dumping,3
reconnaissance,3
temple,3
alternative,3
conducted,3
believe,3
report,3
flutes,3
obviously,3
matos,3
destroyed,3
phd,3
beginning,3
form,3
accounts,3
produce,3
discussion,3
despite,3
role,3
sheets,3
average,3
unilateral,3
evidence,3
defined,3
removed,3
exclusively,3
recent,3
cross,3
building,3
final,2
does,2
mostly,2
done,2
indicated,2
designated,2
extreme,2
determine,2
expect,2
american,2
integrity,2
kinds,2
easily,2
scarred,2
conical,2
undertaken,2
came,2
sterile,2
modest,2
preceding,2
originally,2
thoroughfare,2
season,2
terrain,2
seems,2
experiments,2
delineation,2
available,2
able,2
analyst,2
cerro,2
state,2
nalda,2
situ,2
sq,2
case,2
paved,2
advice,2
figs,2
estudios,2
establishing,2
speculation,2
obvious,2
west,2
reconstruction,2
undoubtedly,2
awaits,2
minimum,2
eroded,2
make,2
controlled,2
ranked,2
implements,2
includes,2
interest,2
ethnohistorical,2
janet,2
decided,2
veneer,2
expected,2
clark,2
removals,2
channels,2
wares,2
left,2
thin,2
weight,2
student,2
tentatively,2
conducting,2
acknowledge,2
walls,2
steps,2
underlay,2
flake,2
played,2
identification,2
cleaned,2
segunda,2
investigation,2
bifaces,2
subphase,2
process,2
subdivision,2
mean,2
connected,2
importance,2
parts,2
assuming,2
possess,2
lay,2
tractor,2
support,2
determination,2
consider,2
possibly,2
section,2
elsewhere,2
director,2
traces,2
plaster,2
frequently,2
followed,2
artifactrich,2
mexicana,2
dominant,2
providing,2
location,2
lain,2
entering,2
called,2
served,2
austin,2
configuration,2
str,2
embedded,2
meter,2
equally,2
circular,2
appears,2
recently,2
confirmation,2
required,2
directly,2
eduardo,2
kg,2
future,2
significantly,2
corel,2
related,2
revealed,2
continuation,2
trimming,2
q,2
contains,2
elegant,2
cielito,2
showing,2
nongreen,2
graduate,2
flaking,2
depositional,2
normally,2
lowest,2
diagnostic,2
settlement,2
components,2
milagro,2
essentially,2
texas,2
results,2
notes,2
alejandro,2
pertaining,2
ramifications,2
reduced,2
polished,2
economic,2
indicative,2
doctoral,2
formative,2
categones,2
comments,2
southern,2
percentage,2
once,2
interpretation,2
examined,2
alongside,2
restricted,2
ancient,2
processing,2
quarries,2
collectively,2
cicly,2
largest,2
unusually,2
jarra,2
volume,2
jeffrey,2
kenneth,2
others,2
macrodebitage,2
addition,2
projects,2
occurrence,2
striking,2
predominant,2
instituto,2
outside,2
do,2
cruz,2
covered,2
square,2
realms,2
necessary,2
eds,2
anticipate,2
subcategory,2
ibid,2
demonstrated,2
analyzed,2
divided,2
background,2
apogee,2
chiefly,2
polyhedral,2
formal,2
recover,2
icicim,2
assumption,2
individuals,2
michoacan,2
trade,2
earth,2
directed,2
points,2
arroyo,2
david,2
maximize,2
discarded,2
comparing,2
internal,2
become,2
displayed,2
figures,2
versus,2
occupied,2
relative,2
corridor,2
separate,2
subdivided,2
george,2
who,2
circumstance,2
life,2
existed,2
fall,2
littered,2
when,2
atnant,2
regularly,2
earliest,2
considered,2
quantitative,2
dissertation,2
then,2
following,2
bricker,2
comes,2
incorporated,2
demonstrate,2
wear,2
constituted,2
sections,2
defining,2
control,2
anthropology,2
specialized,2
attribute,2
fabrication,2
did,2
half,2
subsurface,2
numbering,2
counting,2
foundation,2
grey,2
supervisor,2
pit,2
places,2
believed,2
unlikely,2
whether,2
making,2
agricultural,2
alice,2
extent,2
consisting,2
densities,2
while,2
medial,2
minimal,2
element,2
rises,2
techniques,2
lies,2
extended,2
crew,2
unifaces,2
named,2
formation,2
moderate,2
until,2
entity,2
numerous,2
course,2
contributed,2
approximately,2
define,2
product,2
forming,2
roughly,2
comparison,2
region,2
regularity,2
consisted,2
agrees,2
valley,2
df,2
mlnlmum,2
observed,2
profiles,2
deeper,2
frequent,1
margins,1
transportation,1
currently,1
chico,1
flow,1
limits,1
edge,1
horizontal,1
way,1
concerned,1
generated,1
tres,1
corporate,1
onlyfive,1
created,1
functional,1
ready,1
separated,1
wa,1
resulted,1
uplands,1
decoitication,1
submission,1
alone,1
enclosing,1
introduction,1
plows,1
notably,1
geographat,1
guy,1
likewise,1
group,1
reflection,1
systematically,1
merged,1
scindy,1
formed,1
acosta,1
summaries,1
unmodified,1
bifacial,1
preform,1
studies,1
largely,1
better,1
decade,1
ceremonial,1
western,1
necessarily,1
landform,1
preindustrial,1
paper,1
sr,1
finely,1
lenses,1
detected,1
meaningless,1
diversity,1
beleh,1
contexts,1
cutting,1
accumulation,1
being,1
said,1
member,1
piles,1
healans,1
gap,1
permit,1
subdividing,1
obtenidos,1
long,1
every,1
misidentified,1
disagreement,1
distinguishing,1
interests,1
productsand,1
attempts,1
anomalies,1
might,1
instrumentos,1
souri,1
sumrner,1
execavcltion,1
ourselves,1
advanced,1
pastrana,1
definition,1
damaged,1
layout,1
metate,1
buildup,1
continue,1
tradition,1
daily,1
passageways,1
researchs,1
reasons,1
titmus,1
origin,1
rich,1
producing,1
spaced,1
inherent,1
closer,1
scheme,1
reveal,1
generalizations,1
sra,1
characterizing,1
office,1
patterned,1
icin,1
loose,1
consist,1
mind,1
date,1
preliminaxy,1
political,1
discrete,1
pertains,1
context,1
nowhere,1
sophisticated,1
badly,1
volumen,1
eastern,1
key,1
sought,1
amplified,1
discuss,1
right,1
approximations,1
workability,1
account,1
implies,1
determined,1
marked,1
hrclwn,1
soils,1
schedule,1
lath,1
bibliography,1
runa,1
richard,1
workshopthe,1
combination,1
say,1
prlsmatlc,1
cuauhtemoc,1
resources,1
succession,1
moral,1
blocky,1
tulae,1
funded,1
expertise,1
learned,1
thus,1
collapse,1
eventual,1
peiase,1
immediate,1
pockets,1
reject,1
run,1
due,1
analyzing,1
wrclwn,1
integral,1
rosas,1
agent,1
corner,1
characteristic,1
te,1
bone,1
jeremy,1
tied,1
actas,1
assessment,1
employing,1
overly,1
spans,1
exhausted,1
cases,1
surfaceg,1
nor,1
ation,1
urbanization,1
immigrants,1
lax,1
irregularities,1
displays,1
epoca,1
averaging,1
refer,1
concerning,1
asterisk,1
differently,1
panorama,1
yadeun,1
suitable,1
third,1
compare,1
geological,1
prado,1
tend,1
terrace,1
facsimilies,1
ccimpcict,1
cumulation,1
start,1
antropologicos,1
weathering,1
industries,1
distribution,1
phases,1
higher,1
ers,1
operation,1
excavate,1
interesting,1
excavcation,1
simplified,1
town,1
reflects,1
without,1
segun,1
stcine,1
underway,1
principally,1
investigacion,1
encompassed,1
superficial,1
across,1
developed,1
unstudied,1
how,1
remain,1
mexican,1
unifacially,1
sw,1
fascinating,1
prefabricated,1
compacted,1
blanks,1
neighborhood,1
preparatory,1
associate,1
supplement,1
legendary,1
absorption,1
direct,1
tan,1
contributions,1
k,1
gratefully,1
diminishes,1
persons,1
productive,1
melos,1
scattered,1
miscellaneous,1
front,1
expressing,1
troublesome,1
vera,1
substandard,1
escape,1
parentheses,1
finer,1
tabulations,1
denved,1
organization,1
consejo,1
established,1
benefits,1
intensive,1
yellow,1
emergence,1
branch,1
liberal,1
cmd,1
proposed,1
numbers,1
gradually,1
bruce,1
sheer,1
argued,1
four,1
juxtaposed,1
horizontally,1
exploited,1
additional,1
powerful,1
latitude,1
shed,1
efficient,1
predates,1
facing,1
comprising,1
cost,1
stocker,1
antler,1
helped,1
proposicion,1
provisional,1
faced,1
cut,1
iconography,1
radial,1
irrigation,1
plsister,1
retrieve,1
experimentation,1
ranges,1
diachronic,1
iclid,1
standards,1
appraisal,1
incomplete,1
wslter,1
identifying,1
bearing,1
societies,1
nonrandom,1
appearance,1
conservative,1
faunal,1
drain,1
item,1
foreground,1
effort,1
centers,1
lived,1
her,1
percentages,1
base,1
density,1
arranged,1
intervening,1
pure,1
ann,1
furthermore,1
equal,1
eventuality,1
skilled,1
devoid,1
wherein,1
handled,1
record,1
hidalgo,1
absolute,1
designations,1
public,1
experiment,1
technical,1
chiapas,1
nontechnological,1
banded,1
shape,1
none,1
pedro,1
trial,1
distinguish,1
marsh,1
line,1
closed,1
minute,1
overlying,1
subphases,1
palacio,1
comprises,1
nine,1
imagined,1
prominent,1
heavily,1
tens,1
confined,1
null,1
texture,1
dividing,1
plow,1
realm,1
place,1
inherited,1
expansive,1
reactor,1
calculating,1
organically,1
people,1
aztec,1
actually,1
internacional,1
documented,1
rene,1
subdivide,1
nodules,1
systematic,1
corelblade,1
interpreted,1
lithics,1
weeks,1
count,1
sampled,1
either,1
plintknapping,1
expoited,1
agriculturally,1
subtle,1
aided,1
gateway,1
published,1
interregional,1
habitations,1
caused,1
ago,1
shaping,1
involve,1
next,1
encroached,1
fuentes,1
inextricably,1
intervals,1
characteristics,1
few,1
terrance,1
renovation,1
residental,1
stereomicroscope,1
newcomers,1
gene,1
reported,1
boundaries,1
toltecs,1
spence,1
fully,1
visible,1
generally,1
inability,1
progress,1
posed,1
proper,1
world,1
appropriate,1
value,1
fluted,1
novices,1
rest,1
reducing,1
digging,1
unfinished,1
concomitant,1
housed,1
input,1
barbara,1
therefore,1
symbolism,1
san,1
approximate,1
alandbook,1
authorization,1
variety,1
hydration,1
architecture,1
atypical,1
indeed,1
overall,1
subject,1
limited,1
merits,1
nearly,1
drops,1
denominator,1
still,1
estado,1
mainstream,1
estimations,1
longitudinal,1
seemingly,1
inhabited,1
spectacular,1
para,1
robin,1
brackish,1
depicted,1
communities,1
gave,1
museum,1
reference,1
consuming,1
ile,1
thought,1
under,1
cylindrical,1
termination,1
neither,1
parte,1
jay,1
light,1
performed,1
nw,1
naval,1
incorporates,1
containing,1
clhsidicin,1
she,1
strata,1
social,1
useful,1
lee,1
persuasive,1
street,1
mound,1
michmusanth,1
faculty,1
technique,1
again,1
locating,1
rejects,1
responsibilities,1
hearths,1
cortex,1
decorative,1
flat,1
generously,1
excavating,1
lacked,1
rinds,1
shows,1
datos,1
toltecas,1
regret,1
blocks,1
plan,1
centered,1
scar,1
plamorm,1
trapezoidal,1
break,1
larger,1
omitted,1
figurines,1
allende,1
typological,1
terry,1
maker,1
forms,1
rejuvenation,1
procurement,1
took,1
monographs,1
model,1
continuing,1
existing,1
empire,1
establish,1
biesoamerican,1
see,1
vertical,1
ahead,1
ccir,1
liter,1
nigel,1
native,1
belief,1
maya,1
calculation,1
another,1
thousands,1
xli,1
understanding,1
greatest,1
finish,1
coherent,1
considering,1
assemblages,1
discovery,1
completed,1
values,1
limitations,1
pertain,1
enhanced,1
ol,1
manufactured,1
sufficiently,1
expand,1
findings,1
seriation,1
exciting,1
reconstructing,1
resulting,1
harvard,1
ethnic,1
variables,1
engaged,1
laboratory,1
radiocarbon,1
purposeful,1
transect,1
amistad,1
california,1
stratification,1
involves,1
underwent,1
described,1
nuclear,1
versions,1
artificers,1
significance,1
clear,1
discovered,1
comprehensive,1
peripheral,1
perpendicular,1
congreso,1
workers,1
clthe,1
obsidisn,1
revised,1
belongs,1
summer,1
caso,1
protruding,1
rods,1
pyramidal,1
proximity,1
amorphous,1
provides,1
urfcice,1
courtyard,1
instruction,1
exchange,1
artificial,1
margin,1
problems,1
satisfy,1
assessing,1
overcome,1
topics,1
effect,1
reptesentative,1
james,1
percent,1
ethnohistory,1
residue,1
slightly,1
dominance,1
accretional,1
northern,1
destruction,1
caution,1
louisiana,1
aress,1
prehisotry,1
motif,1
performing,1
rarity,1
smaller,1
dealing,1
depth,1
cravioto,1
seasons,1
somewhat,1
arriving,1
speculate,1
tesoro,1
assigned,1
respect,1
differrent,1
extemely,1
dominates,1
unexhausted,1
tuxtla,1
processed,1
continued,1
chance,1
identifed,1
usually,1
lar,1
potteiy,1
program,1
suspected,1
hill,1
arqueologia,1
lines,1
discard,1
circu,1
misfigure,1
obsidism,1
referred,1
attempted,1
transformed,1
juan,1
parsons,1
cidslhe,1
grinding,1
covering,1
why,1
intend,1
escuela,1
litters,1
examine,1
governmentsponsored,1
hope,1
magnification,1
supporting,1
centuries,1
unusual,1
mounds,1
resurvey,1
thick,1
detail,1
ensure,1
baptista,1
burned,1
wlplatforms,1
abraided,1
contained,1
magnitude,1
victoria,1
rarely,1
dispersed,1
discarding,1
broke,1
accomplishes,1
version,1
peoples,1
complexes,1
hypothesized,1
detect,1
too,1
continues,1
known,1
discrepancy,1
rerista,1
precise,1
sawn,1
besides,1
relativos,1
here,1
sustained,1
know,1
favorably,1
natural,1
introducing,1
hammerstones,1
jorge,1
exploration,1
capital,1
raisz,1
facility,1
current,1
loads,1
perfectly,1
cultivation,1
visits,1
sorted,1
historical,1
las,1
replication,1
anomalous,1
typifies,1
uppermost,1
rural,1
alluvial,1
animal,1
according,1
virtual,1
ruins,1
economy,1
erwin,1
notable,1
elevation,1
nominal,1
fuego,1
poses,1
enrique,1
reconcile,1
ones,1
want,1
particular,1
character,1
nearby,1
covers,1
hoped,1
calculations,1
problem,1
fabricating,1
predate,1
always,1
information,1
don,1
sscir,1
lawrence,1
tempting,1
revista,1
size,1
cluster,1
finished,1
epiclassic,1
presented,1
necessity,1
preserved,1
mexicos,1
refinement,1
conclude,1
extending,1
confirm,1
verification,1
step,1
vertically,1
adapted,1
pattem,1
manufacturing,1
distinguishable,1
colonial,1
families,1
qualitative,1
maintained,1
evidenced,1
distibution,1
remarks,1
come,1
eric,1
question,1
algunos,1
wild,1
tlaloc,1
layers,1
shown,1
elongated,1
sediments,1
unable,1
modal,1
cobblestone,1
illinois,1
national,1
strikingly,1
washington,1
grant,1
mode,1
wish,1
wigberto,1
instead,1
disagree,1
land,1
hardening,1
tabular,1
glass,1
attributes,1
piece,1
contamination,1
inducement,1
qw,1
landforms,1
measured,1
francisco,1
lj,1
specific,1
charles,1
potential,1
penetrated,1
removing,1
clarify,1
crisscross,1
bottoms,1
discontinuous,1
pending,1
commodity,1
substantial,1
ruhile,1
avoid,1
virtue,1
southeastern,1
ca,1
built,1
primera,1
increase,1
continuously,1
hypothesis,1
