WORDCOUNTS,WEIGHT
the,32
of,23
and,20
for,18
field,15
in,12
archaeology,10
by,9
association,9
to,8
boston,7
university,7
membership,6
l,5
subscription,5
is,5
journal,5
a,5
published,4
editorial,4
excavation,4
w,3
material,3
manuscripts,3
volume,3
r,3
on,3
b,3
s,3
massachusetts,3
new,3
at,2
f,2
president,2
persons,2
voting,2
george,2
ralph,2
king,2
number,2
jr,2
sites,2
information,2
address,2
oscar,2
thomas,2
rouse,2
international,2
holloway,2
beck,2
solecki,2
white,2
fall,2
muscarella,2
be,2
curt,2
james,2
all,2
archaeological,2
ross,2
survey,2
william,2
officers,2
quarterly,2
an,2
regarding,2
or,2
irving,2
commonwealth,2
devoted,1
lukesh,1
phases,1
shelter,1
fifth,1
sediments,1
conference,1
northeastern,1
ager,1
trustees,1
editor,1
rrn,1
open,1
pedological,1
must,1
gary,1
past,1
reasurer,1
donald,1
two,1
department,1
o,1
salwen,1
york,1
case,1
announcement,1
graphic,1
side,1
delimiting,1
patty,1
publication,1
chemical,1
julian,1
dept,1
humanities,1
only,1
archaeologists,1
snow,1
ford,1
t,1
stephen,1
protection,1
change,1
inc,1
ll,1
issn,1
metropolitan,1
cotter,1
eastern,1
action,1
its,1
david,1
wiseman,1
instrument,1
anne,1
griffin,1
pollen,1
short,1
excavations,1
rights,1
d,1
vitelli,1
h,1
near,1
printed,1
human,1
fellow,1
susan,1
interests,1
hawk,1
advisory,1
councilforarchaeozoology,1
typesetting,1
interested,1
wesolowsky,1
technical,1
ii,1
frederick,1
regular,1
institutions,1
distinction,1
design,1
archaeometric,1
postage,1
waterway,1
designed,1
anna,1
secretary,1
constitution,1
big,1
straus,1
copy,1
active,1
lawrence,1
settlement,1
bert,1
wesleyan,1
sowder,1
art,1
discussion,1
rescue,1
clark,1
associate,1
protoapennine,1
paper,1
promotion,1
frozen,1
ceramics,1
buick,1
prehistoric,1
mathematical,1
winter,1
concerning,1
institute,1
executive,1
geoffrey,1
direct,1
other,1
inland,1
news,1
one,1
board,1
benjamin,1
study,1
between,1
studies,1
preservation,1
k,1
methods,1
style,1
single,1
construction,1
c,1
puritan,1
sent,1
cultural,1
whittlesey,1
as,1
young,1
bailey,1
urban,1
with,1
howe,1
rchaeology,1
managing,1
interpretation,1
subject,1
museum,1
extraction,1
computers,1
vs,1
guy,1
remains,1
john,1
bryan,1
changes,1
cantabrian,1
clearinghouse,1
purpose,1
spain,1
modern,1
copyright,1
serve,1
vice,1
reserved,1
joseph,1
primary,1
correspondence,1
i,1
inquiries,1
deeply,1
paid,1
karen,1
jo,1
woosley,1
organization,1
should,1
committee,1
ancient,1
assistant,1
sally,1
dyson,1
shaw,1
spatiallydispersed,1
patterns,1
matson,1
individuals,1
includes,1
contributions,1
gordon,1
fourth,1
cheryl,1
henry,1
impacts,1
mcdonald,1
affa,1
hampshire,1
ground,1
review,1
director,1
office,1
investigations,1
watson,1
scholarly,1
