WORDCOUNTS,WEIGHT
the,111
of,95
and,64
in,45
to,34
a,31
tiwanaku,29
that,22
as,17
by,16
is,15
he,13
goldstein,13
andean,12
at,11
his,11
an,11
for,10
from,9
evidence,9
with,8
has,8
its,8
archaeology,8
on,8
be,8
not,7
these,7
are,7
homeland,7
chen,6
more,6
there,6
state,6
it,5
or,5
four,5
other,5
different,5
new,5
material,5
correlates,5
were,5
settlement,5
moquegua,5
model,4
who,4
their,4
university,4
into,4
only,4
temple,4
particularly,4
while,4
some,4
press,4
survey,4
which,4
such,4
american,4
altiplano,4
valley,4
should,4
will,3
archipelago,3
been,3
settlements,3
about,3
studies,3
excavation,3
ancient,3
but,3
too,3
huaracane,3
two,3
permanent,3
power,3
natural,3
j,3
book,3
john,3
perhaps,3
bolivia,3
ayllus,3
ritual,3
central,3
centralized,3
first,3
previous,3
alan,3
this,3
archaeological,3
have,3
de,3
millennium,3
although,3
divisions,3
diaspora,3
ponce,3
between,3
correlate,3
kolata,3
appeal,2
may,2
carried,2
site,2
ceremonial,2
without,2
populations,2
economic,2
main,2
groups,2
identity,2
overall,2
vertical,2
primarily,2
museum,2
janusek,2
they,2
similar,2
initially,2
group,2
southern,2
complex,2
one,2
analysis,2
fields,2
possibly,2
was,2
assimilation,2
culture,2
political,2
must,2
most,2
satisfying,2
social,2
paul,2
concentrated,2
view,2
over,2
all,2
projects,2
presents,2
closely,2
lack,2
capital,2
areas,2
indicate,2
stanish,2
farmers,2
out,2
bolivian,2
far,2
expansion,2
cerro,2
works,2
those,2
within,2
carefully,2
population,2
less,2
wari,2
side,2
colony,2
books,2
directly,2
public,2
omo,2
larger,2
original,2
quantities,2
urban,2
data,2
socioeconomic,2
deformation,2
researchers,2
explanation,2
fine,2
given,2
categories,2
archipelagos,2
through,2
kin,2
household,2
indigenous,2
established,2
during,2
people,2
nash,2
interpreted,2
own,2
styles,2
directed,2
history,2
carlos,2
states,2
interprets,2
after,2
craft,2
c,2
fully,2
up,2
probably,2
even,2
sheer,2
interaction,2
apparently,2
than,2
recent,2
ayllu,2
indicating,2
massive,2
major,2
courts,1
longing,1
final,1
razed,1
seems,1
difficult,1
surroundings,1
tokyo,1
increasing,1
does,1
communities,1
now,1
readable,1
second,1
demand,1
observations,1
limits,1
no,1
helaine,1
mesa,1
architecture,1
redefine,1
provide,1
bulk,1
sometimes,1
distinction,1
ecological,1
habitus,1
usually,1
wendell,1
highlands,1
generations,1
developed,1
innovated,1
ideology,1
l,1
how,1
investigaciones,1
lagged,1
posits,1
influential,1
en,1
nearly,1
capture,1
presentation,1
process,1
paleoecology,1
investigators,1
highat,1
community,1
caches,1
consolidating,1
above,1
opportunity,1
celebrate,1
says,1
make,1
manuscript,1
vol,1
h,1
overlap,1
case,1
whether,1
tiahuanaco,1
perennial,1
large,1
emerges,1
dozens,1
procession,1
recently,1
ceramics,1
aligned,1
religious,1
evolution,1
hardships,1
makes,1
nationalist,1
inspired,1
often,1
tapers,1
continually,1
lay,1
prevented,1
summarized,1
wila,1
humanism,1
ma,1
logical,1
surprising,1
authority,1
mysteriously,1
summaries,1
ways,1
interpretation,1
support,1
fair,1
irrigation,1
monuments,1
itself,1
arid,1
baiilfor,1
bermann,1
category,1
interment,1
experienced,1
read,1
uppervalley,1
originals,1
sound,1
modern,1
kluwer,1
resemble,1
monumental,1
monolithic,1
evolved,1
considerations,1
datarich,1
supports,1
civilizations,1
water,1
impressiveness,1
seem,1
knotty,1
nacional,1
dissertation,1
donna,1
anthropological,1
environment,1
v,1
chris,1
commonwealth,1
thinking,1
candor,1
before,1
readers,1
proposed,1
exceptions,1
discoveries,1
same,1
assailants,1
huari,1
cultura,1
series,1
princeton,1
colonists,1
reviewed,1
w,1
practices,1
also,1
hoping,1
department,1
demonstrate,1
simply,1
uncontroversial,1
noted,1
resource,1
reinforced,1
additional,1
continues,1
known,1
stockpile,1
follow,1
either,1
precise,1
beyond,1
peru,1
harper,1
decries,1
physical,1
chose,1
modeled,1
organization,1
proposes,1
ceramic,1
deadlines,1
patterning,1
rather,1
members,1
problems,1
symbol,1
majority,1
plenum,1
here,1
index,1
heritage,1
dominant,1
challenge,1
centerpiece,1
syntheses,1
m,1
exploration,1
important,1
ciencias,1
vols,1
decades,1
oswaldo,1
fluid,1
intellectual,1
masonry,1
sure,1
many,1
whereas,1
demographic,1
correspond,1
adherence,1
cultures,1
uses,1
definition,1
dramatically,1
prehistoric,1
based,1
sundt,1
outside,1
reach,1
s,1
idea,1
occurred,1
opposition,1
arqueologicas,1
desolate,1
incorporating,1
unknown,1
could,1
regret,1
augustin,1
pattern,1
together,1
entered,1
highland,1
inclusion,1
enigmatic,1
differences,1
indeed,1
imported,1
synthesis,1
time,1
patrick,1
brothers,1
studied,1
demands,1
diverse,1
understandable,1
studiesin,1
informal,1
basin,1
end,1
mythical,1
near,1
feasting,1
arthur,1
contemporary,1
towering,1
descended,1
comparative,1
cities,1
examining,1
identities,1
i,1
posnansky,1
discussed,1
rural,1
describes,1
type,1
mountainous,1
late,1
patterns,1
mind,1
conclusions,1
behind,1
took,1
fits,1
further,1
precinct,1
stature,1
everyday,1
clustersfor,1
occupation,1
current,1
remarkable,1
informed,1
though,1
cultural,1
according,1
california,1
clusters,1
third,1
innovative,1
what,1
reconfigured,1
reviews,1
notable,1
isbell,1
unique,1
burial,1
them,1
fulfilling,1
relevant,1
terms,1
ad,1
storage,1
applied,1
issue,1
clothing,1
empty,1
crisp,1
academia,1
record,1
agricultural,1
core,1
isbn,1
guarantee,1
provocative,1
facilities,1
briefly,1
routledge,1
key,1
style,1
annexed,1
number,1
foundations,1
expressions,1
incorporate,1
jawira,1
ecology,1
aspects,1
ties,1
cloth,1
remained,1
sites,1
produce,1
fortressthe,1
answers,1
colonies,1
updates,1
phenomenological,1
another,1
influenced,1
local,1
none,1
almost,1
demonstrated,1
marc,1
emphasis,1
private,1
compelling,1
globalist,1
contain,1
rivera,1
away,1
arrives,1
elevations,1
travel,1
prehispanic,1
admits,1
inferred,1
planning,1
contexts,1
strengths,1
boston,1
living,1
floodplain,1
orientation,1
irrigated,1
interdisciplinary,1
point,1
say,1
conceptual,1
very,1
previously,1
resources,1
cradle,1
joining,1
apparent,1
calls,1
unpredictable,1
trends,1
mortuary,1
still,1
centro,1
three,1
william,1
along,1
distinctive,1
test,1
correlatesin,1
convinced,1
focal,1
excessive,1
activity,1
criticized,1
host,1
lake,1
entirely,1
sociopolitical,1
territory,1
significant,1
adapted,1
used,1
food,1
cranial,1
encounter,1
warfare,1
discussions,1
place,1
sign,1
gateways,1
exciting,1
began,1
expansive,1
sizeable,1
issues,1
colonial,1
controlled,1
phenomenon,1
challenges,1
contains,1
framework,1
alternative,1
concentrate,1
structures,1
said,1
real,1
maintains,1
rituals,1
examination,1
includes,1
throughout,1
spaces,1
saw,1
focuses,1
ceremonies,1
sees,1
incite,1
rise,1
institution,1
g,1
ephraim,1
systematic,1
accoutrements,1
theoretical,1
students,1
project,1
dotted,1
platform,1
theme,1
argument,1
editor,1
militaristic,1
difference,1
reject,1
incas,1
clear,1
connections,1
since,1
initial,1
markedly,1
adding,1
approach,1
murra,1
peripheral,1
mode,1
neighbors,1
maintenance,1
center,1
reproduced,1
excavated,1
individual,1
least,1
instead,1
keep,1
sense,1
land,1
like,1
field,1
rigorously,1
below,1
period,1
regardless,1
specialists,1
so,1
cold,1
exasperatingly,1
him,1
dubbed,1
theoretically,1
suggest,1
persuasive,1
overly,1
incidents,1
proyecto,1
antiquity,1
frigid,1
peruvian,1
households,1
area,1
midst,1
provides,1
distinct,1
elements,1
built,1
items,1
classification,1
archaic,1
agrarian,1
elevationto,1
calling,1
perspective,1
systematically,1
several,1
migrants,1
special,1
refer,1
sufficient,1
charles,1
internal,1
smithsonian,1
version,1
contrary,1
homes,1
evolutionary,1
presence,1
occupants,1
become,1
arrived,1
research,1
narrow,1
decline,1
torrent,1
variations,1
elites,1
excavations,1
left,1
titicaca,1
unoccupied,1
single,1
andes,1
potent,1
truly,1
heavy,1
concepts,1
early,1
when,1
seeking,1
y,1
exclusively,1
application,1
patterningand,1
journal,1
look,1
traditional,1
bennett,1
northern,1
complementarity,1
much,1
tightens,1
among,1
engaging,1
dedicatory,1
traditions,1
relative,1
notions,1
famous,1
broader,1
provided,1
chenseem,1
outright,1
nuanced,1
handful,1
la,1
shots,1
customs,1
widely,1
activities,1
small,1
burialsperhaps,1
society,1
uncritical,1
heterogeneous,1
